solid CATIA STL
  facet normal  2.393165e-001 -9.709417e-001  0.000000e+000
    outer loop
      vertex -1.003013e+003  2.481772e+001  9.000000e+001
      vertex -1.008865e+003  2.337541e+001  1.000000e+002
      vertex -1.008865e+003  2.337541e+001  9.000000e+001
    endloop
  endfacet
  facet normal  4.647239e-001 -8.854556e-001  0.000000e+000
    outer loop
      vertex -1.008865e+003  2.337541e+001  9.000000e+001
      vertex -1.008865e+003  2.337541e+001  1.000000e+002
      vertex -1.014202e+003  2.057460e+001  1.000000e+002
    endloop
  endfacet
  facet normal  4.647239e-001 -8.854556e-001  0.000000e+000
    outer loop
      vertex -1.008865e+003  2.337541e+001  9.000000e+001
      vertex -1.014202e+003  2.057460e+001  1.000000e+002
      vertex -1.014202e+003  2.057460e+001  9.000000e+001
    endloop
  endfacet
  facet normal  6.631211e-001 -7.485121e-001  0.000000e+000
    outer loop
      vertex -1.014202e+003  2.057460e+001  9.000000e+001
      vertex -1.014202e+003  2.057460e+001  1.000000e+002
      vertex -1.018713e+003  1.657807e+001  1.000000e+002
    endloop
  endfacet
  facet normal  6.631211e-001 -7.485121e-001  0.000000e+000
    outer loop
      vertex -1.014202e+003  2.057460e+001  9.000000e+001
      vertex -1.018713e+003  1.657807e+001  1.000000e+002
      vertex -1.018713e+003  1.657807e+001  9.000000e+001
    endloop
  endfacet
  facet normal  8.229828e-001 -5.680662e-001  0.000000e+000
    outer loop
      vertex -1.018713e+003  1.657807e+001  9.000000e+001
      vertex -1.018713e+003  1.657807e+001  1.000000e+002
      vertex -1.022136e+003  1.161808e+001  1.000000e+002
    endloop
  endfacet
  facet normal  8.229828e-001 -5.680662e-001  0.000000e+000
    outer loop
      vertex -1.018713e+003  1.657807e+001  9.000000e+001
      vertex -1.022136e+003  1.161808e+001  1.000000e+002
      vertex -1.022136e+003  1.161808e+001  9.000000e+001
    endloop
  endfacet
  facet normal  9.350161e-001 -3.546050e-001  0.000000e+000
    outer loop
      vertex -1.022136e+003  1.161808e+001  9.000000e+001
      vertex -1.022136e+003  1.161808e+001  1.000000e+002
      vertex -1.024274e+003  5.982892e+000  1.000000e+002
    endloop
  endfacet
  facet normal  9.350161e-001 -3.546050e-001  0.000000e+000
    outer loop
      vertex -1.022136e+003  1.161808e+001  9.000000e+001
      vertex -1.024274e+003  5.982892e+000  1.000000e+002
      vertex -1.024274e+003  5.982892e+000  9.000000e+001
    endloop
  endfacet
  facet normal  9.927092e-001 -1.205344e-001  0.000000e+000
    outer loop
      vertex -1.024274e+003  5.982892e+000  9.000000e+001
      vertex -1.024274e+003  5.982892e+000  1.000000e+002
      vertex -1.025000e+003  3.061516e-015  1.000000e+002
    endloop
  endfacet
  facet normal  9.927092e-001 -1.205344e-001  0.000000e+000
    outer loop
      vertex -1.024274e+003  5.982892e+000  9.000000e+001
      vertex -1.025000e+003  3.061516e-015  1.000000e+002
      vertex -1.025000e+003  3.061516e-015  9.000000e+001
    endloop
  endfacet
  facet normal  2.393165e-001 -9.709417e-001  0.000000e+000
    outer loop
      vertex -1.008865e+003  2.337541e+001  1.000000e+002
      vertex -1.003013e+003  2.481772e+001  9.000000e+001
      vertex -1.003013e+003  2.481772e+001  1.000000e+002
    endloop
  endfacet
  facet normal  0.000000e+000 -1.000000e+000  0.000000e+000
    outer loop
      vertex -1.003013e+003  2.481772e+001  1.000000e+002
      vertex -1.003013e+003  2.481772e+001  9.000000e+001
      vertex -9.969866e+002  2.481772e+001  9.000000e+001
    endloop
  endfacet
  facet normal  0.000000e+000 -1.000000e+000  0.000000e+000
    outer loop
      vertex -1.003013e+003  2.481772e+001  1.000000e+002
      vertex -9.969866e+002  2.481772e+001  9.000000e+001
      vertex -9.969866e+002  2.481772e+001  1.000000e+002
    endloop
  endfacet
  facet normal -2.393165e-001 -9.709417e-001  -0.000000e+000
    outer loop
      vertex -9.969866e+002  2.481772e+001  1.000000e+002
      vertex -9.969866e+002  2.481772e+001  9.000000e+001
      vertex -9.911349e+002  2.337541e+001  9.000000e+001
    endloop
  endfacet
  facet normal -2.393165e-001 -9.709417e-001  0.000000e+000
    outer loop
      vertex -9.969866e+002  2.481772e+001  1.000000e+002
      vertex -9.911349e+002  2.337541e+001  9.000000e+001
      vertex -9.911349e+002  2.337541e+001  1.000000e+002
    endloop
  endfacet
  facet normal -4.647239e-001 -8.854556e-001  -0.000000e+000
    outer loop
      vertex -9.911349e+002  2.337541e+001  1.000000e+002
      vertex -9.911349e+002  2.337541e+001  9.000000e+001
      vertex -9.857984e+002  2.057460e+001  9.000000e+001
    endloop
  endfacet
  facet normal -4.647239e-001 -8.854556e-001  0.000000e+000
    outer loop
      vertex -9.911349e+002  2.337541e+001  1.000000e+002
      vertex -9.857984e+002  2.057460e+001  9.000000e+001
      vertex -9.857984e+002  2.057460e+001  1.000000e+002
    endloop
  endfacet
  facet normal -6.631211e-001 -7.485121e-001  -0.000000e+000
    outer loop
      vertex -9.857984e+002  2.057460e+001  1.000000e+002
      vertex -9.857984e+002  2.057460e+001  9.000000e+001
      vertex -9.812872e+002  1.657807e+001  9.000000e+001
    endloop
  endfacet
  facet normal -6.631211e-001 -7.485121e-001  0.000000e+000
    outer loop
      vertex -9.857984e+002  2.057460e+001  1.000000e+002
      vertex -9.812872e+002  1.657807e+001  9.000000e+001
      vertex -9.812872e+002  1.657807e+001  1.000000e+002
    endloop
  endfacet
  facet normal -8.229828e-001 -5.680662e-001  -0.000000e+000
    outer loop
      vertex -9.812872e+002  1.657807e+001  1.000000e+002
      vertex -9.812872e+002  1.657807e+001  9.000000e+001
      vertex -9.778636e+002  1.161808e+001  9.000000e+001
    endloop
  endfacet
  facet normal -8.229828e-001 -5.680662e-001  0.000000e+000
    outer loop
      vertex -9.812872e+002  1.657807e+001  1.000000e+002
      vertex -9.778636e+002  1.161808e+001  9.000000e+001
      vertex -9.778636e+002  1.161808e+001  1.000000e+002
    endloop
  endfacet
  facet normal -9.350161e-001 -3.546050e-001  -0.000000e+000
    outer loop
      vertex -9.778636e+002  1.161808e+001  1.000000e+002
      vertex -9.778636e+002  1.161808e+001  9.000000e+001
      vertex -9.757264e+002  5.982892e+000  9.000000e+001
    endloop
  endfacet
  facet normal -9.350161e-001 -3.546050e-001  0.000000e+000
    outer loop
      vertex -9.778636e+002  1.161808e+001  1.000000e+002
      vertex -9.757264e+002  5.982892e+000  9.000000e+001
      vertex -9.757264e+002  5.982892e+000  1.000000e+002
    endloop
  endfacet
  facet normal -9.927092e-001 -1.205344e-001  -0.000000e+000
    outer loop
      vertex -9.757264e+002  5.982892e+000  1.000000e+002
      vertex -9.757264e+002  5.982892e+000  9.000000e+001
      vertex -9.750000e+002  0.000000e+000  9.000000e+001
    endloop
  endfacet
  facet normal -9.927092e-001 -1.205344e-001  0.000000e+000
    outer loop
      vertex -9.757264e+002  5.982892e+000  1.000000e+002
      vertex -9.750000e+002  0.000000e+000  9.000000e+001
      vertex -9.750000e+002  0.000000e+000  1.000000e+002
    endloop
  endfacet
  facet normal  2.393165e-001 -9.709417e-001  0.000000e+000
    outer loop
      vertex -1.003013e+003  2.481772e+001  0.000000e+000
      vertex -1.008865e+003  2.337541e+001  1.000000e+001
      vertex -1.008865e+003  2.337541e+001  0.000000e+000
    endloop
  endfacet
  facet normal  4.647239e-001 -8.854556e-001  0.000000e+000
    outer loop
      vertex -1.008865e+003  2.337541e+001  0.000000e+000
      vertex -1.008865e+003  2.337541e+001  1.000000e+001
      vertex -1.014202e+003  2.057460e+001  1.000000e+001
    endloop
  endfacet
  facet normal  4.647239e-001 -8.854556e-001  0.000000e+000
    outer loop
      vertex -1.008865e+003  2.337541e+001  0.000000e+000
      vertex -1.014202e+003  2.057460e+001  1.000000e+001
      vertex -1.014202e+003  2.057460e+001  0.000000e+000
    endloop
  endfacet
  facet normal  6.631211e-001 -7.485121e-001  0.000000e+000
    outer loop
      vertex -1.014202e+003  2.057460e+001  0.000000e+000
      vertex -1.014202e+003  2.057460e+001  1.000000e+001
      vertex -1.018713e+003  1.657807e+001  1.000000e+001
    endloop
  endfacet
  facet normal  6.631211e-001 -7.485121e-001  0.000000e+000
    outer loop
      vertex -1.014202e+003  2.057460e+001  0.000000e+000
      vertex -1.018713e+003  1.657807e+001  1.000000e+001
      vertex -1.018713e+003  1.657807e+001  0.000000e+000
    endloop
  endfacet
  facet normal  8.229828e-001 -5.680662e-001  0.000000e+000
    outer loop
      vertex -1.018713e+003  1.657807e+001  0.000000e+000
      vertex -1.018713e+003  1.657807e+001  1.000000e+001
      vertex -1.022136e+003  1.161808e+001  1.000000e+001
    endloop
  endfacet
  facet normal  8.229828e-001 -5.680662e-001  0.000000e+000
    outer loop
      vertex -1.018713e+003  1.657807e+001  0.000000e+000
      vertex -1.022136e+003  1.161808e+001  1.000000e+001
      vertex -1.022136e+003  1.161808e+001  0.000000e+000
    endloop
  endfacet
  facet normal  9.350161e-001 -3.546050e-001  0.000000e+000
    outer loop
      vertex -1.022136e+003  1.161808e+001  0.000000e+000
      vertex -1.022136e+003  1.161808e+001  1.000000e+001
      vertex -1.024274e+003  5.982892e+000  1.000000e+001
    endloop
  endfacet
  facet normal  9.350161e-001 -3.546050e-001  0.000000e+000
    outer loop
      vertex -1.022136e+003  1.161808e+001  0.000000e+000
      vertex -1.024274e+003  5.982892e+000  1.000000e+001
      vertex -1.024274e+003  5.982892e+000  0.000000e+000
    endloop
  endfacet
  facet normal  9.927092e-001 -1.205344e-001  0.000000e+000
    outer loop
      vertex -1.024274e+003  5.982892e+000  0.000000e+000
      vertex -1.024274e+003  5.982892e+000  1.000000e+001
      vertex -1.025000e+003  3.061516e-015  1.000000e+001
    endloop
  endfacet
  facet normal  9.927092e-001 -1.205344e-001  0.000000e+000
    outer loop
      vertex -1.024274e+003  5.982892e+000  0.000000e+000
      vertex -1.025000e+003  3.061516e-015  1.000000e+001
      vertex -1.025000e+003  3.061516e-015  0.000000e+000
    endloop
  endfacet
  facet normal  2.393165e-001 -9.709417e-001  0.000000e+000
    outer loop
      vertex -1.008865e+003  2.337541e+001  1.000000e+001
      vertex -1.003013e+003  2.481772e+001  0.000000e+000
      vertex -1.003013e+003  2.481772e+001  1.000000e+001
    endloop
  endfacet
  facet normal  0.000000e+000 -1.000000e+000  0.000000e+000
    outer loop
      vertex -1.003013e+003  2.481772e+001  1.000000e+001
      vertex -1.003013e+003  2.481772e+001  0.000000e+000
      vertex -9.969866e+002  2.481772e+001  0.000000e+000
    endloop
  endfacet
  facet normal  0.000000e+000 -1.000000e+000  0.000000e+000
    outer loop
      vertex -1.003013e+003  2.481772e+001  1.000000e+001
      vertex -9.969866e+002  2.481772e+001  0.000000e+000
      vertex -9.969866e+002  2.481772e+001  1.000000e+001
    endloop
  endfacet
  facet normal -2.393165e-001 -9.709417e-001  -0.000000e+000
    outer loop
      vertex -9.969866e+002  2.481772e+001  1.000000e+001
      vertex -9.969866e+002  2.481772e+001  0.000000e+000
      vertex -9.911349e+002  2.337541e+001  0.000000e+000
    endloop
  endfacet
  facet normal -2.393165e-001 -9.709417e-001  0.000000e+000
    outer loop
      vertex -9.969866e+002  2.481772e+001  1.000000e+001
      vertex -9.911349e+002  2.337541e+001  0.000000e+000
      vertex -9.911349e+002  2.337541e+001  1.000000e+001
    endloop
  endfacet
  facet normal -4.647239e-001 -8.854556e-001  -0.000000e+000
    outer loop
      vertex -9.911349e+002  2.337541e+001  1.000000e+001
      vertex -9.911349e+002  2.337541e+001  0.000000e+000
      vertex -9.857984e+002  2.057460e+001  0.000000e+000
    endloop
  endfacet
  facet normal -4.647239e-001 -8.854556e-001  0.000000e+000
    outer loop
      vertex -9.911349e+002  2.337541e+001  1.000000e+001
      vertex -9.857984e+002  2.057460e+001  0.000000e+000
      vertex -9.857984e+002  2.057460e+001  1.000000e+001
    endloop
  endfacet
  facet normal -6.631211e-001 -7.485121e-001  -0.000000e+000
    outer loop
      vertex -9.857984e+002  2.057460e+001  1.000000e+001
      vertex -9.857984e+002  2.057460e+001  0.000000e+000
      vertex -9.812872e+002  1.657807e+001  0.000000e+000
    endloop
  endfacet
  facet normal -6.631211e-001 -7.485121e-001  0.000000e+000
    outer loop
      vertex -9.857984e+002  2.057460e+001  1.000000e+001
      vertex -9.812872e+002  1.657807e+001  0.000000e+000
      vertex -9.812872e+002  1.657807e+001  1.000000e+001
    endloop
  endfacet
  facet normal -8.229828e-001 -5.680662e-001  -0.000000e+000
    outer loop
      vertex -9.812872e+002  1.657807e+001  1.000000e+001
      vertex -9.812872e+002  1.657807e+001  0.000000e+000
      vertex -9.778636e+002  1.161808e+001  0.000000e+000
    endloop
  endfacet
  facet normal -8.229828e-001 -5.680662e-001  0.000000e+000
    outer loop
      vertex -9.812872e+002  1.657807e+001  1.000000e+001
      vertex -9.778636e+002  1.161808e+001  0.000000e+000
      vertex -9.778636e+002  1.161808e+001  1.000000e+001
    endloop
  endfacet
  facet normal -9.350161e-001 -3.546050e-001  -0.000000e+000
    outer loop
      vertex -9.778636e+002  1.161808e+001  1.000000e+001
      vertex -9.778636e+002  1.161808e+001  0.000000e+000
      vertex -9.757264e+002  5.982892e+000  0.000000e+000
    endloop
  endfacet
  facet normal -9.350161e-001 -3.546050e-001  0.000000e+000
    outer loop
      vertex -9.778636e+002  1.161808e+001  1.000000e+001
      vertex -9.757264e+002  5.982892e+000  0.000000e+000
      vertex -9.757264e+002  5.982892e+000  1.000000e+001
    endloop
  endfacet
  facet normal -9.927092e-001 -1.205344e-001  -0.000000e+000
    outer loop
      vertex -9.757264e+002  5.982892e+000  1.000000e+001
      vertex -9.757264e+002  5.982892e+000  0.000000e+000
      vertex -9.750000e+002  0.000000e+000  0.000000e+000
    endloop
  endfacet
  facet normal -9.927092e-001 -1.205344e-001  0.000000e+000
    outer loop
      vertex -9.757264e+002  5.982892e+000  1.000000e+001
      vertex -9.750000e+002  0.000000e+000  0.000000e+000
      vertex -9.750000e+002  0.000000e+000  1.000000e+001
    endloop
  endfacet
  facet normal -2.393165e-001  9.709417e-001  0.000000e+000
    outer loop
      vertex -9.969866e+002 -2.481772e+001  9.000000e+001
      vertex -9.911349e+002 -2.337541e+001  1.000000e+002
      vertex -9.911349e+002 -2.337541e+001  9.000000e+001
    endloop
  endfacet
  facet normal -4.647239e-001  8.854556e-001  0.000000e+000
    outer loop
      vertex -9.911349e+002 -2.337541e+001  9.000000e+001
      vertex -9.911349e+002 -2.337541e+001  1.000000e+002
      vertex -9.857984e+002 -2.057460e+001  1.000000e+002
    endloop
  endfacet
  facet normal -4.647239e-001  8.854556e-001  0.000000e+000
    outer loop
      vertex -9.911349e+002 -2.337541e+001  9.000000e+001
      vertex -9.857984e+002 -2.057460e+001  1.000000e+002
      vertex -9.857984e+002 -2.057460e+001  9.000000e+001
    endloop
  endfacet
  facet normal -6.631211e-001  7.485121e-001  0.000000e+000
    outer loop
      vertex -9.857984e+002 -2.057460e+001  9.000000e+001
      vertex -9.857984e+002 -2.057460e+001  1.000000e+002
      vertex -9.812872e+002 -1.657807e+001  1.000000e+002
    endloop
  endfacet
  facet normal -6.631211e-001  7.485121e-001  0.000000e+000
    outer loop
      vertex -9.857984e+002 -2.057460e+001  9.000000e+001
      vertex -9.812872e+002 -1.657807e+001  1.000000e+002
      vertex -9.812872e+002 -1.657807e+001  9.000000e+001
    endloop
  endfacet
  facet normal -8.229828e-001  5.680662e-001  0.000000e+000
    outer loop
      vertex -9.812872e+002 -1.657807e+001  9.000000e+001
      vertex -9.812872e+002 -1.657807e+001  1.000000e+002
      vertex -9.778636e+002 -1.161808e+001  1.000000e+002
    endloop
  endfacet
  facet normal -8.229828e-001  5.680662e-001  0.000000e+000
    outer loop
      vertex -9.812872e+002 -1.657807e+001  9.000000e+001
      vertex -9.778636e+002 -1.161808e+001  1.000000e+002
      vertex -9.778636e+002 -1.161808e+001  9.000000e+001
    endloop
  endfacet
  facet normal -9.350161e-001  3.546050e-001  0.000000e+000
    outer loop
      vertex -9.778636e+002 -1.161808e+001  9.000000e+001
      vertex -9.778636e+002 -1.161808e+001  1.000000e+002
      vertex -9.757264e+002 -5.982892e+000  1.000000e+002
    endloop
  endfacet
  facet normal -9.350161e-001  3.546050e-001  0.000000e+000
    outer loop
      vertex -9.778636e+002 -1.161808e+001  9.000000e+001
      vertex -9.757264e+002 -5.982892e+000  1.000000e+002
      vertex -9.757264e+002 -5.982892e+000  9.000000e+001
    endloop
  endfacet
  facet normal -9.927092e-001  1.205344e-001  0.000000e+000
    outer loop
      vertex -9.757264e+002 -5.982892e+000  9.000000e+001
      vertex -9.757264e+002 -5.982892e+000  1.000000e+002
      vertex -9.750000e+002  0.000000e+000  1.000000e+002
    endloop
  endfacet
  facet normal -9.927092e-001  1.205344e-001  0.000000e+000
    outer loop
      vertex -9.757264e+002 -5.982892e+000  9.000000e+001
      vertex -9.750000e+002  0.000000e+000  1.000000e+002
      vertex -9.750000e+002  0.000000e+000  9.000000e+001
    endloop
  endfacet
  facet normal -2.393165e-001  9.709417e-001  0.000000e+000
    outer loop
      vertex -9.911349e+002 -2.337541e+001  1.000000e+002
      vertex -9.969866e+002 -2.481772e+001  9.000000e+001
      vertex -9.969866e+002 -2.481772e+001  1.000000e+002
    endloop
  endfacet
  facet normal  0.000000e+000  1.000000e+000  0.000000e+000
    outer loop
      vertex -9.969866e+002 -2.481772e+001  1.000000e+002
      vertex -9.969866e+002 -2.481772e+001  9.000000e+001
      vertex -1.003013e+003 -2.481772e+001  9.000000e+001
    endloop
  endfacet
  facet normal  0.000000e+000  1.000000e+000  0.000000e+000
    outer loop
      vertex -9.969866e+002 -2.481772e+001  1.000000e+002
      vertex -1.003013e+003 -2.481772e+001  9.000000e+001
      vertex -1.003013e+003 -2.481772e+001  1.000000e+002
    endloop
  endfacet
  facet normal  2.393165e-001  9.709417e-001  0.000000e+000
    outer loop
      vertex -1.003013e+003 -2.481772e+001  1.000000e+002
      vertex -1.003013e+003 -2.481772e+001  9.000000e+001
      vertex -1.008865e+003 -2.337541e+001  9.000000e+001
    endloop
  endfacet
  facet normal  2.393165e-001  9.709417e-001  -0.000000e+000
    outer loop
      vertex -1.003013e+003 -2.481772e+001  1.000000e+002
      vertex -1.008865e+003 -2.337541e+001  9.000000e+001
      vertex -1.008865e+003 -2.337541e+001  1.000000e+002
    endloop
  endfacet
  facet normal  4.647239e-001  8.854556e-001  0.000000e+000
    outer loop
      vertex -1.008865e+003 -2.337541e+001  1.000000e+002
      vertex -1.008865e+003 -2.337541e+001  9.000000e+001
      vertex -1.014202e+003 -2.057460e+001  9.000000e+001
    endloop
  endfacet
  facet normal  4.647239e-001  8.854556e-001  -0.000000e+000
    outer loop
      vertex -1.008865e+003 -2.337541e+001  1.000000e+002
      vertex -1.014202e+003 -2.057460e+001  9.000000e+001
      vertex -1.014202e+003 -2.057460e+001  1.000000e+002
    endloop
  endfacet
  facet normal  6.631211e-001  7.485121e-001  0.000000e+000
    outer loop
      vertex -1.014202e+003 -2.057460e+001  1.000000e+002
      vertex -1.014202e+003 -2.057460e+001  9.000000e+001
      vertex -1.018713e+003 -1.657807e+001  9.000000e+001
    endloop
  endfacet
  facet normal  6.631211e-001  7.485121e-001  -0.000000e+000
    outer loop
      vertex -1.014202e+003 -2.057460e+001  1.000000e+002
      vertex -1.018713e+003 -1.657807e+001  9.000000e+001
      vertex -1.018713e+003 -1.657807e+001  1.000000e+002
    endloop
  endfacet
  facet normal  8.229828e-001  5.680662e-001  0.000000e+000
    outer loop
      vertex -1.018713e+003 -1.657807e+001  1.000000e+002
      vertex -1.018713e+003 -1.657807e+001  9.000000e+001
      vertex -1.022136e+003 -1.161808e+001  9.000000e+001
    endloop
  endfacet
  facet normal  8.229828e-001  5.680662e-001  -0.000000e+000
    outer loop
      vertex -1.018713e+003 -1.657807e+001  1.000000e+002
      vertex -1.022136e+003 -1.161808e+001  9.000000e+001
      vertex -1.022136e+003 -1.161808e+001  1.000000e+002
    endloop
  endfacet
  facet normal  9.350161e-001  3.546050e-001  0.000000e+000
    outer loop
      vertex -1.022136e+003 -1.161808e+001  1.000000e+002
      vertex -1.022136e+003 -1.161808e+001  9.000000e+001
      vertex -1.024274e+003 -5.982892e+000  9.000000e+001
    endloop
  endfacet
  facet normal  9.350161e-001  3.546050e-001  -0.000000e+000
    outer loop
      vertex -1.022136e+003 -1.161808e+001  1.000000e+002
      vertex -1.024274e+003 -5.982892e+000  9.000000e+001
      vertex -1.024274e+003 -5.982892e+000  1.000000e+002
    endloop
  endfacet
  facet normal  9.927092e-001  1.205344e-001  0.000000e+000
    outer loop
      vertex -1.024274e+003 -5.982892e+000  1.000000e+002
      vertex -1.024274e+003 -5.982892e+000  9.000000e+001
      vertex -1.025000e+003  3.061516e-015  9.000000e+001
    endloop
  endfacet
  facet normal  9.927092e-001  1.205344e-001  -0.000000e+000
    outer loop
      vertex -1.024274e+003 -5.982892e+000  1.000000e+002
      vertex -1.025000e+003  3.061516e-015  9.000000e+001
      vertex -1.025000e+003  3.061516e-015  1.000000e+002
    endloop
  endfacet
  facet normal -2.393165e-001  9.709417e-001  0.000000e+000
    outer loop
      vertex -9.969866e+002 -2.481772e+001  0.000000e+000
      vertex -9.911349e+002 -2.337541e+001  1.000000e+001
      vertex -9.911349e+002 -2.337541e+001  0.000000e+000
    endloop
  endfacet
  facet normal -4.647239e-001  8.854556e-001  0.000000e+000
    outer loop
      vertex -9.911349e+002 -2.337541e+001  0.000000e+000
      vertex -9.911349e+002 -2.337541e+001  1.000000e+001
      vertex -9.857984e+002 -2.057460e+001  1.000000e+001
    endloop
  endfacet
  facet normal -4.647239e-001  8.854556e-001  0.000000e+000
    outer loop
      vertex -9.911349e+002 -2.337541e+001  0.000000e+000
      vertex -9.857984e+002 -2.057460e+001  1.000000e+001
      vertex -9.857984e+002 -2.057460e+001  0.000000e+000
    endloop
  endfacet
  facet normal -6.631211e-001  7.485121e-001  0.000000e+000
    outer loop
      vertex -9.857984e+002 -2.057460e+001  0.000000e+000
      vertex -9.857984e+002 -2.057460e+001  1.000000e+001
      vertex -9.812872e+002 -1.657807e+001  1.000000e+001
    endloop
  endfacet
  facet normal -6.631211e-001  7.485121e-001  0.000000e+000
    outer loop
      vertex -9.857984e+002 -2.057460e+001  0.000000e+000
      vertex -9.812872e+002 -1.657807e+001  1.000000e+001
      vertex -9.812872e+002 -1.657807e+001  0.000000e+000
    endloop
  endfacet
  facet normal -8.229828e-001  5.680662e-001  0.000000e+000
    outer loop
      vertex -9.812872e+002 -1.657807e+001  0.000000e+000
      vertex -9.812872e+002 -1.657807e+001  1.000000e+001
      vertex -9.778636e+002 -1.161808e+001  1.000000e+001
    endloop
  endfacet
  facet normal -8.229828e-001  5.680662e-001  0.000000e+000
    outer loop
      vertex -9.812872e+002 -1.657807e+001  0.000000e+000
      vertex -9.778636e+002 -1.161808e+001  1.000000e+001
      vertex -9.778636e+002 -1.161808e+001  0.000000e+000
    endloop
  endfacet
  facet normal -9.350161e-001  3.546050e-001  0.000000e+000
    outer loop
      vertex -9.778636e+002 -1.161808e+001  0.000000e+000
      vertex -9.778636e+002 -1.161808e+001  1.000000e+001
      vertex -9.757264e+002 -5.982892e+000  1.000000e+001
    endloop
  endfacet
  facet normal -9.350161e-001  3.546050e-001  0.000000e+000
    outer loop
      vertex -9.778636e+002 -1.161808e+001  0.000000e+000
      vertex -9.757264e+002 -5.982892e+000  1.000000e+001
      vertex -9.757264e+002 -5.982892e+000  0.000000e+000
    endloop
  endfacet
  facet normal -9.927092e-001  1.205344e-001  0.000000e+000
    outer loop
      vertex -9.757264e+002 -5.982892e+000  0.000000e+000
      vertex -9.757264e+002 -5.982892e+000  1.000000e+001
      vertex -9.750000e+002  0.000000e+000  1.000000e+001
    endloop
  endfacet
  facet normal -9.927092e-001  1.205344e-001  0.000000e+000
    outer loop
      vertex -9.757264e+002 -5.982892e+000  0.000000e+000
      vertex -9.750000e+002  0.000000e+000  1.000000e+001
      vertex -9.750000e+002  0.000000e+000  0.000000e+000
    endloop
  endfacet
  facet normal -2.393165e-001  9.709417e-001  0.000000e+000
    outer loop
      vertex -9.911349e+002 -2.337541e+001  1.000000e+001
      vertex -9.969866e+002 -2.481772e+001  0.000000e+000
      vertex -9.969866e+002 -2.481772e+001  1.000000e+001
    endloop
  endfacet
  facet normal  0.000000e+000  1.000000e+000  0.000000e+000
    outer loop
      vertex -9.969866e+002 -2.481772e+001  1.000000e+001
      vertex -9.969866e+002 -2.481772e+001  0.000000e+000
      vertex -1.003013e+003 -2.481772e+001  0.000000e+000
    endloop
  endfacet
  facet normal  0.000000e+000  1.000000e+000  0.000000e+000
    outer loop
      vertex -9.969866e+002 -2.481772e+001  1.000000e+001
      vertex -1.003013e+003 -2.481772e+001  0.000000e+000
      vertex -1.003013e+003 -2.481772e+001  1.000000e+001
    endloop
  endfacet
  facet normal  2.393165e-001  9.709417e-001  0.000000e+000
    outer loop
      vertex -1.003013e+003 -2.481772e+001  1.000000e+001
      vertex -1.003013e+003 -2.481772e+001  0.000000e+000
      vertex -1.008865e+003 -2.337541e+001  0.000000e+000
    endloop
  endfacet
  facet normal  2.393165e-001  9.709417e-001  -0.000000e+000
    outer loop
      vertex -1.003013e+003 -2.481772e+001  1.000000e+001
      vertex -1.008865e+003 -2.337541e+001  0.000000e+000
      vertex -1.008865e+003 -2.337541e+001  1.000000e+001
    endloop
  endfacet
  facet normal  4.647239e-001  8.854556e-001  0.000000e+000
    outer loop
      vertex -1.008865e+003 -2.337541e+001  1.000000e+001
      vertex -1.008865e+003 -2.337541e+001  0.000000e+000
      vertex -1.014202e+003 -2.057460e+001  0.000000e+000
    endloop
  endfacet
  facet normal  4.647239e-001  8.854556e-001  -0.000000e+000
    outer loop
      vertex -1.008865e+003 -2.337541e+001  1.000000e+001
      vertex -1.014202e+003 -2.057460e+001  0.000000e+000
      vertex -1.014202e+003 -2.057460e+001  1.000000e+001
    endloop
  endfacet
  facet normal  6.631211e-001  7.485121e-001  0.000000e+000
    outer loop
      vertex -1.014202e+003 -2.057460e+001  1.000000e+001
      vertex -1.014202e+003 -2.057460e+001  0.000000e+000
      vertex -1.018713e+003 -1.657807e+001  0.000000e+000
    endloop
  endfacet
  facet normal  6.631211e-001  7.485121e-001  -0.000000e+000
    outer loop
      vertex -1.014202e+003 -2.057460e+001  1.000000e+001
      vertex -1.018713e+003 -1.657807e+001  0.000000e+000
      vertex -1.018713e+003 -1.657807e+001  1.000000e+001
    endloop
  endfacet
  facet normal  8.229828e-001  5.680662e-001  0.000000e+000
    outer loop
      vertex -1.018713e+003 -1.657807e+001  1.000000e+001
      vertex -1.018713e+003 -1.657807e+001  0.000000e+000
      vertex -1.022136e+003 -1.161808e+001  0.000000e+000
    endloop
  endfacet
  facet normal  8.229828e-001  5.680662e-001  -0.000000e+000
    outer loop
      vertex -1.018713e+003 -1.657807e+001  1.000000e+001
      vertex -1.022136e+003 -1.161808e+001  0.000000e+000
      vertex -1.022136e+003 -1.161808e+001  1.000000e+001
    endloop
  endfacet
  facet normal  9.350161e-001  3.546050e-001  0.000000e+000
    outer loop
      vertex -1.022136e+003 -1.161808e+001  1.000000e+001
      vertex -1.022136e+003 -1.161808e+001  0.000000e+000
      vertex -1.024274e+003 -5.982892e+000  0.000000e+000
    endloop
  endfacet
  facet normal  9.350161e-001  3.546050e-001  -0.000000e+000
    outer loop
      vertex -1.022136e+003 -1.161808e+001  1.000000e+001
      vertex -1.024274e+003 -5.982892e+000  0.000000e+000
      vertex -1.024274e+003 -5.982892e+000  1.000000e+001
    endloop
  endfacet
  facet normal  9.927092e-001  1.205344e-001  0.000000e+000
    outer loop
      vertex -1.024274e+003 -5.982892e+000  1.000000e+001
      vertex -1.024274e+003 -5.982892e+000  0.000000e+000
      vertex -1.025000e+003  3.061516e-015  0.000000e+000
    endloop
  endfacet
  facet normal  9.927092e-001  1.205344e-001  -0.000000e+000
    outer loop
      vertex -1.024274e+003 -5.982892e+000  1.000000e+001
      vertex -1.025000e+003  3.061516e-015  0.000000e+000
      vertex -1.025000e+003  3.061516e-015  1.000000e+001
    endloop
  endfacet
  facet normal  2.393165e-001 -9.709417e-001  0.000000e+000
    outer loop
      vertex -6.230134e+002  2.481772e+001  9.000000e+001
      vertex -6.288651e+002  2.337541e+001  1.000000e+002
      vertex -6.288651e+002  2.337541e+001  9.000000e+001
    endloop
  endfacet
  facet normal  4.647239e-001 -8.854556e-001  0.000000e+000
    outer loop
      vertex -6.288651e+002  2.337541e+001  9.000000e+001
      vertex -6.288651e+002  2.337541e+001  1.000000e+002
      vertex -6.342016e+002  2.057460e+001  1.000000e+002
    endloop
  endfacet
  facet normal  4.647239e-001 -8.854556e-001  0.000000e+000
    outer loop
      vertex -6.288651e+002  2.337541e+001  9.000000e+001
      vertex -6.342016e+002  2.057460e+001  1.000000e+002
      vertex -6.342016e+002  2.057460e+001  9.000000e+001
    endloop
  endfacet
  facet normal  6.631211e-001 -7.485121e-001  0.000000e+000
    outer loop
      vertex -6.342016e+002  2.057460e+001  9.000000e+001
      vertex -6.342016e+002  2.057460e+001  1.000000e+002
      vertex -6.387128e+002  1.657807e+001  1.000000e+002
    endloop
  endfacet
  facet normal  6.631211e-001 -7.485121e-001  0.000000e+000
    outer loop
      vertex -6.342016e+002  2.057460e+001  9.000000e+001
      vertex -6.387128e+002  1.657807e+001  1.000000e+002
      vertex -6.387128e+002  1.657807e+001  9.000000e+001
    endloop
  endfacet
  facet normal  8.229828e-001 -5.680662e-001  0.000000e+000
    outer loop
      vertex -6.387128e+002  1.657807e+001  9.000000e+001
      vertex -6.387128e+002  1.657807e+001  1.000000e+002
      vertex -6.421364e+002  1.161808e+001  1.000000e+002
    endloop
  endfacet
  facet normal  8.229828e-001 -5.680662e-001  0.000000e+000
    outer loop
      vertex -6.387128e+002  1.657807e+001  9.000000e+001
      vertex -6.421364e+002  1.161808e+001  1.000000e+002
      vertex -6.421364e+002  1.161808e+001  9.000000e+001
    endloop
  endfacet
  facet normal  9.350161e-001 -3.546050e-001  0.000000e+000
    outer loop
      vertex -6.421364e+002  1.161808e+001  9.000000e+001
      vertex -6.421364e+002  1.161808e+001  1.000000e+002
      vertex -6.442736e+002  5.982892e+000  1.000000e+002
    endloop
  endfacet
  facet normal  9.350161e-001 -3.546050e-001  0.000000e+000
    outer loop
      vertex -6.421364e+002  1.161808e+001  9.000000e+001
      vertex -6.442736e+002  5.982892e+000  1.000000e+002
      vertex -6.442736e+002  5.982892e+000  9.000000e+001
    endloop
  endfacet
  facet normal  9.927092e-001 -1.205344e-001  0.000000e+000
    outer loop
      vertex -6.442736e+002  5.982892e+000  9.000000e+001
      vertex -6.442736e+002  5.982892e+000  1.000000e+002
      vertex -6.450000e+002  3.061516e-015  1.000000e+002
    endloop
  endfacet
  facet normal  9.927092e-001 -1.205344e-001  0.000000e+000
    outer loop
      vertex -6.442736e+002  5.982892e+000  9.000000e+001
      vertex -6.450000e+002  3.061516e-015  1.000000e+002
      vertex -6.450000e+002  3.061516e-015  9.000000e+001
    endloop
  endfacet
  facet normal  2.393165e-001 -9.709417e-001  0.000000e+000
    outer loop
      vertex -6.288651e+002  2.337541e+001  1.000000e+002
      vertex -6.230134e+002  2.481772e+001  9.000000e+001
      vertex -6.230134e+002  2.481772e+001  1.000000e+002
    endloop
  endfacet
  facet normal  0.000000e+000 -1.000000e+000  0.000000e+000
    outer loop
      vertex -6.230134e+002  2.481772e+001  1.000000e+002
      vertex -6.230134e+002  2.481772e+001  9.000000e+001
      vertex -6.169866e+002  2.481772e+001  9.000000e+001
    endloop
  endfacet
  facet normal  0.000000e+000 -1.000000e+000  0.000000e+000
    outer loop
      vertex -6.230134e+002  2.481772e+001  1.000000e+002
      vertex -6.169866e+002  2.481772e+001  9.000000e+001
      vertex -6.169866e+002  2.481772e+001  1.000000e+002
    endloop
  endfacet
  facet normal -2.393165e-001 -9.709417e-001  -0.000000e+000
    outer loop
      vertex -6.169866e+002  2.481772e+001  1.000000e+002
      vertex -6.169866e+002  2.481772e+001  9.000000e+001
      vertex -6.111349e+002  2.337541e+001  9.000000e+001
    endloop
  endfacet
  facet normal -2.393165e-001 -9.709417e-001  0.000000e+000
    outer loop
      vertex -6.169866e+002  2.481772e+001  1.000000e+002
      vertex -6.111349e+002  2.337541e+001  9.000000e+001
      vertex -6.111349e+002  2.337541e+001  1.000000e+002
    endloop
  endfacet
  facet normal -4.647239e-001 -8.854556e-001  -0.000000e+000
    outer loop
      vertex -6.111349e+002  2.337541e+001  1.000000e+002
      vertex -6.111349e+002  2.337541e+001  9.000000e+001
      vertex -6.057984e+002  2.057460e+001  9.000000e+001
    endloop
  endfacet
  facet normal -4.647239e-001 -8.854556e-001  0.000000e+000
    outer loop
      vertex -6.111349e+002  2.337541e+001  1.000000e+002
      vertex -6.057984e+002  2.057460e+001  9.000000e+001
      vertex -6.057984e+002  2.057460e+001  1.000000e+002
    endloop
  endfacet
  facet normal -6.631211e-001 -7.485121e-001  -0.000000e+000
    outer loop
      vertex -6.057984e+002  2.057460e+001  1.000000e+002
      vertex -6.057984e+002  2.057460e+001  9.000000e+001
      vertex -6.012872e+002  1.657807e+001  9.000000e+001
    endloop
  endfacet
  facet normal -6.631211e-001 -7.485121e-001  0.000000e+000
    outer loop
      vertex -6.057984e+002  2.057460e+001  1.000000e+002
      vertex -6.012872e+002  1.657807e+001  9.000000e+001
      vertex -6.012872e+002  1.657807e+001  1.000000e+002
    endloop
  endfacet
  facet normal -8.229828e-001 -5.680662e-001  -0.000000e+000
    outer loop
      vertex -6.012872e+002  1.657807e+001  1.000000e+002
      vertex -6.012872e+002  1.657807e+001  9.000000e+001
      vertex -5.978636e+002  1.161808e+001  9.000000e+001
    endloop
  endfacet
  facet normal -8.229828e-001 -5.680662e-001  0.000000e+000
    outer loop
      vertex -6.012872e+002  1.657807e+001  1.000000e+002
      vertex -5.978636e+002  1.161808e+001  9.000000e+001
      vertex -5.978636e+002  1.161808e+001  1.000000e+002
    endloop
  endfacet
  facet normal -9.350161e-001 -3.546050e-001  -0.000000e+000
    outer loop
      vertex -5.978636e+002  1.161808e+001  1.000000e+002
      vertex -5.978636e+002  1.161808e+001  9.000000e+001
      vertex -5.957264e+002  5.982892e+000  9.000000e+001
    endloop
  endfacet
  facet normal -9.350161e-001 -3.546050e-001  0.000000e+000
    outer loop
      vertex -5.978636e+002  1.161808e+001  1.000000e+002
      vertex -5.957264e+002  5.982892e+000  9.000000e+001
      vertex -5.957264e+002  5.982892e+000  1.000000e+002
    endloop
  endfacet
  facet normal -9.927092e-001 -1.205344e-001  -0.000000e+000
    outer loop
      vertex -5.957264e+002  5.982892e+000  1.000000e+002
      vertex -5.957264e+002  5.982892e+000  9.000000e+001
      vertex -5.950000e+002  0.000000e+000  9.000000e+001
    endloop
  endfacet
  facet normal -9.927092e-001 -1.205344e-001  0.000000e+000
    outer loop
      vertex -5.957264e+002  5.982892e+000  1.000000e+002
      vertex -5.950000e+002  0.000000e+000  9.000000e+001
      vertex -5.950000e+002  0.000000e+000  1.000000e+002
    endloop
  endfacet
  facet normal  2.393165e-001 -9.709417e-001  0.000000e+000
    outer loop
      vertex -6.230134e+002  2.481772e+001  0.000000e+000
      vertex -6.288651e+002  2.337541e+001  1.000000e+001
      vertex -6.288651e+002  2.337541e+001  0.000000e+000
    endloop
  endfacet
  facet normal  4.647239e-001 -8.854556e-001  0.000000e+000
    outer loop
      vertex -6.288651e+002  2.337541e+001  0.000000e+000
      vertex -6.288651e+002  2.337541e+001  1.000000e+001
      vertex -6.342016e+002  2.057460e+001  1.000000e+001
    endloop
  endfacet
  facet normal  4.647239e-001 -8.854556e-001  0.000000e+000
    outer loop
      vertex -6.288651e+002  2.337541e+001  0.000000e+000
      vertex -6.342016e+002  2.057460e+001  1.000000e+001
      vertex -6.342016e+002  2.057460e+001  0.000000e+000
    endloop
  endfacet
  facet normal  6.631211e-001 -7.485121e-001  0.000000e+000
    outer loop
      vertex -6.342016e+002  2.057460e+001  0.000000e+000
      vertex -6.342016e+002  2.057460e+001  1.000000e+001
      vertex -6.387128e+002  1.657807e+001  1.000000e+001
    endloop
  endfacet
  facet normal  6.631211e-001 -7.485121e-001  0.000000e+000
    outer loop
      vertex -6.342016e+002  2.057460e+001  0.000000e+000
      vertex -6.387128e+002  1.657807e+001  1.000000e+001
      vertex -6.387128e+002  1.657807e+001  0.000000e+000
    endloop
  endfacet
  facet normal  8.229828e-001 -5.680662e-001  0.000000e+000
    outer loop
      vertex -6.387128e+002  1.657807e+001  0.000000e+000
      vertex -6.387128e+002  1.657807e+001  1.000000e+001
      vertex -6.421364e+002  1.161808e+001  1.000000e+001
    endloop
  endfacet
  facet normal  8.229828e-001 -5.680662e-001  0.000000e+000
    outer loop
      vertex -6.387128e+002  1.657807e+001  0.000000e+000
      vertex -6.421364e+002  1.161808e+001  1.000000e+001
      vertex -6.421364e+002  1.161808e+001  0.000000e+000
    endloop
  endfacet
  facet normal  9.350161e-001 -3.546050e-001  0.000000e+000
    outer loop
      vertex -6.421364e+002  1.161808e+001  0.000000e+000
      vertex -6.421364e+002  1.161808e+001  1.000000e+001
      vertex -6.442736e+002  5.982892e+000  1.000000e+001
    endloop
  endfacet
  facet normal  9.350161e-001 -3.546050e-001  0.000000e+000
    outer loop
      vertex -6.421364e+002  1.161808e+001  0.000000e+000
      vertex -6.442736e+002  5.982892e+000  1.000000e+001
      vertex -6.442736e+002  5.982892e+000  0.000000e+000
    endloop
  endfacet
  facet normal  9.927092e-001 -1.205344e-001  0.000000e+000
    outer loop
      vertex -6.442736e+002  5.982892e+000  0.000000e+000
      vertex -6.442736e+002  5.982892e+000  1.000000e+001
      vertex -6.450000e+002  3.061516e-015  1.000000e+001
    endloop
  endfacet
  facet normal  9.927092e-001 -1.205344e-001  0.000000e+000
    outer loop
      vertex -6.442736e+002  5.982892e+000  0.000000e+000
      vertex -6.450000e+002  3.061516e-015  1.000000e+001
      vertex -6.450000e+002  3.061516e-015  0.000000e+000
    endloop
  endfacet
  facet normal  2.393165e-001 -9.709417e-001  0.000000e+000
    outer loop
      vertex -6.288651e+002  2.337541e+001  1.000000e+001
      vertex -6.230134e+002  2.481772e+001  0.000000e+000
      vertex -6.230134e+002  2.481772e+001  1.000000e+001
    endloop
  endfacet
  facet normal  0.000000e+000 -1.000000e+000  0.000000e+000
    outer loop
      vertex -6.230134e+002  2.481772e+001  1.000000e+001
      vertex -6.230134e+002  2.481772e+001  0.000000e+000
      vertex -6.169866e+002  2.481772e+001  0.000000e+000
    endloop
  endfacet
  facet normal  0.000000e+000 -1.000000e+000  0.000000e+000
    outer loop
      vertex -6.230134e+002  2.481772e+001  1.000000e+001
      vertex -6.169866e+002  2.481772e+001  0.000000e+000
      vertex -6.169866e+002  2.481772e+001  1.000000e+001
    endloop
  endfacet
  facet normal -2.393165e-001 -9.709417e-001  -0.000000e+000
    outer loop
      vertex -6.169866e+002  2.481772e+001  1.000000e+001
      vertex -6.169866e+002  2.481772e+001  0.000000e+000
      vertex -6.111349e+002  2.337541e+001  0.000000e+000
    endloop
  endfacet
  facet normal -2.393165e-001 -9.709417e-001  0.000000e+000
    outer loop
      vertex -6.169866e+002  2.481772e+001  1.000000e+001
      vertex -6.111349e+002  2.337541e+001  0.000000e+000
      vertex -6.111349e+002  2.337541e+001  1.000000e+001
    endloop
  endfacet
  facet normal -4.647239e-001 -8.854556e-001  -0.000000e+000
    outer loop
      vertex -6.111349e+002  2.337541e+001  1.000000e+001
      vertex -6.111349e+002  2.337541e+001  0.000000e+000
      vertex -6.057984e+002  2.057460e+001  0.000000e+000
    endloop
  endfacet
  facet normal -4.647239e-001 -8.854556e-001  0.000000e+000
    outer loop
      vertex -6.111349e+002  2.337541e+001  1.000000e+001
      vertex -6.057984e+002  2.057460e+001  0.000000e+000
      vertex -6.057984e+002  2.057460e+001  1.000000e+001
    endloop
  endfacet
  facet normal -6.631211e-001 -7.485121e-001  -0.000000e+000
    outer loop
      vertex -6.057984e+002  2.057460e+001  1.000000e+001
      vertex -6.057984e+002  2.057460e+001  0.000000e+000
      vertex -6.012872e+002  1.657807e+001  0.000000e+000
    endloop
  endfacet
  facet normal -6.631211e-001 -7.485121e-001  0.000000e+000
    outer loop
      vertex -6.057984e+002  2.057460e+001  1.000000e+001
      vertex -6.012872e+002  1.657807e+001  0.000000e+000
      vertex -6.012872e+002  1.657807e+001  1.000000e+001
    endloop
  endfacet
  facet normal -8.229828e-001 -5.680662e-001  -0.000000e+000
    outer loop
      vertex -6.012872e+002  1.657807e+001  1.000000e+001
      vertex -6.012872e+002  1.657807e+001  0.000000e+000
      vertex -5.978636e+002  1.161808e+001  0.000000e+000
    endloop
  endfacet
  facet normal -8.229828e-001 -5.680662e-001  0.000000e+000
    outer loop
      vertex -6.012872e+002  1.657807e+001  1.000000e+001
      vertex -5.978636e+002  1.161808e+001  0.000000e+000
      vertex -5.978636e+002  1.161808e+001  1.000000e+001
    endloop
  endfacet
  facet normal -9.350161e-001 -3.546050e-001  -0.000000e+000
    outer loop
      vertex -5.978636e+002  1.161808e+001  1.000000e+001
      vertex -5.978636e+002  1.161808e+001  0.000000e+000
      vertex -5.957264e+002  5.982892e+000  0.000000e+000
    endloop
  endfacet
  facet normal -9.350161e-001 -3.546050e-001  0.000000e+000
    outer loop
      vertex -5.978636e+002  1.161808e+001  1.000000e+001
      vertex -5.957264e+002  5.982892e+000  0.000000e+000
      vertex -5.957264e+002  5.982892e+000  1.000000e+001
    endloop
  endfacet
  facet normal -9.927092e-001 -1.205344e-001  -0.000000e+000
    outer loop
      vertex -5.957264e+002  5.982892e+000  1.000000e+001
      vertex -5.957264e+002  5.982892e+000  0.000000e+000
      vertex -5.950000e+002  0.000000e+000  0.000000e+000
    endloop
  endfacet
  facet normal -9.927092e-001 -1.205344e-001  0.000000e+000
    outer loop
      vertex -5.957264e+002  5.982892e+000  1.000000e+001
      vertex -5.950000e+002  0.000000e+000  0.000000e+000
      vertex -5.950000e+002  0.000000e+000  1.000000e+001
    endloop
  endfacet
  facet normal -2.393165e-001  9.709417e-001  0.000000e+000
    outer loop
      vertex -6.169866e+002 -2.481772e+001  9.000000e+001
      vertex -6.111349e+002 -2.337541e+001  1.000000e+002
      vertex -6.111349e+002 -2.337541e+001  9.000000e+001
    endloop
  endfacet
  facet normal -4.647239e-001  8.854556e-001  0.000000e+000
    outer loop
      vertex -6.111349e+002 -2.337541e+001  9.000000e+001
      vertex -6.111349e+002 -2.337541e+001  1.000000e+002
      vertex -6.057984e+002 -2.057460e+001  1.000000e+002
    endloop
  endfacet
  facet normal -4.647239e-001  8.854556e-001  0.000000e+000
    outer loop
      vertex -6.111349e+002 -2.337541e+001  9.000000e+001
      vertex -6.057984e+002 -2.057460e+001  1.000000e+002
      vertex -6.057984e+002 -2.057460e+001  9.000000e+001
    endloop
  endfacet
  facet normal -6.631211e-001  7.485121e-001  0.000000e+000
    outer loop
      vertex -6.057984e+002 -2.057460e+001  9.000000e+001
      vertex -6.057984e+002 -2.057460e+001  1.000000e+002
      vertex -6.012872e+002 -1.657807e+001  1.000000e+002
    endloop
  endfacet
  facet normal -6.631211e-001  7.485121e-001  0.000000e+000
    outer loop
      vertex -6.057984e+002 -2.057460e+001  9.000000e+001
      vertex -6.012872e+002 -1.657807e+001  1.000000e+002
      vertex -6.012872e+002 -1.657807e+001  9.000000e+001
    endloop
  endfacet
  facet normal -8.229828e-001  5.680662e-001  0.000000e+000
    outer loop
      vertex -6.012872e+002 -1.657807e+001  9.000000e+001
      vertex -6.012872e+002 -1.657807e+001  1.000000e+002
      vertex -5.978636e+002 -1.161808e+001  1.000000e+002
    endloop
  endfacet
  facet normal -8.229828e-001  5.680662e-001  0.000000e+000
    outer loop
      vertex -6.012872e+002 -1.657807e+001  9.000000e+001
      vertex -5.978636e+002 -1.161808e+001  1.000000e+002
      vertex -5.978636e+002 -1.161808e+001  9.000000e+001
    endloop
  endfacet
  facet normal -9.350161e-001  3.546050e-001  0.000000e+000
    outer loop
      vertex -5.978636e+002 -1.161808e+001  9.000000e+001
      vertex -5.978636e+002 -1.161808e+001  1.000000e+002
      vertex -5.957264e+002 -5.982892e+000  1.000000e+002
    endloop
  endfacet
  facet normal -9.350161e-001  3.546050e-001  0.000000e+000
    outer loop
      vertex -5.978636e+002 -1.161808e+001  9.000000e+001
      vertex -5.957264e+002 -5.982892e+000  1.000000e+002
      vertex -5.957264e+002 -5.982892e+000  9.000000e+001
    endloop
  endfacet
  facet normal -9.927092e-001  1.205344e-001  0.000000e+000
    outer loop
      vertex -5.957264e+002 -5.982892e+000  9.000000e+001
      vertex -5.957264e+002 -5.982892e+000  1.000000e+002
      vertex -5.950000e+002  0.000000e+000  1.000000e+002
    endloop
  endfacet
  facet normal -9.927092e-001  1.205344e-001  0.000000e+000
    outer loop
      vertex -5.957264e+002 -5.982892e+000  9.000000e+001
      vertex -5.950000e+002  0.000000e+000  1.000000e+002
      vertex -5.950000e+002  0.000000e+000  9.000000e+001
    endloop
  endfacet
  facet normal -2.393165e-001  9.709417e-001  0.000000e+000
    outer loop
      vertex -6.111349e+002 -2.337541e+001  1.000000e+002
      vertex -6.169866e+002 -2.481772e+001  9.000000e+001
      vertex -6.169866e+002 -2.481772e+001  1.000000e+002
    endloop
  endfacet
  facet normal  0.000000e+000  1.000000e+000  0.000000e+000
    outer loop
      vertex -6.169866e+002 -2.481772e+001  1.000000e+002
      vertex -6.169866e+002 -2.481772e+001  9.000000e+001
      vertex -6.230134e+002 -2.481772e+001  9.000000e+001
    endloop
  endfacet
  facet normal  0.000000e+000  1.000000e+000  0.000000e+000
    outer loop
      vertex -6.169866e+002 -2.481772e+001  1.000000e+002
      vertex -6.230134e+002 -2.481772e+001  9.000000e+001
      vertex -6.230134e+002 -2.481772e+001  1.000000e+002
    endloop
  endfacet
  facet normal  2.393165e-001  9.709417e-001  0.000000e+000
    outer loop
      vertex -6.230134e+002 -2.481772e+001  1.000000e+002
      vertex -6.230134e+002 -2.481772e+001  9.000000e+001
      vertex -6.288651e+002 -2.337541e+001  9.000000e+001
    endloop
  endfacet
  facet normal  2.393165e-001  9.709417e-001  -0.000000e+000
    outer loop
      vertex -6.230134e+002 -2.481772e+001  1.000000e+002
      vertex -6.288651e+002 -2.337541e+001  9.000000e+001
      vertex -6.288651e+002 -2.337541e+001  1.000000e+002
    endloop
  endfacet
  facet normal  4.647239e-001  8.854556e-001  0.000000e+000
    outer loop
      vertex -6.288651e+002 -2.337541e+001  1.000000e+002
      vertex -6.288651e+002 -2.337541e+001  9.000000e+001
      vertex -6.342016e+002 -2.057460e+001  9.000000e+001
    endloop
  endfacet
  facet normal  4.647239e-001  8.854556e-001  -0.000000e+000
    outer loop
      vertex -6.288651e+002 -2.337541e+001  1.000000e+002
      vertex -6.342016e+002 -2.057460e+001  9.000000e+001
      vertex -6.342016e+002 -2.057460e+001  1.000000e+002
    endloop
  endfacet
  facet normal  6.631211e-001  7.485121e-001  0.000000e+000
    outer loop
      vertex -6.342016e+002 -2.057460e+001  1.000000e+002
      vertex -6.342016e+002 -2.057460e+001  9.000000e+001
      vertex -6.387128e+002 -1.657807e+001  9.000000e+001
    endloop
  endfacet
  facet normal  6.631211e-001  7.485121e-001  -0.000000e+000
    outer loop
      vertex -6.342016e+002 -2.057460e+001  1.000000e+002
      vertex -6.387128e+002 -1.657807e+001  9.000000e+001
      vertex -6.387128e+002 -1.657807e+001  1.000000e+002
    endloop
  endfacet
  facet normal  8.229828e-001  5.680662e-001  0.000000e+000
    outer loop
      vertex -6.387128e+002 -1.657807e+001  1.000000e+002
      vertex -6.387128e+002 -1.657807e+001  9.000000e+001
      vertex -6.421364e+002 -1.161808e+001  9.000000e+001
    endloop
  endfacet
  facet normal  8.229828e-001  5.680662e-001  -0.000000e+000
    outer loop
      vertex -6.387128e+002 -1.657807e+001  1.000000e+002
      vertex -6.421364e+002 -1.161808e+001  9.000000e+001
      vertex -6.421364e+002 -1.161808e+001  1.000000e+002
    endloop
  endfacet
  facet normal  9.350161e-001  3.546050e-001  0.000000e+000
    outer loop
      vertex -6.421364e+002 -1.161808e+001  1.000000e+002
      vertex -6.421364e+002 -1.161808e+001  9.000000e+001
      vertex -6.442736e+002 -5.982892e+000  9.000000e+001
    endloop
  endfacet
  facet normal  9.350161e-001  3.546050e-001  -0.000000e+000
    outer loop
      vertex -6.421364e+002 -1.161808e+001  1.000000e+002
      vertex -6.442736e+002 -5.982892e+000  9.000000e+001
      vertex -6.442736e+002 -5.982892e+000  1.000000e+002
    endloop
  endfacet
  facet normal  9.927092e-001  1.205344e-001  0.000000e+000
    outer loop
      vertex -6.442736e+002 -5.982892e+000  1.000000e+002
      vertex -6.442736e+002 -5.982892e+000  9.000000e+001
      vertex -6.450000e+002  3.061516e-015  9.000000e+001
    endloop
  endfacet
  facet normal  9.927092e-001  1.205344e-001  -0.000000e+000
    outer loop
      vertex -6.442736e+002 -5.982892e+000  1.000000e+002
      vertex -6.450000e+002  3.061516e-015  9.000000e+001
      vertex -6.450000e+002  3.061516e-015  1.000000e+002
    endloop
  endfacet
  facet normal -2.393165e-001  9.709417e-001  0.000000e+000
    outer loop
      vertex -6.169866e+002 -2.481772e+001  0.000000e+000
      vertex -6.111349e+002 -2.337541e+001  1.000000e+001
      vertex -6.111349e+002 -2.337541e+001  0.000000e+000
    endloop
  endfacet
  facet normal -4.647239e-001  8.854556e-001  0.000000e+000
    outer loop
      vertex -6.111349e+002 -2.337541e+001  0.000000e+000
      vertex -6.111349e+002 -2.337541e+001  1.000000e+001
      vertex -6.057984e+002 -2.057460e+001  1.000000e+001
    endloop
  endfacet
  facet normal -4.647239e-001  8.854556e-001  0.000000e+000
    outer loop
      vertex -6.111349e+002 -2.337541e+001  0.000000e+000
      vertex -6.057984e+002 -2.057460e+001  1.000000e+001
      vertex -6.057984e+002 -2.057460e+001  0.000000e+000
    endloop
  endfacet
  facet normal -6.631211e-001  7.485121e-001  0.000000e+000
    outer loop
      vertex -6.057984e+002 -2.057460e+001  0.000000e+000
      vertex -6.057984e+002 -2.057460e+001  1.000000e+001
      vertex -6.012872e+002 -1.657807e+001  1.000000e+001
    endloop
  endfacet
  facet normal -6.631211e-001  7.485121e-001  0.000000e+000
    outer loop
      vertex -6.057984e+002 -2.057460e+001  0.000000e+000
      vertex -6.012872e+002 -1.657807e+001  1.000000e+001
      vertex -6.012872e+002 -1.657807e+001  0.000000e+000
    endloop
  endfacet
  facet normal -8.229828e-001  5.680662e-001  0.000000e+000
    outer loop
      vertex -6.012872e+002 -1.657807e+001  0.000000e+000
      vertex -6.012872e+002 -1.657807e+001  1.000000e+001
      vertex -5.978636e+002 -1.161808e+001  1.000000e+001
    endloop
  endfacet
  facet normal -8.229828e-001  5.680662e-001  0.000000e+000
    outer loop
      vertex -6.012872e+002 -1.657807e+001  0.000000e+000
      vertex -5.978636e+002 -1.161808e+001  1.000000e+001
      vertex -5.978636e+002 -1.161808e+001  0.000000e+000
    endloop
  endfacet
  facet normal -9.350161e-001  3.546050e-001  0.000000e+000
    outer loop
      vertex -5.978636e+002 -1.161808e+001  0.000000e+000
      vertex -5.978636e+002 -1.161808e+001  1.000000e+001
      vertex -5.957264e+002 -5.982892e+000  1.000000e+001
    endloop
  endfacet
  facet normal -9.350161e-001  3.546050e-001  0.000000e+000
    outer loop
      vertex -5.978636e+002 -1.161808e+001  0.000000e+000
      vertex -5.957264e+002 -5.982892e+000  1.000000e+001
      vertex -5.957264e+002 -5.982892e+000  0.000000e+000
    endloop
  endfacet
  facet normal -9.927092e-001  1.205344e-001  0.000000e+000
    outer loop
      vertex -5.957264e+002 -5.982892e+000  0.000000e+000
      vertex -5.957264e+002 -5.982892e+000  1.000000e+001
      vertex -5.950000e+002  0.000000e+000  1.000000e+001
    endloop
  endfacet
  facet normal -9.927092e-001  1.205344e-001  0.000000e+000
    outer loop
      vertex -5.957264e+002 -5.982892e+000  0.000000e+000
      vertex -5.950000e+002  0.000000e+000  1.000000e+001
      vertex -5.950000e+002  0.000000e+000  0.000000e+000
    endloop
  endfacet
  facet normal -2.393165e-001  9.709417e-001  0.000000e+000
    outer loop
      vertex -6.111349e+002 -2.337541e+001  1.000000e+001
      vertex -6.169866e+002 -2.481772e+001  0.000000e+000
      vertex -6.169866e+002 -2.481772e+001  1.000000e+001
    endloop
  endfacet
  facet normal  0.000000e+000  1.000000e+000  0.000000e+000
    outer loop
      vertex -6.169866e+002 -2.481772e+001  1.000000e+001
      vertex -6.169866e+002 -2.481772e+001  0.000000e+000
      vertex -6.230134e+002 -2.481772e+001  0.000000e+000
    endloop
  endfacet
  facet normal  0.000000e+000  1.000000e+000  0.000000e+000
    outer loop
      vertex -6.169866e+002 -2.481772e+001  1.000000e+001
      vertex -6.230134e+002 -2.481772e+001  0.000000e+000
      vertex -6.230134e+002 -2.481772e+001  1.000000e+001
    endloop
  endfacet
  facet normal  2.393165e-001  9.709417e-001  0.000000e+000
    outer loop
      vertex -6.230134e+002 -2.481772e+001  1.000000e+001
      vertex -6.230134e+002 -2.481772e+001  0.000000e+000
      vertex -6.288651e+002 -2.337541e+001  0.000000e+000
    endloop
  endfacet
  facet normal  2.393165e-001  9.709417e-001  -0.000000e+000
    outer loop
      vertex -6.230134e+002 -2.481772e+001  1.000000e+001
      vertex -6.288651e+002 -2.337541e+001  0.000000e+000
      vertex -6.288651e+002 -2.337541e+001  1.000000e+001
    endloop
  endfacet
  facet normal  4.647239e-001  8.854556e-001  0.000000e+000
    outer loop
      vertex -6.288651e+002 -2.337541e+001  1.000000e+001
      vertex -6.288651e+002 -2.337541e+001  0.000000e+000
      vertex -6.342016e+002 -2.057460e+001  0.000000e+000
    endloop
  endfacet
  facet normal  4.647239e-001  8.854556e-001  -0.000000e+000
    outer loop
      vertex -6.288651e+002 -2.337541e+001  1.000000e+001
      vertex -6.342016e+002 -2.057460e+001  0.000000e+000
      vertex -6.342016e+002 -2.057460e+001  1.000000e+001
    endloop
  endfacet
  facet normal  6.631211e-001  7.485121e-001  0.000000e+000
    outer loop
      vertex -6.342016e+002 -2.057460e+001  1.000000e+001
      vertex -6.342016e+002 -2.057460e+001  0.000000e+000
      vertex -6.387128e+002 -1.657807e+001  0.000000e+000
    endloop
  endfacet
  facet normal  6.631211e-001  7.485121e-001  -0.000000e+000
    outer loop
      vertex -6.342016e+002 -2.057460e+001  1.000000e+001
      vertex -6.387128e+002 -1.657807e+001  0.000000e+000
      vertex -6.387128e+002 -1.657807e+001  1.000000e+001
    endloop
  endfacet
  facet normal  8.229828e-001  5.680662e-001  0.000000e+000
    outer loop
      vertex -6.387128e+002 -1.657807e+001  1.000000e+001
      vertex -6.387128e+002 -1.657807e+001  0.000000e+000
      vertex -6.421364e+002 -1.161808e+001  0.000000e+000
    endloop
  endfacet
  facet normal  8.229828e-001  5.680662e-001  -0.000000e+000
    outer loop
      vertex -6.387128e+002 -1.657807e+001  1.000000e+001
      vertex -6.421364e+002 -1.161808e+001  0.000000e+000
      vertex -6.421364e+002 -1.161808e+001  1.000000e+001
    endloop
  endfacet
  facet normal  9.350161e-001  3.546050e-001  0.000000e+000
    outer loop
      vertex -6.421364e+002 -1.161808e+001  1.000000e+001
      vertex -6.421364e+002 -1.161808e+001  0.000000e+000
      vertex -6.442736e+002 -5.982892e+000  0.000000e+000
    endloop
  endfacet
  facet normal  9.350161e-001  3.546050e-001  -0.000000e+000
    outer loop
      vertex -6.421364e+002 -1.161808e+001  1.000000e+001
      vertex -6.442736e+002 -5.982892e+000  0.000000e+000
      vertex -6.442736e+002 -5.982892e+000  1.000000e+001
    endloop
  endfacet
  facet normal  9.927092e-001  1.205344e-001  0.000000e+000
    outer loop
      vertex -6.442736e+002 -5.982892e+000  1.000000e+001
      vertex -6.442736e+002 -5.982892e+000  0.000000e+000
      vertex -6.450000e+002  3.061516e-015  0.000000e+000
    endloop
  endfacet
  facet normal  9.927092e-001  1.205344e-001  -0.000000e+000
    outer loop
      vertex -6.442736e+002 -5.982892e+000  1.000000e+001
      vertex -6.450000e+002  3.061516e-015  0.000000e+000
      vertex -6.450000e+002  3.061516e-015  1.000000e+001
    endloop
  endfacet
  facet normal  0.000000e+000  0.000000e+000 -1.000000e+000
    outer loop
      vertex -9.750000e+002  0.000000e+000  0.000000e+000
      vertex -9.757264e+002  5.982892e+000  0.000000e+000
      vertex -9.083754e+002  8.865122e+000  0.000000e+000
    endloop
  endfacet
  facet normal  0.000000e+000  0.000000e+000 -1.000000e+000
    outer loop
      vertex -9.750000e+002  0.000000e+000  0.000000e+000
      vertex -9.083754e+002  8.865122e+000  0.000000e+000
      vertex -9.098177e+002  3.013417e+000  0.000000e+000
    endloop
  endfacet
  facet normal  0.000000e+000  -0.000000e+000 -1.000000e+000
    outer loop
      vertex -9.750000e+002  0.000000e+000  0.000000e+000
      vertex -9.098177e+002  3.013417e+000  0.000000e+000
      vertex -9.098177e+002 -3.013417e+000  0.000000e+000
    endloop
  endfacet
  facet normal  -0.000000e+000  0.000000e+000 -1.000000e+000
    outer loop
      vertex -9.750000e+002  0.000000e+000  0.000000e+000
      vertex -9.098177e+002 -3.013417e+000  0.000000e+000
      vertex -9.757264e+002 -5.982892e+000  0.000000e+000
    endloop
  endfacet
  facet normal  -0.000000e+000  -0.000000e+000 -1.000000e+000
    outer loop
      vertex -8.850000e+002 -2.500000e+001  0.000000e+000
      vertex -7.350000e+002 -2.500000e+001  0.000000e+000
      vertex -6.200000e+002 -4.000000e+001  0.000000e+000
    endloop
  endfacet
  facet normal  0.000000e+000  0.000000e+000 -1.000000e+000
    outer loop
      vertex -8.850000e+002 -2.500000e+001  0.000000e+000
      vertex -6.200000e+002 -4.000000e+001  0.000000e+000
      vertex -1.000000e+003 -4.000000e+001  0.000000e+000
    endloop
  endfacet
  facet normal  0.000000e+000  0.000000e+000 -1.000000e+000
    outer loop
      vertex -8.850000e+002 -2.500000e+001  0.000000e+000
      vertex -1.000000e+003 -4.000000e+001  0.000000e+000
      vertex -9.969866e+002 -2.481772e+001  0.000000e+000
    endloop
  endfacet
  facet normal  0.000000e+000  0.000000e+000 -1.000000e+000
    outer loop
      vertex -8.850000e+002 -2.500000e+001  0.000000e+000
      vertex -9.969866e+002 -2.481772e+001  0.000000e+000
      vertex -8.909829e+002 -2.427355e+001  0.000000e+000
    endloop
  endfacet
  facet normal  0.000000e+000  0.000000e+000 -1.000000e+000
    outer loop
      vertex -1.000000e+003 -4.000000e+001  0.000000e+000
      vertex -1.007804e+003 -3.923141e+001  0.000000e+000
      vertex -1.015307e+003 -3.695518e+001  0.000000e+000
    endloop
  endfacet
  facet normal  0.000000e+000  0.000000e+000 -1.000000e+000
    outer loop
      vertex -1.000000e+003 -4.000000e+001  0.000000e+000
      vertex -1.015307e+003 -3.695518e+001  0.000000e+000
      vertex -1.022223e+003 -3.325879e+001  0.000000e+000
    endloop
  endfacet
  facet normal  0.000000e+000  0.000000e+000 -1.000000e+000
    outer loop
      vertex -1.000000e+003 -4.000000e+001  0.000000e+000
      vertex -1.022223e+003 -3.325879e+001  0.000000e+000
      vertex -1.028284e+003 -2.828427e+001  0.000000e+000
    endloop
  endfacet
  facet normal  0.000000e+000  0.000000e+000 -1.000000e+000
    outer loop
      vertex -1.000000e+003 -4.000000e+001  0.000000e+000
      vertex -1.028284e+003 -2.828427e+001  0.000000e+000
      vertex -1.003013e+003 -2.481772e+001  0.000000e+000
    endloop
  endfacet
  facet normal  0.000000e+000  0.000000e+000 -1.000000e+000
    outer loop
      vertex -1.000000e+003 -4.000000e+001  0.000000e+000
      vertex -1.003013e+003 -2.481772e+001  0.000000e+000
      vertex -9.969866e+002 -2.481772e+001  0.000000e+000
    endloop
  endfacet
  facet normal  0.000000e+000  0.000000e+000 -1.000000e+000
    outer loop
      vertex -6.200000e+002 -4.000000e+001  0.000000e+000
      vertex -7.350000e+002 -2.500000e+001  0.000000e+000
      vertex -7.290171e+002 -2.427355e+001  0.000000e+000
    endloop
  endfacet
  facet normal  0.000000e+000  0.000000e+000 -1.000000e+000
    outer loop
      vertex -6.200000e+002 -4.000000e+001  0.000000e+000
      vertex -7.290171e+002 -2.427355e+001  0.000000e+000
      vertex -6.230134e+002 -2.481772e+001  0.000000e+000
    endloop
  endfacet
  facet normal  0.000000e+000  0.000000e+000 -1.000000e+000
    outer loop
      vertex -6.200000e+002 -4.000000e+001  0.000000e+000
      vertex -6.230134e+002 -2.481772e+001  0.000000e+000
      vertex -6.169866e+002 -2.481772e+001  0.000000e+000
    endloop
  endfacet
  facet normal  0.000000e+000  -0.000000e+000 -1.000000e+000
    outer loop
      vertex -6.200000e+002 -4.000000e+001  0.000000e+000
      vertex -6.169866e+002 -2.481772e+001  0.000000e+000
      vertex -5.917157e+002 -2.828427e+001  0.000000e+000
    endloop
  endfacet
  facet normal  0.000000e+000  0.000000e+000 -1.000000e+000
    outer loop
      vertex -6.200000e+002 -4.000000e+001  0.000000e+000
      vertex -5.917157e+002 -2.828427e+001  0.000000e+000
      vertex -5.977772e+002 -3.325879e+001  0.000000e+000
    endloop
  endfacet
  facet normal  0.000000e+000  0.000000e+000 -1.000000e+000
    outer loop
      vertex -6.200000e+002 -4.000000e+001  0.000000e+000
      vertex -5.977772e+002 -3.325879e+001  0.000000e+000
      vertex -6.046927e+002 -3.695518e+001  0.000000e+000
    endloop
  endfacet
  facet normal  0.000000e+000  0.000000e+000 -1.000000e+000
    outer loop
      vertex -6.200000e+002 -4.000000e+001  0.000000e+000
      vertex -6.046927e+002 -3.695518e+001  0.000000e+000
      vertex -6.121964e+002 -3.923141e+001  0.000000e+000
    endloop
  endfacet
  facet normal  0.000000e+000  0.000000e+000 -9.999999e-001
    outer loop
      vertex -1.014202e+003 -2.057460e+001  0.000000e+000
      vertex -1.008865e+003 -2.337541e+001  0.000000e+000
      vertex -1.033259e+003 -2.222281e+001  0.000000e+000
    endloop
  endfacet
  facet normal  0.000000e+000  0.000000e+000 -1.000000e+000
    outer loop
      vertex -1.033259e+003 -2.222281e+001  0.000000e+000
      vertex -1.008865e+003 -2.337541e+001  0.000000e+000
      vertex -1.003013e+003 -2.481772e+001  0.000000e+000
    endloop
  endfacet
  facet normal  -0.000000e+000  0.000000e+000 -9.999999e-001
    outer loop
      vertex -1.033259e+003 -2.222281e+001  0.000000e+000
      vertex -1.003013e+003 -2.481772e+001  0.000000e+000
      vertex -1.028284e+003 -2.828427e+001  0.000000e+000
    endloop
  endfacet
  facet normal  0.000000e+000  0.000000e+000 -9.999999e-001
    outer loop
      vertex -1.022223e+003  3.325879e+001  0.000000e+000
      vertex -1.015307e+003  3.695518e+001  0.000000e+000
      vertex -1.028284e+003  2.828427e+001  0.000000e+000
    endloop
  endfacet
  facet normal  0.000000e+000  0.000000e+000 -1.000000e+000
    outer loop
      vertex -1.028284e+003  2.828427e+001  0.000000e+000
      vertex -1.015307e+003  3.695518e+001  0.000000e+000
      vertex -1.007804e+003  3.923141e+001  0.000000e+000
    endloop
  endfacet
  facet normal  0.000000e+000  -0.000000e+000 -1.000000e+000
    outer loop
      vertex -1.028284e+003  2.828427e+001  0.000000e+000
      vertex -1.007804e+003  3.923141e+001  0.000000e+000
      vertex -1.003013e+003  2.481772e+001  0.000000e+000
    endloop
  endfacet
  facet normal  0.000000e+000  0.000000e+000 -1.000000e+000
    outer loop
      vertex -1.003013e+003  2.481772e+001  0.000000e+000
      vertex -1.007804e+003  3.923141e+001  0.000000e+000
      vertex -1.000000e+003  4.000000e+001  0.000000e+000
    endloop
  endfacet
  facet normal  0.000000e+000  -0.000000e+000 -1.000000e+000
    outer loop
      vertex -1.003013e+003  2.481772e+001  0.000000e+000
      vertex -1.000000e+003  4.000000e+001  0.000000e+000
      vertex -9.969866e+002  2.481772e+001  0.000000e+000
    endloop
  endfacet
  facet normal  0.000000e+000  0.000000e+000 -1.000000e+000
    outer loop
      vertex -6.046927e+002  3.695518e+001  0.000000e+000
      vertex -6.169866e+002  2.481772e+001  0.000000e+000
      vertex -6.121964e+002  3.923141e+001  0.000000e+000
    endloop
  endfacet
  facet normal  0.000000e+000  0.000000e+000 -1.000000e+000
    outer loop
      vertex -6.121964e+002  3.923141e+001  0.000000e+000
      vertex -6.169866e+002  2.481772e+001  0.000000e+000
      vertex -6.230134e+002  2.481772e+001  0.000000e+000
    endloop
  endfacet
  facet normal  0.000000e+000  0.000000e+000 -1.000000e+000
    outer loop
      vertex -6.121964e+002  3.923141e+001  0.000000e+000
      vertex -6.230134e+002  2.481772e+001  0.000000e+000
      vertex -6.200000e+002  4.000000e+001  0.000000e+000
    endloop
  endfacet
  facet normal  0.000000e+000  0.000000e+000 -1.000000e+000
    outer loop
      vertex -6.012872e+002  1.657807e+001  0.000000e+000
      vertex -6.057984e+002  2.057460e+001  0.000000e+000
      vertex -5.830448e+002  1.530734e+001  0.000000e+000
    endloop
  endfacet
  facet normal  0.000000e+000  0.000000e+000 -1.000000e+000
    outer loop
      vertex -5.830448e+002  1.530734e+001  0.000000e+000
      vertex -6.057984e+002  2.057460e+001  0.000000e+000
      vertex -6.111349e+002  2.337541e+001  0.000000e+000
    endloop
  endfacet
  facet normal  0.000000e+000  0.000000e+000 -1.000000e+000
    outer loop
      vertex -5.830448e+002  1.530734e+001  0.000000e+000
      vertex -6.111349e+002  2.337541e+001  0.000000e+000
      vertex -5.867412e+002  2.222281e+001  0.000000e+000
    endloop
  endfacet
  facet normal  0.000000e+000  0.000000e+000 -1.000000e+000
    outer loop
      vertex -5.867412e+002  2.222281e+001  0.000000e+000
      vertex -6.111349e+002  2.337541e+001  0.000000e+000
      vertex -6.169866e+002  2.481772e+001  0.000000e+000
    endloop
  endfacet
  facet normal  0.000000e+000  0.000000e+000 -9.999999e-001
    outer loop
      vertex -5.867412e+002  2.222281e+001  0.000000e+000
      vertex -6.169866e+002  2.481772e+001  0.000000e+000
      vertex -5.917157e+002  2.828427e+001  0.000000e+000
    endloop
  endfacet
  facet normal  -0.000000e+000  0.000000e+000 -1.000000e+000
    outer loop
      vertex -5.917157e+002  2.828427e+001  0.000000e+000
      vertex -6.169866e+002  2.481772e+001  0.000000e+000
      vertex -6.046927e+002  3.695518e+001  0.000000e+000
    endloop
  endfacet
  facet normal  0.000000e+000  0.000000e+000 -9.999999e-001
    outer loop
      vertex -5.917157e+002  2.828427e+001  0.000000e+000
      vertex -6.046927e+002  3.695518e+001  0.000000e+000
      vertex -5.977772e+002  3.325879e+001  0.000000e+000
    endloop
  endfacet
  facet normal  0.000000e+000  0.000000e+000 -1.000000e+000
    outer loop
      vertex -6.230134e+002  2.481772e+001  0.000000e+000
      vertex -7.350000e+002  2.500000e+001  0.000000e+000
      vertex -6.200000e+002  4.000000e+001  0.000000e+000
    endloop
  endfacet
  facet normal  0.000000e+000  0.000000e+000 -1.000000e+000
    outer loop
      vertex -6.200000e+002  4.000000e+001  0.000000e+000
      vertex -7.350000e+002  2.500000e+001  0.000000e+000
      vertex -8.850000e+002  2.500000e+001  0.000000e+000
    endloop
  endfacet
  facet normal  0.000000e+000  0.000000e+000 -1.000000e+000
    outer loop
      vertex -6.200000e+002  4.000000e+001  0.000000e+000
      vertex -8.850000e+002  2.500000e+001  0.000000e+000
      vertex -1.000000e+003  4.000000e+001  0.000000e+000
    endloop
  endfacet
  facet normal  0.000000e+000  0.000000e+000 -1.000000e+000
    outer loop
      vertex -1.018713e+003  1.657807e+001  0.000000e+000
      vertex -1.036955e+003  1.530734e+001  0.000000e+000
      vertex -1.014202e+003  2.057460e+001  0.000000e+000
    endloop
  endfacet
  facet normal  -0.000000e+000  0.000000e+000 -1.000000e+000
    outer loop
      vertex -1.014202e+003  2.057460e+001  0.000000e+000
      vertex -1.036955e+003  1.530734e+001  0.000000e+000
      vertex -1.033259e+003  2.222281e+001  0.000000e+000
    endloop
  endfacet
  facet normal  0.000000e+000  0.000000e+000 -9.999999e-001
    outer loop
      vertex -1.014202e+003  2.057460e+001  0.000000e+000
      vertex -1.033259e+003  2.222281e+001  0.000000e+000
      vertex -1.008865e+003  2.337541e+001  0.000000e+000
    endloop
  endfacet
  facet normal  -0.000000e+000  0.000000e+000 -1.000000e+000
    outer loop
      vertex -1.008865e+003  2.337541e+001  0.000000e+000
      vertex -1.033259e+003  2.222281e+001  0.000000e+000
      vertex -1.028284e+003  2.828427e+001  0.000000e+000
    endloop
  endfacet
  facet normal  0.000000e+000  0.000000e+000 -1.000000e+000
    outer loop
      vertex -1.008865e+003  2.337541e+001  0.000000e+000
      vertex -1.028284e+003  2.828427e+001  0.000000e+000
      vertex -1.003013e+003  2.481772e+001  0.000000e+000
    endloop
  endfacet
  facet normal  0.000000e+000  0.000000e+000 -1.000000e+000
    outer loop
      vertex -1.024274e+003  5.982892e+000  0.000000e+000
      vertex -1.039231e+003  7.803613e+000  0.000000e+000
      vertex -1.022136e+003  1.161808e+001  0.000000e+000
    endloop
  endfacet
  facet normal  -0.000000e+000  0.000000e+000 -1.000000e+000
    outer loop
      vertex -1.022136e+003  1.161808e+001  0.000000e+000
      vertex -1.039231e+003  7.803613e+000  0.000000e+000
      vertex -1.036955e+003  1.530734e+001  0.000000e+000
    endloop
  endfacet
  facet normal  0.000000e+000  0.000000e+000 -9.999999e-001
    outer loop
      vertex -1.022136e+003  1.161808e+001  0.000000e+000
      vertex -1.036955e+003  1.530734e+001  0.000000e+000
      vertex -1.018713e+003  1.657807e+001  0.000000e+000
    endloop
  endfacet
  facet normal  0.000000e+000  0.000000e+000 -9.999999e-001
    outer loop
      vertex -1.018713e+003 -1.657807e+001  0.000000e+000
      vertex -1.036955e+003 -1.530734e+001  0.000000e+000
      vertex -1.022136e+003 -1.161808e+001  0.000000e+000
    endloop
  endfacet
  facet normal  -0.000000e+000  0.000000e+000 -1.000000e+000
    outer loop
      vertex -1.022136e+003 -1.161808e+001  0.000000e+000
      vertex -1.036955e+003 -1.530734e+001  0.000000e+000
      vertex -1.039231e+003 -7.803613e+000  0.000000e+000
    endloop
  endfacet
  facet normal  0.000000e+000  0.000000e+000 -1.000000e+000
    outer loop
      vertex -1.022136e+003 -1.161808e+001  0.000000e+000
      vertex -1.039231e+003 -7.803613e+000  0.000000e+000
      vertex -1.024274e+003 -5.982892e+000  0.000000e+000
    endloop
  endfacet
  facet normal  -0.000000e+000  0.000000e+000 -1.000000e+000
    outer loop
      vertex -1.024274e+003 -5.982892e+000  0.000000e+000
      vertex -1.039231e+003 -7.803613e+000  0.000000e+000
      vertex -1.040000e+003  4.898425e-015  0.000000e+000
    endloop
  endfacet
  facet normal  0.000000e+000  0.000000e+000 -1.000000e+000
    outer loop
      vertex -1.024274e+003 -5.982892e+000  0.000000e+000
      vertex -1.040000e+003  4.898425e-015  0.000000e+000
      vertex -1.025000e+003  3.061516e-015  0.000000e+000
    endloop
  endfacet
  facet normal  0.000000e+000  0.000000e+000 -1.000000e+000
    outer loop
      vertex -1.025000e+003  3.061516e-015  0.000000e+000
      vertex -1.040000e+003  4.898425e-015  0.000000e+000
      vertex -1.039231e+003  7.803613e+000  0.000000e+000
    endloop
  endfacet
  facet normal  0.000000e+000  0.000000e+000 -1.000000e+000
    outer loop
      vertex -1.025000e+003  3.061516e-015  0.000000e+000
      vertex -1.039231e+003  7.803613e+000  0.000000e+000
      vertex -1.024274e+003  5.982892e+000  0.000000e+000
    endloop
  endfacet
  facet normal  0.000000e+000  0.000000e+000 -1.000000e+000
    outer loop
      vertex -1.033259e+003 -2.222281e+001  0.000000e+000
      vertex -1.036955e+003 -1.530734e+001  0.000000e+000
      vertex -1.014202e+003 -2.057460e+001  0.000000e+000
    endloop
  endfacet
  facet normal  0.000000e+000  0.000000e+000 -1.000000e+000
    outer loop
      vertex -1.014202e+003 -2.057460e+001  0.000000e+000
      vertex -1.036955e+003 -1.530734e+001  0.000000e+000
      vertex -1.018713e+003 -1.657807e+001  0.000000e+000
    endloop
  endfacet
  facet normal  -0.000000e+000  0.000000e+000 -1.000000e+000
    outer loop
      vertex -1.000000e+003  4.000000e+001  0.000000e+000
      vertex -8.850000e+002  2.500000e+001  0.000000e+000
      vertex -9.969866e+002  2.481772e+001  0.000000e+000
    endloop
  endfacet
  facet normal  0.000000e+000  0.000000e+000 -1.000000e+000
    outer loop
      vertex -9.969866e+002  2.481772e+001  0.000000e+000
      vertex -8.850000e+002  2.500000e+001  0.000000e+000
      vertex -8.909829e+002  2.427355e+001  0.000000e+000
    endloop
  endfacet
  facet normal  -0.000000e+000  0.000000e+000 -1.000000e+000
    outer loop
      vertex -9.969866e+002  2.481772e+001  0.000000e+000
      vertex -8.909829e+002  2.427355e+001  0.000000e+000
      vertex -9.911349e+002  2.337541e+001  0.000000e+000
    endloop
  endfacet
  facet normal  0.000000e+000  0.000000e+000 -1.000000e+000
    outer loop
      vertex -9.911349e+002  2.337541e+001  0.000000e+000
      vertex -8.909829e+002  2.427355e+001  0.000000e+000
      vertex -8.966181e+002  2.213640e+001  0.000000e+000
    endloop
  endfacet
  facet normal  -0.000000e+000  0.000000e+000 -1.000000e+000
    outer loop
      vertex -9.911349e+002  2.337541e+001  0.000000e+000
      vertex -8.966181e+002  2.213640e+001  0.000000e+000
      vertex -9.857984e+002  2.057460e+001  0.000000e+000
    endloop
  endfacet
  facet normal  0.000000e+000  0.000000e+000 -9.999999e-001
    outer loop
      vertex -9.857984e+002  2.057460e+001  0.000000e+000
      vertex -8.966181e+002  2.213640e+001  0.000000e+000
      vertex -9.015781e+002  1.871277e+001  0.000000e+000
    endloop
  endfacet
  facet normal  -0.000000e+000  0.000000e+000 -1.000000e+000
    outer loop
      vertex -9.857984e+002  2.057460e+001  0.000000e+000
      vertex -9.015781e+002  1.871277e+001  0.000000e+000
      vertex -9.812872e+002  1.657807e+001  0.000000e+000
    endloop
  endfacet
  facet normal  0.000000e+000  0.000000e+000 -9.999999e-001
    outer loop
      vertex -9.015781e+002  1.871277e+001  0.000000e+000
      vertex -9.055746e+002  1.420162e+001  0.000000e+000
      vertex -9.812872e+002  1.657807e+001  0.000000e+000
    endloop
  endfacet
  facet normal  0.000000e+000  0.000000e+000 -1.000000e+000
    outer loop
      vertex -9.812872e+002  1.657807e+001  0.000000e+000
      vertex -9.055746e+002  1.420162e+001  0.000000e+000
      vertex -9.778636e+002  1.161808e+001  0.000000e+000
    endloop
  endfacet
  facet normal  0.000000e+000  0.000000e+000 -1.000000e+000
    outer loop
      vertex -9.055746e+002  1.420162e+001  0.000000e+000
      vertex -9.083754e+002  8.865122e+000  0.000000e+000
      vertex -9.778636e+002  1.161808e+001  0.000000e+000
    endloop
  endfacet
  facet normal  0.000000e+000  0.000000e+000 -1.000000e+000
    outer loop
      vertex -9.778636e+002  1.161808e+001  0.000000e+000
      vertex -9.083754e+002  8.865122e+000  0.000000e+000
      vertex -9.757264e+002  5.982892e+000  0.000000e+000
    endloop
  endfacet
  facet normal  0.000000e+000  0.000000e+000 -1.000000e+000
    outer loop
      vertex -9.055746e+002 -1.420162e+001  0.000000e+000
      vertex -9.778636e+002 -1.161808e+001  0.000000e+000
      vertex -9.083754e+002 -8.865122e+000  0.000000e+000
    endloop
  endfacet
  facet normal  -0.000000e+000  0.000000e+000 -1.000000e+000
    outer loop
      vertex -9.083754e+002 -8.865122e+000  0.000000e+000
      vertex -9.778636e+002 -1.161808e+001  0.000000e+000
      vertex -9.757264e+002 -5.982892e+000  0.000000e+000
    endloop
  endfacet
  facet normal  0.000000e+000  0.000000e+000 -1.000000e+000
    outer loop
      vertex -9.083754e+002 -8.865122e+000  0.000000e+000
      vertex -9.757264e+002 -5.982892e+000  0.000000e+000
      vertex -9.098177e+002 -3.013417e+000  0.000000e+000
    endloop
  endfacet
  facet normal  -0.000000e+000  0.000000e+000 -1.000000e+000
    outer loop
      vertex -9.778636e+002 -1.161808e+001  0.000000e+000
      vertex -9.055746e+002 -1.420162e+001  0.000000e+000
      vertex -9.812872e+002 -1.657807e+001  0.000000e+000
    endloop
  endfacet
  facet normal  0.000000e+000  0.000000e+000 -9.999999e-001
    outer loop
      vertex -9.812872e+002 -1.657807e+001  0.000000e+000
      vertex -9.055746e+002 -1.420162e+001  0.000000e+000
      vertex -9.015781e+002 -1.871277e+001  0.000000e+000
    endloop
  endfacet
  facet normal  -0.000000e+000  0.000000e+000 -1.000000e+000
    outer loop
      vertex -9.812872e+002 -1.657807e+001  0.000000e+000
      vertex -9.015781e+002 -1.871277e+001  0.000000e+000
      vertex -9.857984e+002 -2.057460e+001  0.000000e+000
    endloop
  endfacet
  facet normal  0.000000e+000  0.000000e+000 -9.999999e-001
    outer loop
      vertex -9.857984e+002 -2.057460e+001  0.000000e+000
      vertex -9.015781e+002 -1.871277e+001  0.000000e+000
      vertex -8.966181e+002 -2.213640e+001  0.000000e+000
    endloop
  endfacet
  facet normal  -0.000000e+000  0.000000e+000 -1.000000e+000
    outer loop
      vertex -9.857984e+002 -2.057460e+001  0.000000e+000
      vertex -8.966181e+002 -2.213640e+001  0.000000e+000
      vertex -9.911349e+002 -2.337541e+001  0.000000e+000
    endloop
  endfacet
  facet normal  0.000000e+000  0.000000e+000 -1.000000e+000
    outer loop
      vertex -9.911349e+002 -2.337541e+001  0.000000e+000
      vertex -8.966181e+002 -2.213640e+001  0.000000e+000
      vertex -8.909829e+002 -2.427355e+001  0.000000e+000
    endloop
  endfacet
  facet normal  -0.000000e+000  0.000000e+000 -1.000000e+000
    outer loop
      vertex -9.911349e+002 -2.337541e+001  0.000000e+000
      vertex -8.909829e+002 -2.427355e+001  0.000000e+000
      vertex -9.969866e+002 -2.481772e+001  0.000000e+000
    endloop
  endfacet
  facet normal  0.000000e+000  0.000000e+000 -1.000000e+000
    outer loop
      vertex -7.101823e+002  3.013417e+000  0.000000e+000
      vertex -6.442736e+002 -5.982892e+000  0.000000e+000
      vertex -7.101823e+002 -3.013417e+000  0.000000e+000
    endloop
  endfacet
  facet normal  0.000000e+000  0.000000e+000 -1.000000e+000
    outer loop
      vertex -7.101823e+002 -3.013417e+000  0.000000e+000
      vertex -6.442736e+002 -5.982892e+000  0.000000e+000
      vertex -6.421364e+002 -1.161808e+001  0.000000e+000
    endloop
  endfacet
  facet normal  0.000000e+000  0.000000e+000 -9.999999e-001
    outer loop
      vertex -7.101823e+002 -3.013417e+000  0.000000e+000
      vertex -6.421364e+002 -1.161808e+001  0.000000e+000
      vertex -7.116246e+002 -8.865122e+000  0.000000e+000
    endloop
  endfacet
  facet normal  0.000000e+000  0.000000e+000 -1.000000e+000
    outer loop
      vertex -7.116246e+002 -8.865122e+000  0.000000e+000
      vertex -6.421364e+002 -1.161808e+001  0.000000e+000
      vertex -6.387128e+002 -1.657807e+001  0.000000e+000
    endloop
  endfacet
  facet normal  0.000000e+000  0.000000e+000 -1.000000e+000
    outer loop
      vertex -7.116246e+002 -8.865122e+000  0.000000e+000
      vertex -6.387128e+002 -1.657807e+001  0.000000e+000
      vertex -7.144254e+002 -1.420162e+001  0.000000e+000
    endloop
  endfacet
  facet normal  0.000000e+000  0.000000e+000 -1.000000e+000
    outer loop
      vertex -7.144254e+002 -1.420162e+001  0.000000e+000
      vertex -6.387128e+002 -1.657807e+001  0.000000e+000
      vertex -6.342016e+002 -2.057460e+001  0.000000e+000
    endloop
  endfacet
  facet normal  0.000000e+000  0.000000e+000 -9.999999e-001
    outer loop
      vertex -7.144254e+002 -1.420162e+001  0.000000e+000
      vertex -6.342016e+002 -2.057460e+001  0.000000e+000
      vertex -7.184219e+002 -1.871277e+001  0.000000e+000
    endloop
  endfacet
  facet normal  0.000000e+000  0.000000e+000 -1.000000e+000
    outer loop
      vertex -7.184219e+002 -1.871277e+001  0.000000e+000
      vertex -6.342016e+002 -2.057460e+001  0.000000e+000
      vertex -6.288651e+002 -2.337541e+001  0.000000e+000
    endloop
  endfacet
  facet normal  0.000000e+000  0.000000e+000 -9.999999e-001
    outer loop
      vertex -7.184219e+002 -1.871277e+001  0.000000e+000
      vertex -6.288651e+002 -2.337541e+001  0.000000e+000
      vertex -7.233819e+002 -2.213640e+001  0.000000e+000
    endloop
  endfacet
  facet normal  0.000000e+000  0.000000e+000 -1.000000e+000
    outer loop
      vertex -7.233819e+002 -2.213640e+001  0.000000e+000
      vertex -6.288651e+002 -2.337541e+001  0.000000e+000
      vertex -6.230134e+002 -2.481772e+001  0.000000e+000
    endloop
  endfacet
  facet normal  0.000000e+000  0.000000e+000 -1.000000e+000
    outer loop
      vertex -7.233819e+002 -2.213640e+001  0.000000e+000
      vertex -6.230134e+002 -2.481772e+001  0.000000e+000
      vertex -7.290171e+002 -2.427355e+001  0.000000e+000
    endloop
  endfacet
  facet normal  0.000000e+000  0.000000e+000 -9.999999e-001
    outer loop
      vertex -6.442736e+002 -5.982892e+000  0.000000e+000
      vertex -7.101823e+002  3.013417e+000  0.000000e+000
      vertex -6.450000e+002  3.061516e-015  0.000000e+000
    endloop
  endfacet
  facet normal  0.000000e+000  0.000000e+000 -1.000000e+000
    outer loop
      vertex -6.450000e+002  3.061516e-015  0.000000e+000
      vertex -7.101823e+002  3.013417e+000  0.000000e+000
      vertex -7.116246e+002  8.865122e+000  0.000000e+000
    endloop
  endfacet
  facet normal  0.000000e+000  0.000000e+000 -1.000000e+000
    outer loop
      vertex -6.450000e+002  3.061516e-015  0.000000e+000
      vertex -7.116246e+002  8.865122e+000  0.000000e+000
      vertex -6.442736e+002  5.982892e+000  0.000000e+000
    endloop
  endfacet
  facet normal  0.000000e+000  0.000000e+000 -1.000000e+000
    outer loop
      vertex -6.442736e+002  5.982892e+000  0.000000e+000
      vertex -7.116246e+002  8.865122e+000  0.000000e+000
      vertex -7.144254e+002  1.420162e+001  0.000000e+000
    endloop
  endfacet
  facet normal  0.000000e+000  0.000000e+000 -1.000000e+000
    outer loop
      vertex -6.442736e+002  5.982892e+000  0.000000e+000
      vertex -7.144254e+002  1.420162e+001  0.000000e+000
      vertex -6.421364e+002  1.161808e+001  0.000000e+000
    endloop
  endfacet
  facet normal  0.000000e+000  0.000000e+000 -1.000000e+000
    outer loop
      vertex -6.421364e+002  1.161808e+001  0.000000e+000
      vertex -7.144254e+002  1.420162e+001  0.000000e+000
      vertex -7.184219e+002  1.871277e+001  0.000000e+000
    endloop
  endfacet
  facet normal  0.000000e+000  0.000000e+000 -1.000000e+000
    outer loop
      vertex -6.421364e+002  1.161808e+001  0.000000e+000
      vertex -7.184219e+002  1.871277e+001  0.000000e+000
      vertex -6.387128e+002  1.657807e+001  0.000000e+000
    endloop
  endfacet
  facet normal  0.000000e+000  0.000000e+000 -1.000000e+000
    outer loop
      vertex -6.387128e+002  1.657807e+001  0.000000e+000
      vertex -7.184219e+002  1.871277e+001  0.000000e+000
      vertex -7.233819e+002  2.213640e+001  0.000000e+000
    endloop
  endfacet
  facet normal  0.000000e+000  0.000000e+000 -1.000000e+000
    outer loop
      vertex -6.387128e+002  1.657807e+001  0.000000e+000
      vertex -7.233819e+002  2.213640e+001  0.000000e+000
      vertex -6.342016e+002  2.057460e+001  0.000000e+000
    endloop
  endfacet
  facet normal  0.000000e+000  0.000000e+000 -1.000000e+000
    outer loop
      vertex -6.342016e+002  2.057460e+001  0.000000e+000
      vertex -7.233819e+002  2.213640e+001  0.000000e+000
      vertex -7.290171e+002  2.427355e+001  0.000000e+000
    endloop
  endfacet
  facet normal  0.000000e+000  0.000000e+000 -1.000000e+000
    outer loop
      vertex -6.342016e+002  2.057460e+001  0.000000e+000
      vertex -7.290171e+002  2.427355e+001  0.000000e+000
      vertex -6.288651e+002  2.337541e+001  0.000000e+000
    endloop
  endfacet
  facet normal  0.000000e+000  0.000000e+000 -1.000000e+000
    outer loop
      vertex -6.288651e+002  2.337541e+001  0.000000e+000
      vertex -7.290171e+002  2.427355e+001  0.000000e+000
      vertex -7.350000e+002  2.500000e+001  0.000000e+000
    endloop
  endfacet
  facet normal  0.000000e+000  0.000000e+000 -1.000000e+000
    outer loop
      vertex -6.288651e+002  2.337541e+001  0.000000e+000
      vertex -7.350000e+002  2.500000e+001  0.000000e+000
      vertex -6.230134e+002  2.481772e+001  0.000000e+000
    endloop
  endfacet
  facet normal  0.000000e+000  0.000000e+000 -1.000000e+000
    outer loop
      vertex -5.957264e+002  5.982892e+000  0.000000e+000
      vertex -5.978636e+002  1.161808e+001  0.000000e+000
      vertex -5.807686e+002  7.803613e+000  0.000000e+000
    endloop
  endfacet
  facet normal  0.000000e+000  0.000000e+000 -1.000000e+000
    outer loop
      vertex -5.807686e+002  7.803613e+000  0.000000e+000
      vertex -5.978636e+002  1.161808e+001  0.000000e+000
      vertex -6.012872e+002  1.657807e+001  0.000000e+000
    endloop
  endfacet
  facet normal  0.000000e+000  0.000000e+000 -1.000000e+000
    outer loop
      vertex -5.807686e+002  7.803613e+000  0.000000e+000
      vertex -6.012872e+002  1.657807e+001  0.000000e+000
      vertex -5.830448e+002  1.530734e+001  0.000000e+000
    endloop
  endfacet
  facet normal  0.000000e+000  -0.000000e+000 -9.999999e-001
    outer loop
      vertex -6.012872e+002 -1.657807e+001  0.000000e+000
      vertex -5.978636e+002 -1.161808e+001  0.000000e+000
      vertex -5.830448e+002 -1.530734e+001  0.000000e+000
    endloop
  endfacet
  facet normal  0.000000e+000  0.000000e+000 -1.000000e+000
    outer loop
      vertex -5.830448e+002 -1.530734e+001  0.000000e+000
      vertex -5.978636e+002 -1.161808e+001  0.000000e+000
      vertex -5.957264e+002 -5.982892e+000  0.000000e+000
    endloop
  endfacet
  facet normal  0.000000e+000  0.000000e+000 -1.000000e+000
    outer loop
      vertex -5.830448e+002 -1.530734e+001  0.000000e+000
      vertex -5.957264e+002 -5.982892e+000  0.000000e+000
      vertex -5.807686e+002 -7.803613e+000  0.000000e+000
    endloop
  endfacet
  facet normal  0.000000e+000  0.000000e+000 -1.000000e+000
    outer loop
      vertex -5.807686e+002 -7.803613e+000  0.000000e+000
      vertex -5.957264e+002 -5.982892e+000  0.000000e+000
      vertex -5.950000e+002  0.000000e+000  0.000000e+000
    endloop
  endfacet
  facet normal  0.000000e+000  0.000000e+000 -1.000000e+000
    outer loop
      vertex -5.807686e+002 -7.803613e+000  0.000000e+000
      vertex -5.950000e+002  0.000000e+000  0.000000e+000
      vertex -5.800000e+002 -9.796851e-015  0.000000e+000
    endloop
  endfacet
  facet normal  0.000000e+000  0.000000e+000 -1.000000e+000
    outer loop
      vertex -5.800000e+002 -9.796851e-015  0.000000e+000
      vertex -5.950000e+002  0.000000e+000  0.000000e+000
      vertex -5.957264e+002  5.982892e+000  0.000000e+000
    endloop
  endfacet
  facet normal  0.000000e+000  0.000000e+000 -1.000000e+000
    outer loop
      vertex -5.800000e+002 -9.796851e-015  0.000000e+000
      vertex -5.957264e+002  5.982892e+000  0.000000e+000
      vertex -5.807686e+002  7.803613e+000  0.000000e+000
    endloop
  endfacet
  facet normal  0.000000e+000  -0.000000e+000 -9.999999e-001
    outer loop
      vertex -6.111349e+002 -2.337541e+001  0.000000e+000
      vertex -6.057984e+002 -2.057460e+001  0.000000e+000
      vertex -5.867412e+002 -2.222281e+001  0.000000e+000
    endloop
  endfacet
  facet normal  0.000000e+000  0.000000e+000 -1.000000e+000
    outer loop
      vertex -5.867412e+002 -2.222281e+001  0.000000e+000
      vertex -6.057984e+002 -2.057460e+001  0.000000e+000
      vertex -6.012872e+002 -1.657807e+001  0.000000e+000
    endloop
  endfacet
  facet normal  0.000000e+000  0.000000e+000 -1.000000e+000
    outer loop
      vertex -5.867412e+002 -2.222281e+001  0.000000e+000
      vertex -6.012872e+002 -1.657807e+001  0.000000e+000
      vertex -5.830448e+002 -1.530734e+001  0.000000e+000
    endloop
  endfacet
  facet normal  0.000000e+000  0.000000e+000 -1.000000e+000
    outer loop
      vertex -6.111349e+002 -2.337541e+001  0.000000e+000
      vertex -5.867412e+002 -2.222281e+001  0.000000e+000
      vertex -6.169866e+002 -2.481772e+001  0.000000e+000
    endloop
  endfacet
  facet normal  0.000000e+000  0.000000e+000 -9.999999e-001
    outer loop
      vertex -6.169866e+002 -2.481772e+001  0.000000e+000
      vertex -5.867412e+002 -2.222281e+001  0.000000e+000
      vertex -5.917157e+002 -2.828427e+001  0.000000e+000
    endloop
  endfacet
  facet normal  -0.000000e+000  -0.000000e+000  1.000000e+000
    outer loop
      vertex -6.712590e+002  2.969099e+001  1.000000e+001
      vertex -6.695942e+002  2.760330e+001  1.000000e+001
      vertex -6.230134e+002  2.481772e+001  1.000000e+001
    endloop
  endfacet
  facet normal  0.000000e+000  0.000000e+000  1.000000e+000
    outer loop
      vertex -6.763351e+002 -1.915043e+001  1.000000e+001
      vertex -7.101823e+002 -3.013417e+000  1.000000e+001
      vertex -7.116246e+002 -8.865122e+000  1.000000e+001
    endloop
  endfacet
  facet normal  0.000000e+000  0.000000e+000  9.999999e-001
    outer loop
      vertex -6.763351e+002 -1.915043e+001  1.000000e+001
      vertex -7.116246e+002 -8.865122e+000  1.000000e+001
      vertex -7.144254e+002 -1.420162e+001  1.000000e+001
    endloop
  endfacet
  facet normal  0.000000e+000  0.000000e+000  9.999999e-001
    outer loop
      vertex -9.436649e+002 -1.915043e+001  1.000000e+001
      vertex -9.055746e+002 -1.420162e+001  1.000000e+001
      vertex -9.083754e+002 -8.865122e+000  1.000000e+001
    endloop
  endfacet
  facet normal  0.000000e+000  0.000000e+000  1.000000e+000
    outer loop
      vertex -9.436649e+002 -1.915043e+001  1.000000e+001
      vertex -9.083754e+002 -8.865122e+000  1.000000e+001
      vertex -9.098177e+002 -3.013417e+000  1.000000e+001
    endloop
  endfacet
  facet normal  0.000000e+000  0.000000e+000  1.000000e+000
    outer loop
      vertex -9.463351e+002 -1.915043e+001  1.000000e+001
      vertex -9.757264e+002 -5.982892e+000  1.000000e+001
      vertex -9.778636e+002 -1.161808e+001  1.000000e+001
    endloop
  endfacet
  facet normal  0.000000e+000  0.000000e+000  1.000000e+000
    outer loop
      vertex -8.850000e+002  2.500000e+001  1.000000e+001
      vertex -9.436649e+002  3.084957e+001  1.000000e+001
      vertex -9.412590e+002  2.969099e+001  1.000000e+001
    endloop
  endfacet
  facet normal  0.000000e+000  0.000000e+000  1.000000e+000
    outer loop
      vertex -8.850000e+002  2.500000e+001  1.000000e+001
      vertex -9.412590e+002  2.969099e+001  1.000000e+001
      vertex -9.395942e+002  2.760330e+001  1.000000e+001
    endloop
  endfacet
  facet normal  0.000000e+000  0.000000e+000  1.000000e+000
    outer loop
      vertex -8.850000e+002  2.500000e+001  1.000000e+001
      vertex -9.395942e+002  2.760330e+001  1.000000e+001
      vertex -9.390000e+002  2.500000e+001  1.000000e+001
    endloop
  endfacet
  facet normal  -0.000000e+000  0.000000e+000  1.000000e+000
    outer loop
      vertex -8.850000e+002  2.500000e+001  1.000000e+001
      vertex -9.390000e+002  2.500000e+001  1.000000e+001
      vertex -9.395942e+002  2.239670e+001  1.000000e+001
    endloop
  endfacet
  facet normal  0.000000e+000  0.000000e+000  1.000000e+000
    outer loop
      vertex -8.850000e+002  2.500000e+001  1.000000e+001
      vertex -9.395942e+002  2.239670e+001  1.000000e+001
      vertex -8.909829e+002  2.427355e+001  1.000000e+001
    endloop
  endfacet
  facet normal  0.000000e+000  0.000000e+000  1.000000e+000
    outer loop
      vertex -8.850000e+002 -2.500000e+001  1.000000e+001
      vertex -8.909829e+002 -2.427355e+001  1.000000e+001
      vertex -9.390000e+002 -2.500000e+001  1.000000e+001
    endloop
  endfacet
  facet normal  -0.000000e+000  0.000000e+000  1.000000e+000
    outer loop
      vertex -8.850000e+002 -2.500000e+001  1.000000e+001
      vertex -9.390000e+002 -2.500000e+001  1.000000e+001
      vertex -9.395942e+002 -2.760330e+001  1.000000e+001
    endloop
  endfacet
  facet normal  -0.000000e+000  0.000000e+000  1.000000e+000
    outer loop
      vertex -8.850000e+002 -2.500000e+001  1.000000e+001
      vertex -9.395942e+002 -2.760330e+001  1.000000e+001
      vertex -9.412590e+002 -2.969099e+001  1.000000e+001
    endloop
  endfacet
  facet normal  -0.000000e+000  0.000000e+000  1.000000e+000
    outer loop
      vertex -8.850000e+002 -2.500000e+001  1.000000e+001
      vertex -9.412590e+002 -2.969099e+001  1.000000e+001
      vertex -9.436649e+002 -3.084957e+001  1.000000e+001
    endloop
  endfacet
  facet normal  -0.000000e+000  0.000000e+000  1.000000e+000
    outer loop
      vertex -7.350000e+002 -2.500000e+001  1.000000e+001
      vertex -8.850000e+002 -2.500000e+001  1.000000e+001
      vertex -1.000000e+003 -4.000000e+001  1.000000e+001
    endloop
  endfacet
  facet normal  0.000000e+000  0.000000e+000  1.000000e+000
    outer loop
      vertex -7.350000e+002 -2.500000e+001  1.000000e+001
      vertex -1.000000e+003 -4.000000e+001  1.000000e+001
      vertex -6.804058e+002 -2.760330e+001  1.000000e+001
    endloop
  endfacet
  facet normal  0.000000e+000  0.000000e+000  1.000000e+000
    outer loop
      vertex -7.350000e+002 -2.500000e+001  1.000000e+001
      vertex -6.804058e+002 -2.760330e+001  1.000000e+001
      vertex -6.810000e+002 -2.500000e+001  1.000000e+001
    endloop
  endfacet
  facet normal  0.000000e+000  0.000000e+000  1.000000e+000
    outer loop
      vertex -7.350000e+002 -2.500000e+001  1.000000e+001
      vertex -6.810000e+002 -2.500000e+001  1.000000e+001
      vertex -7.290171e+002 -2.427355e+001  1.000000e+001
    endloop
  endfacet
  facet normal  0.000000e+000  0.000000e+000  1.000000e+000
    outer loop
      vertex -1.000000e+003 -4.000000e+001  1.000000e+001
      vertex -8.850000e+002 -2.500000e+001  1.000000e+001
      vertex -9.436649e+002 -3.084957e+001  1.000000e+001
    endloop
  endfacet
  facet normal  0.000000e+000  0.000000e+000  9.999999e-001
    outer loop
      vertex -1.000000e+003 -4.000000e+001  1.000000e+001
      vertex -9.436649e+002 -3.084957e+001  1.000000e+001
      vertex -9.463351e+002 -3.084957e+001  1.000000e+001
    endloop
  endfacet
  facet normal  0.000000e+000  0.000000e+000  1.000000e+000
    outer loop
      vertex -1.000000e+003 -4.000000e+001  1.000000e+001
      vertex -9.463351e+002 -3.084957e+001  1.000000e+001
      vertex -9.487410e+002 -2.969099e+001  1.000000e+001
    endloop
  endfacet
  facet normal  0.000000e+000  0.000000e+000  9.999999e-001
    outer loop
      vertex -1.000000e+003 -4.000000e+001  1.000000e+001
      vertex -9.487410e+002 -2.969099e+001  1.000000e+001
      vertex -9.504058e+002 -2.760330e+001  1.000000e+001
    endloop
  endfacet
  facet normal  0.000000e+000  0.000000e+000  1.000000e+000
    outer loop
      vertex -1.000000e+003 -4.000000e+001  1.000000e+001
      vertex -9.504058e+002 -2.760330e+001  1.000000e+001
      vertex -9.510000e+002 -2.500000e+001  1.000000e+001
    endloop
  endfacet
  facet normal  0.000000e+000  0.000000e+000  9.999999e-001
    outer loop
      vertex -1.000000e+003 -4.000000e+001  1.000000e+001
      vertex -9.510000e+002 -2.500000e+001  1.000000e+001
      vertex -9.969866e+002 -2.481772e+001  1.000000e+001
    endloop
  endfacet
  facet normal  0.000000e+000  0.000000e+000  1.000000e+000
    outer loop
      vertex -1.000000e+003 -4.000000e+001  1.000000e+001
      vertex -9.969866e+002 -2.481772e+001  1.000000e+001
      vertex -1.003013e+003 -2.481772e+001  1.000000e+001
    endloop
  endfacet
  facet normal  0.000000e+000  0.000000e+000  1.000000e+000
    outer loop
      vertex -1.000000e+003 -4.000000e+001  1.000000e+001
      vertex -1.003013e+003 -2.481772e+001  1.000000e+001
      vertex -1.028284e+003 -2.828427e+001  1.000000e+001
    endloop
  endfacet
  facet normal  0.000000e+000  0.000000e+000  1.000000e+000
    outer loop
      vertex -1.000000e+003 -4.000000e+001  1.000000e+001
      vertex -1.028284e+003 -2.828427e+001  1.000000e+001
      vertex -1.022223e+003 -3.325879e+001  1.000000e+001
    endloop
  endfacet
  facet normal  0.000000e+000  0.000000e+000  1.000000e+000
    outer loop
      vertex -1.000000e+003 -4.000000e+001  1.000000e+001
      vertex -1.022223e+003 -3.325879e+001  1.000000e+001
      vertex -1.015307e+003 -3.695518e+001  1.000000e+001
    endloop
  endfacet
  facet normal  0.000000e+000  0.000000e+000  1.000000e+000
    outer loop
      vertex -1.000000e+003 -4.000000e+001  1.000000e+001
      vertex -1.015307e+003 -3.695518e+001  1.000000e+001
      vertex -1.007804e+003 -3.923141e+001  1.000000e+001
    endloop
  endfacet
  facet normal  0.000000e+000  -0.000000e+000  9.999999e-001
    outer loop
      vertex -1.000000e+003  4.000000e+001  1.000000e+001
      vertex -9.969866e+002  2.481772e+001  1.000000e+001
      vertex -9.510000e+002  2.500000e+001  1.000000e+001
    endloop
  endfacet
  facet normal  0.000000e+000  -0.000000e+000  1.000000e+000
    outer loop
      vertex -1.000000e+003  4.000000e+001  1.000000e+001
      vertex -9.510000e+002  2.500000e+001  1.000000e+001
      vertex -9.504058e+002  2.760330e+001  1.000000e+001
    endloop
  endfacet
  facet normal  0.000000e+000  -0.000000e+000  9.999999e-001
    outer loop
      vertex -1.000000e+003  4.000000e+001  1.000000e+001
      vertex -9.504058e+002  2.760330e+001  1.000000e+001
      vertex -9.487410e+002  2.969099e+001  1.000000e+001
    endloop
  endfacet
  facet normal  0.000000e+000  -0.000000e+000  1.000000e+000
    outer loop
      vertex -1.000000e+003  4.000000e+001  1.000000e+001
      vertex -9.487410e+002  2.969099e+001  1.000000e+001
      vertex -9.463351e+002  3.084957e+001  1.000000e+001
    endloop
  endfacet
  facet normal  0.000000e+000  -0.000000e+000  9.999999e-001
    outer loop
      vertex -1.000000e+003  4.000000e+001  1.000000e+001
      vertex -9.463351e+002  3.084957e+001  1.000000e+001
      vertex -9.436649e+002  3.084957e+001  1.000000e+001
    endloop
  endfacet
  facet normal  -0.000000e+000  -0.000000e+000  1.000000e+000
    outer loop
      vertex -1.000000e+003  4.000000e+001  1.000000e+001
      vertex -9.436649e+002  3.084957e+001  1.000000e+001
      vertex -8.850000e+002  2.500000e+001  1.000000e+001
    endloop
  endfacet
  facet normal  0.000000e+000  -0.000000e+000  1.000000e+000
    outer loop
      vertex -1.000000e+003  4.000000e+001  1.000000e+001
      vertex -8.850000e+002  2.500000e+001  1.000000e+001
      vertex -7.350000e+002  2.500000e+001  1.000000e+001
    endloop
  endfacet
  facet normal  0.000000e+000  -0.000000e+000  1.000000e+000
    outer loop
      vertex -1.000000e+003  4.000000e+001  1.000000e+001
      vertex -7.350000e+002  2.500000e+001  1.000000e+001
      vertex -6.804058e+002  2.760330e+001  1.000000e+001
    endloop
  endfacet
  facet normal  0.000000e+000  -0.000000e+000  1.000000e+000
    outer loop
      vertex -1.000000e+003  4.000000e+001  1.000000e+001
      vertex -6.804058e+002  2.760330e+001  1.000000e+001
      vertex -6.787410e+002  2.969099e+001  1.000000e+001
    endloop
  endfacet
  facet normal  0.000000e+000  -0.000000e+000  1.000000e+000
    outer loop
      vertex -1.000000e+003  4.000000e+001  1.000000e+001
      vertex -6.787410e+002  2.969099e+001  1.000000e+001
      vertex -6.763351e+002  3.084957e+001  1.000000e+001
    endloop
  endfacet
  facet normal  0.000000e+000  -0.000000e+000  9.999999e-001
    outer loop
      vertex -1.000000e+003  4.000000e+001  1.000000e+001
      vertex -6.763351e+002  3.084957e+001  1.000000e+001
      vertex -6.736649e+002  3.084957e+001  1.000000e+001
    endloop
  endfacet
  facet normal  0.000000e+000  -0.000000e+000  1.000000e+000
    outer loop
      vertex -1.000000e+003  4.000000e+001  1.000000e+001
      vertex -6.736649e+002  3.084957e+001  1.000000e+001
      vertex -6.200000e+002  4.000000e+001  1.000000e+001
    endloop
  endfacet
  facet normal  0.000000e+000  0.000000e+000  1.000000e+000
    outer loop
      vertex -6.763351e+002  1.915043e+001  1.000000e+001
      vertex -6.787410e+002  2.030901e+001  1.000000e+001
      vertex -7.184219e+002  1.871277e+001  1.000000e+001
    endloop
  endfacet
  facet normal  -0.000000e+000  0.000000e+000  1.000000e+000
    outer loop
      vertex -6.763351e+002  1.915043e+001  1.000000e+001
      vertex -7.184219e+002  1.871277e+001  1.000000e+001
      vertex -7.144254e+002  1.420162e+001  1.000000e+001
    endloop
  endfacet
  facet normal  -0.000000e+000  0.000000e+000  9.999999e-001
    outer loop
      vertex -6.763351e+002  1.915043e+001  1.000000e+001
      vertex -7.144254e+002  1.420162e+001  1.000000e+001
      vertex -7.116246e+002  8.865122e+000  1.000000e+001
    endloop
  endfacet
  facet normal  -0.000000e+000  0.000000e+000  1.000000e+000
    outer loop
      vertex -6.763351e+002  1.915043e+001  1.000000e+001
      vertex -7.116246e+002  8.865122e+000  1.000000e+001
      vertex -7.101823e+002  3.013417e+000  1.000000e+001
    endloop
  endfacet
  facet normal  -0.000000e+000  0.000000e+000  1.000000e+000
    outer loop
      vertex -6.763351e+002  1.915043e+001  1.000000e+001
      vertex -7.101823e+002  3.013417e+000  1.000000e+001
      vertex -7.101823e+002 -3.013417e+000  1.000000e+001
    endloop
  endfacet
  facet normal  -0.000000e+000  0.000000e+000  1.000000e+000
    outer loop
      vertex -6.763351e+002  1.915043e+001  1.000000e+001
      vertex -7.101823e+002 -3.013417e+000  1.000000e+001
      vertex -6.763351e+002 -1.915043e+001  1.000000e+001
    endloop
  endfacet
  facet normal  0.000000e+000  0.000000e+000  1.000000e+000
    outer loop
      vertex -6.763351e+002  1.915043e+001  1.000000e+001
      vertex -6.763351e+002 -1.915043e+001  1.000000e+001
      vertex -6.736649e+002 -1.915043e+001  1.000000e+001
    endloop
  endfacet
  facet normal  0.000000e+000  -0.000000e+000  1.000000e+000
    outer loop
      vertex -6.763351e+002  1.915043e+001  1.000000e+001
      vertex -6.736649e+002 -1.915043e+001  1.000000e+001
      vertex -6.736649e+002  1.915043e+001  1.000000e+001
    endloop
  endfacet
  facet normal  -0.000000e+000  -0.000000e+000  1.000000e+000
    outer loop
      vertex -6.736649e+002 -1.915043e+001  1.000000e+001
      vertex -6.712590e+002 -2.030901e+001  1.000000e+001
      vertex -6.342016e+002 -2.057460e+001  1.000000e+001
    endloop
  endfacet
  facet normal  0.000000e+000  0.000000e+000  1.000000e+000
    outer loop
      vertex -6.736649e+002 -1.915043e+001  1.000000e+001
      vertex -6.342016e+002 -2.057460e+001  1.000000e+001
      vertex -6.387128e+002 -1.657807e+001  1.000000e+001
    endloop
  endfacet
  facet normal  0.000000e+000  0.000000e+000  1.000000e+000
    outer loop
      vertex -6.736649e+002 -1.915043e+001  1.000000e+001
      vertex -6.387128e+002 -1.657807e+001  1.000000e+001
      vertex -6.421364e+002 -1.161808e+001  1.000000e+001
    endloop
  endfacet
  facet normal  0.000000e+000  0.000000e+000  1.000000e+000
    outer loop
      vertex -6.736649e+002 -1.915043e+001  1.000000e+001
      vertex -6.421364e+002 -1.161808e+001  1.000000e+001
      vertex -6.442736e+002 -5.982892e+000  1.000000e+001
    endloop
  endfacet
  facet normal  0.000000e+000  0.000000e+000  1.000000e+000
    outer loop
      vertex -6.736649e+002 -1.915043e+001  1.000000e+001
      vertex -6.442736e+002 -5.982892e+000  1.000000e+001
      vertex -6.450000e+002  3.061516e-015  1.000000e+001
    endloop
  endfacet
  facet normal  0.000000e+000  0.000000e+000  1.000000e+000
    outer loop
      vertex -6.736649e+002 -1.915043e+001  1.000000e+001
      vertex -6.450000e+002  3.061516e-015  1.000000e+001
      vertex -6.736649e+002  1.915043e+001  1.000000e+001
    endloop
  endfacet
  facet normal  0.000000e+000  -0.000000e+000  1.000000e+000
    outer loop
      vertex -6.736649e+002  1.915043e+001  1.000000e+001
      vertex -6.450000e+002  3.061516e-015  1.000000e+001
      vertex -6.442736e+002  5.982892e+000  1.000000e+001
    endloop
  endfacet
  facet normal  0.000000e+000  -0.000000e+000  1.000000e+000
    outer loop
      vertex -6.736649e+002  1.915043e+001  1.000000e+001
      vertex -6.442736e+002  5.982892e+000  1.000000e+001
      vertex -6.421364e+002  1.161808e+001  1.000000e+001
    endloop
  endfacet
  facet normal  0.000000e+000  -0.000000e+000  1.000000e+000
    outer loop
      vertex -6.736649e+002  1.915043e+001  1.000000e+001
      vertex -6.421364e+002  1.161808e+001  1.000000e+001
      vertex -6.387128e+002  1.657807e+001  1.000000e+001
    endloop
  endfacet
  facet normal  0.000000e+000  -0.000000e+000  1.000000e+000
    outer loop
      vertex -6.736649e+002  1.915043e+001  1.000000e+001
      vertex -6.387128e+002  1.657807e+001  1.000000e+001
      vertex -6.342016e+002  2.057460e+001  1.000000e+001
    endloop
  endfacet
  facet normal  0.000000e+000  0.000000e+000  1.000000e+000
    outer loop
      vertex -6.736649e+002  1.915043e+001  1.000000e+001
      vertex -6.342016e+002  2.057460e+001  1.000000e+001
      vertex -6.712590e+002  2.030901e+001  1.000000e+001
    endloop
  endfacet
  facet normal  0.000000e+000  0.000000e+000  1.000000e+000
    outer loop
      vertex -1.000000e+003 -4.000000e+001  1.000000e+001
      vertex -6.200000e+002 -4.000000e+001  1.000000e+001
      vertex -6.736649e+002 -3.084957e+001  1.000000e+001
    endloop
  endfacet
  facet normal  0.000000e+000  0.000000e+000  9.999999e-001
    outer loop
      vertex -1.000000e+003 -4.000000e+001  1.000000e+001
      vertex -6.736649e+002 -3.084957e+001  1.000000e+001
      vertex -6.763351e+002 -3.084957e+001  1.000000e+001
    endloop
  endfacet
  facet normal  0.000000e+000  0.000000e+000  1.000000e+000
    outer loop
      vertex -1.000000e+003 -4.000000e+001  1.000000e+001
      vertex -6.763351e+002 -3.084957e+001  1.000000e+001
      vertex -6.787410e+002 -2.969099e+001  1.000000e+001
    endloop
  endfacet
  facet normal  0.000000e+000  0.000000e+000  1.000000e+000
    outer loop
      vertex -1.000000e+003 -4.000000e+001  1.000000e+001
      vertex -6.787410e+002 -2.969099e+001  1.000000e+001
      vertex -6.804058e+002 -2.760330e+001  1.000000e+001
    endloop
  endfacet
  facet normal  -0.000000e+000  0.000000e+000  1.000000e+000
    outer loop
      vertex -9.463351e+002  1.915043e+001  1.000000e+001
      vertex -9.812872e+002  1.657807e+001  1.000000e+001
      vertex -9.778636e+002  1.161808e+001  1.000000e+001
    endloop
  endfacet
  facet normal  -0.000000e+000  0.000000e+000  1.000000e+000
    outer loop
      vertex -9.463351e+002  1.915043e+001  1.000000e+001
      vertex -9.778636e+002  1.161808e+001  1.000000e+001
      vertex -9.757264e+002  5.982892e+000  1.000000e+001
    endloop
  endfacet
  facet normal  -0.000000e+000  0.000000e+000  1.000000e+000
    outer loop
      vertex -9.463351e+002  1.915043e+001  1.000000e+001
      vertex -9.757264e+002  5.982892e+000  1.000000e+001
      vertex -9.750000e+002  0.000000e+000  1.000000e+001
    endloop
  endfacet
  facet normal  -0.000000e+000  0.000000e+000  1.000000e+000
    outer loop
      vertex -9.463351e+002  1.915043e+001  1.000000e+001
      vertex -9.750000e+002  0.000000e+000  1.000000e+001
      vertex -9.757264e+002 -5.982892e+000  1.000000e+001
    endloop
  endfacet
  facet normal  -0.000000e+000  0.000000e+000  1.000000e+000
    outer loop
      vertex -9.463351e+002  1.915043e+001  1.000000e+001
      vertex -9.757264e+002 -5.982892e+000  1.000000e+001
      vertex -9.463351e+002 -1.915043e+001  1.000000e+001
    endloop
  endfacet
  facet normal  0.000000e+000  0.000000e+000  1.000000e+000
    outer loop
      vertex -9.463351e+002  1.915043e+001  1.000000e+001
      vertex -9.463351e+002 -1.915043e+001  1.000000e+001
      vertex -9.436649e+002 -1.915043e+001  1.000000e+001
    endloop
  endfacet
  facet normal  0.000000e+000  -0.000000e+000  1.000000e+000
    outer loop
      vertex -9.463351e+002  1.915043e+001  1.000000e+001
      vertex -9.436649e+002 -1.915043e+001  1.000000e+001
      vertex -9.436649e+002  1.915043e+001  1.000000e+001
    endloop
  endfacet
  facet normal  0.000000e+000  0.000000e+000  1.000000e+000
    outer loop
      vertex -9.436649e+002  1.915043e+001  1.000000e+001
      vertex -9.436649e+002 -1.915043e+001  1.000000e+001
      vertex -9.098177e+002 -3.013417e+000  1.000000e+001
    endloop
  endfacet
  facet normal  0.000000e+000  -0.000000e+000  1.000000e+000
    outer loop
      vertex -9.436649e+002  1.915043e+001  1.000000e+001
      vertex -9.098177e+002 -3.013417e+000  1.000000e+001
      vertex -9.098177e+002  3.013417e+000  1.000000e+001
    endloop
  endfacet
  facet normal  0.000000e+000  -0.000000e+000  1.000000e+000
    outer loop
      vertex -9.436649e+002  1.915043e+001  1.000000e+001
      vertex -9.098177e+002  3.013417e+000  1.000000e+001
      vertex -9.083754e+002  8.865122e+000  1.000000e+001
    endloop
  endfacet
  facet normal  0.000000e+000  -0.000000e+000  9.999999e-001
    outer loop
      vertex -9.436649e+002  1.915043e+001  1.000000e+001
      vertex -9.083754e+002  8.865122e+000  1.000000e+001
      vertex -9.055746e+002  1.420162e+001  1.000000e+001
    endloop
  endfacet
  facet normal  0.000000e+000  -0.000000e+000  1.000000e+000
    outer loop
      vertex -9.436649e+002  1.915043e+001  1.000000e+001
      vertex -9.055746e+002  1.420162e+001  1.000000e+001
      vertex -9.015781e+002  1.871277e+001  1.000000e+001
    endloop
  endfacet
  facet normal  0.000000e+000  0.000000e+000  1.000000e+000
    outer loop
      vertex -9.436649e+002  1.915043e+001  1.000000e+001
      vertex -9.015781e+002  1.871277e+001  1.000000e+001
      vertex -9.412590e+002  2.030901e+001  1.000000e+001
    endloop
  endfacet
  facet normal  0.000000e+000  -0.000000e+000  1.000000e+000
    outer loop
      vertex -6.200000e+002 -4.000000e+001  1.000000e+001
      vertex -6.121964e+002 -3.923141e+001  1.000000e+001
      vertex -6.046927e+002 -3.695518e+001  1.000000e+001
    endloop
  endfacet
  facet normal  0.000000e+000  -0.000000e+000  1.000000e+000
    outer loop
      vertex -6.200000e+002 -4.000000e+001  1.000000e+001
      vertex -6.046927e+002 -3.695518e+001  1.000000e+001
      vertex -5.977772e+002 -3.325879e+001  1.000000e+001
    endloop
  endfacet
  facet normal  0.000000e+000  -0.000000e+000  1.000000e+000
    outer loop
      vertex -6.200000e+002 -4.000000e+001  1.000000e+001
      vertex -5.977772e+002 -3.325879e+001  1.000000e+001
      vertex -5.917157e+002 -2.828427e+001  1.000000e+001
    endloop
  endfacet
  facet normal  0.000000e+000  0.000000e+000  1.000000e+000
    outer loop
      vertex -6.200000e+002 -4.000000e+001  1.000000e+001
      vertex -5.917157e+002 -2.828427e+001  1.000000e+001
      vertex -6.169866e+002 -2.481772e+001  1.000000e+001
    endloop
  endfacet
  facet normal  0.000000e+000  0.000000e+000  1.000000e+000
    outer loop
      vertex -6.200000e+002 -4.000000e+001  1.000000e+001
      vertex -6.169866e+002 -2.481772e+001  1.000000e+001
      vertex -6.230134e+002 -2.481772e+001  1.000000e+001
    endloop
  endfacet
  facet normal  0.000000e+000  0.000000e+000  9.999999e-001
    outer loop
      vertex -6.200000e+002 -4.000000e+001  1.000000e+001
      vertex -6.230134e+002 -2.481772e+001  1.000000e+001
      vertex -6.690000e+002 -2.500000e+001  1.000000e+001
    endloop
  endfacet
  facet normal  0.000000e+000  0.000000e+000  1.000000e+000
    outer loop
      vertex -6.200000e+002 -4.000000e+001  1.000000e+001
      vertex -6.690000e+002 -2.500000e+001  1.000000e+001
      vertex -6.695942e+002 -2.760330e+001  1.000000e+001
    endloop
  endfacet
  facet normal  0.000000e+000  0.000000e+000  9.999999e-001
    outer loop
      vertex -6.200000e+002 -4.000000e+001  1.000000e+001
      vertex -6.695942e+002 -2.760330e+001  1.000000e+001
      vertex -6.712590e+002 -2.969099e+001  1.000000e+001
    endloop
  endfacet
  facet normal  0.000000e+000  0.000000e+000  1.000000e+000
    outer loop
      vertex -6.200000e+002 -4.000000e+001  1.000000e+001
      vertex -6.712590e+002 -2.969099e+001  1.000000e+001
      vertex -6.736649e+002 -3.084957e+001  1.000000e+001
    endloop
  endfacet
  facet normal  0.000000e+000  0.000000e+000  1.000000e+000
    outer loop
      vertex -6.342016e+002 -2.057460e+001  1.000000e+001
      vertex -6.712590e+002 -2.030901e+001  1.000000e+001
      vertex -6.288651e+002 -2.337541e+001  1.000000e+001
    endloop
  endfacet
  facet normal  0.000000e+000  0.000000e+000  1.000000e+000
    outer loop
      vertex -6.288651e+002 -2.337541e+001  1.000000e+001
      vertex -6.712590e+002 -2.030901e+001  1.000000e+001
      vertex -6.695942e+002 -2.239670e+001  1.000000e+001
    endloop
  endfacet
  facet normal  0.000000e+000  0.000000e+000  1.000000e+000
    outer loop
      vertex -6.288651e+002 -2.337541e+001  1.000000e+001
      vertex -6.695942e+002 -2.239670e+001  1.000000e+001
      vertex -6.230134e+002 -2.481772e+001  1.000000e+001
    endloop
  endfacet
  facet normal  0.000000e+000  0.000000e+000  1.000000e+000
    outer loop
      vertex -6.230134e+002 -2.481772e+001  1.000000e+001
      vertex -6.695942e+002 -2.239670e+001  1.000000e+001
      vertex -6.690000e+002 -2.500000e+001  1.000000e+001
    endloop
  endfacet
  facet normal  -0.000000e+000  0.000000e+000  1.000000e+000
    outer loop
      vertex -9.510000e+002  2.500000e+001  1.000000e+001
      vertex -9.969866e+002  2.481772e+001  1.000000e+001
      vertex -9.504058e+002  2.239670e+001  1.000000e+001
    endloop
  endfacet
  facet normal  0.000000e+000  0.000000e+000  1.000000e+000
    outer loop
      vertex -9.504058e+002  2.239670e+001  1.000000e+001
      vertex -9.969866e+002  2.481772e+001  1.000000e+001
      vertex -9.911349e+002  2.337541e+001  1.000000e+001
    endloop
  endfacet
  facet normal  0.000000e+000  0.000000e+000  1.000000e+000
    outer loop
      vertex -9.504058e+002  2.239670e+001  1.000000e+001
      vertex -9.911349e+002  2.337541e+001  1.000000e+001
      vertex -9.487410e+002  2.030901e+001  1.000000e+001
    endloop
  endfacet
  facet normal  0.000000e+000  0.000000e+000  1.000000e+000
    outer loop
      vertex -9.487410e+002  2.030901e+001  1.000000e+001
      vertex -9.911349e+002  2.337541e+001  1.000000e+001
      vertex -9.857984e+002  2.057460e+001  1.000000e+001
    endloop
  endfacet
  facet normal  0.000000e+000  0.000000e+000  1.000000e+000
    outer loop
      vertex -9.487410e+002  2.030901e+001  1.000000e+001
      vertex -9.857984e+002  2.057460e+001  1.000000e+001
      vertex -9.463351e+002  1.915043e+001  1.000000e+001
    endloop
  endfacet
  facet normal  0.000000e+000  0.000000e+000  1.000000e+000
    outer loop
      vertex -9.463351e+002  1.915043e+001  1.000000e+001
      vertex -9.857984e+002  2.057460e+001  1.000000e+001
      vertex -9.812872e+002  1.657807e+001  1.000000e+001
    endloop
  endfacet
  facet normal  0.000000e+000  0.000000e+000  9.999999e-001
    outer loop
      vertex -1.028284e+003 -2.828427e+001  1.000000e+001
      vertex -1.003013e+003 -2.481772e+001  1.000000e+001
      vertex -1.033259e+003 -2.222281e+001  1.000000e+001
    endloop
  endfacet
  facet normal  0.000000e+000  0.000000e+000  1.000000e+000
    outer loop
      vertex -1.033259e+003 -2.222281e+001  1.000000e+001
      vertex -1.003013e+003 -2.481772e+001  1.000000e+001
      vertex -1.008865e+003 -2.337541e+001  1.000000e+001
    endloop
  endfacet
  facet normal  0.000000e+000  0.000000e+000  9.999999e-001
    outer loop
      vertex -1.033259e+003 -2.222281e+001  1.000000e+001
      vertex -1.008865e+003 -2.337541e+001  1.000000e+001
      vertex -1.014202e+003 -2.057460e+001  1.000000e+001
    endloop
  endfacet
  facet normal  0.000000e+000  0.000000e+000  1.000000e+000
    outer loop
      vertex -9.969866e+002  2.481772e+001  1.000000e+001
      vertex -1.000000e+003  4.000000e+001  1.000000e+001
      vertex -1.003013e+003  2.481772e+001  1.000000e+001
    endloop
  endfacet
  facet normal  0.000000e+000  -0.000000e+000  1.000000e+000
    outer loop
      vertex -1.003013e+003  2.481772e+001  1.000000e+001
      vertex -1.000000e+003  4.000000e+001  1.000000e+001
      vertex -1.007804e+003  3.923141e+001  1.000000e+001
    endloop
  endfacet
  facet normal  0.000000e+000  0.000000e+000  1.000000e+000
    outer loop
      vertex -1.003013e+003  2.481772e+001  1.000000e+001
      vertex -1.007804e+003  3.923141e+001  1.000000e+001
      vertex -1.028284e+003  2.828427e+001  1.000000e+001
    endloop
  endfacet
  facet normal  0.000000e+000  0.000000e+000  1.000000e+000
    outer loop
      vertex -1.028284e+003  2.828427e+001  1.000000e+001
      vertex -1.007804e+003  3.923141e+001  1.000000e+001
      vertex -1.015307e+003  3.695518e+001  1.000000e+001
    endloop
  endfacet
  facet normal  0.000000e+000  0.000000e+000  9.999999e-001
    outer loop
      vertex -1.028284e+003  2.828427e+001  1.000000e+001
      vertex -1.015307e+003  3.695518e+001  1.000000e+001
      vertex -1.022223e+003  3.325879e+001  1.000000e+001
    endloop
  endfacet
  facet normal  0.000000e+000  -0.000000e+000  1.000000e+000
    outer loop
      vertex -6.736649e+002  3.084957e+001  1.000000e+001
      vertex -6.712590e+002  2.969099e+001  1.000000e+001
      vertex -6.200000e+002  4.000000e+001  1.000000e+001
    endloop
  endfacet
  facet normal  0.000000e+000  0.000000e+000  9.999999e-001
    outer loop
      vertex -6.200000e+002  4.000000e+001  1.000000e+001
      vertex -6.712590e+002  2.969099e+001  1.000000e+001
      vertex -6.230134e+002  2.481772e+001  1.000000e+001
    endloop
  endfacet
  facet normal  0.000000e+000  0.000000e+000  1.000000e+000
    outer loop
      vertex -6.200000e+002  4.000000e+001  1.000000e+001
      vertex -6.230134e+002  2.481772e+001  1.000000e+001
      vertex -6.121964e+002  3.923141e+001  1.000000e+001
    endloop
  endfacet
  facet normal  0.000000e+000  0.000000e+000  1.000000e+000
    outer loop
      vertex -6.121964e+002  3.923141e+001  1.000000e+001
      vertex -6.230134e+002  2.481772e+001  1.000000e+001
      vertex -6.169866e+002  2.481772e+001  1.000000e+001
    endloop
  endfacet
  facet normal  0.000000e+000  0.000000e+000  1.000000e+000
    outer loop
      vertex -6.121964e+002  3.923141e+001  1.000000e+001
      vertex -6.169866e+002  2.481772e+001  1.000000e+001
      vertex -6.046927e+002  3.695518e+001  1.000000e+001
    endloop
  endfacet
  facet normal  0.000000e+000  0.000000e+000  9.999999e-001
    outer loop
      vertex -5.977772e+002  3.325879e+001  1.000000e+001
      vertex -6.046927e+002  3.695518e+001  1.000000e+001
      vertex -5.917157e+002  2.828427e+001  1.000000e+001
    endloop
  endfacet
  facet normal  0.000000e+000  0.000000e+000  1.000000e+000
    outer loop
      vertex -5.917157e+002  2.828427e+001  1.000000e+001
      vertex -6.046927e+002  3.695518e+001  1.000000e+001
      vertex -6.169866e+002  2.481772e+001  1.000000e+001
    endloop
  endfacet
  facet normal  -0.000000e+000  0.000000e+000  9.999999e-001
    outer loop
      vertex -5.917157e+002  2.828427e+001  1.000000e+001
      vertex -6.169866e+002  2.481772e+001  1.000000e+001
      vertex -5.867412e+002  2.222281e+001  1.000000e+001
    endloop
  endfacet
  facet normal  0.000000e+000  0.000000e+000  1.000000e+000
    outer loop
      vertex -5.867412e+002  2.222281e+001  1.000000e+001
      vertex -6.169866e+002  2.481772e+001  1.000000e+001
      vertex -6.111349e+002  2.337541e+001  1.000000e+001
    endloop
  endfacet
  facet normal  0.000000e+000  0.000000e+000  1.000000e+000
    outer loop
      vertex -5.867412e+002  2.222281e+001  1.000000e+001
      vertex -6.111349e+002  2.337541e+001  1.000000e+001
      vertex -5.830448e+002  1.530734e+001  1.000000e+001
    endloop
  endfacet
  facet normal  0.000000e+000  0.000000e+000  1.000000e+000
    outer loop
      vertex -5.830448e+002  1.530734e+001  1.000000e+001
      vertex -6.111349e+002  2.337541e+001  1.000000e+001
      vertex -6.057984e+002  2.057460e+001  1.000000e+001
    endloop
  endfacet
  facet normal  0.000000e+000  0.000000e+000  1.000000e+000
    outer loop
      vertex -5.830448e+002  1.530734e+001  1.000000e+001
      vertex -6.057984e+002  2.057460e+001  1.000000e+001
      vertex -6.012872e+002  1.657807e+001  1.000000e+001
    endloop
  endfacet
  facet normal  0.000000e+000  0.000000e+000  1.000000e+000
    outer loop
      vertex -1.003013e+003  2.481772e+001  1.000000e+001
      vertex -1.028284e+003  2.828427e+001  1.000000e+001
      vertex -1.008865e+003  2.337541e+001  1.000000e+001
    endloop
  endfacet
  facet normal  0.000000e+000  0.000000e+000  1.000000e+000
    outer loop
      vertex -1.008865e+003  2.337541e+001  1.000000e+001
      vertex -1.028284e+003  2.828427e+001  1.000000e+001
      vertex -1.033259e+003  2.222281e+001  1.000000e+001
    endloop
  endfacet
  facet normal  -0.000000e+000  0.000000e+000  9.999999e-001
    outer loop
      vertex -1.008865e+003  2.337541e+001  1.000000e+001
      vertex -1.033259e+003  2.222281e+001  1.000000e+001
      vertex -1.014202e+003  2.057460e+001  1.000000e+001
    endloop
  endfacet
  facet normal  0.000000e+000  0.000000e+000  1.000000e+000
    outer loop
      vertex -1.014202e+003  2.057460e+001  1.000000e+001
      vertex -1.033259e+003  2.222281e+001  1.000000e+001
      vertex -1.036955e+003  1.530734e+001  1.000000e+001
    endloop
  endfacet
  facet normal  0.000000e+000  0.000000e+000  1.000000e+000
    outer loop
      vertex -1.014202e+003  2.057460e+001  1.000000e+001
      vertex -1.036955e+003  1.530734e+001  1.000000e+001
      vertex -1.018713e+003  1.657807e+001  1.000000e+001
    endloop
  endfacet
  facet normal  -0.000000e+000  0.000000e+000  9.999999e-001
    outer loop
      vertex -1.018713e+003  1.657807e+001  1.000000e+001
      vertex -1.036955e+003  1.530734e+001  1.000000e+001
      vertex -1.022136e+003  1.161808e+001  1.000000e+001
    endloop
  endfacet
  facet normal  0.000000e+000  0.000000e+000  1.000000e+000
    outer loop
      vertex -1.022136e+003  1.161808e+001  1.000000e+001
      vertex -1.036955e+003  1.530734e+001  1.000000e+001
      vertex -1.039231e+003  7.803613e+000  1.000000e+001
    endloop
  endfacet
  facet normal  -0.000000e+000  0.000000e+000  1.000000e+000
    outer loop
      vertex -1.022136e+003  1.161808e+001  1.000000e+001
      vertex -1.039231e+003  7.803613e+000  1.000000e+001
      vertex -1.024274e+003  5.982892e+000  1.000000e+001
    endloop
  endfacet
  facet normal  0.000000e+000  0.000000e+000  1.000000e+000
    outer loop
      vertex -1.024274e+003  5.982892e+000  1.000000e+001
      vertex -1.039231e+003  7.803613e+000  1.000000e+001
      vertex -1.025000e+003  3.061516e-015  1.000000e+001
    endloop
  endfacet
  facet normal  0.000000e+000  0.000000e+000  1.000000e+000
    outer loop
      vertex -1.025000e+003  3.061516e-015  1.000000e+001
      vertex -1.039231e+003  7.803613e+000  1.000000e+001
      vertex -1.040000e+003  4.898425e-015  1.000000e+001
    endloop
  endfacet
  facet normal  0.000000e+000  0.000000e+000  1.000000e+000
    outer loop
      vertex -1.025000e+003  3.061516e-015  1.000000e+001
      vertex -1.040000e+003  4.898425e-015  1.000000e+001
      vertex -1.024274e+003 -5.982892e+000  1.000000e+001
    endloop
  endfacet
  facet normal  0.000000e+000  0.000000e+000  1.000000e+000
    outer loop
      vertex -1.024274e+003 -5.982892e+000  1.000000e+001
      vertex -1.040000e+003  4.898425e-015  1.000000e+001
      vertex -1.039231e+003 -7.803613e+000  1.000000e+001
    endloop
  endfacet
  facet normal  -0.000000e+000  0.000000e+000  1.000000e+000
    outer loop
      vertex -1.024274e+003 -5.982892e+000  1.000000e+001
      vertex -1.039231e+003 -7.803613e+000  1.000000e+001
      vertex -1.022136e+003 -1.161808e+001  1.000000e+001
    endloop
  endfacet
  facet normal  0.000000e+000  0.000000e+000  1.000000e+000
    outer loop
      vertex -1.022136e+003 -1.161808e+001  1.000000e+001
      vertex -1.039231e+003 -7.803613e+000  1.000000e+001
      vertex -1.036955e+003 -1.530734e+001  1.000000e+001
    endloop
  endfacet
  facet normal  -0.000000e+000  0.000000e+000  9.999999e-001
    outer loop
      vertex -1.022136e+003 -1.161808e+001  1.000000e+001
      vertex -1.036955e+003 -1.530734e+001  1.000000e+001
      vertex -1.018713e+003 -1.657807e+001  1.000000e+001
    endloop
  endfacet
  facet normal  0.000000e+000  0.000000e+000  1.000000e+000
    outer loop
      vertex -1.033259e+003 -2.222281e+001  1.000000e+001
      vertex -1.014202e+003 -2.057460e+001  1.000000e+001
      vertex -1.036955e+003 -1.530734e+001  1.000000e+001
    endloop
  endfacet
  facet normal  0.000000e+000  0.000000e+000  1.000000e+000
    outer loop
      vertex -1.036955e+003 -1.530734e+001  1.000000e+001
      vertex -1.014202e+003 -2.057460e+001  1.000000e+001
      vertex -1.018713e+003 -1.657807e+001  1.000000e+001
    endloop
  endfacet
  facet normal  0.000000e+000  0.000000e+000  1.000000e+000
    outer loop
      vertex -9.969866e+002 -2.481772e+001  1.000000e+001
      vertex -9.510000e+002 -2.500000e+001  1.000000e+001
      vertex -9.911349e+002 -2.337541e+001  1.000000e+001
    endloop
  endfacet
  facet normal  -0.000000e+000  0.000000e+000  1.000000e+000
    outer loop
      vertex -9.911349e+002 -2.337541e+001  1.000000e+001
      vertex -9.510000e+002 -2.500000e+001  1.000000e+001
      vertex -9.504058e+002 -2.239670e+001  1.000000e+001
    endloop
  endfacet
  facet normal  0.000000e+000  0.000000e+000  1.000000e+000
    outer loop
      vertex -9.911349e+002 -2.337541e+001  1.000000e+001
      vertex -9.504058e+002 -2.239670e+001  1.000000e+001
      vertex -9.857984e+002 -2.057460e+001  1.000000e+001
    endloop
  endfacet
  facet normal  -0.000000e+000  0.000000e+000  1.000000e+000
    outer loop
      vertex -9.857984e+002 -2.057460e+001  1.000000e+001
      vertex -9.504058e+002 -2.239670e+001  1.000000e+001
      vertex -9.487410e+002 -2.030901e+001  1.000000e+001
    endloop
  endfacet
  facet normal  0.000000e+000  0.000000e+000  1.000000e+000
    outer loop
      vertex -9.857984e+002 -2.057460e+001  1.000000e+001
      vertex -9.487410e+002 -2.030901e+001  1.000000e+001
      vertex -9.812872e+002 -1.657807e+001  1.000000e+001
    endloop
  endfacet
  facet normal  0.000000e+000  0.000000e+000  1.000000e+000
    outer loop
      vertex -9.812872e+002 -1.657807e+001  1.000000e+001
      vertex -9.487410e+002 -2.030901e+001  1.000000e+001
      vertex -9.463351e+002 -1.915043e+001  1.000000e+001
    endloop
  endfacet
  facet normal  0.000000e+000  0.000000e+000  1.000000e+000
    outer loop
      vertex -9.812872e+002 -1.657807e+001  1.000000e+001
      vertex -9.463351e+002 -1.915043e+001  1.000000e+001
      vertex -9.778636e+002 -1.161808e+001  1.000000e+001
    endloop
  endfacet
  facet normal  0.000000e+000  0.000000e+000  1.000000e+000
    outer loop
      vertex -9.412590e+002 -2.030901e+001  1.000000e+001
      vertex -8.966181e+002 -2.213640e+001  1.000000e+001
      vertex -9.436649e+002 -1.915043e+001  1.000000e+001
    endloop
  endfacet
  facet normal  -0.000000e+000  0.000000e+000  1.000000e+000
    outer loop
      vertex -9.436649e+002 -1.915043e+001  1.000000e+001
      vertex -8.966181e+002 -2.213640e+001  1.000000e+001
      vertex -9.015781e+002 -1.871277e+001  1.000000e+001
    endloop
  endfacet
  facet normal  0.000000e+000  0.000000e+000  1.000000e+000
    outer loop
      vertex -9.436649e+002 -1.915043e+001  1.000000e+001
      vertex -9.015781e+002 -1.871277e+001  1.000000e+001
      vertex -9.055746e+002 -1.420162e+001  1.000000e+001
    endloop
  endfacet
  facet normal  0.000000e+000  0.000000e+000  1.000000e+000
    outer loop
      vertex -9.412590e+002  2.030901e+001  1.000000e+001
      vertex -9.015781e+002  1.871277e+001  1.000000e+001
      vertex -9.395942e+002  2.239670e+001  1.000000e+001
    endloop
  endfacet
  facet normal  0.000000e+000  0.000000e+000  1.000000e+000
    outer loop
      vertex -9.395942e+002  2.239670e+001  1.000000e+001
      vertex -9.015781e+002  1.871277e+001  1.000000e+001
      vertex -8.966181e+002  2.213640e+001  1.000000e+001
    endloop
  endfacet
  facet normal  0.000000e+000  -0.000000e+000  1.000000e+000
    outer loop
      vertex -9.395942e+002  2.239670e+001  1.000000e+001
      vertex -8.966181e+002  2.213640e+001  1.000000e+001
      vertex -8.909829e+002  2.427355e+001  1.000000e+001
    endloop
  endfacet
  facet normal  0.000000e+000  0.000000e+000  9.999999e-001
    outer loop
      vertex -9.390000e+002 -2.500000e+001  1.000000e+001
      vertex -8.909829e+002 -2.427355e+001  1.000000e+001
      vertex -9.395942e+002 -2.239670e+001  1.000000e+001
    endloop
  endfacet
  facet normal  -0.000000e+000  0.000000e+000  1.000000e+000
    outer loop
      vertex -9.395942e+002 -2.239670e+001  1.000000e+001
      vertex -8.909829e+002 -2.427355e+001  1.000000e+001
      vertex -8.966181e+002 -2.213640e+001  1.000000e+001
    endloop
  endfacet
  facet normal  0.000000e+000  0.000000e+000  9.999999e-001
    outer loop
      vertex -9.395942e+002 -2.239670e+001  1.000000e+001
      vertex -8.966181e+002 -2.213640e+001  1.000000e+001
      vertex -9.412590e+002 -2.030901e+001  1.000000e+001
    endloop
  endfacet
  facet normal  0.000000e+000  0.000000e+000  1.000000e+000
    outer loop
      vertex -7.290171e+002  2.427355e+001  1.000000e+001
      vertex -6.804058e+002  2.239670e+001  1.000000e+001
      vertex -7.350000e+002  2.500000e+001  1.000000e+001
    endloop
  endfacet
  facet normal  -0.000000e+000  0.000000e+000  1.000000e+000
    outer loop
      vertex -7.350000e+002  2.500000e+001  1.000000e+001
      vertex -6.804058e+002  2.239670e+001  1.000000e+001
      vertex -6.810000e+002  2.500000e+001  1.000000e+001
    endloop
  endfacet
  facet normal  0.000000e+000  -0.000000e+000  1.000000e+000
    outer loop
      vertex -7.350000e+002  2.500000e+001  1.000000e+001
      vertex -6.810000e+002  2.500000e+001  1.000000e+001
      vertex -6.804058e+002  2.760330e+001  1.000000e+001
    endloop
  endfacet
  facet normal  0.000000e+000  0.000000e+000  1.000000e+000
    outer loop
      vertex -7.233819e+002 -2.213640e+001  1.000000e+001
      vertex -6.787410e+002 -2.030901e+001  1.000000e+001
      vertex -7.184219e+002 -1.871277e+001  1.000000e+001
    endloop
  endfacet
  facet normal  0.000000e+000  0.000000e+000  1.000000e+000
    outer loop
      vertex -7.184219e+002 -1.871277e+001  1.000000e+001
      vertex -6.787410e+002 -2.030901e+001  1.000000e+001
      vertex -6.763351e+002 -1.915043e+001  1.000000e+001
    endloop
  endfacet
  facet normal  0.000000e+000  0.000000e+000  1.000000e+000
    outer loop
      vertex -7.184219e+002 -1.871277e+001  1.000000e+001
      vertex -6.763351e+002 -1.915043e+001  1.000000e+001
      vertex -7.144254e+002 -1.420162e+001  1.000000e+001
    endloop
  endfacet
  facet normal  0.000000e+000  0.000000e+000  1.000000e+000
    outer loop
      vertex -7.184219e+002  1.871277e+001  1.000000e+001
      vertex -6.787410e+002  2.030901e+001  1.000000e+001
      vertex -7.233819e+002  2.213640e+001  1.000000e+001
    endloop
  endfacet
  facet normal  -0.000000e+000  0.000000e+000  9.999999e-001
    outer loop
      vertex -7.233819e+002  2.213640e+001  1.000000e+001
      vertex -6.787410e+002  2.030901e+001  1.000000e+001
      vertex -6.804058e+002  2.239670e+001  1.000000e+001
    endloop
  endfacet
  facet normal  0.000000e+000  0.000000e+000  1.000000e+000
    outer loop
      vertex -7.233819e+002  2.213640e+001  1.000000e+001
      vertex -6.804058e+002  2.239670e+001  1.000000e+001
      vertex -7.290171e+002  2.427355e+001  1.000000e+001
    endloop
  endfacet
  facet normal  0.000000e+000  0.000000e+000  1.000000e+000
    outer loop
      vertex -7.290171e+002 -2.427355e+001  1.000000e+001
      vertex -6.810000e+002 -2.500000e+001  1.000000e+001
      vertex -7.233819e+002 -2.213640e+001  1.000000e+001
    endloop
  endfacet
  facet normal  0.000000e+000  0.000000e+000  1.000000e+000
    outer loop
      vertex -7.233819e+002 -2.213640e+001  1.000000e+001
      vertex -6.810000e+002 -2.500000e+001  1.000000e+001
      vertex -6.804058e+002 -2.239670e+001  1.000000e+001
    endloop
  endfacet
  facet normal  0.000000e+000  -0.000000e+000  9.999999e-001
    outer loop
      vertex -7.233819e+002 -2.213640e+001  1.000000e+001
      vertex -6.804058e+002 -2.239670e+001  1.000000e+001
      vertex -6.787410e+002 -2.030901e+001  1.000000e+001
    endloop
  endfacet
  facet normal  0.000000e+000  0.000000e+000  1.000000e+000
    outer loop
      vertex -6.712590e+002  2.030901e+001  1.000000e+001
      vertex -6.342016e+002  2.057460e+001  1.000000e+001
      vertex -6.695942e+002  2.239670e+001  1.000000e+001
    endloop
  endfacet
  facet normal  -0.000000e+000  0.000000e+000  1.000000e+000
    outer loop
      vertex -6.695942e+002  2.239670e+001  1.000000e+001
      vertex -6.342016e+002  2.057460e+001  1.000000e+001
      vertex -6.288651e+002  2.337541e+001  1.000000e+001
    endloop
  endfacet
  facet normal  0.000000e+000  0.000000e+000  1.000000e+000
    outer loop
      vertex -6.695942e+002  2.239670e+001  1.000000e+001
      vertex -6.288651e+002  2.337541e+001  1.000000e+001
      vertex -6.690000e+002  2.500000e+001  1.000000e+001
    endloop
  endfacet
  facet normal  0.000000e+000  0.000000e+000  1.000000e+000
    outer loop
      vertex -6.690000e+002  2.500000e+001  1.000000e+001
      vertex -6.288651e+002  2.337541e+001  1.000000e+001
      vertex -6.230134e+002  2.481772e+001  1.000000e+001
    endloop
  endfacet
  facet normal  0.000000e+000  0.000000e+000  1.000000e+000
    outer loop
      vertex -6.690000e+002  2.500000e+001  1.000000e+001
      vertex -6.230134e+002  2.481772e+001  1.000000e+001
      vertex -6.695942e+002  2.760330e+001  1.000000e+001
    endloop
  endfacet
  facet normal  0.000000e+000  0.000000e+000  1.000000e+000
    outer loop
      vertex -5.830448e+002  1.530734e+001  1.000000e+001
      vertex -6.012872e+002  1.657807e+001  1.000000e+001
      vertex -5.807686e+002  7.803613e+000  1.000000e+001
    endloop
  endfacet
  facet normal  0.000000e+000  0.000000e+000  1.000000e+000
    outer loop
      vertex -5.807686e+002  7.803613e+000  1.000000e+001
      vertex -6.012872e+002  1.657807e+001  1.000000e+001
      vertex -5.978636e+002  1.161808e+001  1.000000e+001
    endloop
  endfacet
  facet normal  0.000000e+000  0.000000e+000  1.000000e+000
    outer loop
      vertex -5.807686e+002  7.803613e+000  1.000000e+001
      vertex -5.978636e+002  1.161808e+001  1.000000e+001
      vertex -5.957264e+002  5.982892e+000  1.000000e+001
    endloop
  endfacet
  facet normal  -0.000000e+000  0.000000e+000  1.000000e+000
    outer loop
      vertex -5.807686e+002  7.803613e+000  1.000000e+001
      vertex -5.957264e+002  5.982892e+000  1.000000e+001
      vertex -5.800000e+002 -9.796851e-015  1.000000e+001
    endloop
  endfacet
  facet normal  0.000000e+000  0.000000e+000  1.000000e+000
    outer loop
      vertex -5.800000e+002 -9.796851e-015  1.000000e+001
      vertex -5.957264e+002  5.982892e+000  1.000000e+001
      vertex -5.950000e+002  0.000000e+000  1.000000e+001
    endloop
  endfacet
  facet normal  0.000000e+000  0.000000e+000  1.000000e+000
    outer loop
      vertex -5.800000e+002 -9.796851e-015  1.000000e+001
      vertex -5.950000e+002  0.000000e+000  1.000000e+001
      vertex -5.807686e+002 -7.803613e+000  1.000000e+001
    endloop
  endfacet
  facet normal  0.000000e+000  0.000000e+000  1.000000e+000
    outer loop
      vertex -5.807686e+002 -7.803613e+000  1.000000e+001
      vertex -5.950000e+002  0.000000e+000  1.000000e+001
      vertex -5.957264e+002 -5.982892e+000  1.000000e+001
    endloop
  endfacet
  facet normal  0.000000e+000  0.000000e+000  1.000000e+000
    outer loop
      vertex -5.807686e+002 -7.803613e+000  1.000000e+001
      vertex -5.957264e+002 -5.982892e+000  1.000000e+001
      vertex -5.830448e+002 -1.530734e+001  1.000000e+001
    endloop
  endfacet
  facet normal  0.000000e+000  0.000000e+000  1.000000e+000
    outer loop
      vertex -5.830448e+002 -1.530734e+001  1.000000e+001
      vertex -5.957264e+002 -5.982892e+000  1.000000e+001
      vertex -5.978636e+002 -1.161808e+001  1.000000e+001
    endloop
  endfacet
  facet normal  0.000000e+000  0.000000e+000  9.999999e-001
    outer loop
      vertex -5.830448e+002 -1.530734e+001  1.000000e+001
      vertex -5.978636e+002 -1.161808e+001  1.000000e+001
      vertex -6.012872e+002 -1.657807e+001  1.000000e+001
    endloop
  endfacet
  facet normal  -0.000000e+000  0.000000e+000  1.000000e+000
    outer loop
      vertex -5.830448e+002 -1.530734e+001  1.000000e+001
      vertex -6.012872e+002 -1.657807e+001  1.000000e+001
      vertex -5.867412e+002 -2.222281e+001  1.000000e+001
    endloop
  endfacet
  facet normal  0.000000e+000  0.000000e+000  1.000000e+000
    outer loop
      vertex -5.867412e+002 -2.222281e+001  1.000000e+001
      vertex -6.012872e+002 -1.657807e+001  1.000000e+001
      vertex -6.057984e+002 -2.057460e+001  1.000000e+001
    endloop
  endfacet
  facet normal  0.000000e+000  0.000000e+000  9.999999e-001
    outer loop
      vertex -5.867412e+002 -2.222281e+001  1.000000e+001
      vertex -6.057984e+002 -2.057460e+001  1.000000e+001
      vertex -6.111349e+002 -2.337541e+001  1.000000e+001
    endloop
  endfacet
  facet normal  0.000000e+000  0.000000e+000  1.000000e+000
    outer loop
      vertex -6.111349e+002 -2.337541e+001  1.000000e+001
      vertex -6.169866e+002 -2.481772e+001  1.000000e+001
      vertex -5.867412e+002 -2.222281e+001  1.000000e+001
    endloop
  endfacet
  facet normal  0.000000e+000  0.000000e+000  9.999999e-001
    outer loop
      vertex -5.867412e+002 -2.222281e+001  1.000000e+001
      vertex -6.169866e+002 -2.481772e+001  1.000000e+001
      vertex -5.917157e+002 -2.828427e+001  1.000000e+001
    endloop
  endfacet
  facet normal  0.000000e+000  0.000000e+000  1.000000e+000
    outer loop
      vertex -9.750000e+002  0.000000e+000  1.000000e+002
      vertex -9.757264e+002 -5.982892e+000  1.000000e+002
      vertex -9.098177e+002 -3.013417e+000  1.000000e+002
    endloop
  endfacet
  facet normal  0.000000e+000  -0.000000e+000  1.000000e+000
    outer loop
      vertex -9.750000e+002  0.000000e+000  1.000000e+002
      vertex -9.098177e+002 -3.013417e+000  1.000000e+002
      vertex -9.098177e+002  3.013417e+000  1.000000e+002
    endloop
  endfacet
  facet normal  0.000000e+000  -0.000000e+000  1.000000e+000
    outer loop
      vertex -9.750000e+002  0.000000e+000  1.000000e+002
      vertex -9.098177e+002  3.013417e+000  1.000000e+002
      vertex -9.083754e+002  8.865122e+000  1.000000e+002
    endloop
  endfacet
  facet normal  0.000000e+000  0.000000e+000  1.000000e+000
    outer loop
      vertex -9.750000e+002  0.000000e+000  1.000000e+002
      vertex -9.083754e+002  8.865122e+000  1.000000e+002
      vertex -9.757264e+002  5.982892e+000  1.000000e+002
    endloop
  endfacet
  facet normal  0.000000e+000  0.000000e+000  1.000000e+000
    outer loop
      vertex -8.850000e+002 -2.500000e+001  1.000000e+002
      vertex -8.909829e+002 -2.427355e+001  1.000000e+002
      vertex -9.969866e+002 -2.481772e+001  1.000000e+002
    endloop
  endfacet
  facet normal  0.000000e+000  0.000000e+000  1.000000e+000
    outer loop
      vertex -8.850000e+002 -2.500000e+001  1.000000e+002
      vertex -9.969866e+002 -2.481772e+001  1.000000e+002
      vertex -1.000000e+003 -4.000000e+001  1.000000e+002
    endloop
  endfacet
  facet normal  0.000000e+000  0.000000e+000  1.000000e+000
    outer loop
      vertex -8.850000e+002 -2.500000e+001  1.000000e+002
      vertex -1.000000e+003 -4.000000e+001  1.000000e+002
      vertex -6.200000e+002 -4.000000e+001  1.000000e+002
    endloop
  endfacet
  facet normal  0.000000e+000  0.000000e+000  1.000000e+000
    outer loop
      vertex -8.850000e+002 -2.500000e+001  1.000000e+002
      vertex -6.200000e+002 -4.000000e+001  1.000000e+002
      vertex -7.350000e+002 -2.500000e+001  1.000000e+002
    endloop
  endfacet
  facet normal  0.000000e+000  0.000000e+000  1.000000e+000
    outer loop
      vertex -1.000000e+003 -4.000000e+001  1.000000e+002
      vertex -9.969866e+002 -2.481772e+001  1.000000e+002
      vertex -1.003013e+003 -2.481772e+001  1.000000e+002
    endloop
  endfacet
  facet normal  0.000000e+000  0.000000e+000  1.000000e+000
    outer loop
      vertex -1.000000e+003 -4.000000e+001  1.000000e+002
      vertex -1.003013e+003 -2.481772e+001  1.000000e+002
      vertex -1.028284e+003 -2.828427e+001  1.000000e+002
    endloop
  endfacet
  facet normal  0.000000e+000  0.000000e+000  1.000000e+000
    outer loop
      vertex -1.000000e+003 -4.000000e+001  1.000000e+002
      vertex -1.028284e+003 -2.828427e+001  1.000000e+002
      vertex -1.022223e+003 -3.325879e+001  1.000000e+002
    endloop
  endfacet
  facet normal  0.000000e+000  0.000000e+000  1.000000e+000
    outer loop
      vertex -1.000000e+003 -4.000000e+001  1.000000e+002
      vertex -1.022223e+003 -3.325879e+001  1.000000e+002
      vertex -1.015307e+003 -3.695518e+001  1.000000e+002
    endloop
  endfacet
  facet normal  0.000000e+000  0.000000e+000  1.000000e+000
    outer loop
      vertex -1.000000e+003 -4.000000e+001  1.000000e+002
      vertex -1.015307e+003 -3.695518e+001  1.000000e+002
      vertex -1.007804e+003 -3.923141e+001  1.000000e+002
    endloop
  endfacet
  facet normal  0.000000e+000  -0.000000e+000  1.000000e+000
    outer loop
      vertex -6.200000e+002 -4.000000e+001  1.000000e+002
      vertex -6.121964e+002 -3.923141e+001  1.000000e+002
      vertex -6.046927e+002 -3.695518e+001  1.000000e+002
    endloop
  endfacet
  facet normal  0.000000e+000  -0.000000e+000  1.000000e+000
    outer loop
      vertex -6.200000e+002 -4.000000e+001  1.000000e+002
      vertex -6.046927e+002 -3.695518e+001  1.000000e+002
      vertex -5.977772e+002 -3.325879e+001  1.000000e+002
    endloop
  endfacet
  facet normal  0.000000e+000  -0.000000e+000  1.000000e+000
    outer loop
      vertex -6.200000e+002 -4.000000e+001  1.000000e+002
      vertex -5.977772e+002 -3.325879e+001  1.000000e+002
      vertex -5.917157e+002 -2.828427e+001  1.000000e+002
    endloop
  endfacet
  facet normal  0.000000e+000  0.000000e+000  1.000000e+000
    outer loop
      vertex -6.200000e+002 -4.000000e+001  1.000000e+002
      vertex -5.917157e+002 -2.828427e+001  1.000000e+002
      vertex -6.169866e+002 -2.481772e+001  1.000000e+002
    endloop
  endfacet
  facet normal  0.000000e+000  0.000000e+000  1.000000e+000
    outer loop
      vertex -6.200000e+002 -4.000000e+001  1.000000e+002
      vertex -6.169866e+002 -2.481772e+001  1.000000e+002
      vertex -6.230134e+002 -2.481772e+001  1.000000e+002
    endloop
  endfacet
  facet normal  0.000000e+000  0.000000e+000  1.000000e+000
    outer loop
      vertex -6.200000e+002 -4.000000e+001  1.000000e+002
      vertex -6.230134e+002 -2.481772e+001  1.000000e+002
      vertex -7.290171e+002 -2.427355e+001  1.000000e+002
    endloop
  endfacet
  facet normal  0.000000e+000  0.000000e+000  1.000000e+000
    outer loop
      vertex -6.200000e+002 -4.000000e+001  1.000000e+002
      vertex -7.290171e+002 -2.427355e+001  1.000000e+002
      vertex -7.350000e+002 -2.500000e+001  1.000000e+002
    endloop
  endfacet
  facet normal  0.000000e+000  0.000000e+000  9.999999e-001
    outer loop
      vertex -1.028284e+003 -2.828427e+001  1.000000e+002
      vertex -1.003013e+003 -2.481772e+001  1.000000e+002
      vertex -1.033259e+003 -2.222281e+001  1.000000e+002
    endloop
  endfacet
  facet normal  0.000000e+000  0.000000e+000  1.000000e+000
    outer loop
      vertex -1.033259e+003 -2.222281e+001  1.000000e+002
      vertex -1.003013e+003 -2.481772e+001  1.000000e+002
      vertex -1.008865e+003 -2.337541e+001  1.000000e+002
    endloop
  endfacet
  facet normal  0.000000e+000  0.000000e+000  9.999999e-001
    outer loop
      vertex -1.033259e+003 -2.222281e+001  1.000000e+002
      vertex -1.008865e+003 -2.337541e+001  1.000000e+002
      vertex -1.014202e+003 -2.057460e+001  1.000000e+002
    endloop
  endfacet
  facet normal  0.000000e+000  0.000000e+000  1.000000e+000
    outer loop
      vertex -9.969866e+002  2.481772e+001  1.000000e+002
      vertex -1.000000e+003  4.000000e+001  1.000000e+002
      vertex -1.003013e+003  2.481772e+001  1.000000e+002
    endloop
  endfacet
  facet normal  0.000000e+000  -0.000000e+000  1.000000e+000
    outer loop
      vertex -1.003013e+003  2.481772e+001  1.000000e+002
      vertex -1.000000e+003  4.000000e+001  1.000000e+002
      vertex -1.007804e+003  3.923141e+001  1.000000e+002
    endloop
  endfacet
  facet normal  0.000000e+000  0.000000e+000  1.000000e+000
    outer loop
      vertex -1.003013e+003  2.481772e+001  1.000000e+002
      vertex -1.007804e+003  3.923141e+001  1.000000e+002
      vertex -1.028284e+003  2.828427e+001  1.000000e+002
    endloop
  endfacet
  facet normal  0.000000e+000  0.000000e+000  1.000000e+000
    outer loop
      vertex -1.028284e+003  2.828427e+001  1.000000e+002
      vertex -1.007804e+003  3.923141e+001  1.000000e+002
      vertex -1.015307e+003  3.695518e+001  1.000000e+002
    endloop
  endfacet
  facet normal  0.000000e+000  0.000000e+000  9.999999e-001
    outer loop
      vertex -1.028284e+003  2.828427e+001  1.000000e+002
      vertex -1.015307e+003  3.695518e+001  1.000000e+002
      vertex -1.022223e+003  3.325879e+001  1.000000e+002
    endloop
  endfacet
  facet normal  0.000000e+000  0.000000e+000  1.000000e+000
    outer loop
      vertex -6.200000e+002  4.000000e+001  1.000000e+002
      vertex -6.230134e+002  2.481772e+001  1.000000e+002
      vertex -6.121964e+002  3.923141e+001  1.000000e+002
    endloop
  endfacet
  facet normal  0.000000e+000  0.000000e+000  1.000000e+000
    outer loop
      vertex -6.121964e+002  3.923141e+001  1.000000e+002
      vertex -6.230134e+002  2.481772e+001  1.000000e+002
      vertex -6.169866e+002  2.481772e+001  1.000000e+002
    endloop
  endfacet
  facet normal  0.000000e+000  0.000000e+000  1.000000e+000
    outer loop
      vertex -6.121964e+002  3.923141e+001  1.000000e+002
      vertex -6.169866e+002  2.481772e+001  1.000000e+002
      vertex -6.046927e+002  3.695518e+001  1.000000e+002
    endloop
  endfacet
  facet normal  0.000000e+000  0.000000e+000  9.999999e-001
    outer loop
      vertex -5.977772e+002  3.325879e+001  1.000000e+002
      vertex -6.046927e+002  3.695518e+001  1.000000e+002
      vertex -5.917157e+002  2.828427e+001  1.000000e+002
    endloop
  endfacet
  facet normal  0.000000e+000  0.000000e+000  1.000000e+000
    outer loop
      vertex -5.917157e+002  2.828427e+001  1.000000e+002
      vertex -6.046927e+002  3.695518e+001  1.000000e+002
      vertex -6.169866e+002  2.481772e+001  1.000000e+002
    endloop
  endfacet
  facet normal  -0.000000e+000  0.000000e+000  9.999999e-001
    outer loop
      vertex -5.917157e+002  2.828427e+001  1.000000e+002
      vertex -6.169866e+002  2.481772e+001  1.000000e+002
      vertex -5.867412e+002  2.222281e+001  1.000000e+002
    endloop
  endfacet
  facet normal  0.000000e+000  0.000000e+000  1.000000e+000
    outer loop
      vertex -5.867412e+002  2.222281e+001  1.000000e+002
      vertex -6.169866e+002  2.481772e+001  1.000000e+002
      vertex -6.111349e+002  2.337541e+001  1.000000e+002
    endloop
  endfacet
  facet normal  0.000000e+000  0.000000e+000  1.000000e+000
    outer loop
      vertex -5.867412e+002  2.222281e+001  1.000000e+002
      vertex -6.111349e+002  2.337541e+001  1.000000e+002
      vertex -5.830448e+002  1.530734e+001  1.000000e+002
    endloop
  endfacet
  facet normal  0.000000e+000  0.000000e+000  1.000000e+000
    outer loop
      vertex -5.830448e+002  1.530734e+001  1.000000e+002
      vertex -6.111349e+002  2.337541e+001  1.000000e+002
      vertex -6.057984e+002  2.057460e+001  1.000000e+002
    endloop
  endfacet
  facet normal  0.000000e+000  0.000000e+000  1.000000e+000
    outer loop
      vertex -5.830448e+002  1.530734e+001  1.000000e+002
      vertex -6.057984e+002  2.057460e+001  1.000000e+002
      vertex -6.012872e+002  1.657807e+001  1.000000e+002
    endloop
  endfacet
  facet normal  0.000000e+000  -0.000000e+000  1.000000e+000
    outer loop
      vertex -1.000000e+003  4.000000e+001  1.000000e+002
      vertex -8.850000e+002  2.500000e+001  1.000000e+002
      vertex -6.200000e+002  4.000000e+001  1.000000e+002
    endloop
  endfacet
  facet normal  0.000000e+000  0.000000e+000  1.000000e+000
    outer loop
      vertex -6.200000e+002  4.000000e+001  1.000000e+002
      vertex -8.850000e+002  2.500000e+001  1.000000e+002
      vertex -7.350000e+002  2.500000e+001  1.000000e+002
    endloop
  endfacet
  facet normal  -0.000000e+000  0.000000e+000  1.000000e+000
    outer loop
      vertex -6.200000e+002  4.000000e+001  1.000000e+002
      vertex -7.350000e+002  2.500000e+001  1.000000e+002
      vertex -6.230134e+002  2.481772e+001  1.000000e+002
    endloop
  endfacet
  facet normal  0.000000e+000  0.000000e+000  1.000000e+000
    outer loop
      vertex -1.003013e+003  2.481772e+001  1.000000e+002
      vertex -1.028284e+003  2.828427e+001  1.000000e+002
      vertex -1.008865e+003  2.337541e+001  1.000000e+002
    endloop
  endfacet
  facet normal  0.000000e+000  0.000000e+000  1.000000e+000
    outer loop
      vertex -1.008865e+003  2.337541e+001  1.000000e+002
      vertex -1.028284e+003  2.828427e+001  1.000000e+002
      vertex -1.033259e+003  2.222281e+001  1.000000e+002
    endloop
  endfacet
  facet normal  -0.000000e+000  0.000000e+000  9.999999e-001
    outer loop
      vertex -1.008865e+003  2.337541e+001  1.000000e+002
      vertex -1.033259e+003  2.222281e+001  1.000000e+002
      vertex -1.014202e+003  2.057460e+001  1.000000e+002
    endloop
  endfacet
  facet normal  0.000000e+000  0.000000e+000  1.000000e+000
    outer loop
      vertex -1.014202e+003  2.057460e+001  1.000000e+002
      vertex -1.033259e+003  2.222281e+001  1.000000e+002
      vertex -1.036955e+003  1.530734e+001  1.000000e+002
    endloop
  endfacet
  facet normal  0.000000e+000  0.000000e+000  1.000000e+000
    outer loop
      vertex -1.014202e+003  2.057460e+001  1.000000e+002
      vertex -1.036955e+003  1.530734e+001  1.000000e+002
      vertex -1.018713e+003  1.657807e+001  1.000000e+002
    endloop
  endfacet
  facet normal  -0.000000e+000  0.000000e+000  9.999999e-001
    outer loop
      vertex -1.018713e+003  1.657807e+001  1.000000e+002
      vertex -1.036955e+003  1.530734e+001  1.000000e+002
      vertex -1.022136e+003  1.161808e+001  1.000000e+002
    endloop
  endfacet
  facet normal  0.000000e+000  0.000000e+000  1.000000e+000
    outer loop
      vertex -1.022136e+003  1.161808e+001  1.000000e+002
      vertex -1.036955e+003  1.530734e+001  1.000000e+002
      vertex -1.039231e+003  7.803613e+000  1.000000e+002
    endloop
  endfacet
  facet normal  -0.000000e+000  0.000000e+000  1.000000e+000
    outer loop
      vertex -1.022136e+003  1.161808e+001  1.000000e+002
      vertex -1.039231e+003  7.803613e+000  1.000000e+002
      vertex -1.024274e+003  5.982892e+000  1.000000e+002
    endloop
  endfacet
  facet normal  0.000000e+000  0.000000e+000  1.000000e+000
    outer loop
      vertex -1.024274e+003  5.982892e+000  1.000000e+002
      vertex -1.039231e+003  7.803613e+000  1.000000e+002
      vertex -1.025000e+003  3.061516e-015  1.000000e+002
    endloop
  endfacet
  facet normal  0.000000e+000  0.000000e+000  1.000000e+000
    outer loop
      vertex -1.025000e+003  3.061516e-015  1.000000e+002
      vertex -1.039231e+003  7.803613e+000  1.000000e+002
      vertex -1.040000e+003  4.898425e-015  1.000000e+002
    endloop
  endfacet
  facet normal  0.000000e+000  0.000000e+000  1.000000e+000
    outer loop
      vertex -1.025000e+003  3.061516e-015  1.000000e+002
      vertex -1.040000e+003  4.898425e-015  1.000000e+002
      vertex -1.024274e+003 -5.982892e+000  1.000000e+002
    endloop
  endfacet
  facet normal  0.000000e+000  0.000000e+000  1.000000e+000
    outer loop
      vertex -1.024274e+003 -5.982892e+000  1.000000e+002
      vertex -1.040000e+003  4.898425e-015  1.000000e+002
      vertex -1.039231e+003 -7.803613e+000  1.000000e+002
    endloop
  endfacet
  facet normal  -0.000000e+000  0.000000e+000  1.000000e+000
    outer loop
      vertex -1.024274e+003 -5.982892e+000  1.000000e+002
      vertex -1.039231e+003 -7.803613e+000  1.000000e+002
      vertex -1.022136e+003 -1.161808e+001  1.000000e+002
    endloop
  endfacet
  facet normal  0.000000e+000  0.000000e+000  1.000000e+000
    outer loop
      vertex -1.022136e+003 -1.161808e+001  1.000000e+002
      vertex -1.039231e+003 -7.803613e+000  1.000000e+002
      vertex -1.036955e+003 -1.530734e+001  1.000000e+002
    endloop
  endfacet
  facet normal  -0.000000e+000  0.000000e+000  9.999999e-001
    outer loop
      vertex -1.022136e+003 -1.161808e+001  1.000000e+002
      vertex -1.036955e+003 -1.530734e+001  1.000000e+002
      vertex -1.018713e+003 -1.657807e+001  1.000000e+002
    endloop
  endfacet
  facet normal  0.000000e+000  0.000000e+000  1.000000e+000
    outer loop
      vertex -1.033259e+003 -2.222281e+001  1.000000e+002
      vertex -1.014202e+003 -2.057460e+001  1.000000e+002
      vertex -1.036955e+003 -1.530734e+001  1.000000e+002
    endloop
  endfacet
  facet normal  0.000000e+000  0.000000e+000  1.000000e+000
    outer loop
      vertex -1.036955e+003 -1.530734e+001  1.000000e+002
      vertex -1.014202e+003 -2.057460e+001  1.000000e+002
      vertex -1.018713e+003 -1.657807e+001  1.000000e+002
    endloop
  endfacet
  facet normal  0.000000e+000  0.000000e+000  1.000000e+000
    outer loop
      vertex -9.812872e+002  1.657807e+001  1.000000e+002
      vertex -9.015781e+002  1.871277e+001  1.000000e+002
      vertex -9.857984e+002  2.057460e+001  1.000000e+002
    endloop
  endfacet
  facet normal  -0.000000e+000  0.000000e+000  9.999999e-001
    outer loop
      vertex -9.857984e+002  2.057460e+001  1.000000e+002
      vertex -9.015781e+002  1.871277e+001  1.000000e+002
      vertex -8.966181e+002  2.213640e+001  1.000000e+002
    endloop
  endfacet
  facet normal  0.000000e+000  0.000000e+000  1.000000e+000
    outer loop
      vertex -9.857984e+002  2.057460e+001  1.000000e+002
      vertex -8.966181e+002  2.213640e+001  1.000000e+002
      vertex -9.911349e+002  2.337541e+001  1.000000e+002
    endloop
  endfacet
  facet normal  -0.000000e+000  0.000000e+000  1.000000e+000
    outer loop
      vertex -9.911349e+002  2.337541e+001  1.000000e+002
      vertex -8.966181e+002  2.213640e+001  1.000000e+002
      vertex -8.909829e+002  2.427355e+001  1.000000e+002
    endloop
  endfacet
  facet normal  0.000000e+000  0.000000e+000  1.000000e+000
    outer loop
      vertex -9.911349e+002  2.337541e+001  1.000000e+002
      vertex -8.909829e+002  2.427355e+001  1.000000e+002
      vertex -9.969866e+002  2.481772e+001  1.000000e+002
    endloop
  endfacet
  facet normal  -0.000000e+000  0.000000e+000  1.000000e+000
    outer loop
      vertex -9.969866e+002  2.481772e+001  1.000000e+002
      vertex -8.909829e+002  2.427355e+001  1.000000e+002
      vertex -8.850000e+002  2.500000e+001  1.000000e+002
    endloop
  endfacet
  facet normal  0.000000e+000  0.000000e+000  1.000000e+000
    outer loop
      vertex -9.969866e+002  2.481772e+001  1.000000e+002
      vertex -8.850000e+002  2.500000e+001  1.000000e+002
      vertex -1.000000e+003  4.000000e+001  1.000000e+002
    endloop
  endfacet
  facet normal  -0.000000e+000  0.000000e+000  9.999999e-001
    outer loop
      vertex -9.015781e+002  1.871277e+001  1.000000e+002
      vertex -9.812872e+002  1.657807e+001  1.000000e+002
      vertex -9.055746e+002  1.420162e+001  1.000000e+002
    endloop
  endfacet
  facet normal  0.000000e+000  0.000000e+000  1.000000e+000
    outer loop
      vertex -9.055746e+002  1.420162e+001  1.000000e+002
      vertex -9.812872e+002  1.657807e+001  1.000000e+002
      vertex -9.778636e+002  1.161808e+001  1.000000e+002
    endloop
  endfacet
  facet normal  -0.000000e+000  0.000000e+000  1.000000e+000
    outer loop
      vertex -9.055746e+002  1.420162e+001  1.000000e+002
      vertex -9.778636e+002  1.161808e+001  1.000000e+002
      vertex -9.083754e+002  8.865122e+000  1.000000e+002
    endloop
  endfacet
  facet normal  0.000000e+000  0.000000e+000  1.000000e+000
    outer loop
      vertex -9.083754e+002  8.865122e+000  1.000000e+002
      vertex -9.778636e+002  1.161808e+001  1.000000e+002
      vertex -9.757264e+002  5.982892e+000  1.000000e+002
    endloop
  endfacet
  facet normal  -0.000000e+000  0.000000e+000  1.000000e+000
    outer loop
      vertex -9.098177e+002 -3.013417e+000  1.000000e+002
      vertex -9.757264e+002 -5.982892e+000  1.000000e+002
      vertex -9.083754e+002 -8.865122e+000  1.000000e+002
    endloop
  endfacet
  facet normal  0.000000e+000  0.000000e+000  1.000000e+000
    outer loop
      vertex -9.083754e+002 -8.865122e+000  1.000000e+002
      vertex -9.757264e+002 -5.982892e+000  1.000000e+002
      vertex -9.778636e+002 -1.161808e+001  1.000000e+002
    endloop
  endfacet
  facet normal  -0.000000e+000  0.000000e+000  1.000000e+000
    outer loop
      vertex -9.083754e+002 -8.865122e+000  1.000000e+002
      vertex -9.778636e+002 -1.161808e+001  1.000000e+002
      vertex -9.055746e+002 -1.420162e+001  1.000000e+002
    endloop
  endfacet
  facet normal  0.000000e+000  0.000000e+000  1.000000e+000
    outer loop
      vertex -9.055746e+002 -1.420162e+001  1.000000e+002
      vertex -9.778636e+002 -1.161808e+001  1.000000e+002
      vertex -9.812872e+002 -1.657807e+001  1.000000e+002
    endloop
  endfacet
  facet normal  -0.000000e+000  0.000000e+000  9.999999e-001
    outer loop
      vertex -9.055746e+002 -1.420162e+001  1.000000e+002
      vertex -9.812872e+002 -1.657807e+001  1.000000e+002
      vertex -9.015781e+002 -1.871277e+001  1.000000e+002
    endloop
  endfacet
  facet normal  0.000000e+000  0.000000e+000  1.000000e+000
    outer loop
      vertex -9.015781e+002 -1.871277e+001  1.000000e+002
      vertex -9.812872e+002 -1.657807e+001  1.000000e+002
      vertex -9.857984e+002 -2.057460e+001  1.000000e+002
    endloop
  endfacet
  facet normal  -0.000000e+000  0.000000e+000  9.999999e-001
    outer loop
      vertex -9.015781e+002 -1.871277e+001  1.000000e+002
      vertex -9.857984e+002 -2.057460e+001  1.000000e+002
      vertex -8.966181e+002 -2.213640e+001  1.000000e+002
    endloop
  endfacet
  facet normal  0.000000e+000  0.000000e+000  1.000000e+000
    outer loop
      vertex -8.966181e+002 -2.213640e+001  1.000000e+002
      vertex -9.857984e+002 -2.057460e+001  1.000000e+002
      vertex -9.911349e+002 -2.337541e+001  1.000000e+002
    endloop
  endfacet
  facet normal  -0.000000e+000  0.000000e+000  1.000000e+000
    outer loop
      vertex -8.966181e+002 -2.213640e+001  1.000000e+002
      vertex -9.911349e+002 -2.337541e+001  1.000000e+002
      vertex -8.909829e+002 -2.427355e+001  1.000000e+002
    endloop
  endfacet
  facet normal  0.000000e+000  0.000000e+000  1.000000e+000
    outer loop
      vertex -8.909829e+002 -2.427355e+001  1.000000e+002
      vertex -9.911349e+002 -2.337541e+001  1.000000e+002
      vertex -9.969866e+002 -2.481772e+001  1.000000e+002
    endloop
  endfacet
  facet normal  0.000000e+000  0.000000e+000  1.000000e+000
    outer loop
      vertex -7.290171e+002 -2.427355e+001  1.000000e+002
      vertex -6.230134e+002 -2.481772e+001  1.000000e+002
      vertex -7.233819e+002 -2.213640e+001  1.000000e+002
    endloop
  endfacet
  facet normal  0.000000e+000  0.000000e+000  1.000000e+000
    outer loop
      vertex -7.233819e+002 -2.213640e+001  1.000000e+002
      vertex -6.230134e+002 -2.481772e+001  1.000000e+002
      vertex -6.288651e+002 -2.337541e+001  1.000000e+002
    endloop
  endfacet
  facet normal  0.000000e+000  0.000000e+000  9.999999e-001
    outer loop
      vertex -7.233819e+002 -2.213640e+001  1.000000e+002
      vertex -6.288651e+002 -2.337541e+001  1.000000e+002
      vertex -7.184219e+002 -1.871277e+001  1.000000e+002
    endloop
  endfacet
  facet normal  0.000000e+000  0.000000e+000  1.000000e+000
    outer loop
      vertex -7.184219e+002 -1.871277e+001  1.000000e+002
      vertex -6.288651e+002 -2.337541e+001  1.000000e+002
      vertex -6.342016e+002 -2.057460e+001  1.000000e+002
    endloop
  endfacet
  facet normal  0.000000e+000  0.000000e+000  9.999999e-001
    outer loop
      vertex -7.184219e+002 -1.871277e+001  1.000000e+002
      vertex -6.342016e+002 -2.057460e+001  1.000000e+002
      vertex -7.144254e+002 -1.420162e+001  1.000000e+002
    endloop
  endfacet
  facet normal  0.000000e+000  0.000000e+000  1.000000e+000
    outer loop
      vertex -7.144254e+002 -1.420162e+001  1.000000e+002
      vertex -6.342016e+002 -2.057460e+001  1.000000e+002
      vertex -6.387128e+002 -1.657807e+001  1.000000e+002
    endloop
  endfacet
  facet normal  0.000000e+000  0.000000e+000  1.000000e+000
    outer loop
      vertex -7.144254e+002 -1.420162e+001  1.000000e+002
      vertex -6.387128e+002 -1.657807e+001  1.000000e+002
      vertex -7.116246e+002 -8.865122e+000  1.000000e+002
    endloop
  endfacet
  facet normal  0.000000e+000  0.000000e+000  1.000000e+000
    outer loop
      vertex -7.116246e+002 -8.865122e+000  1.000000e+002
      vertex -6.387128e+002 -1.657807e+001  1.000000e+002
      vertex -6.421364e+002 -1.161808e+001  1.000000e+002
    endloop
  endfacet
  facet normal  0.000000e+000  0.000000e+000  9.999999e-001
    outer loop
      vertex -7.116246e+002 -8.865122e+000  1.000000e+002
      vertex -6.421364e+002 -1.161808e+001  1.000000e+002
      vertex -7.101823e+002 -3.013417e+000  1.000000e+002
    endloop
  endfacet
  facet normal  0.000000e+000  0.000000e+000  1.000000e+000
    outer loop
      vertex -7.101823e+002 -3.013417e+000  1.000000e+002
      vertex -6.421364e+002 -1.161808e+001  1.000000e+002
      vertex -6.442736e+002 -5.982892e+000  1.000000e+002
    endloop
  endfacet
  facet normal  0.000000e+000  0.000000e+000  1.000000e+000
    outer loop
      vertex -7.101823e+002 -3.013417e+000  1.000000e+002
      vertex -6.442736e+002 -5.982892e+000  1.000000e+002
      vertex -7.101823e+002  3.013417e+000  1.000000e+002
    endloop
  endfacet
  facet normal  0.000000e+000  0.000000e+000  9.999999e-001
    outer loop
      vertex -7.101823e+002  3.013417e+000  1.000000e+002
      vertex -6.442736e+002 -5.982892e+000  1.000000e+002
      vertex -6.450000e+002  3.061516e-015  1.000000e+002
    endloop
  endfacet
  facet normal  0.000000e+000  0.000000e+000  1.000000e+000
    outer loop
      vertex -7.101823e+002  3.013417e+000  1.000000e+002
      vertex -6.450000e+002  3.061516e-015  1.000000e+002
      vertex -7.116246e+002  8.865122e+000  1.000000e+002
    endloop
  endfacet
  facet normal  0.000000e+000  0.000000e+000  1.000000e+000
    outer loop
      vertex -7.116246e+002  8.865122e+000  1.000000e+002
      vertex -6.450000e+002  3.061516e-015  1.000000e+002
      vertex -6.442736e+002  5.982892e+000  1.000000e+002
    endloop
  endfacet
  facet normal  0.000000e+000  0.000000e+000  1.000000e+000
    outer loop
      vertex -7.116246e+002  8.865122e+000  1.000000e+002
      vertex -6.442736e+002  5.982892e+000  1.000000e+002
      vertex -7.144254e+002  1.420162e+001  1.000000e+002
    endloop
  endfacet
  facet normal  0.000000e+000  0.000000e+000  1.000000e+000
    outer loop
      vertex -7.144254e+002  1.420162e+001  1.000000e+002
      vertex -6.442736e+002  5.982892e+000  1.000000e+002
      vertex -6.421364e+002  1.161808e+001  1.000000e+002
    endloop
  endfacet
  facet normal  0.000000e+000  0.000000e+000  1.000000e+000
    outer loop
      vertex -7.144254e+002  1.420162e+001  1.000000e+002
      vertex -6.421364e+002  1.161808e+001  1.000000e+002
      vertex -7.184219e+002  1.871277e+001  1.000000e+002
    endloop
  endfacet
  facet normal  0.000000e+000  0.000000e+000  1.000000e+000
    outer loop
      vertex -7.184219e+002  1.871277e+001  1.000000e+002
      vertex -6.421364e+002  1.161808e+001  1.000000e+002
      vertex -6.387128e+002  1.657807e+001  1.000000e+002
    endloop
  endfacet
  facet normal  0.000000e+000  0.000000e+000  1.000000e+000
    outer loop
      vertex -7.184219e+002  1.871277e+001  1.000000e+002
      vertex -6.387128e+002  1.657807e+001  1.000000e+002
      vertex -7.233819e+002  2.213640e+001  1.000000e+002
    endloop
  endfacet
  facet normal  0.000000e+000  0.000000e+000  1.000000e+000
    outer loop
      vertex -7.233819e+002  2.213640e+001  1.000000e+002
      vertex -6.387128e+002  1.657807e+001  1.000000e+002
      vertex -6.342016e+002  2.057460e+001  1.000000e+002
    endloop
  endfacet
  facet normal  0.000000e+000  0.000000e+000  1.000000e+000
    outer loop
      vertex -7.233819e+002  2.213640e+001  1.000000e+002
      vertex -6.342016e+002  2.057460e+001  1.000000e+002
      vertex -7.290171e+002  2.427355e+001  1.000000e+002
    endloop
  endfacet
  facet normal  0.000000e+000  0.000000e+000  1.000000e+000
    outer loop
      vertex -7.290171e+002  2.427355e+001  1.000000e+002
      vertex -6.342016e+002  2.057460e+001  1.000000e+002
      vertex -6.288651e+002  2.337541e+001  1.000000e+002
    endloop
  endfacet
  facet normal  0.000000e+000  0.000000e+000  1.000000e+000
    outer loop
      vertex -7.290171e+002  2.427355e+001  1.000000e+002
      vertex -6.288651e+002  2.337541e+001  1.000000e+002
      vertex -7.350000e+002  2.500000e+001  1.000000e+002
    endloop
  endfacet
  facet normal  0.000000e+000  0.000000e+000  1.000000e+000
    outer loop
      vertex -7.350000e+002  2.500000e+001  1.000000e+002
      vertex -6.288651e+002  2.337541e+001  1.000000e+002
      vertex -6.230134e+002  2.481772e+001  1.000000e+002
    endloop
  endfacet
  facet normal  0.000000e+000  0.000000e+000  1.000000e+000
    outer loop
      vertex -5.830448e+002  1.530734e+001  1.000000e+002
      vertex -6.012872e+002  1.657807e+001  1.000000e+002
      vertex -5.807686e+002  7.803613e+000  1.000000e+002
    endloop
  endfacet
  facet normal  0.000000e+000  0.000000e+000  1.000000e+000
    outer loop
      vertex -5.807686e+002  7.803613e+000  1.000000e+002
      vertex -6.012872e+002  1.657807e+001  1.000000e+002
      vertex -5.978636e+002  1.161808e+001  1.000000e+002
    endloop
  endfacet
  facet normal  0.000000e+000  0.000000e+000  1.000000e+000
    outer loop
      vertex -5.807686e+002  7.803613e+000  1.000000e+002
      vertex -5.978636e+002  1.161808e+001  1.000000e+002
      vertex -5.957264e+002  5.982892e+000  1.000000e+002
    endloop
  endfacet
  facet normal  -0.000000e+000  0.000000e+000  1.000000e+000
    outer loop
      vertex -5.807686e+002  7.803613e+000  1.000000e+002
      vertex -5.957264e+002  5.982892e+000  1.000000e+002
      vertex -5.800000e+002 -9.796851e-015  1.000000e+002
    endloop
  endfacet
  facet normal  0.000000e+000  0.000000e+000  1.000000e+000
    outer loop
      vertex -5.800000e+002 -9.796851e-015  1.000000e+002
      vertex -5.957264e+002  5.982892e+000  1.000000e+002
      vertex -5.950000e+002  0.000000e+000  1.000000e+002
    endloop
  endfacet
  facet normal  0.000000e+000  0.000000e+000  1.000000e+000
    outer loop
      vertex -5.800000e+002 -9.796851e-015  1.000000e+002
      vertex -5.950000e+002  0.000000e+000  1.000000e+002
      vertex -5.807686e+002 -7.803613e+000  1.000000e+002
    endloop
  endfacet
  facet normal  0.000000e+000  0.000000e+000  1.000000e+000
    outer loop
      vertex -5.807686e+002 -7.803613e+000  1.000000e+002
      vertex -5.950000e+002  0.000000e+000  1.000000e+002
      vertex -5.957264e+002 -5.982892e+000  1.000000e+002
    endloop
  endfacet
  facet normal  0.000000e+000  0.000000e+000  1.000000e+000
    outer loop
      vertex -5.807686e+002 -7.803613e+000  1.000000e+002
      vertex -5.957264e+002 -5.982892e+000  1.000000e+002
      vertex -5.830448e+002 -1.530734e+001  1.000000e+002
    endloop
  endfacet
  facet normal  0.000000e+000  0.000000e+000  1.000000e+000
    outer loop
      vertex -5.830448e+002 -1.530734e+001  1.000000e+002
      vertex -5.957264e+002 -5.982892e+000  1.000000e+002
      vertex -5.978636e+002 -1.161808e+001  1.000000e+002
    endloop
  endfacet
  facet normal  0.000000e+000  0.000000e+000  9.999999e-001
    outer loop
      vertex -5.830448e+002 -1.530734e+001  1.000000e+002
      vertex -5.978636e+002 -1.161808e+001  1.000000e+002
      vertex -6.012872e+002 -1.657807e+001  1.000000e+002
    endloop
  endfacet
  facet normal  -0.000000e+000  0.000000e+000  1.000000e+000
    outer loop
      vertex -5.830448e+002 -1.530734e+001  1.000000e+002
      vertex -6.012872e+002 -1.657807e+001  1.000000e+002
      vertex -5.867412e+002 -2.222281e+001  1.000000e+002
    endloop
  endfacet
  facet normal  0.000000e+000  0.000000e+000  1.000000e+000
    outer loop
      vertex -5.867412e+002 -2.222281e+001  1.000000e+002
      vertex -6.012872e+002 -1.657807e+001  1.000000e+002
      vertex -6.057984e+002 -2.057460e+001  1.000000e+002
    endloop
  endfacet
  facet normal  0.000000e+000  0.000000e+000  9.999999e-001
    outer loop
      vertex -5.867412e+002 -2.222281e+001  1.000000e+002
      vertex -6.057984e+002 -2.057460e+001  1.000000e+002
      vertex -6.111349e+002 -2.337541e+001  1.000000e+002
    endloop
  endfacet
  facet normal  0.000000e+000  0.000000e+000  1.000000e+000
    outer loop
      vertex -6.111349e+002 -2.337541e+001  1.000000e+002
      vertex -6.169866e+002 -2.481772e+001  1.000000e+002
      vertex -5.867412e+002 -2.222281e+001  1.000000e+002
    endloop
  endfacet
  facet normal  0.000000e+000  0.000000e+000  9.999999e-001
    outer loop
      vertex -5.867412e+002 -2.222281e+001  1.000000e+002
      vertex -6.169866e+002 -2.481772e+001  1.000000e+002
      vertex -5.917157e+002 -2.828427e+001  1.000000e+002
    endloop
  endfacet
  facet normal  0.000000e+000  0.000000e+000 -1.000000e+000
    outer loop
      vertex -6.230134e+002  2.481772e+001  9.000000e+001
      vertex -6.695942e+002  2.760330e+001  9.000000e+001
      vertex -6.712590e+002  2.969099e+001  9.000000e+001
    endloop
  endfacet
  facet normal  0.000000e+000  -0.000000e+000 -1.000000e+000
    outer loop
      vertex -7.116246e+002 -8.865122e+000  9.000000e+001
      vertex -7.101823e+002 -3.013417e+000  9.000000e+001
      vertex -6.763351e+002 -1.915043e+001  9.000000e+001
    endloop
  endfacet
  facet normal  0.000000e+000  -0.000000e+000 -9.999999e-001
    outer loop
      vertex -7.144254e+002 -1.420162e+001  9.000000e+001
      vertex -7.116246e+002 -8.865122e+000  9.000000e+001
      vertex -6.763351e+002 -1.915043e+001  9.000000e+001
    endloop
  endfacet
  facet normal  -0.000000e+000  0.000000e+000 -9.999999e-001
    outer loop
      vertex -9.083754e+002 -8.865122e+000  9.000000e+001
      vertex -9.055746e+002 -1.420162e+001  9.000000e+001
      vertex -9.436649e+002 -1.915043e+001  9.000000e+001
    endloop
  endfacet
  facet normal  -0.000000e+000  0.000000e+000 -1.000000e+000
    outer loop
      vertex -9.098177e+002 -3.013417e+000  9.000000e+001
      vertex -9.083754e+002 -8.865122e+000  9.000000e+001
      vertex -9.436649e+002 -1.915043e+001  9.000000e+001
    endloop
  endfacet
  facet normal  0.000000e+000  -0.000000e+000 -1.000000e+000
    outer loop
      vertex -9.778636e+002 -1.161808e+001  9.000000e+001
      vertex -9.757264e+002 -5.982892e+000  9.000000e+001
      vertex -9.463351e+002 -1.915043e+001  9.000000e+001
    endloop
  endfacet
  facet normal  -0.000000e+000  0.000000e+000 -1.000000e+000
    outer loop
      vertex -8.850000e+002  2.500000e+001  9.000000e+001
      vertex -8.909829e+002  2.427355e+001  9.000000e+001
      vertex -9.395942e+002  2.239670e+001  9.000000e+001
    endloop
  endfacet
  facet normal  0.000000e+000  0.000000e+000 -1.000000e+000
    outer loop
      vertex -8.850000e+002  2.500000e+001  9.000000e+001
      vertex -9.395942e+002  2.239670e+001  9.000000e+001
      vertex -9.390000e+002  2.500000e+001  9.000000e+001
    endloop
  endfacet
  facet normal  0.000000e+000  0.000000e+000 -1.000000e+000
    outer loop
      vertex -8.850000e+002  2.500000e+001  9.000000e+001
      vertex -9.390000e+002  2.500000e+001  9.000000e+001
      vertex -9.395942e+002  2.760330e+001  9.000000e+001
    endloop
  endfacet
  facet normal  0.000000e+000  0.000000e+000 -1.000000e+000
    outer loop
      vertex -8.850000e+002  2.500000e+001  9.000000e+001
      vertex -9.395942e+002  2.760330e+001  9.000000e+001
      vertex -9.412590e+002  2.969099e+001  9.000000e+001
    endloop
  endfacet
  facet normal  0.000000e+000  0.000000e+000 -1.000000e+000
    outer loop
      vertex -8.850000e+002  2.500000e+001  9.000000e+001
      vertex -9.412590e+002  2.969099e+001  9.000000e+001
      vertex -9.436649e+002  3.084957e+001  9.000000e+001
    endloop
  endfacet
  facet normal  0.000000e+000  0.000000e+000 -1.000000e+000
    outer loop
      vertex -8.850000e+002 -2.500000e+001  9.000000e+001
      vertex -9.436649e+002 -3.084957e+001  9.000000e+001
      vertex -9.412590e+002 -2.969099e+001  9.000000e+001
    endloop
  endfacet
  facet normal  0.000000e+000  0.000000e+000 -1.000000e+000
    outer loop
      vertex -8.850000e+002 -2.500000e+001  9.000000e+001
      vertex -9.412590e+002 -2.969099e+001  9.000000e+001
      vertex -9.395942e+002 -2.760330e+001  9.000000e+001
    endloop
  endfacet
  facet normal  0.000000e+000  0.000000e+000 -1.000000e+000
    outer loop
      vertex -8.850000e+002 -2.500000e+001  9.000000e+001
      vertex -9.395942e+002 -2.760330e+001  9.000000e+001
      vertex -9.390000e+002 -2.500000e+001  9.000000e+001
    endloop
  endfacet
  facet normal  0.000000e+000  0.000000e+000 -1.000000e+000
    outer loop
      vertex -8.850000e+002 -2.500000e+001  9.000000e+001
      vertex -9.390000e+002 -2.500000e+001  9.000000e+001
      vertex -8.909829e+002 -2.427355e+001  9.000000e+001
    endloop
  endfacet
  facet normal  0.000000e+000  -0.000000e+000 -1.000000e+000
    outer loop
      vertex -7.350000e+002 -2.500000e+001  9.000000e+001
      vertex -7.290171e+002 -2.427355e+001  9.000000e+001
      vertex -6.810000e+002 -2.500000e+001  9.000000e+001
    endloop
  endfacet
  facet normal  -0.000000e+000  -0.000000e+000 -1.000000e+000
    outer loop
      vertex -7.350000e+002 -2.500000e+001  9.000000e+001
      vertex -6.810000e+002 -2.500000e+001  9.000000e+001
      vertex -6.804058e+002 -2.760330e+001  9.000000e+001
    endloop
  endfacet
  facet normal  -0.000000e+000  0.000000e+000 -1.000000e+000
    outer loop
      vertex -7.350000e+002 -2.500000e+001  9.000000e+001
      vertex -6.804058e+002 -2.760330e+001  9.000000e+001
      vertex -1.000000e+003 -4.000000e+001  9.000000e+001
    endloop
  endfacet
  facet normal  0.000000e+000  0.000000e+000 -1.000000e+000
    outer loop
      vertex -7.350000e+002 -2.500000e+001  9.000000e+001
      vertex -1.000000e+003 -4.000000e+001  9.000000e+001
      vertex -8.850000e+002 -2.500000e+001  9.000000e+001
    endloop
  endfacet
  facet normal  0.000000e+000  0.000000e+000 -1.000000e+000
    outer loop
      vertex -1.000000e+003 -4.000000e+001  9.000000e+001
      vertex -1.007804e+003 -3.923141e+001  9.000000e+001
      vertex -1.015307e+003 -3.695518e+001  9.000000e+001
    endloop
  endfacet
  facet normal  0.000000e+000  0.000000e+000 -1.000000e+000
    outer loop
      vertex -1.000000e+003 -4.000000e+001  9.000000e+001
      vertex -1.015307e+003 -3.695518e+001  9.000000e+001
      vertex -1.022223e+003 -3.325879e+001  9.000000e+001
    endloop
  endfacet
  facet normal  0.000000e+000  0.000000e+000 -1.000000e+000
    outer loop
      vertex -1.000000e+003 -4.000000e+001  9.000000e+001
      vertex -1.022223e+003 -3.325879e+001  9.000000e+001
      vertex -1.028284e+003 -2.828427e+001  9.000000e+001
    endloop
  endfacet
  facet normal  0.000000e+000  0.000000e+000 -1.000000e+000
    outer loop
      vertex -1.000000e+003 -4.000000e+001  9.000000e+001
      vertex -1.028284e+003 -2.828427e+001  9.000000e+001
      vertex -1.003013e+003 -2.481772e+001  9.000000e+001
    endloop
  endfacet
  facet normal  0.000000e+000  0.000000e+000 -1.000000e+000
    outer loop
      vertex -1.000000e+003 -4.000000e+001  9.000000e+001
      vertex -1.003013e+003 -2.481772e+001  9.000000e+001
      vertex -9.969866e+002 -2.481772e+001  9.000000e+001
    endloop
  endfacet
  facet normal  0.000000e+000  -0.000000e+000 -9.999999e-001
    outer loop
      vertex -1.000000e+003 -4.000000e+001  9.000000e+001
      vertex -9.969866e+002 -2.481772e+001  9.000000e+001
      vertex -9.510000e+002 -2.500000e+001  9.000000e+001
    endloop
  endfacet
  facet normal  0.000000e+000  -0.000000e+000 -1.000000e+000
    outer loop
      vertex -1.000000e+003 -4.000000e+001  9.000000e+001
      vertex -9.510000e+002 -2.500000e+001  9.000000e+001
      vertex -9.504058e+002 -2.760330e+001  9.000000e+001
    endloop
  endfacet
  facet normal  0.000000e+000  -0.000000e+000 -9.999999e-001
    outer loop
      vertex -1.000000e+003 -4.000000e+001  9.000000e+001
      vertex -9.504058e+002 -2.760330e+001  9.000000e+001
      vertex -9.487410e+002 -2.969099e+001  9.000000e+001
    endloop
  endfacet
  facet normal  0.000000e+000  -0.000000e+000 -1.000000e+000
    outer loop
      vertex -1.000000e+003 -4.000000e+001  9.000000e+001
      vertex -9.487410e+002 -2.969099e+001  9.000000e+001
      vertex -9.463351e+002 -3.084957e+001  9.000000e+001
    endloop
  endfacet
  facet normal  0.000000e+000  -0.000000e+000 -9.999999e-001
    outer loop
      vertex -1.000000e+003 -4.000000e+001  9.000000e+001
      vertex -9.463351e+002 -3.084957e+001  9.000000e+001
      vertex -9.436649e+002 -3.084957e+001  9.000000e+001
    endloop
  endfacet
  facet normal  0.000000e+000  -0.000000e+000 -1.000000e+000
    outer loop
      vertex -1.000000e+003 -4.000000e+001  9.000000e+001
      vertex -9.436649e+002 -3.084957e+001  9.000000e+001
      vertex -8.850000e+002 -2.500000e+001  9.000000e+001
    endloop
  endfacet
  facet normal  -0.000000e+000  0.000000e+000 -1.000000e+000
    outer loop
      vertex -1.000000e+003  4.000000e+001  9.000000e+001
      vertex -6.200000e+002  4.000000e+001  9.000000e+001
      vertex -6.736649e+002  3.084957e+001  9.000000e+001
    endloop
  endfacet
  facet normal  0.000000e+000  0.000000e+000 -9.999999e-001
    outer loop
      vertex -1.000000e+003  4.000000e+001  9.000000e+001
      vertex -6.736649e+002  3.084957e+001  9.000000e+001
      vertex -6.763351e+002  3.084957e+001  9.000000e+001
    endloop
  endfacet
  facet normal  -0.000000e+000  0.000000e+000 -1.000000e+000
    outer loop
      vertex -1.000000e+003  4.000000e+001  9.000000e+001
      vertex -6.763351e+002  3.084957e+001  9.000000e+001
      vertex -6.787410e+002  2.969099e+001  9.000000e+001
    endloop
  endfacet
  facet normal  -0.000000e+000  0.000000e+000 -1.000000e+000
    outer loop
      vertex -1.000000e+003  4.000000e+001  9.000000e+001
      vertex -6.787410e+002  2.969099e+001  9.000000e+001
      vertex -6.804058e+002  2.760330e+001  9.000000e+001
    endloop
  endfacet
  facet normal  -0.000000e+000  0.000000e+000 -1.000000e+000
    outer loop
      vertex -1.000000e+003  4.000000e+001  9.000000e+001
      vertex -6.804058e+002  2.760330e+001  9.000000e+001
      vertex -7.350000e+002  2.500000e+001  9.000000e+001
    endloop
  endfacet
  facet normal  0.000000e+000  0.000000e+000 -1.000000e+000
    outer loop
      vertex -1.000000e+003  4.000000e+001  9.000000e+001
      vertex -7.350000e+002  2.500000e+001  9.000000e+001
      vertex -8.850000e+002  2.500000e+001  9.000000e+001
    endloop
  endfacet
  facet normal  0.000000e+000  0.000000e+000 -1.000000e+000
    outer loop
      vertex -1.000000e+003  4.000000e+001  9.000000e+001
      vertex -8.850000e+002  2.500000e+001  9.000000e+001
      vertex -9.436649e+002  3.084957e+001  9.000000e+001
    endloop
  endfacet
  facet normal  0.000000e+000  0.000000e+000 -9.999999e-001
    outer loop
      vertex -1.000000e+003  4.000000e+001  9.000000e+001
      vertex -9.436649e+002  3.084957e+001  9.000000e+001
      vertex -9.463351e+002  3.084957e+001  9.000000e+001
    endloop
  endfacet
  facet normal  -0.000000e+000  0.000000e+000 -1.000000e+000
    outer loop
      vertex -1.000000e+003  4.000000e+001  9.000000e+001
      vertex -9.463351e+002  3.084957e+001  9.000000e+001
      vertex -9.487410e+002  2.969099e+001  9.000000e+001
    endloop
  endfacet
  facet normal  -0.000000e+000  0.000000e+000 -9.999999e-001
    outer loop
      vertex -1.000000e+003  4.000000e+001  9.000000e+001
      vertex -9.487410e+002  2.969099e+001  9.000000e+001
      vertex -9.504058e+002  2.760330e+001  9.000000e+001
    endloop
  endfacet
  facet normal  -0.000000e+000  0.000000e+000 -1.000000e+000
    outer loop
      vertex -1.000000e+003  4.000000e+001  9.000000e+001
      vertex -9.504058e+002  2.760330e+001  9.000000e+001
      vertex -9.510000e+002  2.500000e+001  9.000000e+001
    endloop
  endfacet
  facet normal  -0.000000e+000  0.000000e+000 -9.999999e-001
    outer loop
      vertex -1.000000e+003  4.000000e+001  9.000000e+001
      vertex -9.510000e+002  2.500000e+001  9.000000e+001
      vertex -9.969866e+002  2.481772e+001  9.000000e+001
    endloop
  endfacet
  facet normal  -0.000000e+000  -0.000000e+000 -1.000000e+000
    outer loop
      vertex -6.763351e+002  1.915043e+001  9.000000e+001
      vertex -6.736649e+002  1.915043e+001  9.000000e+001
      vertex -6.736649e+002 -1.915043e+001  9.000000e+001
    endloop
  endfacet
  facet normal  0.000000e+000  0.000000e+000 -1.000000e+000
    outer loop
      vertex -6.763351e+002  1.915043e+001  9.000000e+001
      vertex -6.736649e+002 -1.915043e+001  9.000000e+001
      vertex -6.763351e+002 -1.915043e+001  9.000000e+001
    endloop
  endfacet
  facet normal  0.000000e+000  0.000000e+000 -1.000000e+000
    outer loop
      vertex -6.763351e+002  1.915043e+001  9.000000e+001
      vertex -6.763351e+002 -1.915043e+001  9.000000e+001
      vertex -7.101823e+002 -3.013417e+000  9.000000e+001
    endloop
  endfacet
  facet normal  0.000000e+000  0.000000e+000 -1.000000e+000
    outer loop
      vertex -6.763351e+002  1.915043e+001  9.000000e+001
      vertex -7.101823e+002 -3.013417e+000  9.000000e+001
      vertex -7.101823e+002  3.013417e+000  9.000000e+001
    endloop
  endfacet
  facet normal  0.000000e+000  0.000000e+000 -1.000000e+000
    outer loop
      vertex -6.763351e+002  1.915043e+001  9.000000e+001
      vertex -7.101823e+002  3.013417e+000  9.000000e+001
      vertex -7.116246e+002  8.865122e+000  9.000000e+001
    endloop
  endfacet
  facet normal  0.000000e+000  0.000000e+000 -9.999999e-001
    outer loop
      vertex -6.763351e+002  1.915043e+001  9.000000e+001
      vertex -7.116246e+002  8.865122e+000  9.000000e+001
      vertex -7.144254e+002  1.420162e+001  9.000000e+001
    endloop
  endfacet
  facet normal  0.000000e+000  0.000000e+000 -1.000000e+000
    outer loop
      vertex -6.763351e+002  1.915043e+001  9.000000e+001
      vertex -7.144254e+002  1.420162e+001  9.000000e+001
      vertex -7.184219e+002  1.871277e+001  9.000000e+001
    endloop
  endfacet
  facet normal  0.000000e+000  0.000000e+000 -1.000000e+000
    outer loop
      vertex -6.763351e+002  1.915043e+001  9.000000e+001
      vertex -7.184219e+002  1.871277e+001  9.000000e+001
      vertex -6.787410e+002  2.030901e+001  9.000000e+001
    endloop
  endfacet
  facet normal  0.000000e+000  0.000000e+000 -1.000000e+000
    outer loop
      vertex -6.736649e+002 -1.915043e+001  9.000000e+001
      vertex -6.736649e+002  1.915043e+001  9.000000e+001
      vertex -6.450000e+002  3.061516e-015  9.000000e+001
    endloop
  endfacet
  facet normal  0.000000e+000  -0.000000e+000 -1.000000e+000
    outer loop
      vertex -6.736649e+002 -1.915043e+001  9.000000e+001
      vertex -6.450000e+002  3.061516e-015  9.000000e+001
      vertex -6.442736e+002 -5.982892e+000  9.000000e+001
    endloop
  endfacet
  facet normal  0.000000e+000  -0.000000e+000 -1.000000e+000
    outer loop
      vertex -6.736649e+002 -1.915043e+001  9.000000e+001
      vertex -6.442736e+002 -5.982892e+000  9.000000e+001
      vertex -6.421364e+002 -1.161808e+001  9.000000e+001
    endloop
  endfacet
  facet normal  0.000000e+000  -0.000000e+000 -1.000000e+000
    outer loop
      vertex -6.736649e+002 -1.915043e+001  9.000000e+001
      vertex -6.421364e+002 -1.161808e+001  9.000000e+001
      vertex -6.387128e+002 -1.657807e+001  9.000000e+001
    endloop
  endfacet
  facet normal  0.000000e+000  -0.000000e+000 -1.000000e+000
    outer loop
      vertex -6.736649e+002 -1.915043e+001  9.000000e+001
      vertex -6.387128e+002 -1.657807e+001  9.000000e+001
      vertex -6.342016e+002 -2.057460e+001  9.000000e+001
    endloop
  endfacet
  facet normal  0.000000e+000  0.000000e+000 -1.000000e+000
    outer loop
      vertex -6.736649e+002 -1.915043e+001  9.000000e+001
      vertex -6.342016e+002 -2.057460e+001  9.000000e+001
      vertex -6.712590e+002 -2.030901e+001  9.000000e+001
    endloop
  endfacet
  facet normal  0.000000e+000  -0.000000e+000 -1.000000e+000
    outer loop
      vertex -6.736649e+002  1.915043e+001  9.000000e+001
      vertex -6.712590e+002  2.030901e+001  9.000000e+001
      vertex -6.342016e+002  2.057460e+001  9.000000e+001
    endloop
  endfacet
  facet normal  0.000000e+000  0.000000e+000 -1.000000e+000
    outer loop
      vertex -6.736649e+002  1.915043e+001  9.000000e+001
      vertex -6.342016e+002  2.057460e+001  9.000000e+001
      vertex -6.387128e+002  1.657807e+001  9.000000e+001
    endloop
  endfacet
  facet normal  -0.000000e+000  0.000000e+000 -1.000000e+000
    outer loop
      vertex -6.736649e+002  1.915043e+001  9.000000e+001
      vertex -6.387128e+002  1.657807e+001  9.000000e+001
      vertex -6.421364e+002  1.161808e+001  9.000000e+001
    endloop
  endfacet
  facet normal  -0.000000e+000  0.000000e+000 -1.000000e+000
    outer loop
      vertex -6.736649e+002  1.915043e+001  9.000000e+001
      vertex -6.421364e+002  1.161808e+001  9.000000e+001
      vertex -6.442736e+002  5.982892e+000  9.000000e+001
    endloop
  endfacet
  facet normal  -0.000000e+000  0.000000e+000 -1.000000e+000
    outer loop
      vertex -6.736649e+002  1.915043e+001  9.000000e+001
      vertex -6.442736e+002  5.982892e+000  9.000000e+001
      vertex -6.450000e+002  3.061516e-015  9.000000e+001
    endloop
  endfacet
  facet normal  0.000000e+000  -0.000000e+000 -1.000000e+000
    outer loop
      vertex -1.000000e+003 -4.000000e+001  9.000000e+001
      vertex -6.804058e+002 -2.760330e+001  9.000000e+001
      vertex -6.787410e+002 -2.969099e+001  9.000000e+001
    endloop
  endfacet
  facet normal  0.000000e+000  -0.000000e+000 -1.000000e+000
    outer loop
      vertex -1.000000e+003 -4.000000e+001  9.000000e+001
      vertex -6.787410e+002 -2.969099e+001  9.000000e+001
      vertex -6.763351e+002 -3.084957e+001  9.000000e+001
    endloop
  endfacet
  facet normal  0.000000e+000  -0.000000e+000 -9.999999e-001
    outer loop
      vertex -1.000000e+003 -4.000000e+001  9.000000e+001
      vertex -6.763351e+002 -3.084957e+001  9.000000e+001
      vertex -6.736649e+002 -3.084957e+001  9.000000e+001
    endloop
  endfacet
  facet normal  0.000000e+000  -0.000000e+000 -1.000000e+000
    outer loop
      vertex -1.000000e+003 -4.000000e+001  9.000000e+001
      vertex -6.736649e+002 -3.084957e+001  9.000000e+001
      vertex -6.200000e+002 -4.000000e+001  9.000000e+001
    endloop
  endfacet
  facet normal  -0.000000e+000  -0.000000e+000 -1.000000e+000
    outer loop
      vertex -9.463351e+002  1.915043e+001  9.000000e+001
      vertex -9.436649e+002  1.915043e+001  9.000000e+001
      vertex -9.436649e+002 -1.915043e+001  9.000000e+001
    endloop
  endfacet
  facet normal  0.000000e+000  0.000000e+000 -1.000000e+000
    outer loop
      vertex -9.463351e+002  1.915043e+001  9.000000e+001
      vertex -9.436649e+002 -1.915043e+001  9.000000e+001
      vertex -9.463351e+002 -1.915043e+001  9.000000e+001
    endloop
  endfacet
  facet normal  0.000000e+000  0.000000e+000 -1.000000e+000
    outer loop
      vertex -9.463351e+002  1.915043e+001  9.000000e+001
      vertex -9.463351e+002 -1.915043e+001  9.000000e+001
      vertex -9.757264e+002 -5.982892e+000  9.000000e+001
    endloop
  endfacet
  facet normal  0.000000e+000  0.000000e+000 -1.000000e+000
    outer loop
      vertex -9.463351e+002  1.915043e+001  9.000000e+001
      vertex -9.757264e+002 -5.982892e+000  9.000000e+001
      vertex -9.750000e+002  0.000000e+000  9.000000e+001
    endloop
  endfacet
  facet normal  0.000000e+000  0.000000e+000 -1.000000e+000
    outer loop
      vertex -9.463351e+002  1.915043e+001  9.000000e+001
      vertex -9.750000e+002  0.000000e+000  9.000000e+001
      vertex -9.757264e+002  5.982892e+000  9.000000e+001
    endloop
  endfacet
  facet normal  0.000000e+000  0.000000e+000 -1.000000e+000
    outer loop
      vertex -9.463351e+002  1.915043e+001  9.000000e+001
      vertex -9.757264e+002  5.982892e+000  9.000000e+001
      vertex -9.778636e+002  1.161808e+001  9.000000e+001
    endloop
  endfacet
  facet normal  0.000000e+000  0.000000e+000 -1.000000e+000
    outer loop
      vertex -9.463351e+002  1.915043e+001  9.000000e+001
      vertex -9.778636e+002  1.161808e+001  9.000000e+001
      vertex -9.812872e+002  1.657807e+001  9.000000e+001
    endloop
  endfacet
  facet normal  0.000000e+000  -0.000000e+000 -1.000000e+000
    outer loop
      vertex -9.436649e+002  1.915043e+001  9.000000e+001
      vertex -9.412590e+002  2.030901e+001  9.000000e+001
      vertex -9.015781e+002  1.871277e+001  9.000000e+001
    endloop
  endfacet
  facet normal  -0.000000e+000  0.000000e+000 -1.000000e+000
    outer loop
      vertex -9.436649e+002  1.915043e+001  9.000000e+001
      vertex -9.015781e+002  1.871277e+001  9.000000e+001
      vertex -9.055746e+002  1.420162e+001  9.000000e+001
    endloop
  endfacet
  facet normal  -0.000000e+000  0.000000e+000 -9.999999e-001
    outer loop
      vertex -9.436649e+002  1.915043e+001  9.000000e+001
      vertex -9.055746e+002  1.420162e+001  9.000000e+001
      vertex -9.083754e+002  8.865122e+000  9.000000e+001
    endloop
  endfacet
  facet normal  -0.000000e+000  0.000000e+000 -1.000000e+000
    outer loop
      vertex -9.436649e+002  1.915043e+001  9.000000e+001
      vertex -9.083754e+002  8.865122e+000  9.000000e+001
      vertex -9.098177e+002  3.013417e+000  9.000000e+001
    endloop
  endfacet
  facet normal  -0.000000e+000  -0.000000e+000 -1.000000e+000
    outer loop
      vertex -9.436649e+002  1.915043e+001  9.000000e+001
      vertex -9.098177e+002  3.013417e+000  9.000000e+001
      vertex -9.098177e+002 -3.013417e+000  9.000000e+001
    endloop
  endfacet
  facet normal  -0.000000e+000  0.000000e+000 -1.000000e+000
    outer loop
      vertex -9.436649e+002  1.915043e+001  9.000000e+001
      vertex -9.098177e+002 -3.013417e+000  9.000000e+001
      vertex -9.436649e+002 -1.915043e+001  9.000000e+001
    endloop
  endfacet
  facet normal  0.000000e+000  0.000000e+000 -1.000000e+000
    outer loop
      vertex -6.200000e+002 -4.000000e+001  9.000000e+001
      vertex -6.736649e+002 -3.084957e+001  9.000000e+001
      vertex -6.712590e+002 -2.969099e+001  9.000000e+001
    endloop
  endfacet
  facet normal  0.000000e+000  0.000000e+000 -9.999999e-001
    outer loop
      vertex -6.200000e+002 -4.000000e+001  9.000000e+001
      vertex -6.712590e+002 -2.969099e+001  9.000000e+001
      vertex -6.695942e+002 -2.760330e+001  9.000000e+001
    endloop
  endfacet
  facet normal  0.000000e+000  0.000000e+000 -1.000000e+000
    outer loop
      vertex -6.200000e+002 -4.000000e+001  9.000000e+001
      vertex -6.695942e+002 -2.760330e+001  9.000000e+001
      vertex -6.690000e+002 -2.500000e+001  9.000000e+001
    endloop
  endfacet
  facet normal  0.000000e+000  0.000000e+000 -9.999999e-001
    outer loop
      vertex -6.200000e+002 -4.000000e+001  9.000000e+001
      vertex -6.690000e+002 -2.500000e+001  9.000000e+001
      vertex -6.230134e+002 -2.481772e+001  9.000000e+001
    endloop
  endfacet
  facet normal  0.000000e+000  0.000000e+000 -1.000000e+000
    outer loop
      vertex -6.200000e+002 -4.000000e+001  9.000000e+001
      vertex -6.230134e+002 -2.481772e+001  9.000000e+001
      vertex -6.169866e+002 -2.481772e+001  9.000000e+001
    endloop
  endfacet
  facet normal  0.000000e+000  -0.000000e+000 -1.000000e+000
    outer loop
      vertex -6.200000e+002 -4.000000e+001  9.000000e+001
      vertex -6.169866e+002 -2.481772e+001  9.000000e+001
      vertex -5.917157e+002 -2.828427e+001  9.000000e+001
    endloop
  endfacet
  facet normal  0.000000e+000  0.000000e+000 -1.000000e+000
    outer loop
      vertex -6.200000e+002 -4.000000e+001  9.000000e+001
      vertex -5.917157e+002 -2.828427e+001  9.000000e+001
      vertex -5.977772e+002 -3.325879e+001  9.000000e+001
    endloop
  endfacet
  facet normal  0.000000e+000  0.000000e+000 -1.000000e+000
    outer loop
      vertex -6.200000e+002 -4.000000e+001  9.000000e+001
      vertex -5.977772e+002 -3.325879e+001  9.000000e+001
      vertex -6.046927e+002 -3.695518e+001  9.000000e+001
    endloop
  endfacet
  facet normal  0.000000e+000  0.000000e+000 -1.000000e+000
    outer loop
      vertex -6.200000e+002 -4.000000e+001  9.000000e+001
      vertex -6.046927e+002 -3.695518e+001  9.000000e+001
      vertex -6.121964e+002 -3.923141e+001  9.000000e+001
    endloop
  endfacet
  facet normal  0.000000e+000  0.000000e+000 -1.000000e+000
    outer loop
      vertex -6.342016e+002 -2.057460e+001  9.000000e+001
      vertex -6.288651e+002 -2.337541e+001  9.000000e+001
      vertex -6.712590e+002 -2.030901e+001  9.000000e+001
    endloop
  endfacet
  facet normal  0.000000e+000  0.000000e+000 -1.000000e+000
    outer loop
      vertex -6.712590e+002 -2.030901e+001  9.000000e+001
      vertex -6.288651e+002 -2.337541e+001  9.000000e+001
      vertex -6.695942e+002 -2.239670e+001  9.000000e+001
    endloop
  endfacet
  facet normal  0.000000e+000  0.000000e+000 -1.000000e+000
    outer loop
      vertex -6.288651e+002 -2.337541e+001  9.000000e+001
      vertex -6.230134e+002 -2.481772e+001  9.000000e+001
      vertex -6.695942e+002 -2.239670e+001  9.000000e+001
    endloop
  endfacet
  facet normal  0.000000e+000  0.000000e+000 -1.000000e+000
    outer loop
      vertex -6.695942e+002 -2.239670e+001  9.000000e+001
      vertex -6.230134e+002 -2.481772e+001  9.000000e+001
      vertex -6.690000e+002 -2.500000e+001  9.000000e+001
    endloop
  endfacet
  facet normal  0.000000e+000  0.000000e+000 -1.000000e+000
    outer loop
      vertex -9.504058e+002  2.239670e+001  9.000000e+001
      vertex -9.969866e+002  2.481772e+001  9.000000e+001
      vertex -9.510000e+002  2.500000e+001  9.000000e+001
    endloop
  endfacet
  facet normal  0.000000e+000  0.000000e+000 -1.000000e+000
    outer loop
      vertex -9.969866e+002  2.481772e+001  9.000000e+001
      vertex -9.504058e+002  2.239670e+001  9.000000e+001
      vertex -9.911349e+002  2.337541e+001  9.000000e+001
    endloop
  endfacet
  facet normal  0.000000e+000  0.000000e+000 -1.000000e+000
    outer loop
      vertex -9.911349e+002  2.337541e+001  9.000000e+001
      vertex -9.504058e+002  2.239670e+001  9.000000e+001
      vertex -9.487410e+002  2.030901e+001  9.000000e+001
    endloop
  endfacet
  facet normal  0.000000e+000  0.000000e+000 -1.000000e+000
    outer loop
      vertex -9.911349e+002  2.337541e+001  9.000000e+001
      vertex -9.487410e+002  2.030901e+001  9.000000e+001
      vertex -9.857984e+002  2.057460e+001  9.000000e+001
    endloop
  endfacet
  facet normal  0.000000e+000  0.000000e+000 -1.000000e+000
    outer loop
      vertex -9.857984e+002  2.057460e+001  9.000000e+001
      vertex -9.487410e+002  2.030901e+001  9.000000e+001
      vertex -9.463351e+002  1.915043e+001  9.000000e+001
    endloop
  endfacet
  facet normal  -0.000000e+000  0.000000e+000 -1.000000e+000
    outer loop
      vertex -9.857984e+002  2.057460e+001  9.000000e+001
      vertex -9.463351e+002  1.915043e+001  9.000000e+001
      vertex -9.812872e+002  1.657807e+001  9.000000e+001
    endloop
  endfacet
  facet normal  0.000000e+000  0.000000e+000 -9.999999e-001
    outer loop
      vertex -1.014202e+003 -2.057460e+001  9.000000e+001
      vertex -1.008865e+003 -2.337541e+001  9.000000e+001
      vertex -1.033259e+003 -2.222281e+001  9.000000e+001
    endloop
  endfacet
  facet normal  0.000000e+000  0.000000e+000 -1.000000e+000
    outer loop
      vertex -1.033259e+003 -2.222281e+001  9.000000e+001
      vertex -1.008865e+003 -2.337541e+001  9.000000e+001
      vertex -1.003013e+003 -2.481772e+001  9.000000e+001
    endloop
  endfacet
  facet normal  -0.000000e+000  0.000000e+000 -9.999999e-001
    outer loop
      vertex -1.033259e+003 -2.222281e+001  9.000000e+001
      vertex -1.003013e+003 -2.481772e+001  9.000000e+001
      vertex -1.028284e+003 -2.828427e+001  9.000000e+001
    endloop
  endfacet
  facet normal  0.000000e+000  0.000000e+000 -9.999999e-001
    outer loop
      vertex -1.022223e+003  3.325879e+001  9.000000e+001
      vertex -1.015307e+003  3.695518e+001  9.000000e+001
      vertex -1.028284e+003  2.828427e+001  9.000000e+001
    endloop
  endfacet
  facet normal  0.000000e+000  0.000000e+000 -1.000000e+000
    outer loop
      vertex -1.028284e+003  2.828427e+001  9.000000e+001
      vertex -1.015307e+003  3.695518e+001  9.000000e+001
      vertex -1.007804e+003  3.923141e+001  9.000000e+001
    endloop
  endfacet
  facet normal  0.000000e+000  -0.000000e+000 -1.000000e+000
    outer loop
      vertex -1.028284e+003  2.828427e+001  9.000000e+001
      vertex -1.007804e+003  3.923141e+001  9.000000e+001
      vertex -1.003013e+003  2.481772e+001  9.000000e+001
    endloop
  endfacet
  facet normal  0.000000e+000  0.000000e+000 -1.000000e+000
    outer loop
      vertex -1.003013e+003  2.481772e+001  9.000000e+001
      vertex -1.007804e+003  3.923141e+001  9.000000e+001
      vertex -1.000000e+003  4.000000e+001  9.000000e+001
    endloop
  endfacet
  facet normal  0.000000e+000  -0.000000e+000 -1.000000e+000
    outer loop
      vertex -1.003013e+003  2.481772e+001  9.000000e+001
      vertex -1.000000e+003  4.000000e+001  9.000000e+001
      vertex -9.969866e+002  2.481772e+001  9.000000e+001
    endloop
  endfacet
  facet normal  0.000000e+000  0.000000e+000 -1.000000e+000
    outer loop
      vertex -6.046927e+002  3.695518e+001  9.000000e+001
      vertex -6.169866e+002  2.481772e+001  9.000000e+001
      vertex -6.121964e+002  3.923141e+001  9.000000e+001
    endloop
  endfacet
  facet normal  0.000000e+000  0.000000e+000 -1.000000e+000
    outer loop
      vertex -6.121964e+002  3.923141e+001  9.000000e+001
      vertex -6.169866e+002  2.481772e+001  9.000000e+001
      vertex -6.230134e+002  2.481772e+001  9.000000e+001
    endloop
  endfacet
  facet normal  0.000000e+000  0.000000e+000 -1.000000e+000
    outer loop
      vertex -6.121964e+002  3.923141e+001  9.000000e+001
      vertex -6.230134e+002  2.481772e+001  9.000000e+001
      vertex -6.200000e+002  4.000000e+001  9.000000e+001
    endloop
  endfacet
  facet normal  0.000000e+000  0.000000e+000 -9.999999e-001
    outer loop
      vertex -6.200000e+002  4.000000e+001  9.000000e+001
      vertex -6.230134e+002  2.481772e+001  9.000000e+001
      vertex -6.712590e+002  2.969099e+001  9.000000e+001
    endloop
  endfacet
  facet normal  0.000000e+000  0.000000e+000 -1.000000e+000
    outer loop
      vertex -6.200000e+002  4.000000e+001  9.000000e+001
      vertex -6.712590e+002  2.969099e+001  9.000000e+001
      vertex -6.736649e+002  3.084957e+001  9.000000e+001
    endloop
  endfacet
  facet normal  0.000000e+000  0.000000e+000 -1.000000e+000
    outer loop
      vertex -6.012872e+002  1.657807e+001  9.000000e+001
      vertex -6.057984e+002  2.057460e+001  9.000000e+001
      vertex -5.830448e+002  1.530734e+001  9.000000e+001
    endloop
  endfacet
  facet normal  0.000000e+000  0.000000e+000 -1.000000e+000
    outer loop
      vertex -5.830448e+002  1.530734e+001  9.000000e+001
      vertex -6.057984e+002  2.057460e+001  9.000000e+001
      vertex -6.111349e+002  2.337541e+001  9.000000e+001
    endloop
  endfacet
  facet normal  0.000000e+000  0.000000e+000 -1.000000e+000
    outer loop
      vertex -5.830448e+002  1.530734e+001  9.000000e+001
      vertex -6.111349e+002  2.337541e+001  9.000000e+001
      vertex -5.867412e+002  2.222281e+001  9.000000e+001
    endloop
  endfacet
  facet normal  0.000000e+000  0.000000e+000 -1.000000e+000
    outer loop
      vertex -5.867412e+002  2.222281e+001  9.000000e+001
      vertex -6.111349e+002  2.337541e+001  9.000000e+001
      vertex -6.169866e+002  2.481772e+001  9.000000e+001
    endloop
  endfacet
  facet normal  0.000000e+000  0.000000e+000 -9.999999e-001
    outer loop
      vertex -5.867412e+002  2.222281e+001  9.000000e+001
      vertex -6.169866e+002  2.481772e+001  9.000000e+001
      vertex -5.917157e+002  2.828427e+001  9.000000e+001
    endloop
  endfacet
  facet normal  -0.000000e+000  0.000000e+000 -1.000000e+000
    outer loop
      vertex -5.917157e+002  2.828427e+001  9.000000e+001
      vertex -6.169866e+002  2.481772e+001  9.000000e+001
      vertex -6.046927e+002  3.695518e+001  9.000000e+001
    endloop
  endfacet
  facet normal  0.000000e+000  0.000000e+000 -9.999999e-001
    outer loop
      vertex -5.917157e+002  2.828427e+001  9.000000e+001
      vertex -6.046927e+002  3.695518e+001  9.000000e+001
      vertex -5.977772e+002  3.325879e+001  9.000000e+001
    endloop
  endfacet
  facet normal  0.000000e+000  0.000000e+000 -1.000000e+000
    outer loop
      vertex -1.018713e+003  1.657807e+001  9.000000e+001
      vertex -1.036955e+003  1.530734e+001  9.000000e+001
      vertex -1.014202e+003  2.057460e+001  9.000000e+001
    endloop
  endfacet
  facet normal  -0.000000e+000  0.000000e+000 -1.000000e+000
    outer loop
      vertex -1.014202e+003  2.057460e+001  9.000000e+001
      vertex -1.036955e+003  1.530734e+001  9.000000e+001
      vertex -1.033259e+003  2.222281e+001  9.000000e+001
    endloop
  endfacet
  facet normal  0.000000e+000  0.000000e+000 -9.999999e-001
    outer loop
      vertex -1.014202e+003  2.057460e+001  9.000000e+001
      vertex -1.033259e+003  2.222281e+001  9.000000e+001
      vertex -1.008865e+003  2.337541e+001  9.000000e+001
    endloop
  endfacet
  facet normal  -0.000000e+000  0.000000e+000 -1.000000e+000
    outer loop
      vertex -1.008865e+003  2.337541e+001  9.000000e+001
      vertex -1.033259e+003  2.222281e+001  9.000000e+001
      vertex -1.028284e+003  2.828427e+001  9.000000e+001
    endloop
  endfacet
  facet normal  0.000000e+000  0.000000e+000 -1.000000e+000
    outer loop
      vertex -1.008865e+003  2.337541e+001  9.000000e+001
      vertex -1.028284e+003  2.828427e+001  9.000000e+001
      vertex -1.003013e+003  2.481772e+001  9.000000e+001
    endloop
  endfacet
  facet normal  0.000000e+000  0.000000e+000 -1.000000e+000
    outer loop
      vertex -1.024274e+003  5.982892e+000  9.000000e+001
      vertex -1.039231e+003  7.803613e+000  9.000000e+001
      vertex -1.022136e+003  1.161808e+001  9.000000e+001
    endloop
  endfacet
  facet normal  -0.000000e+000  0.000000e+000 -1.000000e+000
    outer loop
      vertex -1.022136e+003  1.161808e+001  9.000000e+001
      vertex -1.039231e+003  7.803613e+000  9.000000e+001
      vertex -1.036955e+003  1.530734e+001  9.000000e+001
    endloop
  endfacet
  facet normal  0.000000e+000  0.000000e+000 -9.999999e-001
    outer loop
      vertex -1.022136e+003  1.161808e+001  9.000000e+001
      vertex -1.036955e+003  1.530734e+001  9.000000e+001
      vertex -1.018713e+003  1.657807e+001  9.000000e+001
    endloop
  endfacet
  facet normal  0.000000e+000  0.000000e+000 -9.999999e-001
    outer loop
      vertex -1.018713e+003 -1.657807e+001  9.000000e+001
      vertex -1.036955e+003 -1.530734e+001  9.000000e+001
      vertex -1.022136e+003 -1.161808e+001  9.000000e+001
    endloop
  endfacet
  facet normal  -0.000000e+000  0.000000e+000 -1.000000e+000
    outer loop
      vertex -1.022136e+003 -1.161808e+001  9.000000e+001
      vertex -1.036955e+003 -1.530734e+001  9.000000e+001
      vertex -1.039231e+003 -7.803613e+000  9.000000e+001
    endloop
  endfacet
  facet normal  0.000000e+000  0.000000e+000 -1.000000e+000
    outer loop
      vertex -1.022136e+003 -1.161808e+001  9.000000e+001
      vertex -1.039231e+003 -7.803613e+000  9.000000e+001
      vertex -1.024274e+003 -5.982892e+000  9.000000e+001
    endloop
  endfacet
  facet normal  -0.000000e+000  0.000000e+000 -1.000000e+000
    outer loop
      vertex -1.024274e+003 -5.982892e+000  9.000000e+001
      vertex -1.039231e+003 -7.803613e+000  9.000000e+001
      vertex -1.040000e+003  4.898425e-015  9.000000e+001
    endloop
  endfacet
  facet normal  0.000000e+000  0.000000e+000 -1.000000e+000
    outer loop
      vertex -1.024274e+003 -5.982892e+000  9.000000e+001
      vertex -1.040000e+003  4.898425e-015  9.000000e+001
      vertex -1.025000e+003  3.061516e-015  9.000000e+001
    endloop
  endfacet
  facet normal  0.000000e+000  0.000000e+000 -1.000000e+000
    outer loop
      vertex -1.025000e+003  3.061516e-015  9.000000e+001
      vertex -1.040000e+003  4.898425e-015  9.000000e+001
      vertex -1.039231e+003  7.803613e+000  9.000000e+001
    endloop
  endfacet
  facet normal  0.000000e+000  0.000000e+000 -1.000000e+000
    outer loop
      vertex -1.025000e+003  3.061516e-015  9.000000e+001
      vertex -1.039231e+003  7.803613e+000  9.000000e+001
      vertex -1.024274e+003  5.982892e+000  9.000000e+001
    endloop
  endfacet
  facet normal  0.000000e+000  0.000000e+000 -1.000000e+000
    outer loop
      vertex -1.033259e+003 -2.222281e+001  9.000000e+001
      vertex -1.036955e+003 -1.530734e+001  9.000000e+001
      vertex -1.014202e+003 -2.057460e+001  9.000000e+001
    endloop
  endfacet
  facet normal  0.000000e+000  0.000000e+000 -1.000000e+000
    outer loop
      vertex -1.014202e+003 -2.057460e+001  9.000000e+001
      vertex -1.036955e+003 -1.530734e+001  9.000000e+001
      vertex -1.018713e+003 -1.657807e+001  9.000000e+001
    endloop
  endfacet
  facet normal  0.000000e+000  0.000000e+000 -1.000000e+000
    outer loop
      vertex -9.778636e+002 -1.161808e+001  9.000000e+001
      vertex -9.463351e+002 -1.915043e+001  9.000000e+001
      vertex -9.812872e+002 -1.657807e+001  9.000000e+001
    endloop
  endfacet
  facet normal  0.000000e+000  0.000000e+000 -1.000000e+000
    outer loop
      vertex -9.812872e+002 -1.657807e+001  9.000000e+001
      vertex -9.463351e+002 -1.915043e+001  9.000000e+001
      vertex -9.487410e+002 -2.030901e+001  9.000000e+001
    endloop
  endfacet
  facet normal  -0.000000e+000  0.000000e+000 -1.000000e+000
    outer loop
      vertex -9.812872e+002 -1.657807e+001  9.000000e+001
      vertex -9.487410e+002 -2.030901e+001  9.000000e+001
      vertex -9.857984e+002 -2.057460e+001  9.000000e+001
    endloop
  endfacet
  facet normal  0.000000e+000  0.000000e+000 -1.000000e+000
    outer loop
      vertex -9.857984e+002 -2.057460e+001  9.000000e+001
      vertex -9.487410e+002 -2.030901e+001  9.000000e+001
      vertex -9.504058e+002 -2.239670e+001  9.000000e+001
    endloop
  endfacet
  facet normal  -0.000000e+000  0.000000e+000 -1.000000e+000
    outer loop
      vertex -9.857984e+002 -2.057460e+001  9.000000e+001
      vertex -9.504058e+002 -2.239670e+001  9.000000e+001
      vertex -9.911349e+002 -2.337541e+001  9.000000e+001
    endloop
  endfacet
  facet normal  0.000000e+000  0.000000e+000 -1.000000e+000
    outer loop
      vertex -9.911349e+002 -2.337541e+001  9.000000e+001
      vertex -9.504058e+002 -2.239670e+001  9.000000e+001
      vertex -9.510000e+002 -2.500000e+001  9.000000e+001
    endloop
  endfacet
  facet normal  0.000000e+000  0.000000e+000 -1.000000e+000
    outer loop
      vertex -9.911349e+002 -2.337541e+001  9.000000e+001
      vertex -9.510000e+002 -2.500000e+001  9.000000e+001
      vertex -9.969866e+002 -2.481772e+001  9.000000e+001
    endloop
  endfacet
  facet normal  -0.000000e+000  0.000000e+000 -1.000000e+000
    outer loop
      vertex -9.055746e+002 -1.420162e+001  9.000000e+001
      vertex -9.015781e+002 -1.871277e+001  9.000000e+001
      vertex -9.436649e+002 -1.915043e+001  9.000000e+001
    endloop
  endfacet
  facet normal  0.000000e+000  0.000000e+000 -1.000000e+000
    outer loop
      vertex -9.436649e+002 -1.915043e+001  9.000000e+001
      vertex -9.015781e+002 -1.871277e+001  9.000000e+001
      vertex -8.966181e+002 -2.213640e+001  9.000000e+001
    endloop
  endfacet
  facet normal  0.000000e+000  0.000000e+000 -1.000000e+000
    outer loop
      vertex -9.436649e+002 -1.915043e+001  9.000000e+001
      vertex -8.966181e+002 -2.213640e+001  9.000000e+001
      vertex -9.412590e+002 -2.030901e+001  9.000000e+001
    endloop
  endfacet
  facet normal  0.000000e+000  0.000000e+000 -1.000000e+000
    outer loop
      vertex -8.909829e+002  2.427355e+001  9.000000e+001
      vertex -8.966181e+002  2.213640e+001  9.000000e+001
      vertex -9.395942e+002  2.239670e+001  9.000000e+001
    endloop
  endfacet
  facet normal  0.000000e+000  0.000000e+000 -1.000000e+000
    outer loop
      vertex -9.395942e+002  2.239670e+001  9.000000e+001
      vertex -8.966181e+002  2.213640e+001  9.000000e+001
      vertex -9.015781e+002  1.871277e+001  9.000000e+001
    endloop
  endfacet
  facet normal  0.000000e+000  0.000000e+000 -1.000000e+000
    outer loop
      vertex -9.395942e+002  2.239670e+001  9.000000e+001
      vertex -9.015781e+002  1.871277e+001  9.000000e+001
      vertex -9.412590e+002  2.030901e+001  9.000000e+001
    endloop
  endfacet
  facet normal  -0.000000e+000  0.000000e+000 -9.999999e-001
    outer loop
      vertex -9.412590e+002 -2.030901e+001  9.000000e+001
      vertex -8.966181e+002 -2.213640e+001  9.000000e+001
      vertex -9.395942e+002 -2.239670e+001  9.000000e+001
    endloop
  endfacet
  facet normal  0.000000e+000  0.000000e+000 -1.000000e+000
    outer loop
      vertex -9.395942e+002 -2.239670e+001  9.000000e+001
      vertex -8.966181e+002 -2.213640e+001  9.000000e+001
      vertex -8.909829e+002 -2.427355e+001  9.000000e+001
    endloop
  endfacet
  facet normal  -0.000000e+000  0.000000e+000 -9.999999e-001
    outer loop
      vertex -9.395942e+002 -2.239670e+001  9.000000e+001
      vertex -8.909829e+002 -2.427355e+001  9.000000e+001
      vertex -9.390000e+002 -2.500000e+001  9.000000e+001
    endloop
  endfacet
  facet normal  0.000000e+000  0.000000e+000 -1.000000e+000
    outer loop
      vertex -6.804058e+002  2.760330e+001  9.000000e+001
      vertex -6.810000e+002  2.500000e+001  9.000000e+001
      vertex -7.350000e+002  2.500000e+001  9.000000e+001
    endloop
  endfacet
  facet normal  0.000000e+000  0.000000e+000 -1.000000e+000
    outer loop
      vertex -7.350000e+002  2.500000e+001  9.000000e+001
      vertex -6.810000e+002  2.500000e+001  9.000000e+001
      vertex -6.804058e+002  2.239670e+001  9.000000e+001
    endloop
  endfacet
  facet normal  0.000000e+000  0.000000e+000 -1.000000e+000
    outer loop
      vertex -7.350000e+002  2.500000e+001  9.000000e+001
      vertex -6.804058e+002  2.239670e+001  9.000000e+001
      vertex -7.290171e+002  2.427355e+001  9.000000e+001
    endloop
  endfacet
  facet normal  0.000000e+000  0.000000e+000 -1.000000e+000
    outer loop
      vertex -7.144254e+002 -1.420162e+001  9.000000e+001
      vertex -6.763351e+002 -1.915043e+001  9.000000e+001
      vertex -7.184219e+002 -1.871277e+001  9.000000e+001
    endloop
  endfacet
  facet normal  0.000000e+000  0.000000e+000 -1.000000e+000
    outer loop
      vertex -7.184219e+002 -1.871277e+001  9.000000e+001
      vertex -6.763351e+002 -1.915043e+001  9.000000e+001
      vertex -6.787410e+002 -2.030901e+001  9.000000e+001
    endloop
  endfacet
  facet normal  -0.000000e+000  0.000000e+000 -1.000000e+000
    outer loop
      vertex -7.184219e+002 -1.871277e+001  9.000000e+001
      vertex -6.787410e+002 -2.030901e+001  9.000000e+001
      vertex -7.233819e+002 -2.213640e+001  9.000000e+001
    endloop
  endfacet
  facet normal  -0.000000e+000  0.000000e+000 -1.000000e+000
    outer loop
      vertex -7.290171e+002  2.427355e+001  9.000000e+001
      vertex -6.804058e+002  2.239670e+001  9.000000e+001
      vertex -7.233819e+002  2.213640e+001  9.000000e+001
    endloop
  endfacet
  facet normal  0.000000e+000  0.000000e+000 -9.999999e-001
    outer loop
      vertex -7.233819e+002  2.213640e+001  9.000000e+001
      vertex -6.804058e+002  2.239670e+001  9.000000e+001
      vertex -6.787410e+002  2.030901e+001  9.000000e+001
    endloop
  endfacet
  facet normal  -0.000000e+000  0.000000e+000 -1.000000e+000
    outer loop
      vertex -7.233819e+002  2.213640e+001  9.000000e+001
      vertex -6.787410e+002  2.030901e+001  9.000000e+001
      vertex -7.184219e+002  1.871277e+001  9.000000e+001
    endloop
  endfacet
  facet normal  0.000000e+000  0.000000e+000 -9.999999e-001
    outer loop
      vertex -6.787410e+002 -2.030901e+001  9.000000e+001
      vertex -6.804058e+002 -2.239670e+001  9.000000e+001
      vertex -7.233819e+002 -2.213640e+001  9.000000e+001
    endloop
  endfacet
  facet normal  0.000000e+000  0.000000e+000 -1.000000e+000
    outer loop
      vertex -7.233819e+002 -2.213640e+001  9.000000e+001
      vertex -6.804058e+002 -2.239670e+001  9.000000e+001
      vertex -6.810000e+002 -2.500000e+001  9.000000e+001
    endloop
  endfacet
  facet normal  0.000000e+000  0.000000e+000 -1.000000e+000
    outer loop
      vertex -7.233819e+002 -2.213640e+001  9.000000e+001
      vertex -6.810000e+002 -2.500000e+001  9.000000e+001
      vertex -7.290171e+002 -2.427355e+001  9.000000e+001
    endloop
  endfacet
  facet normal  0.000000e+000  0.000000e+000 -1.000000e+000
    outer loop
      vertex -6.695942e+002  2.760330e+001  9.000000e+001
      vertex -6.230134e+002  2.481772e+001  9.000000e+001
      vertex -6.690000e+002  2.500000e+001  9.000000e+001
    endloop
  endfacet
  facet normal  0.000000e+000  0.000000e+000 -1.000000e+000
    outer loop
      vertex -6.690000e+002  2.500000e+001  9.000000e+001
      vertex -6.230134e+002  2.481772e+001  9.000000e+001
      vertex -6.288651e+002  2.337541e+001  9.000000e+001
    endloop
  endfacet
  facet normal  -0.000000e+000  0.000000e+000 -1.000000e+000
    outer loop
      vertex -6.690000e+002  2.500000e+001  9.000000e+001
      vertex -6.288651e+002  2.337541e+001  9.000000e+001
      vertex -6.695942e+002  2.239670e+001  9.000000e+001
    endloop
  endfacet
  facet normal  0.000000e+000  0.000000e+000 -1.000000e+000
    outer loop
      vertex -6.695942e+002  2.239670e+001  9.000000e+001
      vertex -6.288651e+002  2.337541e+001  9.000000e+001
      vertex -6.342016e+002  2.057460e+001  9.000000e+001
    endloop
  endfacet
  facet normal  -0.000000e+000  0.000000e+000 -1.000000e+000
    outer loop
      vertex -6.695942e+002  2.239670e+001  9.000000e+001
      vertex -6.342016e+002  2.057460e+001  9.000000e+001
      vertex -6.712590e+002  2.030901e+001  9.000000e+001
    endloop
  endfacet
  facet normal  0.000000e+000  0.000000e+000 -1.000000e+000
    outer loop
      vertex -5.957264e+002  5.982892e+000  9.000000e+001
      vertex -5.978636e+002  1.161808e+001  9.000000e+001
      vertex -5.807686e+002  7.803613e+000  9.000000e+001
    endloop
  endfacet
  facet normal  0.000000e+000  0.000000e+000 -1.000000e+000
    outer loop
      vertex -5.807686e+002  7.803613e+000  9.000000e+001
      vertex -5.978636e+002  1.161808e+001  9.000000e+001
      vertex -6.012872e+002  1.657807e+001  9.000000e+001
    endloop
  endfacet
  facet normal  0.000000e+000  0.000000e+000 -1.000000e+000
    outer loop
      vertex -5.807686e+002  7.803613e+000  9.000000e+001
      vertex -6.012872e+002  1.657807e+001  9.000000e+001
      vertex -5.830448e+002  1.530734e+001  9.000000e+001
    endloop
  endfacet
  facet normal  0.000000e+000  -0.000000e+000 -9.999999e-001
    outer loop
      vertex -6.012872e+002 -1.657807e+001  9.000000e+001
      vertex -5.978636e+002 -1.161808e+001  9.000000e+001
      vertex -5.830448e+002 -1.530734e+001  9.000000e+001
    endloop
  endfacet
  facet normal  0.000000e+000  0.000000e+000 -1.000000e+000
    outer loop
      vertex -5.830448e+002 -1.530734e+001  9.000000e+001
      vertex -5.978636e+002 -1.161808e+001  9.000000e+001
      vertex -5.957264e+002 -5.982892e+000  9.000000e+001
    endloop
  endfacet
  facet normal  0.000000e+000  0.000000e+000 -1.000000e+000
    outer loop
      vertex -5.830448e+002 -1.530734e+001  9.000000e+001
      vertex -5.957264e+002 -5.982892e+000  9.000000e+001
      vertex -5.807686e+002 -7.803613e+000  9.000000e+001
    endloop
  endfacet
  facet normal  0.000000e+000  0.000000e+000 -1.000000e+000
    outer loop
      vertex -5.807686e+002 -7.803613e+000  9.000000e+001
      vertex -5.957264e+002 -5.982892e+000  9.000000e+001
      vertex -5.950000e+002  0.000000e+000  9.000000e+001
    endloop
  endfacet
  facet normal  0.000000e+000  0.000000e+000 -1.000000e+000
    outer loop
      vertex -5.807686e+002 -7.803613e+000  9.000000e+001
      vertex -5.950000e+002  0.000000e+000  9.000000e+001
      vertex -5.800000e+002 -9.796851e-015  9.000000e+001
    endloop
  endfacet
  facet normal  0.000000e+000  0.000000e+000 -1.000000e+000
    outer loop
      vertex -5.800000e+002 -9.796851e-015  9.000000e+001
      vertex -5.950000e+002  0.000000e+000  9.000000e+001
      vertex -5.957264e+002  5.982892e+000  9.000000e+001
    endloop
  endfacet
  facet normal  0.000000e+000  0.000000e+000 -1.000000e+000
    outer loop
      vertex -5.800000e+002 -9.796851e-015  9.000000e+001
      vertex -5.957264e+002  5.982892e+000  9.000000e+001
      vertex -5.807686e+002  7.803613e+000  9.000000e+001
    endloop
  endfacet
  facet normal  0.000000e+000  -0.000000e+000 -9.999999e-001
    outer loop
      vertex -6.111349e+002 -2.337541e+001  9.000000e+001
      vertex -6.057984e+002 -2.057460e+001  9.000000e+001
      vertex -5.867412e+002 -2.222281e+001  9.000000e+001
    endloop
  endfacet
  facet normal  0.000000e+000  0.000000e+000 -1.000000e+000
    outer loop
      vertex -5.867412e+002 -2.222281e+001  9.000000e+001
      vertex -6.057984e+002 -2.057460e+001  9.000000e+001
      vertex -6.012872e+002 -1.657807e+001  9.000000e+001
    endloop
  endfacet
  facet normal  0.000000e+000  0.000000e+000 -1.000000e+000
    outer loop
      vertex -5.867412e+002 -2.222281e+001  9.000000e+001
      vertex -6.012872e+002 -1.657807e+001  9.000000e+001
      vertex -5.830448e+002 -1.530734e+001  9.000000e+001
    endloop
  endfacet
  facet normal  0.000000e+000  0.000000e+000 -1.000000e+000
    outer loop
      vertex -6.111349e+002 -2.337541e+001  9.000000e+001
      vertex -5.867412e+002 -2.222281e+001  9.000000e+001
      vertex -6.169866e+002 -2.481772e+001  9.000000e+001
    endloop
  endfacet
  facet normal  0.000000e+000  0.000000e+000 -9.999999e-001
    outer loop
      vertex -6.169866e+002 -2.481772e+001  9.000000e+001
      vertex -5.867412e+002 -2.222281e+001  9.000000e+001
      vertex -5.917157e+002 -2.828427e+001  9.000000e+001
    endloop
  endfacet
  facet normal  9.749287e-001  2.225176e-001  -0.000000e+000
    outer loop
      vertex -6.690000e+002 -2.500000e+001  9.000000e+001
      vertex -6.690000e+002 -2.500000e+001  1.000000e+001
      vertex -6.695942e+002 -2.239670e+001  9.000000e+001
    endloop
  endfacet
  facet normal  9.749287e-001  2.225176e-001  0.000000e+000
    outer loop
      vertex -6.695942e+002 -2.239670e+001  9.000000e+001
      vertex -6.690000e+002 -2.500000e+001  1.000000e+001
      vertex -6.695942e+002 -2.239670e+001  1.000000e+001
    endloop
  endfacet
  facet normal  7.818348e-001  6.234855e-001  -0.000000e+000
    outer loop
      vertex -6.695942e+002 -2.239670e+001  9.000000e+001
      vertex -6.695942e+002 -2.239670e+001  1.000000e+001
      vertex -6.712590e+002 -2.030901e+001  9.000000e+001
    endloop
  endfacet
  facet normal  7.818348e-001  6.234855e-001  0.000000e+000
    outer loop
      vertex -6.712590e+002 -2.030901e+001  9.000000e+001
      vertex -6.695942e+002 -2.239670e+001  1.000000e+001
      vertex -6.712590e+002 -2.030901e+001  1.000000e+001
    endloop
  endfacet
  facet normal  4.338824e-001  9.009695e-001  -0.000000e+000
    outer loop
      vertex -6.712590e+002 -2.030901e+001  9.000000e+001
      vertex -6.712590e+002 -2.030901e+001  1.000000e+001
      vertex -6.736649e+002 -1.915043e+001  9.000000e+001
    endloop
  endfacet
  facet normal  4.338824e-001  9.009695e-001  0.000000e+000
    outer loop
      vertex -6.736649e+002 -1.915043e+001  9.000000e+001
      vertex -6.712590e+002 -2.030901e+001  1.000000e+001
      vertex -6.736649e+002 -1.915043e+001  1.000000e+001
    endloop
  endfacet
  facet normal  0.000000e+000  1.000000e+000  -0.000000e+000
    outer loop
      vertex -6.736649e+002 -1.915043e+001  9.000000e+001
      vertex -6.736649e+002 -1.915043e+001  1.000000e+001
      vertex -6.763351e+002 -1.915043e+001  9.000000e+001
    endloop
  endfacet
  facet normal  0.000000e+000  1.000000e+000  0.000000e+000
    outer loop
      vertex -6.763351e+002 -1.915043e+001  9.000000e+001
      vertex -6.736649e+002 -1.915043e+001  1.000000e+001
      vertex -6.763351e+002 -1.915043e+001  1.000000e+001
    endloop
  endfacet
  facet normal -4.338824e-001  9.009695e-001  0.000000e+000
    outer loop
      vertex -6.763351e+002 -1.915043e+001  9.000000e+001
      vertex -6.763351e+002 -1.915043e+001  1.000000e+001
      vertex -6.787410e+002 -2.030901e+001  9.000000e+001
    endloop
  endfacet
  facet normal -4.338824e-001  9.009695e-001  0.000000e+000
    outer loop
      vertex -6.787410e+002 -2.030901e+001  9.000000e+001
      vertex -6.763351e+002 -1.915043e+001  1.000000e+001
      vertex -6.787410e+002 -2.030901e+001  1.000000e+001
    endloop
  endfacet
  facet normal -7.818348e-001  6.234855e-001  0.000000e+000
    outer loop
      vertex -6.787410e+002 -2.030901e+001  9.000000e+001
      vertex -6.787410e+002 -2.030901e+001  1.000000e+001
      vertex -6.804058e+002 -2.239670e+001  9.000000e+001
    endloop
  endfacet
  facet normal -7.818348e-001  6.234855e-001  0.000000e+000
    outer loop
      vertex -6.804058e+002 -2.239670e+001  9.000000e+001
      vertex -6.787410e+002 -2.030901e+001  1.000000e+001
      vertex -6.804058e+002 -2.239670e+001  1.000000e+001
    endloop
  endfacet
  facet normal -9.749287e-001  2.225176e-001  0.000000e+000
    outer loop
      vertex -6.804058e+002 -2.239670e+001  9.000000e+001
      vertex -6.804058e+002 -2.239670e+001  1.000000e+001
      vertex -6.810000e+002 -2.500000e+001  9.000000e+001
    endloop
  endfacet
  facet normal -9.749287e-001  2.225176e-001  0.000000e+000
    outer loop
      vertex -6.810000e+002 -2.500000e+001  9.000000e+001
      vertex -6.804058e+002 -2.239670e+001  1.000000e+001
      vertex -6.810000e+002 -2.500000e+001  1.000000e+001
    endloop
  endfacet
  facet normal -9.749287e-001 -2.225176e-001  0.000000e+000
    outer loop
      vertex -6.810000e+002 -2.500000e+001  9.000000e+001
      vertex -6.810000e+002 -2.500000e+001  1.000000e+001
      vertex -6.804058e+002 -2.760330e+001  9.000000e+001
    endloop
  endfacet
  facet normal -9.749287e-001 -2.225176e-001  -0.000000e+000
    outer loop
      vertex -6.804058e+002 -2.760330e+001  9.000000e+001
      vertex -6.810000e+002 -2.500000e+001  1.000000e+001
      vertex -6.804058e+002 -2.760330e+001  1.000000e+001
    endloop
  endfacet
  facet normal -7.818348e-001 -6.234855e-001  0.000000e+000
    outer loop
      vertex -6.804058e+002 -2.760330e+001  9.000000e+001
      vertex -6.804058e+002 -2.760330e+001  1.000000e+001
      vertex -6.787410e+002 -2.969099e+001  9.000000e+001
    endloop
  endfacet
  facet normal -7.818348e-001 -6.234855e-001  -0.000000e+000
    outer loop
      vertex -6.787410e+002 -2.969099e+001  9.000000e+001
      vertex -6.804058e+002 -2.760330e+001  1.000000e+001
      vertex -6.787410e+002 -2.969099e+001  1.000000e+001
    endloop
  endfacet
  facet normal -4.338824e-001 -9.009695e-001  0.000000e+000
    outer loop
      vertex -6.787410e+002 -2.969099e+001  9.000000e+001
      vertex -6.787410e+002 -2.969099e+001  1.000000e+001
      vertex -6.763351e+002 -3.084957e+001  9.000000e+001
    endloop
  endfacet
  facet normal -4.338824e-001 -9.009695e-001  -0.000000e+000
    outer loop
      vertex -6.763351e+002 -3.084957e+001  9.000000e+001
      vertex -6.787410e+002 -2.969099e+001  1.000000e+001
      vertex -6.763351e+002 -3.084957e+001  1.000000e+001
    endloop
  endfacet
  facet normal  0.000000e+000 -1.000000e+000  0.000000e+000
    outer loop
      vertex -6.763351e+002 -3.084957e+001  9.000000e+001
      vertex -6.763351e+002 -3.084957e+001  1.000000e+001
      vertex -6.736649e+002 -3.084957e+001  9.000000e+001
    endloop
  endfacet
  facet normal  0.000000e+000 -1.000000e+000  -0.000000e+000
    outer loop
      vertex -6.736649e+002 -3.084957e+001  9.000000e+001
      vertex -6.763351e+002 -3.084957e+001  1.000000e+001
      vertex -6.736649e+002 -3.084957e+001  1.000000e+001
    endloop
  endfacet
  facet normal  4.338824e-001 -9.009695e-001  0.000000e+000
    outer loop
      vertex -6.736649e+002 -3.084957e+001  9.000000e+001
      vertex -6.736649e+002 -3.084957e+001  1.000000e+001
      vertex -6.712590e+002 -2.969099e+001  9.000000e+001
    endloop
  endfacet
  facet normal  4.338824e-001 -9.009695e-001  0.000000e+000
    outer loop
      vertex -6.712590e+002 -2.969099e+001  9.000000e+001
      vertex -6.736649e+002 -3.084957e+001  1.000000e+001
      vertex -6.712590e+002 -2.969099e+001  1.000000e+001
    endloop
  endfacet
  facet normal  7.818348e-001 -6.234855e-001  0.000000e+000
    outer loop
      vertex -6.712590e+002 -2.969099e+001  9.000000e+001
      vertex -6.712590e+002 -2.969099e+001  1.000000e+001
      vertex -6.695942e+002 -2.760330e+001  9.000000e+001
    endloop
  endfacet
  facet normal  7.818348e-001 -6.234855e-001  0.000000e+000
    outer loop
      vertex -6.695942e+002 -2.760330e+001  9.000000e+001
      vertex -6.712590e+002 -2.969099e+001  1.000000e+001
      vertex -6.695942e+002 -2.760330e+001  1.000000e+001
    endloop
  endfacet
  facet normal  9.749287e-001 -2.225176e-001  0.000000e+000
    outer loop
      vertex -6.695942e+002 -2.760330e+001  9.000000e+001
      vertex -6.695942e+002 -2.760330e+001  1.000000e+001
      vertex -6.690000e+002 -2.500000e+001  9.000000e+001
    endloop
  endfacet
  facet normal  9.749287e-001 -2.225176e-001  0.000000e+000
    outer loop
      vertex -6.690000e+002 -2.500000e+001  9.000000e+001
      vertex -6.695942e+002 -2.760330e+001  1.000000e+001
      vertex -6.690000e+002 -2.500000e+001  1.000000e+001
    endloop
  endfacet
  facet normal  9.749287e-001  2.225176e-001  -0.000000e+000
    outer loop
      vertex -6.690000e+002  2.500000e+001  9.000000e+001
      vertex -6.690000e+002  2.500000e+001  1.000000e+001
      vertex -6.695942e+002  2.760330e+001  9.000000e+001
    endloop
  endfacet
  facet normal  9.749287e-001  2.225176e-001  0.000000e+000
    outer loop
      vertex -6.695942e+002  2.760330e+001  9.000000e+001
      vertex -6.690000e+002  2.500000e+001  1.000000e+001
      vertex -6.695942e+002  2.760330e+001  1.000000e+001
    endloop
  endfacet
  facet normal  7.818348e-001  6.234855e-001  -0.000000e+000
    outer loop
      vertex -6.695942e+002  2.760330e+001  9.000000e+001
      vertex -6.695942e+002  2.760330e+001  1.000000e+001
      vertex -6.712590e+002  2.969099e+001  9.000000e+001
    endloop
  endfacet
  facet normal  7.818348e-001  6.234855e-001  0.000000e+000
    outer loop
      vertex -6.712590e+002  2.969099e+001  9.000000e+001
      vertex -6.695942e+002  2.760330e+001  1.000000e+001
      vertex -6.712590e+002  2.969099e+001  1.000000e+001
    endloop
  endfacet
  facet normal  4.338824e-001  9.009695e-001  -0.000000e+000
    outer loop
      vertex -6.712590e+002  2.969099e+001  9.000000e+001
      vertex -6.712590e+002  2.969099e+001  1.000000e+001
      vertex -6.736649e+002  3.084957e+001  9.000000e+001
    endloop
  endfacet
  facet normal  4.338824e-001  9.009695e-001  0.000000e+000
    outer loop
      vertex -6.736649e+002  3.084957e+001  9.000000e+001
      vertex -6.712590e+002  2.969099e+001  1.000000e+001
      vertex -6.736649e+002  3.084957e+001  1.000000e+001
    endloop
  endfacet
  facet normal  0.000000e+000  1.000000e+000  -0.000000e+000
    outer loop
      vertex -6.736649e+002  3.084957e+001  9.000000e+001
      vertex -6.736649e+002  3.084957e+001  1.000000e+001
      vertex -6.763351e+002  3.084957e+001  9.000000e+001
    endloop
  endfacet
  facet normal  0.000000e+000  1.000000e+000  0.000000e+000
    outer loop
      vertex -6.763351e+002  3.084957e+001  9.000000e+001
      vertex -6.736649e+002  3.084957e+001  1.000000e+001
      vertex -6.763351e+002  3.084957e+001  1.000000e+001
    endloop
  endfacet
  facet normal -4.338824e-001  9.009695e-001  0.000000e+000
    outer loop
      vertex -6.763351e+002  3.084957e+001  9.000000e+001
      vertex -6.763351e+002  3.084957e+001  1.000000e+001
      vertex -6.787410e+002  2.969099e+001  9.000000e+001
    endloop
  endfacet
  facet normal -4.338824e-001  9.009695e-001  0.000000e+000
    outer loop
      vertex -6.787410e+002  2.969099e+001  9.000000e+001
      vertex -6.763351e+002  3.084957e+001  1.000000e+001
      vertex -6.787410e+002  2.969099e+001  1.000000e+001
    endloop
  endfacet
  facet normal -7.818348e-001  6.234855e-001  0.000000e+000
    outer loop
      vertex -6.787410e+002  2.969099e+001  9.000000e+001
      vertex -6.787410e+002  2.969099e+001  1.000000e+001
      vertex -6.804058e+002  2.760330e+001  9.000000e+001
    endloop
  endfacet
  facet normal -7.818348e-001  6.234855e-001  0.000000e+000
    outer loop
      vertex -6.804058e+002  2.760330e+001  9.000000e+001
      vertex -6.787410e+002  2.969099e+001  1.000000e+001
      vertex -6.804058e+002  2.760330e+001  1.000000e+001
    endloop
  endfacet
  facet normal -9.749287e-001  2.225176e-001  0.000000e+000
    outer loop
      vertex -6.804058e+002  2.760330e+001  9.000000e+001
      vertex -6.804058e+002  2.760330e+001  1.000000e+001
      vertex -6.810000e+002  2.500000e+001  9.000000e+001
    endloop
  endfacet
  facet normal -9.749287e-001  2.225176e-001  0.000000e+000
    outer loop
      vertex -6.810000e+002  2.500000e+001  9.000000e+001
      vertex -6.804058e+002  2.760330e+001  1.000000e+001
      vertex -6.810000e+002  2.500000e+001  1.000000e+001
    endloop
  endfacet
  facet normal -9.749287e-001 -2.225176e-001  0.000000e+000
    outer loop
      vertex -6.810000e+002  2.500000e+001  9.000000e+001
      vertex -6.810000e+002  2.500000e+001  1.000000e+001
      vertex -6.804058e+002  2.239670e+001  9.000000e+001
    endloop
  endfacet
  facet normal -9.749287e-001 -2.225176e-001  -0.000000e+000
    outer loop
      vertex -6.804058e+002  2.239670e+001  9.000000e+001
      vertex -6.810000e+002  2.500000e+001  1.000000e+001
      vertex -6.804058e+002  2.239670e+001  1.000000e+001
    endloop
  endfacet
  facet normal -7.818348e-001 -6.234855e-001  0.000000e+000
    outer loop
      vertex -6.804058e+002  2.239670e+001  9.000000e+001
      vertex -6.804058e+002  2.239670e+001  1.000000e+001
      vertex -6.787410e+002  2.030901e+001  9.000000e+001
    endloop
  endfacet
  facet normal -7.818348e-001 -6.234855e-001  -0.000000e+000
    outer loop
      vertex -6.787410e+002  2.030901e+001  9.000000e+001
      vertex -6.804058e+002  2.239670e+001  1.000000e+001
      vertex -6.787410e+002  2.030901e+001  1.000000e+001
    endloop
  endfacet
  facet normal -4.338824e-001 -9.009695e-001  0.000000e+000
    outer loop
      vertex -6.787410e+002  2.030901e+001  9.000000e+001
      vertex -6.787410e+002  2.030901e+001  1.000000e+001
      vertex -6.763351e+002  1.915043e+001  9.000000e+001
    endloop
  endfacet
  facet normal -4.338824e-001 -9.009695e-001  -0.000000e+000
    outer loop
      vertex -6.763351e+002  1.915043e+001  9.000000e+001
      vertex -6.787410e+002  2.030901e+001  1.000000e+001
      vertex -6.763351e+002  1.915043e+001  1.000000e+001
    endloop
  endfacet
  facet normal  0.000000e+000 -1.000000e+000  0.000000e+000
    outer loop
      vertex -6.763351e+002  1.915043e+001  9.000000e+001
      vertex -6.763351e+002  1.915043e+001  1.000000e+001
      vertex -6.736649e+002  1.915043e+001  9.000000e+001
    endloop
  endfacet
  facet normal  0.000000e+000 -1.000000e+000  -0.000000e+000
    outer loop
      vertex -6.736649e+002  1.915043e+001  9.000000e+001
      vertex -6.763351e+002  1.915043e+001  1.000000e+001
      vertex -6.736649e+002  1.915043e+001  1.000000e+001
    endloop
  endfacet
  facet normal  4.338824e-001 -9.009695e-001  0.000000e+000
    outer loop
      vertex -6.736649e+002  1.915043e+001  9.000000e+001
      vertex -6.736649e+002  1.915043e+001  1.000000e+001
      vertex -6.712590e+002  2.030901e+001  9.000000e+001
    endloop
  endfacet
  facet normal  4.338824e-001 -9.009695e-001  0.000000e+000
    outer loop
      vertex -6.712590e+002  2.030901e+001  9.000000e+001
      vertex -6.736649e+002  1.915043e+001  1.000000e+001
      vertex -6.712590e+002  2.030901e+001  1.000000e+001
    endloop
  endfacet
  facet normal  7.818348e-001 -6.234855e-001  0.000000e+000
    outer loop
      vertex -6.712590e+002  2.030901e+001  9.000000e+001
      vertex -6.712590e+002  2.030901e+001  1.000000e+001
      vertex -6.695942e+002  2.239670e+001  9.000000e+001
    endloop
  endfacet
  facet normal  7.818348e-001 -6.234855e-001  0.000000e+000
    outer loop
      vertex -6.695942e+002  2.239670e+001  9.000000e+001
      vertex -6.712590e+002  2.030901e+001  1.000000e+001
      vertex -6.695942e+002  2.239670e+001  1.000000e+001
    endloop
  endfacet
  facet normal  9.749287e-001 -2.225176e-001  0.000000e+000
    outer loop
      vertex -6.695942e+002  2.239670e+001  9.000000e+001
      vertex -6.695942e+002  2.239670e+001  1.000000e+001
      vertex -6.690000e+002  2.500000e+001  9.000000e+001
    endloop
  endfacet
  facet normal  9.749287e-001 -2.225176e-001  0.000000e+000
    outer loop
      vertex -6.690000e+002  2.500000e+001  9.000000e+001
      vertex -6.695942e+002  2.239670e+001  1.000000e+001
      vertex -6.690000e+002  2.500000e+001  1.000000e+001
    endloop
  endfacet
  facet normal -9.749287e-001  2.225176e-001  0.000000e+000
    outer loop
      vertex -9.510000e+002 -2.500000e+001  1.000000e+001
      vertex -9.510000e+002 -2.500000e+001  9.000000e+001
      vertex -9.504058e+002 -2.239670e+001  1.000000e+001
    endloop
  endfacet
  facet normal -9.749287e-001  2.225176e-001  0.000000e+000
    outer loop
      vertex -9.504058e+002 -2.239670e+001  1.000000e+001
      vertex -9.510000e+002 -2.500000e+001  9.000000e+001
      vertex -9.504058e+002 -2.239670e+001  9.000000e+001
    endloop
  endfacet
  facet normal -7.818348e-001  6.234855e-001  0.000000e+000
    outer loop
      vertex -9.504058e+002 -2.239670e+001  1.000000e+001
      vertex -9.504058e+002 -2.239670e+001  9.000000e+001
      vertex -9.487410e+002 -2.030901e+001  1.000000e+001
    endloop
  endfacet
  facet normal -7.818348e-001  6.234855e-001  0.000000e+000
    outer loop
      vertex -9.487410e+002 -2.030901e+001  1.000000e+001
      vertex -9.504058e+002 -2.239670e+001  9.000000e+001
      vertex -9.487410e+002 -2.030901e+001  9.000000e+001
    endloop
  endfacet
  facet normal -4.338824e-001  9.009695e-001  0.000000e+000
    outer loop
      vertex -9.487410e+002 -2.030901e+001  1.000000e+001
      vertex -9.487410e+002 -2.030901e+001  9.000000e+001
      vertex -9.463351e+002 -1.915043e+001  1.000000e+001
    endloop
  endfacet
  facet normal -4.338824e-001  9.009695e-001  0.000000e+000
    outer loop
      vertex -9.463351e+002 -1.915043e+001  1.000000e+001
      vertex -9.487410e+002 -2.030901e+001  9.000000e+001
      vertex -9.463351e+002 -1.915043e+001  9.000000e+001
    endloop
  endfacet
  facet normal  0.000000e+000  1.000000e+000  0.000000e+000
    outer loop
      vertex -9.463351e+002 -1.915043e+001  1.000000e+001
      vertex -9.463351e+002 -1.915043e+001  9.000000e+001
      vertex -9.436649e+002 -1.915043e+001  1.000000e+001
    endloop
  endfacet
  facet normal  0.000000e+000  1.000000e+000  -0.000000e+000
    outer loop
      vertex -9.436649e+002 -1.915043e+001  1.000000e+001
      vertex -9.463351e+002 -1.915043e+001  9.000000e+001
      vertex -9.436649e+002 -1.915043e+001  9.000000e+001
    endloop
  endfacet
  facet normal  4.338824e-001  9.009695e-001  0.000000e+000
    outer loop
      vertex -9.436649e+002 -1.915043e+001  1.000000e+001
      vertex -9.436649e+002 -1.915043e+001  9.000000e+001
      vertex -9.412590e+002 -2.030901e+001  1.000000e+001
    endloop
  endfacet
  facet normal  4.338824e-001  9.009695e-001  -0.000000e+000
    outer loop
      vertex -9.412590e+002 -2.030901e+001  1.000000e+001
      vertex -9.436649e+002 -1.915043e+001  9.000000e+001
      vertex -9.412590e+002 -2.030901e+001  9.000000e+001
    endloop
  endfacet
  facet normal  7.818348e-001  6.234855e-001  0.000000e+000
    outer loop
      vertex -9.412590e+002 -2.030901e+001  1.000000e+001
      vertex -9.412590e+002 -2.030901e+001  9.000000e+001
      vertex -9.395942e+002 -2.239670e+001  1.000000e+001
    endloop
  endfacet
  facet normal  7.818348e-001  6.234855e-001  -0.000000e+000
    outer loop
      vertex -9.395942e+002 -2.239670e+001  1.000000e+001
      vertex -9.412590e+002 -2.030901e+001  9.000000e+001
      vertex -9.395942e+002 -2.239670e+001  9.000000e+001
    endloop
  endfacet
  facet normal  9.749287e-001  2.225176e-001  0.000000e+000
    outer loop
      vertex -9.395942e+002 -2.239670e+001  1.000000e+001
      vertex -9.395942e+002 -2.239670e+001  9.000000e+001
      vertex -9.390000e+002 -2.500000e+001  1.000000e+001
    endloop
  endfacet
  facet normal  9.749287e-001  2.225176e-001  -0.000000e+000
    outer loop
      vertex -9.390000e+002 -2.500000e+001  1.000000e+001
      vertex -9.395942e+002 -2.239670e+001  9.000000e+001
      vertex -9.390000e+002 -2.500000e+001  9.000000e+001
    endloop
  endfacet
  facet normal  9.749287e-001 -2.225176e-001  0.000000e+000
    outer loop
      vertex -9.390000e+002 -2.500000e+001  1.000000e+001
      vertex -9.390000e+002 -2.500000e+001  9.000000e+001
      vertex -9.395942e+002 -2.760330e+001  1.000000e+001
    endloop
  endfacet
  facet normal  9.749287e-001 -2.225176e-001  0.000000e+000
    outer loop
      vertex -9.395942e+002 -2.760330e+001  1.000000e+001
      vertex -9.390000e+002 -2.500000e+001  9.000000e+001
      vertex -9.395942e+002 -2.760330e+001  9.000000e+001
    endloop
  endfacet
  facet normal  7.818348e-001 -6.234855e-001  0.000000e+000
    outer loop
      vertex -9.395942e+002 -2.760330e+001  1.000000e+001
      vertex -9.395942e+002 -2.760330e+001  9.000000e+001
      vertex -9.412590e+002 -2.969099e+001  1.000000e+001
    endloop
  endfacet
  facet normal  7.818348e-001 -6.234855e-001  0.000000e+000
    outer loop
      vertex -9.412590e+002 -2.969099e+001  1.000000e+001
      vertex -9.395942e+002 -2.760330e+001  9.000000e+001
      vertex -9.412590e+002 -2.969099e+001  9.000000e+001
    endloop
  endfacet
  facet normal  4.338824e-001 -9.009695e-001  0.000000e+000
    outer loop
      vertex -9.412590e+002 -2.969099e+001  1.000000e+001
      vertex -9.412590e+002 -2.969099e+001  9.000000e+001
      vertex -9.436649e+002 -3.084957e+001  1.000000e+001
    endloop
  endfacet
  facet normal  4.338824e-001 -9.009695e-001  0.000000e+000
    outer loop
      vertex -9.436649e+002 -3.084957e+001  1.000000e+001
      vertex -9.412590e+002 -2.969099e+001  9.000000e+001
      vertex -9.436649e+002 -3.084957e+001  9.000000e+001
    endloop
  endfacet
  facet normal  0.000000e+000 -1.000000e+000  -0.000000e+000
    outer loop
      vertex -9.436649e+002 -3.084957e+001  1.000000e+001
      vertex -9.436649e+002 -3.084957e+001  9.000000e+001
      vertex -9.463351e+002 -3.084957e+001  1.000000e+001
    endloop
  endfacet
  facet normal  0.000000e+000 -1.000000e+000  0.000000e+000
    outer loop
      vertex -9.463351e+002 -3.084957e+001  1.000000e+001
      vertex -9.436649e+002 -3.084957e+001  9.000000e+001
      vertex -9.463351e+002 -3.084957e+001  9.000000e+001
    endloop
  endfacet
  facet normal -4.338824e-001 -9.009695e-001  -0.000000e+000
    outer loop
      vertex -9.463351e+002 -3.084957e+001  1.000000e+001
      vertex -9.463351e+002 -3.084957e+001  9.000000e+001
      vertex -9.487410e+002 -2.969099e+001  1.000000e+001
    endloop
  endfacet
  facet normal -4.338824e-001 -9.009695e-001  0.000000e+000
    outer loop
      vertex -9.487410e+002 -2.969099e+001  1.000000e+001
      vertex -9.463351e+002 -3.084957e+001  9.000000e+001
      vertex -9.487410e+002 -2.969099e+001  9.000000e+001
    endloop
  endfacet
  facet normal -7.818348e-001 -6.234855e-001  -0.000000e+000
    outer loop
      vertex -9.487410e+002 -2.969099e+001  1.000000e+001
      vertex -9.487410e+002 -2.969099e+001  9.000000e+001
      vertex -9.504058e+002 -2.760330e+001  1.000000e+001
    endloop
  endfacet
  facet normal -7.818348e-001 -6.234855e-001  0.000000e+000
    outer loop
      vertex -9.504058e+002 -2.760330e+001  1.000000e+001
      vertex -9.487410e+002 -2.969099e+001  9.000000e+001
      vertex -9.504058e+002 -2.760330e+001  9.000000e+001
    endloop
  endfacet
  facet normal -9.749287e-001 -2.225176e-001  -0.000000e+000
    outer loop
      vertex -9.504058e+002 -2.760330e+001  1.000000e+001
      vertex -9.504058e+002 -2.760330e+001  9.000000e+001
      vertex -9.510000e+002 -2.500000e+001  1.000000e+001
    endloop
  endfacet
  facet normal -9.749287e-001 -2.225176e-001  0.000000e+000
    outer loop
      vertex -9.510000e+002 -2.500000e+001  1.000000e+001
      vertex -9.504058e+002 -2.760330e+001  9.000000e+001
      vertex -9.510000e+002 -2.500000e+001  9.000000e+001
    endloop
  endfacet
  facet normal -9.749287e-001  2.225176e-001  0.000000e+000
    outer loop
      vertex -9.510000e+002  2.500000e+001  1.000000e+001
      vertex -9.510000e+002  2.500000e+001  9.000000e+001
      vertex -9.504058e+002  2.760330e+001  1.000000e+001
    endloop
  endfacet
  facet normal -9.749287e-001  2.225176e-001  0.000000e+000
    outer loop
      vertex -9.504058e+002  2.760330e+001  1.000000e+001
      vertex -9.510000e+002  2.500000e+001  9.000000e+001
      vertex -9.504058e+002  2.760330e+001  9.000000e+001
    endloop
  endfacet
  facet normal -7.818348e-001  6.234855e-001  0.000000e+000
    outer loop
      vertex -9.504058e+002  2.760330e+001  1.000000e+001
      vertex -9.504058e+002  2.760330e+001  9.000000e+001
      vertex -9.487410e+002  2.969099e+001  1.000000e+001
    endloop
  endfacet
  facet normal -7.818348e-001  6.234855e-001  0.000000e+000
    outer loop
      vertex -9.487410e+002  2.969099e+001  1.000000e+001
      vertex -9.504058e+002  2.760330e+001  9.000000e+001
      vertex -9.487410e+002  2.969099e+001  9.000000e+001
    endloop
  endfacet
  facet normal -4.338824e-001  9.009695e-001  0.000000e+000
    outer loop
      vertex -9.487410e+002  2.969099e+001  1.000000e+001
      vertex -9.487410e+002  2.969099e+001  9.000000e+001
      vertex -9.463351e+002  3.084957e+001  1.000000e+001
    endloop
  endfacet
  facet normal -4.338824e-001  9.009695e-001  0.000000e+000
    outer loop
      vertex -9.463351e+002  3.084957e+001  1.000000e+001
      vertex -9.487410e+002  2.969099e+001  9.000000e+001
      vertex -9.463351e+002  3.084957e+001  9.000000e+001
    endloop
  endfacet
  facet normal  0.000000e+000  1.000000e+000  0.000000e+000
    outer loop
      vertex -9.463351e+002  3.084957e+001  1.000000e+001
      vertex -9.463351e+002  3.084957e+001  9.000000e+001
      vertex -9.436649e+002  3.084957e+001  1.000000e+001
    endloop
  endfacet
  facet normal  0.000000e+000  1.000000e+000  -0.000000e+000
    outer loop
      vertex -9.436649e+002  3.084957e+001  1.000000e+001
      vertex -9.463351e+002  3.084957e+001  9.000000e+001
      vertex -9.436649e+002  3.084957e+001  9.000000e+001
    endloop
  endfacet
  facet normal  4.338824e-001  9.009695e-001  0.000000e+000
    outer loop
      vertex -9.436649e+002  3.084957e+001  1.000000e+001
      vertex -9.436649e+002  3.084957e+001  9.000000e+001
      vertex -9.412590e+002  2.969099e+001  1.000000e+001
    endloop
  endfacet
  facet normal  4.338824e-001  9.009695e-001  -0.000000e+000
    outer loop
      vertex -9.412590e+002  2.969099e+001  1.000000e+001
      vertex -9.436649e+002  3.084957e+001  9.000000e+001
      vertex -9.412590e+002  2.969099e+001  9.000000e+001
    endloop
  endfacet
  facet normal  7.818348e-001  6.234855e-001  0.000000e+000
    outer loop
      vertex -9.412590e+002  2.969099e+001  1.000000e+001
      vertex -9.412590e+002  2.969099e+001  9.000000e+001
      vertex -9.395942e+002  2.760330e+001  1.000000e+001
    endloop
  endfacet
  facet normal  7.818348e-001  6.234855e-001  -0.000000e+000
    outer loop
      vertex -9.395942e+002  2.760330e+001  1.000000e+001
      vertex -9.412590e+002  2.969099e+001  9.000000e+001
      vertex -9.395942e+002  2.760330e+001  9.000000e+001
    endloop
  endfacet
  facet normal  9.749287e-001  2.225176e-001  0.000000e+000
    outer loop
      vertex -9.395942e+002  2.760330e+001  1.000000e+001
      vertex -9.395942e+002  2.760330e+001  9.000000e+001
      vertex -9.390000e+002  2.500000e+001  1.000000e+001
    endloop
  endfacet
  facet normal  9.749287e-001  2.225176e-001  -0.000000e+000
    outer loop
      vertex -9.390000e+002  2.500000e+001  1.000000e+001
      vertex -9.395942e+002  2.760330e+001  9.000000e+001
      vertex -9.390000e+002  2.500000e+001  9.000000e+001
    endloop
  endfacet
  facet normal  9.749287e-001 -2.225176e-001  0.000000e+000
    outer loop
      vertex -9.390000e+002  2.500000e+001  1.000000e+001
      vertex -9.390000e+002  2.500000e+001  9.000000e+001
      vertex -9.395942e+002  2.239670e+001  1.000000e+001
    endloop
  endfacet
  facet normal  9.749287e-001 -2.225176e-001  0.000000e+000
    outer loop
      vertex -9.395942e+002  2.239670e+001  1.000000e+001
      vertex -9.390000e+002  2.500000e+001  9.000000e+001
      vertex -9.395942e+002  2.239670e+001  9.000000e+001
    endloop
  endfacet
  facet normal  7.818348e-001 -6.234855e-001  0.000000e+000
    outer loop
      vertex -9.395942e+002  2.239670e+001  1.000000e+001
      vertex -9.395942e+002  2.239670e+001  9.000000e+001
      vertex -9.412590e+002  2.030901e+001  1.000000e+001
    endloop
  endfacet
  facet normal  7.818348e-001 -6.234855e-001  0.000000e+000
    outer loop
      vertex -9.412590e+002  2.030901e+001  1.000000e+001
      vertex -9.395942e+002  2.239670e+001  9.000000e+001
      vertex -9.412590e+002  2.030901e+001  9.000000e+001
    endloop
  endfacet
  facet normal  4.338824e-001 -9.009695e-001  0.000000e+000
    outer loop
      vertex -9.412590e+002  2.030901e+001  1.000000e+001
      vertex -9.412590e+002  2.030901e+001  9.000000e+001
      vertex -9.436649e+002  1.915043e+001  1.000000e+001
    endloop
  endfacet
  facet normal  4.338824e-001 -9.009695e-001  0.000000e+000
    outer loop
      vertex -9.436649e+002  1.915043e+001  1.000000e+001
      vertex -9.412590e+002  2.030901e+001  9.000000e+001
      vertex -9.436649e+002  1.915043e+001  9.000000e+001
    endloop
  endfacet
  facet normal  0.000000e+000 -1.000000e+000  -0.000000e+000
    outer loop
      vertex -9.436649e+002  1.915043e+001  1.000000e+001
      vertex -9.436649e+002  1.915043e+001  9.000000e+001
      vertex -9.463351e+002  1.915043e+001  1.000000e+001
    endloop
  endfacet
  facet normal  0.000000e+000 -1.000000e+000  0.000000e+000
    outer loop
      vertex -9.463351e+002  1.915043e+001  1.000000e+001
      vertex -9.436649e+002  1.915043e+001  9.000000e+001
      vertex -9.463351e+002  1.915043e+001  9.000000e+001
    endloop
  endfacet
  facet normal -4.338824e-001 -9.009695e-001  -0.000000e+000
    outer loop
      vertex -9.463351e+002  1.915043e+001  1.000000e+001
      vertex -9.463351e+002  1.915043e+001  9.000000e+001
      vertex -9.487410e+002  2.030901e+001  1.000000e+001
    endloop
  endfacet
  facet normal -4.338824e-001 -9.009695e-001  0.000000e+000
    outer loop
      vertex -9.487410e+002  2.030901e+001  1.000000e+001
      vertex -9.463351e+002  1.915043e+001  9.000000e+001
      vertex -9.487410e+002  2.030901e+001  9.000000e+001
    endloop
  endfacet
  facet normal -7.818348e-001 -6.234855e-001  -0.000000e+000
    outer loop
      vertex -9.487410e+002  2.030901e+001  1.000000e+001
      vertex -9.487410e+002  2.030901e+001  9.000000e+001
      vertex -9.504058e+002  2.239670e+001  1.000000e+001
    endloop
  endfacet
  facet normal -7.818348e-001 -6.234855e-001  0.000000e+000
    outer loop
      vertex -9.504058e+002  2.239670e+001  1.000000e+001
      vertex -9.487410e+002  2.030901e+001  9.000000e+001
      vertex -9.504058e+002  2.239670e+001  9.000000e+001
    endloop
  endfacet
  facet normal -9.749287e-001 -2.225176e-001  -0.000000e+000
    outer loop
      vertex -9.504058e+002  2.239670e+001  1.000000e+001
      vertex -9.504058e+002  2.239670e+001  9.000000e+001
      vertex -9.510000e+002  2.500000e+001  1.000000e+001
    endloop
  endfacet
  facet normal -9.749287e-001 -2.225176e-001  0.000000e+000
    outer loop
      vertex -9.510000e+002  2.500000e+001  1.000000e+001
      vertex -9.504058e+002  2.239670e+001  9.000000e+001
      vertex -9.510000e+002  2.500000e+001  9.000000e+001
    endloop
  endfacet
  facet normal  9.709416e-001  2.393166e-001  0.000000e+000
    outer loop
      vertex -9.098177e+002 -3.013417e+000  9.000000e+001
      vertex -9.083754e+002 -8.865122e+000  1.000000e+002
      vertex -9.083754e+002 -8.865122e+000  9.000000e+001
    endloop
  endfacet
  facet normal  8.854538e-001  4.647275e-001  -0.000000e+000
    outer loop
      vertex -9.083754e+002 -8.865122e+000  9.000000e+001
      vertex -9.083754e+002 -8.865122e+000  1.000000e+002
      vertex -9.055746e+002 -1.420162e+001  1.000000e+002
    endloop
  endfacet
  facet normal  8.854538e-001  4.647275e-001  0.000000e+000
    outer loop
      vertex -9.083754e+002 -8.865122e+000  9.000000e+001
      vertex -9.055746e+002 -1.420162e+001  1.000000e+002
      vertex -9.055746e+002 -1.420162e+001  9.000000e+001
    endloop
  endfacet
  facet normal  7.485115e-001  6.631218e-001  -0.000000e+000
    outer loop
      vertex -9.055746e+002 -1.420162e+001  9.000000e+001
      vertex -9.055746e+002 -1.420162e+001  1.000000e+002
      vertex -9.015781e+002 -1.871277e+001  1.000000e+002
    endloop
  endfacet
  facet normal  7.485115e-001  6.631218e-001  0.000000e+000
    outer loop
      vertex -9.055746e+002 -1.420162e+001  9.000000e+001
      vertex -9.015781e+002 -1.871277e+001  1.000000e+002
      vertex -9.015781e+002 -1.871277e+001  9.000000e+001
    endloop
  endfacet
  facet normal  5.680668e-001  8.229825e-001  -0.000000e+000
    outer loop
      vertex -9.015781e+002 -1.871277e+001  9.000000e+001
      vertex -9.015781e+002 -1.871277e+001  1.000000e+002
      vertex -8.966181e+002 -2.213640e+001  1.000000e+002
    endloop
  endfacet
  facet normal  5.680668e-001  8.229825e-001  0.000000e+000
    outer loop
      vertex -9.015781e+002 -1.871277e+001  9.000000e+001
      vertex -8.966181e+002 -2.213640e+001  1.000000e+002
      vertex -8.966181e+002 -2.213640e+001  9.000000e+001
    endloop
  endfacet
  facet normal  3.546048e-001  9.350163e-001  -0.000000e+000
    outer loop
      vertex -8.966181e+002 -2.213640e+001  9.000000e+001
      vertex -8.966181e+002 -2.213640e+001  1.000000e+002
      vertex -8.909829e+002 -2.427355e+001  1.000000e+002
    endloop
  endfacet
  facet normal  3.546048e-001  9.350163e-001  0.000000e+000
    outer loop
      vertex -8.966181e+002 -2.213640e+001  9.000000e+001
      vertex -8.909829e+002 -2.427355e+001  1.000000e+002
      vertex -8.909829e+002 -2.427355e+001  9.000000e+001
    endloop
  endfacet
  facet normal  1.205362e-001  9.927089e-001  -0.000000e+000
    outer loop
      vertex -8.909829e+002 -2.427355e+001  9.000000e+001
      vertex -8.909829e+002 -2.427355e+001  1.000000e+002
      vertex -8.850000e+002 -2.500000e+001  1.000000e+002
    endloop
  endfacet
  facet normal  1.205362e-001  9.927089e-001  0.000000e+000
    outer loop
      vertex -8.909829e+002 -2.427355e+001  9.000000e+001
      vertex -8.850000e+002 -2.500000e+001  1.000000e+002
      vertex -8.850000e+002 -2.500000e+001  9.000000e+001
    endloop
  endfacet
  facet normal  9.709416e-001  2.393166e-001  -0.000000e+000
    outer loop
      vertex -9.083754e+002 -8.865122e+000  1.000000e+002
      vertex -9.098177e+002 -3.013417e+000  9.000000e+001
      vertex -9.098177e+002 -3.013417e+000  1.000000e+002
    endloop
  endfacet
  facet normal  1.000000e+000  0.000000e+000  0.000000e+000
    outer loop
      vertex -9.098177e+002 -3.013417e+000  1.000000e+002
      vertex -9.098177e+002 -3.013417e+000  9.000000e+001
      vertex -9.098177e+002  3.013417e+000  9.000000e+001
    endloop
  endfacet
  facet normal  1.000000e+000  0.000000e+000  -0.000000e+000
    outer loop
      vertex -9.098177e+002 -3.013417e+000  1.000000e+002
      vertex -9.098177e+002  3.013417e+000  9.000000e+001
      vertex -9.098177e+002  3.013417e+000  1.000000e+002
    endloop
  endfacet
  facet normal  9.709416e-001 -2.393166e-001  0.000000e+000
    outer loop
      vertex -9.098177e+002  3.013417e+000  1.000000e+002
      vertex -9.098177e+002  3.013417e+000  9.000000e+001
      vertex -9.083754e+002  8.865122e+000  9.000000e+001
    endloop
  endfacet
  facet normal  9.709416e-001 -2.393166e-001  0.000000e+000
    outer loop
      vertex -9.098177e+002  3.013417e+000  1.000000e+002
      vertex -9.083754e+002  8.865122e+000  9.000000e+001
      vertex -9.083754e+002  8.865122e+000  1.000000e+002
    endloop
  endfacet
  facet normal  8.854538e-001 -4.647275e-001  0.000000e+000
    outer loop
      vertex -9.083754e+002  8.865122e+000  1.000000e+002
      vertex -9.083754e+002  8.865122e+000  9.000000e+001
      vertex -9.055746e+002  1.420162e+001  9.000000e+001
    endloop
  endfacet
  facet normal  8.854538e-001 -4.647275e-001  0.000000e+000
    outer loop
      vertex -9.083754e+002  8.865122e+000  1.000000e+002
      vertex -9.055746e+002  1.420162e+001  9.000000e+001
      vertex -9.055746e+002  1.420162e+001  1.000000e+002
    endloop
  endfacet
  facet normal  7.485115e-001 -6.631218e-001  0.000000e+000
    outer loop
      vertex -9.055746e+002  1.420162e+001  1.000000e+002
      vertex -9.055746e+002  1.420162e+001  9.000000e+001
      vertex -9.015781e+002  1.871277e+001  9.000000e+001
    endloop
  endfacet
  facet normal  7.485115e-001 -6.631218e-001  0.000000e+000
    outer loop
      vertex -9.055746e+002  1.420162e+001  1.000000e+002
      vertex -9.015781e+002  1.871277e+001  9.000000e+001
      vertex -9.015781e+002  1.871277e+001  1.000000e+002
    endloop
  endfacet
  facet normal  5.680668e-001 -8.229825e-001  0.000000e+000
    outer loop
      vertex -9.015781e+002  1.871277e+001  1.000000e+002
      vertex -9.015781e+002  1.871277e+001  9.000000e+001
      vertex -8.966181e+002  2.213640e+001  9.000000e+001
    endloop
  endfacet
  facet normal  5.680668e-001 -8.229825e-001  0.000000e+000
    outer loop
      vertex -9.015781e+002  1.871277e+001  1.000000e+002
      vertex -8.966181e+002  2.213640e+001  9.000000e+001
      vertex -8.966181e+002  2.213640e+001  1.000000e+002
    endloop
  endfacet
  facet normal  3.546048e-001 -9.350163e-001  0.000000e+000
    outer loop
      vertex -8.966181e+002  2.213640e+001  1.000000e+002
      vertex -8.966181e+002  2.213640e+001  9.000000e+001
      vertex -8.909829e+002  2.427355e+001  9.000000e+001
    endloop
  endfacet
  facet normal  3.546048e-001 -9.350163e-001  0.000000e+000
    outer loop
      vertex -8.966181e+002  2.213640e+001  1.000000e+002
      vertex -8.909829e+002  2.427355e+001  9.000000e+001
      vertex -8.909829e+002  2.427355e+001  1.000000e+002
    endloop
  endfacet
  facet normal  1.205362e-001 -9.927089e-001  0.000000e+000
    outer loop
      vertex -8.909829e+002  2.427355e+001  1.000000e+002
      vertex -8.909829e+002  2.427355e+001  9.000000e+001
      vertex -8.850000e+002  2.500000e+001  9.000000e+001
    endloop
  endfacet
  facet normal  1.205362e-001 -9.927089e-001  0.000000e+000
    outer loop
      vertex -8.909829e+002  2.427355e+001  1.000000e+002
      vertex -8.850000e+002  2.500000e+001  9.000000e+001
      vertex -8.850000e+002  2.500000e+001  1.000000e+002
    endloop
  endfacet
  facet normal  0.000000e+000  1.000000e+000  -0.000000e+000
    outer loop
      vertex -7.350000e+002 -2.500000e+001  1.000000e+002
      vertex -7.350000e+002 -2.500000e+001  9.000000e+001
      vertex -8.850000e+002 -2.500000e+001  1.000000e+002
    endloop
  endfacet
  facet normal  0.000000e+000  1.000000e+000  0.000000e+000
    outer loop
      vertex -8.850000e+002 -2.500000e+001  1.000000e+002
      vertex -7.350000e+002 -2.500000e+001  9.000000e+001
      vertex -8.850000e+002 -2.500000e+001  9.000000e+001
    endloop
  endfacet
  facet normal -9.709416e-001 -2.393166e-001  -0.000000e+000
    outer loop
      vertex -7.101823e+002  3.013417e+000  9.000000e+001
      vertex -7.116246e+002  8.865122e+000  1.000000e+002
      vertex -7.116246e+002  8.865122e+000  9.000000e+001
    endloop
  endfacet
  facet normal -8.854538e-001 -4.647275e-001  0.000000e+000
    outer loop
      vertex -7.116246e+002  8.865122e+000  9.000000e+001
      vertex -7.116246e+002  8.865122e+000  1.000000e+002
      vertex -7.144254e+002  1.420162e+001  1.000000e+002
    endloop
  endfacet
  facet normal -8.854538e-001 -4.647275e-001  -0.000000e+000
    outer loop
      vertex -7.116246e+002  8.865122e+000  9.000000e+001
      vertex -7.144254e+002  1.420162e+001  1.000000e+002
      vertex -7.144254e+002  1.420162e+001  9.000000e+001
    endloop
  endfacet
  facet normal -7.485115e-001 -6.631218e-001  0.000000e+000
    outer loop
      vertex -7.144254e+002  1.420162e+001  9.000000e+001
      vertex -7.144254e+002  1.420162e+001  1.000000e+002
      vertex -7.184219e+002  1.871277e+001  1.000000e+002
    endloop
  endfacet
  facet normal -7.485115e-001 -6.631218e-001  -0.000000e+000
    outer loop
      vertex -7.144254e+002  1.420162e+001  9.000000e+001
      vertex -7.184219e+002  1.871277e+001  1.000000e+002
      vertex -7.184219e+002  1.871277e+001  9.000000e+001
    endloop
  endfacet
  facet normal -5.680668e-001 -8.229825e-001  0.000000e+000
    outer loop
      vertex -7.184219e+002  1.871277e+001  9.000000e+001
      vertex -7.184219e+002  1.871277e+001  1.000000e+002
      vertex -7.233819e+002  2.213640e+001  1.000000e+002
    endloop
  endfacet
  facet normal -5.680668e-001 -8.229825e-001  -0.000000e+000
    outer loop
      vertex -7.184219e+002  1.871277e+001  9.000000e+001
      vertex -7.233819e+002  2.213640e+001  1.000000e+002
      vertex -7.233819e+002  2.213640e+001  9.000000e+001
    endloop
  endfacet
  facet normal -3.546048e-001 -9.350163e-001  0.000000e+000
    outer loop
      vertex -7.233819e+002  2.213640e+001  9.000000e+001
      vertex -7.233819e+002  2.213640e+001  1.000000e+002
      vertex -7.290171e+002  2.427355e+001  1.000000e+002
    endloop
  endfacet
  facet normal -3.546048e-001 -9.350163e-001  -0.000000e+000
    outer loop
      vertex -7.233819e+002  2.213640e+001  9.000000e+001
      vertex -7.290171e+002  2.427355e+001  1.000000e+002
      vertex -7.290171e+002  2.427355e+001  9.000000e+001
    endloop
  endfacet
  facet normal -1.205362e-001 -9.927089e-001  0.000000e+000
    outer loop
      vertex -7.290171e+002  2.427355e+001  9.000000e+001
      vertex -7.290171e+002  2.427355e+001  1.000000e+002
      vertex -7.350000e+002  2.500000e+001  1.000000e+002
    endloop
  endfacet
  facet normal -1.205362e-001 -9.927089e-001  -0.000000e+000
    outer loop
      vertex -7.290171e+002  2.427355e+001  9.000000e+001
      vertex -7.350000e+002  2.500000e+001  1.000000e+002
      vertex -7.350000e+002  2.500000e+001  9.000000e+001
    endloop
  endfacet
  facet normal -9.709416e-001 -2.393166e-001  0.000000e+000
    outer loop
      vertex -7.116246e+002  8.865122e+000  1.000000e+002
      vertex -7.101823e+002  3.013417e+000  9.000000e+001
      vertex -7.101823e+002  3.013417e+000  1.000000e+002
    endloop
  endfacet
  facet normal -1.000000e+000  0.000000e+000  -0.000000e+000
    outer loop
      vertex -7.101823e+002  3.013417e+000  1.000000e+002
      vertex -7.101823e+002  3.013417e+000  9.000000e+001
      vertex -7.101823e+002 -3.013417e+000  9.000000e+001
    endloop
  endfacet
  facet normal -1.000000e+000  0.000000e+000  0.000000e+000
    outer loop
      vertex -7.101823e+002  3.013417e+000  1.000000e+002
      vertex -7.101823e+002 -3.013417e+000  9.000000e+001
      vertex -7.101823e+002 -3.013417e+000  1.000000e+002
    endloop
  endfacet
  facet normal -9.709416e-001  2.393166e-001  0.000000e+000
    outer loop
      vertex -7.101823e+002 -3.013417e+000  1.000000e+002
      vertex -7.101823e+002 -3.013417e+000  9.000000e+001
      vertex -7.116246e+002 -8.865122e+000  9.000000e+001
    endloop
  endfacet
  facet normal -9.709416e-001  2.393166e-001  0.000000e+000
    outer loop
      vertex -7.101823e+002 -3.013417e+000  1.000000e+002
      vertex -7.116246e+002 -8.865122e+000  9.000000e+001
      vertex -7.116246e+002 -8.865122e+000  1.000000e+002
    endloop
  endfacet
  facet normal -8.854538e-001  4.647275e-001  0.000000e+000
    outer loop
      vertex -7.116246e+002 -8.865122e+000  1.000000e+002
      vertex -7.116246e+002 -8.865122e+000  9.000000e+001
      vertex -7.144254e+002 -1.420162e+001  9.000000e+001
    endloop
  endfacet
  facet normal -8.854538e-001  4.647275e-001  0.000000e+000
    outer loop
      vertex -7.116246e+002 -8.865122e+000  1.000000e+002
      vertex -7.144254e+002 -1.420162e+001  9.000000e+001
      vertex -7.144254e+002 -1.420162e+001  1.000000e+002
    endloop
  endfacet
  facet normal -7.485115e-001  6.631218e-001  0.000000e+000
    outer loop
      vertex -7.144254e+002 -1.420162e+001  1.000000e+002
      vertex -7.144254e+002 -1.420162e+001  9.000000e+001
      vertex -7.184219e+002 -1.871277e+001  9.000000e+001
    endloop
  endfacet
  facet normal -7.485115e-001  6.631218e-001  0.000000e+000
    outer loop
      vertex -7.144254e+002 -1.420162e+001  1.000000e+002
      vertex -7.184219e+002 -1.871277e+001  9.000000e+001
      vertex -7.184219e+002 -1.871277e+001  1.000000e+002
    endloop
  endfacet
  facet normal -5.680668e-001  8.229825e-001  0.000000e+000
    outer loop
      vertex -7.184219e+002 -1.871277e+001  1.000000e+002
      vertex -7.184219e+002 -1.871277e+001  9.000000e+001
      vertex -7.233819e+002 -2.213640e+001  9.000000e+001
    endloop
  endfacet
  facet normal -5.680668e-001  8.229825e-001  0.000000e+000
    outer loop
      vertex -7.184219e+002 -1.871277e+001  1.000000e+002
      vertex -7.233819e+002 -2.213640e+001  9.000000e+001
      vertex -7.233819e+002 -2.213640e+001  1.000000e+002
    endloop
  endfacet
  facet normal -3.546048e-001  9.350163e-001  0.000000e+000
    outer loop
      vertex -7.233819e+002 -2.213640e+001  1.000000e+002
      vertex -7.233819e+002 -2.213640e+001  9.000000e+001
      vertex -7.290171e+002 -2.427355e+001  9.000000e+001
    endloop
  endfacet
  facet normal -3.546048e-001  9.350163e-001  0.000000e+000
    outer loop
      vertex -7.233819e+002 -2.213640e+001  1.000000e+002
      vertex -7.290171e+002 -2.427355e+001  9.000000e+001
      vertex -7.290171e+002 -2.427355e+001  1.000000e+002
    endloop
  endfacet
  facet normal -1.205362e-001  9.927089e-001  0.000000e+000
    outer loop
      vertex -7.290171e+002 -2.427355e+001  1.000000e+002
      vertex -7.290171e+002 -2.427355e+001  9.000000e+001
      vertex -7.350000e+002 -2.500000e+001  9.000000e+001
    endloop
  endfacet
  facet normal -1.205362e-001  9.927089e-001  0.000000e+000
    outer loop
      vertex -7.290171e+002 -2.427355e+001  1.000000e+002
      vertex -7.350000e+002 -2.500000e+001  9.000000e+001
      vertex -7.350000e+002 -2.500000e+001  1.000000e+002
    endloop
  endfacet
  facet normal  0.000000e+000 -1.000000e+000  0.000000e+000
    outer loop
      vertex -8.850000e+002  2.500000e+001  1.000000e+002
      vertex -8.850000e+002  2.500000e+001  9.000000e+001
      vertex -7.350000e+002  2.500000e+001  1.000000e+002
    endloop
  endfacet
  facet normal  0.000000e+000 -1.000000e+000  -0.000000e+000
    outer loop
      vertex -7.350000e+002  2.500000e+001  1.000000e+002
      vertex -8.850000e+002  2.500000e+001  9.000000e+001
      vertex -7.350000e+002  2.500000e+001  9.000000e+001
    endloop
  endfacet
  facet normal  0.000000e+000  9.999999e-001  0.000000e+000
    outer loop
      vertex -1.000000e+003  4.000000e+001  1.000000e+002
      vertex -6.200000e+002  4.000000e+001  1.000000e+002
      vertex -1.000000e+003  4.000000e+001  9.000000e+001
    endloop
  endfacet
  facet normal  0.000000e+000  9.999999e-001  0.000000e+000
    outer loop
      vertex -1.000000e+003  4.000000e+001  9.000000e+001
      vertex -6.200000e+002  4.000000e+001  1.000000e+002
      vertex -6.200000e+002  4.000000e+001  9.000000e+001
    endloop
  endfacet
  facet normal  9.801747e-002  9.951847e-001  0.000000e+000
    outer loop
      vertex -6.200000e+002  4.000000e+001  9.000000e+001
      vertex -6.200000e+002  4.000000e+001  1.000000e+002
      vertex -6.121964e+002  3.923141e+001  9.000000e+001
    endloop
  endfacet
  facet normal  9.801747e-002  9.951847e-001  -0.000000e+000
    outer loop
      vertex -6.121964e+002  3.923141e+001  9.000000e+001
      vertex -6.200000e+002  4.000000e+001  1.000000e+002
      vertex -6.121964e+002  3.923141e+001  1.000000e+002
    endloop
  endfacet
  facet normal  2.902847e-001  9.569403e-001  0.000000e+000
    outer loop
      vertex -6.121964e+002  3.923141e+001  9.000000e+001
      vertex -6.121964e+002  3.923141e+001  1.000000e+002
      vertex -6.046927e+002  3.695518e+001  9.000000e+001
    endloop
  endfacet
  facet normal  2.902847e-001  9.569403e-001  -0.000000e+000
    outer loop
      vertex -6.046927e+002  3.695518e+001  9.000000e+001
      vertex -6.121964e+002  3.923141e+001  1.000000e+002
      vertex -6.046927e+002  3.695518e+001  1.000000e+002
    endloop
  endfacet
  facet normal  4.713937e-001  8.819230e-001  0.000000e+000
    outer loop
      vertex -6.046927e+002  3.695518e+001  9.000000e+001
      vertex -6.046927e+002  3.695518e+001  1.000000e+002
      vertex -5.977772e+002  3.325879e+001  9.000000e+001
    endloop
  endfacet
  facet normal  4.713937e-001  8.819230e-001  -0.000000e+000
    outer loop
      vertex -5.977772e+002  3.325879e+001  9.000000e+001
      vertex -6.046927e+002  3.695518e+001  1.000000e+002
      vertex -5.977772e+002  3.325879e+001  1.000000e+002
    endloop
  endfacet
  facet normal  6.343933e-001  7.730104e-001  0.000000e+000
    outer loop
      vertex -5.977772e+002  3.325879e+001  9.000000e+001
      vertex -5.977772e+002  3.325879e+001  1.000000e+002
      vertex -5.917157e+002  2.828427e+001  9.000000e+001
    endloop
  endfacet
  facet normal  6.343933e-001  7.730104e-001  -0.000000e+000
    outer loop
      vertex -5.917157e+002  2.828427e+001  9.000000e+001
      vertex -5.977772e+002  3.325879e+001  1.000000e+002
      vertex -5.917157e+002  2.828427e+001  1.000000e+002
    endloop
  endfacet
  facet normal  7.730121e-001  6.343913e-001  0.000000e+000
    outer loop
      vertex -5.917157e+002  2.828427e+001  9.000000e+001
      vertex -5.917157e+002  2.828427e+001  1.000000e+002
      vertex -5.867412e+002  2.222281e+001  9.000000e+001
    endloop
  endfacet
  facet normal  7.730121e-001  6.343913e-001  -0.000000e+000
    outer loop
      vertex -5.867412e+002  2.222281e+001  9.000000e+001
      vertex -5.917157e+002  2.828427e+001  1.000000e+002
      vertex -5.867412e+002  2.222281e+001  1.000000e+002
    endloop
  endfacet
  facet normal  8.819205e-001  4.713982e-001  0.000000e+000
    outer loop
      vertex -5.867412e+002  2.222281e+001  9.000000e+001
      vertex -5.867412e+002  2.222281e+001  1.000000e+002
      vertex -5.830448e+002  1.530734e+001  9.000000e+001
    endloop
  endfacet
  facet normal  8.819205e-001  4.713982e-001  -0.000000e+000
    outer loop
      vertex -5.830448e+002  1.530734e+001  9.000000e+001
      vertex -5.867412e+002  2.222281e+001  1.000000e+002
      vertex -5.830448e+002  1.530734e+001  1.000000e+002
    endloop
  endfacet
  facet normal  9.569420e-001  2.902793e-001  0.000000e+000
    outer loop
      vertex -5.830448e+002  1.530734e+001  9.000000e+001
      vertex -5.830448e+002  1.530734e+001  1.000000e+002
      vertex -5.807686e+002  7.803613e+000  9.000000e+001
    endloop
  endfacet
  facet normal  9.569420e-001  2.902793e-001  -0.000000e+000
    outer loop
      vertex -5.807686e+002  7.803613e+000  9.000000e+001
      vertex -5.830448e+002  1.530734e+001  1.000000e+002
      vertex -5.807686e+002  7.803613e+000  1.000000e+002
    endloop
  endfacet
  facet normal  9.951844e-001  9.802055e-002  0.000000e+000
    outer loop
      vertex -5.807686e+002  7.803613e+000  9.000000e+001
      vertex -5.807686e+002  7.803613e+000  1.000000e+002
      vertex -5.800000e+002 -9.796851e-015  9.000000e+001
    endloop
  endfacet
  facet normal  9.951844e-001  9.802055e-002  -0.000000e+000
    outer loop
      vertex -5.800000e+002 -9.796851e-015  9.000000e+001
      vertex -5.807686e+002  7.803613e+000  1.000000e+002
      vertex -5.800000e+002 -9.796851e-015  1.000000e+002
    endloop
  endfacet
  facet normal  9.951844e-001 -9.802055e-002  0.000000e+000
    outer loop
      vertex -5.800000e+002 -9.796851e-015  9.000000e+001
      vertex -5.800000e+002 -9.796851e-015  1.000000e+002
      vertex -5.807686e+002 -7.803613e+000  9.000000e+001
    endloop
  endfacet
  facet normal  9.951844e-001 -9.802055e-002  0.000000e+000
    outer loop
      vertex -5.807686e+002 -7.803613e+000  9.000000e+001
      vertex -5.800000e+002 -9.796851e-015  1.000000e+002
      vertex -5.807686e+002 -7.803613e+000  1.000000e+002
    endloop
  endfacet
  facet normal  9.569420e-001 -2.902793e-001  0.000000e+000
    outer loop
      vertex -5.807686e+002 -7.803613e+000  9.000000e+001
      vertex -5.807686e+002 -7.803613e+000  1.000000e+002
      vertex -5.830448e+002 -1.530734e+001  9.000000e+001
    endloop
  endfacet
  facet normal  9.569420e-001 -2.902793e-001  0.000000e+000
    outer loop
      vertex -5.830448e+002 -1.530734e+001  9.000000e+001
      vertex -5.807686e+002 -7.803613e+000  1.000000e+002
      vertex -5.830448e+002 -1.530734e+001  1.000000e+002
    endloop
  endfacet
  facet normal  8.819205e-001 -4.713982e-001  0.000000e+000
    outer loop
      vertex -5.830448e+002 -1.530734e+001  9.000000e+001
      vertex -5.830448e+002 -1.530734e+001  1.000000e+002
      vertex -5.867412e+002 -2.222281e+001  9.000000e+001
    endloop
  endfacet
  facet normal  8.819205e-001 -4.713982e-001  0.000000e+000
    outer loop
      vertex -5.867412e+002 -2.222281e+001  9.000000e+001
      vertex -5.830448e+002 -1.530734e+001  1.000000e+002
      vertex -5.867412e+002 -2.222281e+001  1.000000e+002
    endloop
  endfacet
  facet normal  7.730121e-001 -6.343913e-001  0.000000e+000
    outer loop
      vertex -5.867412e+002 -2.222281e+001  9.000000e+001
      vertex -5.867412e+002 -2.222281e+001  1.000000e+002
      vertex -5.917157e+002 -2.828427e+001  9.000000e+001
    endloop
  endfacet
  facet normal  7.730121e-001 -6.343913e-001  0.000000e+000
    outer loop
      vertex -5.917157e+002 -2.828427e+001  9.000000e+001
      vertex -5.867412e+002 -2.222281e+001  1.000000e+002
      vertex -5.917157e+002 -2.828427e+001  1.000000e+002
    endloop
  endfacet
  facet normal  6.343933e-001 -7.730104e-001  0.000000e+000
    outer loop
      vertex -5.917157e+002 -2.828427e+001  9.000000e+001
      vertex -5.917157e+002 -2.828427e+001  1.000000e+002
      vertex -5.977772e+002 -3.325879e+001  9.000000e+001
    endloop
  endfacet
  facet normal  6.343933e-001 -7.730104e-001  0.000000e+000
    outer loop
      vertex -5.977772e+002 -3.325879e+001  9.000000e+001
      vertex -5.917157e+002 -2.828427e+001  1.000000e+002
      vertex -5.977772e+002 -3.325879e+001  1.000000e+002
    endloop
  endfacet
  facet normal  4.713937e-001 -8.819230e-001  0.000000e+000
    outer loop
      vertex -5.977772e+002 -3.325879e+001  9.000000e+001
      vertex -5.977772e+002 -3.325879e+001  1.000000e+002
      vertex -6.046927e+002 -3.695518e+001  9.000000e+001
    endloop
  endfacet
  facet normal  4.713937e-001 -8.819230e-001  0.000000e+000
    outer loop
      vertex -6.046927e+002 -3.695518e+001  9.000000e+001
      vertex -5.977772e+002 -3.325879e+001  1.000000e+002
      vertex -6.046927e+002 -3.695518e+001  1.000000e+002
    endloop
  endfacet
  facet normal  2.902847e-001 -9.569403e-001  0.000000e+000
    outer loop
      vertex -6.046927e+002 -3.695518e+001  9.000000e+001
      vertex -6.046927e+002 -3.695518e+001  1.000000e+002
      vertex -6.121964e+002 -3.923141e+001  9.000000e+001
    endloop
  endfacet
  facet normal  2.902847e-001 -9.569403e-001  0.000000e+000
    outer loop
      vertex -6.121964e+002 -3.923141e+001  9.000000e+001
      vertex -6.046927e+002 -3.695518e+001  1.000000e+002
      vertex -6.121964e+002 -3.923141e+001  1.000000e+002
    endloop
  endfacet
  facet normal  9.801747e-002 -9.951847e-001  0.000000e+000
    outer loop
      vertex -6.121964e+002 -3.923141e+001  9.000000e+001
      vertex -6.121964e+002 -3.923141e+001  1.000000e+002
      vertex -6.200000e+002 -4.000000e+001  9.000000e+001
    endloop
  endfacet
  facet normal  9.801747e-002 -9.951847e-001  0.000000e+000
    outer loop
      vertex -6.200000e+002 -4.000000e+001  9.000000e+001
      vertex -6.121964e+002 -3.923141e+001  1.000000e+002
      vertex -6.200000e+002 -4.000000e+001  1.000000e+002
    endloop
  endfacet
  facet normal  0.000000e+000 -9.999999e-001  0.000000e+000
    outer loop
      vertex -6.200000e+002 -4.000000e+001  1.000000e+002
      vertex -1.000000e+003 -4.000000e+001  1.000000e+002
      vertex -6.200000e+002 -4.000000e+001  9.000000e+001
    endloop
  endfacet
  facet normal  0.000000e+000 -9.999999e-001  0.000000e+000
    outer loop
      vertex -6.200000e+002 -4.000000e+001  9.000000e+001
      vertex -1.000000e+003 -4.000000e+001  1.000000e+002
      vertex -1.000000e+003 -4.000000e+001  9.000000e+001
    endloop
  endfacet
  facet normal -9.801747e-002 -9.951847e-001  -0.000000e+000
    outer loop
      vertex -1.000000e+003 -4.000000e+001  9.000000e+001
      vertex -1.000000e+003 -4.000000e+001  1.000000e+002
      vertex -1.007804e+003 -3.923141e+001  9.000000e+001
    endloop
  endfacet
  facet normal -9.801747e-002 -9.951847e-001  0.000000e+000
    outer loop
      vertex -1.007804e+003 -3.923141e+001  9.000000e+001
      vertex -1.000000e+003 -4.000000e+001  1.000000e+002
      vertex -1.007804e+003 -3.923141e+001  1.000000e+002
    endloop
  endfacet
  facet normal -2.902847e-001 -9.569403e-001  -0.000000e+000
    outer loop
      vertex -1.007804e+003 -3.923141e+001  9.000000e+001
      vertex -1.007804e+003 -3.923141e+001  1.000000e+002
      vertex -1.015307e+003 -3.695518e+001  9.000000e+001
    endloop
  endfacet
  facet normal -2.902847e-001 -9.569403e-001  0.000000e+000
    outer loop
      vertex -1.015307e+003 -3.695518e+001  9.000000e+001
      vertex -1.007804e+003 -3.923141e+001  1.000000e+002
      vertex -1.015307e+003 -3.695518e+001  1.000000e+002
    endloop
  endfacet
  facet normal -4.713937e-001 -8.819230e-001  -0.000000e+000
    outer loop
      vertex -1.015307e+003 -3.695518e+001  9.000000e+001
      vertex -1.015307e+003 -3.695518e+001  1.000000e+002
      vertex -1.022223e+003 -3.325879e+001  9.000000e+001
    endloop
  endfacet
  facet normal -4.713937e-001 -8.819230e-001  0.000000e+000
    outer loop
      vertex -1.022223e+003 -3.325879e+001  9.000000e+001
      vertex -1.015307e+003 -3.695518e+001  1.000000e+002
      vertex -1.022223e+003 -3.325879e+001  1.000000e+002
    endloop
  endfacet
  facet normal -6.343933e-001 -7.730104e-001  -0.000000e+000
    outer loop
      vertex -1.022223e+003 -3.325879e+001  9.000000e+001
      vertex -1.022223e+003 -3.325879e+001  1.000000e+002
      vertex -1.028284e+003 -2.828427e+001  9.000000e+001
    endloop
  endfacet
  facet normal -6.343933e-001 -7.730104e-001  0.000000e+000
    outer loop
      vertex -1.028284e+003 -2.828427e+001  9.000000e+001
      vertex -1.022223e+003 -3.325879e+001  1.000000e+002
      vertex -1.028284e+003 -2.828427e+001  1.000000e+002
    endloop
  endfacet
  facet normal -7.730121e-001 -6.343913e-001  -0.000000e+000
    outer loop
      vertex -1.028284e+003 -2.828427e+001  9.000000e+001
      vertex -1.028284e+003 -2.828427e+001  1.000000e+002
      vertex -1.033259e+003 -2.222281e+001  9.000000e+001
    endloop
  endfacet
  facet normal -7.730121e-001 -6.343913e-001  0.000000e+000
    outer loop
      vertex -1.033259e+003 -2.222281e+001  9.000000e+001
      vertex -1.028284e+003 -2.828427e+001  1.000000e+002
      vertex -1.033259e+003 -2.222281e+001  1.000000e+002
    endloop
  endfacet
  facet normal -8.819205e-001 -4.713982e-001  -0.000000e+000
    outer loop
      vertex -1.033259e+003 -2.222281e+001  9.000000e+001
      vertex -1.033259e+003 -2.222281e+001  1.000000e+002
      vertex -1.036955e+003 -1.530734e+001  9.000000e+001
    endloop
  endfacet
  facet normal -8.819205e-001 -4.713982e-001  0.000000e+000
    outer loop
      vertex -1.036955e+003 -1.530734e+001  9.000000e+001
      vertex -1.033259e+003 -2.222281e+001  1.000000e+002
      vertex -1.036955e+003 -1.530734e+001  1.000000e+002
    endloop
  endfacet
  facet normal -9.569398e-001 -2.902865e-001  -0.000000e+000
    outer loop
      vertex -1.036955e+003 -1.530734e+001  9.000000e+001
      vertex -1.036955e+003 -1.530734e+001  1.000000e+002
      vertex -1.039231e+003 -7.803613e+000  9.000000e+001
    endloop
  endfacet
  facet normal -9.569398e-001 -2.902865e-001  0.000000e+000
    outer loop
      vertex -1.039231e+003 -7.803613e+000  9.000000e+001
      vertex -1.036955e+003 -1.530734e+001  1.000000e+002
      vertex -1.039231e+003 -7.803613e+000  1.000000e+002
    endloop
  endfacet
  facet normal -9.951851e-001 -9.801283e-002  -0.000000e+000
    outer loop
      vertex -1.039231e+003 -7.803613e+000  9.000000e+001
      vertex -1.039231e+003 -7.803613e+000  1.000000e+002
      vertex -1.040000e+003  4.898425e-015  9.000000e+001
    endloop
  endfacet
  facet normal -9.951851e-001 -9.801283e-002  0.000000e+000
    outer loop
      vertex -1.040000e+003  4.898425e-015  9.000000e+001
      vertex -1.039231e+003 -7.803613e+000  1.000000e+002
      vertex -1.040000e+003  4.898425e-015  1.000000e+002
    endloop
  endfacet
  facet normal -9.951851e-001  9.801283e-002  0.000000e+000
    outer loop
      vertex -1.040000e+003  4.898425e-015  9.000000e+001
      vertex -1.040000e+003  4.898425e-015  1.000000e+002
      vertex -1.039231e+003  7.803613e+000  9.000000e+001
    endloop
  endfacet
  facet normal -9.951851e-001  9.801283e-002  0.000000e+000
    outer loop
      vertex -1.039231e+003  7.803613e+000  9.000000e+001
      vertex -1.040000e+003  4.898425e-015  1.000000e+002
      vertex -1.039231e+003  7.803613e+000  1.000000e+002
    endloop
  endfacet
  facet normal -9.569398e-001  2.902865e-001  0.000000e+000
    outer loop
      vertex -1.039231e+003  7.803613e+000  9.000000e+001
      vertex -1.039231e+003  7.803613e+000  1.000000e+002
      vertex -1.036955e+003  1.530734e+001  9.000000e+001
    endloop
  endfacet
  facet normal -9.569398e-001  2.902865e-001  0.000000e+000
    outer loop
      vertex -1.036955e+003  1.530734e+001  9.000000e+001
      vertex -1.039231e+003  7.803613e+000  1.000000e+002
      vertex -1.036955e+003  1.530734e+001  1.000000e+002
    endloop
  endfacet
  facet normal -8.819205e-001  4.713982e-001  0.000000e+000
    outer loop
      vertex -1.036955e+003  1.530734e+001  9.000000e+001
      vertex -1.036955e+003  1.530734e+001  1.000000e+002
      vertex -1.033259e+003  2.222281e+001  9.000000e+001
    endloop
  endfacet
  facet normal -8.819205e-001  4.713982e-001  0.000000e+000
    outer loop
      vertex -1.033259e+003  2.222281e+001  9.000000e+001
      vertex -1.036955e+003  1.530734e+001  1.000000e+002
      vertex -1.033259e+003  2.222281e+001  1.000000e+002
    endloop
  endfacet
  facet normal -7.730121e-001  6.343913e-001  0.000000e+000
    outer loop
      vertex -1.033259e+003  2.222281e+001  9.000000e+001
      vertex -1.033259e+003  2.222281e+001  1.000000e+002
      vertex -1.028284e+003  2.828427e+001  9.000000e+001
    endloop
  endfacet
  facet normal -7.730121e-001  6.343913e-001  0.000000e+000
    outer loop
      vertex -1.028284e+003  2.828427e+001  9.000000e+001
      vertex -1.033259e+003  2.222281e+001  1.000000e+002
      vertex -1.028284e+003  2.828427e+001  1.000000e+002
    endloop
  endfacet
  facet normal -6.343933e-001  7.730104e-001  0.000000e+000
    outer loop
      vertex -1.028284e+003  2.828427e+001  9.000000e+001
      vertex -1.028284e+003  2.828427e+001  1.000000e+002
      vertex -1.022223e+003  3.325879e+001  9.000000e+001
    endloop
  endfacet
  facet normal -6.343933e-001  7.730104e-001  0.000000e+000
    outer loop
      vertex -1.022223e+003  3.325879e+001  9.000000e+001
      vertex -1.028284e+003  2.828427e+001  1.000000e+002
      vertex -1.022223e+003  3.325879e+001  1.000000e+002
    endloop
  endfacet
  facet normal -4.713937e-001  8.819230e-001  0.000000e+000
    outer loop
      vertex -1.022223e+003  3.325879e+001  9.000000e+001
      vertex -1.022223e+003  3.325879e+001  1.000000e+002
      vertex -1.015307e+003  3.695518e+001  9.000000e+001
    endloop
  endfacet
  facet normal -4.713937e-001  8.819230e-001  0.000000e+000
    outer loop
      vertex -1.015307e+003  3.695518e+001  9.000000e+001
      vertex -1.022223e+003  3.325879e+001  1.000000e+002
      vertex -1.015307e+003  3.695518e+001  1.000000e+002
    endloop
  endfacet
  facet normal -2.902847e-001  9.569403e-001  0.000000e+000
    outer loop
      vertex -1.015307e+003  3.695518e+001  9.000000e+001
      vertex -1.015307e+003  3.695518e+001  1.000000e+002
      vertex -1.007804e+003  3.923141e+001  9.000000e+001
    endloop
  endfacet
  facet normal -2.902847e-001  9.569403e-001  0.000000e+000
    outer loop
      vertex -1.007804e+003  3.923141e+001  9.000000e+001
      vertex -1.015307e+003  3.695518e+001  1.000000e+002
      vertex -1.007804e+003  3.923141e+001  1.000000e+002
    endloop
  endfacet
  facet normal -9.801747e-002  9.951847e-001  0.000000e+000
    outer loop
      vertex -1.007804e+003  3.923141e+001  9.000000e+001
      vertex -1.007804e+003  3.923141e+001  1.000000e+002
      vertex -1.000000e+003  4.000000e+001  9.000000e+001
    endloop
  endfacet
  facet normal -9.801747e-002  9.951847e-001  0.000000e+000
    outer loop
      vertex -1.000000e+003  4.000000e+001  9.000000e+001
      vertex -1.007804e+003  3.923141e+001  1.000000e+002
      vertex -1.000000e+003  4.000000e+001  1.000000e+002
    endloop
  endfacet
  facet normal  9.709416e-001  2.393166e-001  0.000000e+000
    outer loop
      vertex -9.098177e+002 -3.013417e+000  0.000000e+000
      vertex -9.083754e+002 -8.865122e+000  1.000000e+001
      vertex -9.083754e+002 -8.865122e+000  0.000000e+000
    endloop
  endfacet
  facet normal  8.854538e-001  4.647275e-001  -0.000000e+000
    outer loop
      vertex -9.083754e+002 -8.865122e+000  0.000000e+000
      vertex -9.083754e+002 -8.865122e+000  1.000000e+001
      vertex -9.055746e+002 -1.420162e+001  1.000000e+001
    endloop
  endfacet
  facet normal  8.854538e-001  4.647275e-001  0.000000e+000
    outer loop
      vertex -9.083754e+002 -8.865122e+000  0.000000e+000
      vertex -9.055746e+002 -1.420162e+001  1.000000e+001
      vertex -9.055746e+002 -1.420162e+001  0.000000e+000
    endloop
  endfacet
  facet normal  7.485115e-001  6.631218e-001  -0.000000e+000
    outer loop
      vertex -9.055746e+002 -1.420162e+001  0.000000e+000
      vertex -9.055746e+002 -1.420162e+001  1.000000e+001
      vertex -9.015781e+002 -1.871277e+001  1.000000e+001
    endloop
  endfacet
  facet normal  7.485115e-001  6.631218e-001  0.000000e+000
    outer loop
      vertex -9.055746e+002 -1.420162e+001  0.000000e+000
      vertex -9.015781e+002 -1.871277e+001  1.000000e+001
      vertex -9.015781e+002 -1.871277e+001  0.000000e+000
    endloop
  endfacet
  facet normal  5.680668e-001  8.229825e-001  -0.000000e+000
    outer loop
      vertex -9.015781e+002 -1.871277e+001  0.000000e+000
      vertex -9.015781e+002 -1.871277e+001  1.000000e+001
      vertex -8.966181e+002 -2.213640e+001  1.000000e+001
    endloop
  endfacet
  facet normal  5.680668e-001  8.229825e-001  0.000000e+000
    outer loop
      vertex -9.015781e+002 -1.871277e+001  0.000000e+000
      vertex -8.966181e+002 -2.213640e+001  1.000000e+001
      vertex -8.966181e+002 -2.213640e+001  0.000000e+000
    endloop
  endfacet
  facet normal  3.546048e-001  9.350163e-001  -0.000000e+000
    outer loop
      vertex -8.966181e+002 -2.213640e+001  0.000000e+000
      vertex -8.966181e+002 -2.213640e+001  1.000000e+001
      vertex -8.909829e+002 -2.427355e+001  1.000000e+001
    endloop
  endfacet
  facet normal  3.546048e-001  9.350163e-001  0.000000e+000
    outer loop
      vertex -8.966181e+002 -2.213640e+001  0.000000e+000
      vertex -8.909829e+002 -2.427355e+001  1.000000e+001
      vertex -8.909829e+002 -2.427355e+001  0.000000e+000
    endloop
  endfacet
  facet normal  1.205362e-001  9.927089e-001  -0.000000e+000
    outer loop
      vertex -8.909829e+002 -2.427355e+001  0.000000e+000
      vertex -8.909829e+002 -2.427355e+001  1.000000e+001
      vertex -8.850000e+002 -2.500000e+001  1.000000e+001
    endloop
  endfacet
  facet normal  1.205362e-001  9.927089e-001  0.000000e+000
    outer loop
      vertex -8.909829e+002 -2.427355e+001  0.000000e+000
      vertex -8.850000e+002 -2.500000e+001  1.000000e+001
      vertex -8.850000e+002 -2.500000e+001  0.000000e+000
    endloop
  endfacet
  facet normal  9.709416e-001  2.393166e-001  -0.000000e+000
    outer loop
      vertex -9.083754e+002 -8.865122e+000  1.000000e+001
      vertex -9.098177e+002 -3.013417e+000  0.000000e+000
      vertex -9.098177e+002 -3.013417e+000  1.000000e+001
    endloop
  endfacet
  facet normal  1.000000e+000  0.000000e+000  0.000000e+000
    outer loop
      vertex -9.098177e+002 -3.013417e+000  1.000000e+001
      vertex -9.098177e+002 -3.013417e+000  0.000000e+000
      vertex -9.098177e+002  3.013417e+000  0.000000e+000
    endloop
  endfacet
  facet normal  1.000000e+000  0.000000e+000  -0.000000e+000
    outer loop
      vertex -9.098177e+002 -3.013417e+000  1.000000e+001
      vertex -9.098177e+002  3.013417e+000  0.000000e+000
      vertex -9.098177e+002  3.013417e+000  1.000000e+001
    endloop
  endfacet
  facet normal  9.709416e-001 -2.393166e-001  0.000000e+000
    outer loop
      vertex -9.098177e+002  3.013417e+000  1.000000e+001
      vertex -9.098177e+002  3.013417e+000  0.000000e+000
      vertex -9.083754e+002  8.865122e+000  0.000000e+000
    endloop
  endfacet
  facet normal  9.709416e-001 -2.393166e-001  0.000000e+000
    outer loop
      vertex -9.098177e+002  3.013417e+000  1.000000e+001
      vertex -9.083754e+002  8.865122e+000  0.000000e+000
      vertex -9.083754e+002  8.865122e+000  1.000000e+001
    endloop
  endfacet
  facet normal  8.854538e-001 -4.647275e-001  0.000000e+000
    outer loop
      vertex -9.083754e+002  8.865122e+000  1.000000e+001
      vertex -9.083754e+002  8.865122e+000  0.000000e+000
      vertex -9.055746e+002  1.420162e+001  0.000000e+000
    endloop
  endfacet
  facet normal  8.854538e-001 -4.647275e-001  0.000000e+000
    outer loop
      vertex -9.083754e+002  8.865122e+000  1.000000e+001
      vertex -9.055746e+002  1.420162e+001  0.000000e+000
      vertex -9.055746e+002  1.420162e+001  1.000000e+001
    endloop
  endfacet
  facet normal  7.485115e-001 -6.631218e-001  0.000000e+000
    outer loop
      vertex -9.055746e+002  1.420162e+001  1.000000e+001
      vertex -9.055746e+002  1.420162e+001  0.000000e+000
      vertex -9.015781e+002  1.871277e+001  0.000000e+000
    endloop
  endfacet
  facet normal  7.485115e-001 -6.631218e-001  0.000000e+000
    outer loop
      vertex -9.055746e+002  1.420162e+001  1.000000e+001
      vertex -9.015781e+002  1.871277e+001  0.000000e+000
      vertex -9.015781e+002  1.871277e+001  1.000000e+001
    endloop
  endfacet
  facet normal  5.680668e-001 -8.229825e-001  0.000000e+000
    outer loop
      vertex -9.015781e+002  1.871277e+001  1.000000e+001
      vertex -9.015781e+002  1.871277e+001  0.000000e+000
      vertex -8.966181e+002  2.213640e+001  0.000000e+000
    endloop
  endfacet
  facet normal  5.680668e-001 -8.229825e-001  0.000000e+000
    outer loop
      vertex -9.015781e+002  1.871277e+001  1.000000e+001
      vertex -8.966181e+002  2.213640e+001  0.000000e+000
      vertex -8.966181e+002  2.213640e+001  1.000000e+001
    endloop
  endfacet
  facet normal  3.546048e-001 -9.350163e-001  0.000000e+000
    outer loop
      vertex -8.966181e+002  2.213640e+001  1.000000e+001
      vertex -8.966181e+002  2.213640e+001  0.000000e+000
      vertex -8.909829e+002  2.427355e+001  0.000000e+000
    endloop
  endfacet
  facet normal  3.546048e-001 -9.350163e-001  0.000000e+000
    outer loop
      vertex -8.966181e+002  2.213640e+001  1.000000e+001
      vertex -8.909829e+002  2.427355e+001  0.000000e+000
      vertex -8.909829e+002  2.427355e+001  1.000000e+001
    endloop
  endfacet
  facet normal  1.205362e-001 -9.927089e-001  0.000000e+000
    outer loop
      vertex -8.909829e+002  2.427355e+001  1.000000e+001
      vertex -8.909829e+002  2.427355e+001  0.000000e+000
      vertex -8.850000e+002  2.500000e+001  0.000000e+000
    endloop
  endfacet
  facet normal  1.205362e-001 -9.927089e-001  0.000000e+000
    outer loop
      vertex -8.909829e+002  2.427355e+001  1.000000e+001
      vertex -8.850000e+002  2.500000e+001  0.000000e+000
      vertex -8.850000e+002  2.500000e+001  1.000000e+001
    endloop
  endfacet
  facet normal  0.000000e+000  1.000000e+000  -0.000000e+000
    outer loop
      vertex -7.350000e+002 -2.500000e+001  1.000000e+001
      vertex -7.350000e+002 -2.500000e+001  0.000000e+000
      vertex -8.850000e+002 -2.500000e+001  1.000000e+001
    endloop
  endfacet
  facet normal  0.000000e+000  1.000000e+000  0.000000e+000
    outer loop
      vertex -8.850000e+002 -2.500000e+001  1.000000e+001
      vertex -7.350000e+002 -2.500000e+001  0.000000e+000
      vertex -8.850000e+002 -2.500000e+001  0.000000e+000
    endloop
  endfacet
  facet normal -9.709416e-001 -2.393166e-001  -0.000000e+000
    outer loop
      vertex -7.101823e+002  3.013417e+000  0.000000e+000
      vertex -7.116246e+002  8.865122e+000  1.000000e+001
      vertex -7.116246e+002  8.865122e+000  0.000000e+000
    endloop
  endfacet
  facet normal -8.854538e-001 -4.647275e-001  0.000000e+000
    outer loop
      vertex -7.116246e+002  8.865122e+000  0.000000e+000
      vertex -7.116246e+002  8.865122e+000  1.000000e+001
      vertex -7.144254e+002  1.420162e+001  1.000000e+001
    endloop
  endfacet
  facet normal -8.854538e-001 -4.647275e-001  -0.000000e+000
    outer loop
      vertex -7.116246e+002  8.865122e+000  0.000000e+000
      vertex -7.144254e+002  1.420162e+001  1.000000e+001
      vertex -7.144254e+002  1.420162e+001  0.000000e+000
    endloop
  endfacet
  facet normal -7.485115e-001 -6.631218e-001  0.000000e+000
    outer loop
      vertex -7.144254e+002  1.420162e+001  0.000000e+000
      vertex -7.144254e+002  1.420162e+001  1.000000e+001
      vertex -7.184219e+002  1.871277e+001  1.000000e+001
    endloop
  endfacet
  facet normal -7.485115e-001 -6.631218e-001  -0.000000e+000
    outer loop
      vertex -7.144254e+002  1.420162e+001  0.000000e+000
      vertex -7.184219e+002  1.871277e+001  1.000000e+001
      vertex -7.184219e+002  1.871277e+001  0.000000e+000
    endloop
  endfacet
  facet normal -5.680668e-001 -8.229825e-001  0.000000e+000
    outer loop
      vertex -7.184219e+002  1.871277e+001  0.000000e+000
      vertex -7.184219e+002  1.871277e+001  1.000000e+001
      vertex -7.233819e+002  2.213640e+001  1.000000e+001
    endloop
  endfacet
  facet normal -5.680668e-001 -8.229825e-001  -0.000000e+000
    outer loop
      vertex -7.184219e+002  1.871277e+001  0.000000e+000
      vertex -7.233819e+002  2.213640e+001  1.000000e+001
      vertex -7.233819e+002  2.213640e+001  0.000000e+000
    endloop
  endfacet
  facet normal -3.546048e-001 -9.350163e-001  0.000000e+000
    outer loop
      vertex -7.233819e+002  2.213640e+001  0.000000e+000
      vertex -7.233819e+002  2.213640e+001  1.000000e+001
      vertex -7.290171e+002  2.427355e+001  1.000000e+001
    endloop
  endfacet
  facet normal -3.546048e-001 -9.350163e-001  -0.000000e+000
    outer loop
      vertex -7.233819e+002  2.213640e+001  0.000000e+000
      vertex -7.290171e+002  2.427355e+001  1.000000e+001
      vertex -7.290171e+002  2.427355e+001  0.000000e+000
    endloop
  endfacet
  facet normal -1.205362e-001 -9.927089e-001  0.000000e+000
    outer loop
      vertex -7.290171e+002  2.427355e+001  0.000000e+000
      vertex -7.290171e+002  2.427355e+001  1.000000e+001
      vertex -7.350000e+002  2.500000e+001  1.000000e+001
    endloop
  endfacet
  facet normal -1.205362e-001 -9.927089e-001  -0.000000e+000
    outer loop
      vertex -7.290171e+002  2.427355e+001  0.000000e+000
      vertex -7.350000e+002  2.500000e+001  1.000000e+001
      vertex -7.350000e+002  2.500000e+001  0.000000e+000
    endloop
  endfacet
  facet normal -9.709416e-001 -2.393166e-001  0.000000e+000
    outer loop
      vertex -7.116246e+002  8.865122e+000  1.000000e+001
      vertex -7.101823e+002  3.013417e+000  0.000000e+000
      vertex -7.101823e+002  3.013417e+000  1.000000e+001
    endloop
  endfacet
  facet normal -1.000000e+000  0.000000e+000  -0.000000e+000
    outer loop
      vertex -7.101823e+002  3.013417e+000  1.000000e+001
      vertex -7.101823e+002  3.013417e+000  0.000000e+000
      vertex -7.101823e+002 -3.013417e+000  0.000000e+000
    endloop
  endfacet
  facet normal -1.000000e+000  0.000000e+000  0.000000e+000
    outer loop
      vertex -7.101823e+002  3.013417e+000  1.000000e+001
      vertex -7.101823e+002 -3.013417e+000  0.000000e+000
      vertex -7.101823e+002 -3.013417e+000  1.000000e+001
    endloop
  endfacet
  facet normal -9.709416e-001  2.393166e-001  0.000000e+000
    outer loop
      vertex -7.101823e+002 -3.013417e+000  1.000000e+001
      vertex -7.101823e+002 -3.013417e+000  0.000000e+000
      vertex -7.116246e+002 -8.865122e+000  0.000000e+000
    endloop
  endfacet
  facet normal -9.709416e-001  2.393166e-001  0.000000e+000
    outer loop
      vertex -7.101823e+002 -3.013417e+000  1.000000e+001
      vertex -7.116246e+002 -8.865122e+000  0.000000e+000
      vertex -7.116246e+002 -8.865122e+000  1.000000e+001
    endloop
  endfacet
  facet normal -8.854538e-001  4.647275e-001  0.000000e+000
    outer loop
      vertex -7.116246e+002 -8.865122e+000  1.000000e+001
      vertex -7.116246e+002 -8.865122e+000  0.000000e+000
      vertex -7.144254e+002 -1.420162e+001  0.000000e+000
    endloop
  endfacet
  facet normal -8.854538e-001  4.647275e-001  0.000000e+000
    outer loop
      vertex -7.116246e+002 -8.865122e+000  1.000000e+001
      vertex -7.144254e+002 -1.420162e+001  0.000000e+000
      vertex -7.144254e+002 -1.420162e+001  1.000000e+001
    endloop
  endfacet
  facet normal -7.485115e-001  6.631218e-001  0.000000e+000
    outer loop
      vertex -7.144254e+002 -1.420162e+001  1.000000e+001
      vertex -7.144254e+002 -1.420162e+001  0.000000e+000
      vertex -7.184219e+002 -1.871277e+001  0.000000e+000
    endloop
  endfacet
  facet normal -7.485115e-001  6.631218e-001  0.000000e+000
    outer loop
      vertex -7.144254e+002 -1.420162e+001  1.000000e+001
      vertex -7.184219e+002 -1.871277e+001  0.000000e+000
      vertex -7.184219e+002 -1.871277e+001  1.000000e+001
    endloop
  endfacet
  facet normal -5.680668e-001  8.229825e-001  0.000000e+000
    outer loop
      vertex -7.184219e+002 -1.871277e+001  1.000000e+001
      vertex -7.184219e+002 -1.871277e+001  0.000000e+000
      vertex -7.233819e+002 -2.213640e+001  0.000000e+000
    endloop
  endfacet
  facet normal -5.680668e-001  8.229825e-001  0.000000e+000
    outer loop
      vertex -7.184219e+002 -1.871277e+001  1.000000e+001
      vertex -7.233819e+002 -2.213640e+001  0.000000e+000
      vertex -7.233819e+002 -2.213640e+001  1.000000e+001
    endloop
  endfacet
  facet normal -3.546048e-001  9.350163e-001  0.000000e+000
    outer loop
      vertex -7.233819e+002 -2.213640e+001  1.000000e+001
      vertex -7.233819e+002 -2.213640e+001  0.000000e+000
      vertex -7.290171e+002 -2.427355e+001  0.000000e+000
    endloop
  endfacet
  facet normal -3.546048e-001  9.350163e-001  0.000000e+000
    outer loop
      vertex -7.233819e+002 -2.213640e+001  1.000000e+001
      vertex -7.290171e+002 -2.427355e+001  0.000000e+000
      vertex -7.290171e+002 -2.427355e+001  1.000000e+001
    endloop
  endfacet
  facet normal -1.205362e-001  9.927089e-001  0.000000e+000
    outer loop
      vertex -7.290171e+002 -2.427355e+001  1.000000e+001
      vertex -7.290171e+002 -2.427355e+001  0.000000e+000
      vertex -7.350000e+002 -2.500000e+001  0.000000e+000
    endloop
  endfacet
  facet normal -1.205362e-001  9.927089e-001  0.000000e+000
    outer loop
      vertex -7.290171e+002 -2.427355e+001  1.000000e+001
      vertex -7.350000e+002 -2.500000e+001  0.000000e+000
      vertex -7.350000e+002 -2.500000e+001  1.000000e+001
    endloop
  endfacet
  facet normal  0.000000e+000 -1.000000e+000  0.000000e+000
    outer loop
      vertex -8.850000e+002  2.500000e+001  1.000000e+001
      vertex -8.850000e+002  2.500000e+001  0.000000e+000
      vertex -7.350000e+002  2.500000e+001  1.000000e+001
    endloop
  endfacet
  facet normal  0.000000e+000 -1.000000e+000  -0.000000e+000
    outer loop
      vertex -7.350000e+002  2.500000e+001  1.000000e+001
      vertex -8.850000e+002  2.500000e+001  0.000000e+000
      vertex -7.350000e+002  2.500000e+001  0.000000e+000
    endloop
  endfacet
  facet normal  0.000000e+000  9.999999e-001  0.000000e+000
    outer loop
      vertex -1.000000e+003  4.000000e+001  1.000000e+001
      vertex -6.200000e+002  4.000000e+001  1.000000e+001
      vertex -1.000000e+003  4.000000e+001  0.000000e+000
    endloop
  endfacet
  facet normal  0.000000e+000  9.999999e-001  0.000000e+000
    outer loop
      vertex -1.000000e+003  4.000000e+001  0.000000e+000
      vertex -6.200000e+002  4.000000e+001  1.000000e+001
      vertex -6.200000e+002  4.000000e+001  0.000000e+000
    endloop
  endfacet
  facet normal  9.801747e-002  9.951847e-001  0.000000e+000
    outer loop
      vertex -6.200000e+002  4.000000e+001  0.000000e+000
      vertex -6.200000e+002  4.000000e+001  1.000000e+001
      vertex -6.121964e+002  3.923141e+001  0.000000e+000
    endloop
  endfacet
  facet normal  9.801747e-002  9.951847e-001  -0.000000e+000
    outer loop
      vertex -6.121964e+002  3.923141e+001  0.000000e+000
      vertex -6.200000e+002  4.000000e+001  1.000000e+001
      vertex -6.121964e+002  3.923141e+001  1.000000e+001
    endloop
  endfacet
  facet normal  2.902847e-001  9.569403e-001  0.000000e+000
    outer loop
      vertex -6.121964e+002  3.923141e+001  0.000000e+000
      vertex -6.121964e+002  3.923141e+001  1.000000e+001
      vertex -6.046927e+002  3.695518e+001  0.000000e+000
    endloop
  endfacet
  facet normal  2.902847e-001  9.569403e-001  -0.000000e+000
    outer loop
      vertex -6.046927e+002  3.695518e+001  0.000000e+000
      vertex -6.121964e+002  3.923141e+001  1.000000e+001
      vertex -6.046927e+002  3.695518e+001  1.000000e+001
    endloop
  endfacet
  facet normal  4.713937e-001  8.819230e-001  0.000000e+000
    outer loop
      vertex -6.046927e+002  3.695518e+001  0.000000e+000
      vertex -6.046927e+002  3.695518e+001  1.000000e+001
      vertex -5.977772e+002  3.325879e+001  0.000000e+000
    endloop
  endfacet
  facet normal  4.713937e-001  8.819230e-001  -0.000000e+000
    outer loop
      vertex -5.977772e+002  3.325879e+001  0.000000e+000
      vertex -6.046927e+002  3.695518e+001  1.000000e+001
      vertex -5.977772e+002  3.325879e+001  1.000000e+001
    endloop
  endfacet
  facet normal  6.343933e-001  7.730104e-001  0.000000e+000
    outer loop
      vertex -5.977772e+002  3.325879e+001  0.000000e+000
      vertex -5.977772e+002  3.325879e+001  1.000000e+001
      vertex -5.917157e+002  2.828427e+001  0.000000e+000
    endloop
  endfacet
  facet normal  6.343933e-001  7.730104e-001  -0.000000e+000
    outer loop
      vertex -5.917157e+002  2.828427e+001  0.000000e+000
      vertex -5.977772e+002  3.325879e+001  1.000000e+001
      vertex -5.917157e+002  2.828427e+001  1.000000e+001
    endloop
  endfacet
  facet normal  7.730121e-001  6.343913e-001  0.000000e+000
    outer loop
      vertex -5.917157e+002  2.828427e+001  0.000000e+000
      vertex -5.917157e+002  2.828427e+001  1.000000e+001
      vertex -5.867412e+002  2.222281e+001  0.000000e+000
    endloop
  endfacet
  facet normal  7.730121e-001  6.343913e-001  -0.000000e+000
    outer loop
      vertex -5.867412e+002  2.222281e+001  0.000000e+000
      vertex -5.917157e+002  2.828427e+001  1.000000e+001
      vertex -5.867412e+002  2.222281e+001  1.000000e+001
    endloop
  endfacet
  facet normal  8.819205e-001  4.713982e-001  0.000000e+000
    outer loop
      vertex -5.867412e+002  2.222281e+001  0.000000e+000
      vertex -5.867412e+002  2.222281e+001  1.000000e+001
      vertex -5.830448e+002  1.530734e+001  0.000000e+000
    endloop
  endfacet
  facet normal  8.819205e-001  4.713982e-001  -0.000000e+000
    outer loop
      vertex -5.830448e+002  1.530734e+001  0.000000e+000
      vertex -5.867412e+002  2.222281e+001  1.000000e+001
      vertex -5.830448e+002  1.530734e+001  1.000000e+001
    endloop
  endfacet
  facet normal  9.569420e-001  2.902793e-001  0.000000e+000
    outer loop
      vertex -5.830448e+002  1.530734e+001  0.000000e+000
      vertex -5.830448e+002  1.530734e+001  1.000000e+001
      vertex -5.807686e+002  7.803613e+000  0.000000e+000
    endloop
  endfacet
  facet normal  9.569420e-001  2.902793e-001  -0.000000e+000
    outer loop
      vertex -5.807686e+002  7.803613e+000  0.000000e+000
      vertex -5.830448e+002  1.530734e+001  1.000000e+001
      vertex -5.807686e+002  7.803613e+000  1.000000e+001
    endloop
  endfacet
  facet normal  9.951844e-001  9.802055e-002  0.000000e+000
    outer loop
      vertex -5.807686e+002  7.803613e+000  0.000000e+000
      vertex -5.807686e+002  7.803613e+000  1.000000e+001
      vertex -5.800000e+002 -9.796851e-015  0.000000e+000
    endloop
  endfacet
  facet normal  9.951844e-001  9.802055e-002  -0.000000e+000
    outer loop
      vertex -5.800000e+002 -9.796851e-015  0.000000e+000
      vertex -5.807686e+002  7.803613e+000  1.000000e+001
      vertex -5.800000e+002 -9.796851e-015  1.000000e+001
    endloop
  endfacet
  facet normal  9.951844e-001 -9.802055e-002  0.000000e+000
    outer loop
      vertex -5.800000e+002 -9.796851e-015  0.000000e+000
      vertex -5.800000e+002 -9.796851e-015  1.000000e+001
      vertex -5.807686e+002 -7.803613e+000  0.000000e+000
    endloop
  endfacet
  facet normal  9.951844e-001 -9.802055e-002  0.000000e+000
    outer loop
      vertex -5.807686e+002 -7.803613e+000  0.000000e+000
      vertex -5.800000e+002 -9.796851e-015  1.000000e+001
      vertex -5.807686e+002 -7.803613e+000  1.000000e+001
    endloop
  endfacet
  facet normal  9.569420e-001 -2.902793e-001  0.000000e+000
    outer loop
      vertex -5.807686e+002 -7.803613e+000  0.000000e+000
      vertex -5.807686e+002 -7.803613e+000  1.000000e+001
      vertex -5.830448e+002 -1.530734e+001  0.000000e+000
    endloop
  endfacet
  facet normal  9.569420e-001 -2.902793e-001  0.000000e+000
    outer loop
      vertex -5.830448e+002 -1.530734e+001  0.000000e+000
      vertex -5.807686e+002 -7.803613e+000  1.000000e+001
      vertex -5.830448e+002 -1.530734e+001  1.000000e+001
    endloop
  endfacet
  facet normal  8.819205e-001 -4.713982e-001  0.000000e+000
    outer loop
      vertex -5.830448e+002 -1.530734e+001  0.000000e+000
      vertex -5.830448e+002 -1.530734e+001  1.000000e+001
      vertex -5.867412e+002 -2.222281e+001  0.000000e+000
    endloop
  endfacet
  facet normal  8.819205e-001 -4.713982e-001  0.000000e+000
    outer loop
      vertex -5.867412e+002 -2.222281e+001  0.000000e+000
      vertex -5.830448e+002 -1.530734e+001  1.000000e+001
      vertex -5.867412e+002 -2.222281e+001  1.000000e+001
    endloop
  endfacet
  facet normal  7.730121e-001 -6.343913e-001  0.000000e+000
    outer loop
      vertex -5.867412e+002 -2.222281e+001  0.000000e+000
      vertex -5.867412e+002 -2.222281e+001  1.000000e+001
      vertex -5.917157e+002 -2.828427e+001  0.000000e+000
    endloop
  endfacet
  facet normal  7.730121e-001 -6.343913e-001  0.000000e+000
    outer loop
      vertex -5.917157e+002 -2.828427e+001  0.000000e+000
      vertex -5.867412e+002 -2.222281e+001  1.000000e+001
      vertex -5.917157e+002 -2.828427e+001  1.000000e+001
    endloop
  endfacet
  facet normal  6.343933e-001 -7.730104e-001  0.000000e+000
    outer loop
      vertex -5.917157e+002 -2.828427e+001  0.000000e+000
      vertex -5.917157e+002 -2.828427e+001  1.000000e+001
      vertex -5.977772e+002 -3.325879e+001  0.000000e+000
    endloop
  endfacet
  facet normal  6.343933e-001 -7.730104e-001  0.000000e+000
    outer loop
      vertex -5.977772e+002 -3.325879e+001  0.000000e+000
      vertex -5.917157e+002 -2.828427e+001  1.000000e+001
      vertex -5.977772e+002 -3.325879e+001  1.000000e+001
    endloop
  endfacet
  facet normal  4.713937e-001 -8.819230e-001  0.000000e+000
    outer loop
      vertex -5.977772e+002 -3.325879e+001  0.000000e+000
      vertex -5.977772e+002 -3.325879e+001  1.000000e+001
      vertex -6.046927e+002 -3.695518e+001  0.000000e+000
    endloop
  endfacet
  facet normal  4.713937e-001 -8.819230e-001  0.000000e+000
    outer loop
      vertex -6.046927e+002 -3.695518e+001  0.000000e+000
      vertex -5.977772e+002 -3.325879e+001  1.000000e+001
      vertex -6.046927e+002 -3.695518e+001  1.000000e+001
    endloop
  endfacet
  facet normal  2.902847e-001 -9.569403e-001  0.000000e+000
    outer loop
      vertex -6.046927e+002 -3.695518e+001  0.000000e+000
      vertex -6.046927e+002 -3.695518e+001  1.000000e+001
      vertex -6.121964e+002 -3.923141e+001  0.000000e+000
    endloop
  endfacet
  facet normal  2.902847e-001 -9.569403e-001  0.000000e+000
    outer loop
      vertex -6.121964e+002 -3.923141e+001  0.000000e+000
      vertex -6.046927e+002 -3.695518e+001  1.000000e+001
      vertex -6.121964e+002 -3.923141e+001  1.000000e+001
    endloop
  endfacet
  facet normal  9.801747e-002 -9.951847e-001  0.000000e+000
    outer loop
      vertex -6.121964e+002 -3.923141e+001  0.000000e+000
      vertex -6.121964e+002 -3.923141e+001  1.000000e+001
      vertex -6.200000e+002 -4.000000e+001  0.000000e+000
    endloop
  endfacet
  facet normal  9.801747e-002 -9.951847e-001  0.000000e+000
    outer loop
      vertex -6.200000e+002 -4.000000e+001  0.000000e+000
      vertex -6.121964e+002 -3.923141e+001  1.000000e+001
      vertex -6.200000e+002 -4.000000e+001  1.000000e+001
    endloop
  endfacet
  facet normal  0.000000e+000 -9.999999e-001  0.000000e+000
    outer loop
      vertex -6.200000e+002 -4.000000e+001  1.000000e+001
      vertex -1.000000e+003 -4.000000e+001  1.000000e+001
      vertex -6.200000e+002 -4.000000e+001  0.000000e+000
    endloop
  endfacet
  facet normal  0.000000e+000 -9.999999e-001  0.000000e+000
    outer loop
      vertex -6.200000e+002 -4.000000e+001  0.000000e+000
      vertex -1.000000e+003 -4.000000e+001  1.000000e+001
      vertex -1.000000e+003 -4.000000e+001  0.000000e+000
    endloop
  endfacet
  facet normal -9.801747e-002 -9.951847e-001  -0.000000e+000
    outer loop
      vertex -1.000000e+003 -4.000000e+001  0.000000e+000
      vertex -1.000000e+003 -4.000000e+001  1.000000e+001
      vertex -1.007804e+003 -3.923141e+001  0.000000e+000
    endloop
  endfacet
  facet normal -9.801747e-002 -9.951847e-001  0.000000e+000
    outer loop
      vertex -1.007804e+003 -3.923141e+001  0.000000e+000
      vertex -1.000000e+003 -4.000000e+001  1.000000e+001
      vertex -1.007804e+003 -3.923141e+001  1.000000e+001
    endloop
  endfacet
  facet normal -2.902847e-001 -9.569403e-001  -0.000000e+000
    outer loop
      vertex -1.007804e+003 -3.923141e+001  0.000000e+000
      vertex -1.007804e+003 -3.923141e+001  1.000000e+001
      vertex -1.015307e+003 -3.695518e+001  0.000000e+000
    endloop
  endfacet
  facet normal -2.902847e-001 -9.569403e-001  0.000000e+000
    outer loop
      vertex -1.015307e+003 -3.695518e+001  0.000000e+000
      vertex -1.007804e+003 -3.923141e+001  1.000000e+001
      vertex -1.015307e+003 -3.695518e+001  1.000000e+001
    endloop
  endfacet
  facet normal -4.713937e-001 -8.819230e-001  -0.000000e+000
    outer loop
      vertex -1.015307e+003 -3.695518e+001  0.000000e+000
      vertex -1.015307e+003 -3.695518e+001  1.000000e+001
      vertex -1.022223e+003 -3.325879e+001  0.000000e+000
    endloop
  endfacet
  facet normal -4.713937e-001 -8.819230e-001  0.000000e+000
    outer loop
      vertex -1.022223e+003 -3.325879e+001  0.000000e+000
      vertex -1.015307e+003 -3.695518e+001  1.000000e+001
      vertex -1.022223e+003 -3.325879e+001  1.000000e+001
    endloop
  endfacet
  facet normal -6.343933e-001 -7.730104e-001  -0.000000e+000
    outer loop
      vertex -1.022223e+003 -3.325879e+001  0.000000e+000
      vertex -1.022223e+003 -3.325879e+001  1.000000e+001
      vertex -1.028284e+003 -2.828427e+001  0.000000e+000
    endloop
  endfacet
  facet normal -6.343933e-001 -7.730104e-001  0.000000e+000
    outer loop
      vertex -1.028284e+003 -2.828427e+001  0.000000e+000
      vertex -1.022223e+003 -3.325879e+001  1.000000e+001
      vertex -1.028284e+003 -2.828427e+001  1.000000e+001
    endloop
  endfacet
  facet normal -7.730121e-001 -6.343913e-001  -0.000000e+000
    outer loop
      vertex -1.028284e+003 -2.828427e+001  0.000000e+000
      vertex -1.028284e+003 -2.828427e+001  1.000000e+001
      vertex -1.033259e+003 -2.222281e+001  0.000000e+000
    endloop
  endfacet
  facet normal -7.730121e-001 -6.343913e-001  0.000000e+000
    outer loop
      vertex -1.033259e+003 -2.222281e+001  0.000000e+000
      vertex -1.028284e+003 -2.828427e+001  1.000000e+001
      vertex -1.033259e+003 -2.222281e+001  1.000000e+001
    endloop
  endfacet
  facet normal -8.819205e-001 -4.713982e-001  -0.000000e+000
    outer loop
      vertex -1.033259e+003 -2.222281e+001  0.000000e+000
      vertex -1.033259e+003 -2.222281e+001  1.000000e+001
      vertex -1.036955e+003 -1.530734e+001  0.000000e+000
    endloop
  endfacet
  facet normal -8.819205e-001 -4.713982e-001  0.000000e+000
    outer loop
      vertex -1.036955e+003 -1.530734e+001  0.000000e+000
      vertex -1.033259e+003 -2.222281e+001  1.000000e+001
      vertex -1.036955e+003 -1.530734e+001  1.000000e+001
    endloop
  endfacet
  facet normal -9.569398e-001 -2.902865e-001  -0.000000e+000
    outer loop
      vertex -1.036955e+003 -1.530734e+001  0.000000e+000
      vertex -1.036955e+003 -1.530734e+001  1.000000e+001
      vertex -1.039231e+003 -7.803613e+000  0.000000e+000
    endloop
  endfacet
  facet normal -9.569398e-001 -2.902865e-001  0.000000e+000
    outer loop
      vertex -1.039231e+003 -7.803613e+000  0.000000e+000
      vertex -1.036955e+003 -1.530734e+001  1.000000e+001
      vertex -1.039231e+003 -7.803613e+000  1.000000e+001
    endloop
  endfacet
  facet normal -9.951851e-001 -9.801283e-002  -0.000000e+000
    outer loop
      vertex -1.039231e+003 -7.803613e+000  0.000000e+000
      vertex -1.039231e+003 -7.803613e+000  1.000000e+001
      vertex -1.040000e+003  4.898425e-015  0.000000e+000
    endloop
  endfacet
  facet normal -9.951851e-001 -9.801283e-002  0.000000e+000
    outer loop
      vertex -1.040000e+003  4.898425e-015  0.000000e+000
      vertex -1.039231e+003 -7.803613e+000  1.000000e+001
      vertex -1.040000e+003  4.898425e-015  1.000000e+001
    endloop
  endfacet
  facet normal -9.951851e-001  9.801283e-002  0.000000e+000
    outer loop
      vertex -1.040000e+003  4.898425e-015  0.000000e+000
      vertex -1.040000e+003  4.898425e-015  1.000000e+001
      vertex -1.039231e+003  7.803613e+000  0.000000e+000
    endloop
  endfacet
  facet normal -9.951851e-001  9.801283e-002  0.000000e+000
    outer loop
      vertex -1.039231e+003  7.803613e+000  0.000000e+000
      vertex -1.040000e+003  4.898425e-015  1.000000e+001
      vertex -1.039231e+003  7.803613e+000  1.000000e+001
    endloop
  endfacet
  facet normal -9.569398e-001  2.902865e-001  0.000000e+000
    outer loop
      vertex -1.039231e+003  7.803613e+000  0.000000e+000
      vertex -1.039231e+003  7.803613e+000  1.000000e+001
      vertex -1.036955e+003  1.530734e+001  0.000000e+000
    endloop
  endfacet
  facet normal -9.569398e-001  2.902865e-001  0.000000e+000
    outer loop
      vertex -1.036955e+003  1.530734e+001  0.000000e+000
      vertex -1.039231e+003  7.803613e+000  1.000000e+001
      vertex -1.036955e+003  1.530734e+001  1.000000e+001
    endloop
  endfacet
  facet normal -8.819205e-001  4.713982e-001  0.000000e+000
    outer loop
      vertex -1.036955e+003  1.530734e+001  0.000000e+000
      vertex -1.036955e+003  1.530734e+001  1.000000e+001
      vertex -1.033259e+003  2.222281e+001  0.000000e+000
    endloop
  endfacet
  facet normal -8.819205e-001  4.713982e-001  0.000000e+000
    outer loop
      vertex -1.033259e+003  2.222281e+001  0.000000e+000
      vertex -1.036955e+003  1.530734e+001  1.000000e+001
      vertex -1.033259e+003  2.222281e+001  1.000000e+001
    endloop
  endfacet
  facet normal -7.730121e-001  6.343913e-001  0.000000e+000
    outer loop
      vertex -1.033259e+003  2.222281e+001  0.000000e+000
      vertex -1.033259e+003  2.222281e+001  1.000000e+001
      vertex -1.028284e+003  2.828427e+001  0.000000e+000
    endloop
  endfacet
  facet normal -7.730121e-001  6.343913e-001  0.000000e+000
    outer loop
      vertex -1.028284e+003  2.828427e+001  0.000000e+000
      vertex -1.033259e+003  2.222281e+001  1.000000e+001
      vertex -1.028284e+003  2.828427e+001  1.000000e+001
    endloop
  endfacet
  facet normal -6.343933e-001  7.730104e-001  0.000000e+000
    outer loop
      vertex -1.028284e+003  2.828427e+001  0.000000e+000
      vertex -1.028284e+003  2.828427e+001  1.000000e+001
      vertex -1.022223e+003  3.325879e+001  0.000000e+000
    endloop
  endfacet
  facet normal -6.343933e-001  7.730104e-001  0.000000e+000
    outer loop
      vertex -1.022223e+003  3.325879e+001  0.000000e+000
      vertex -1.028284e+003  2.828427e+001  1.000000e+001
      vertex -1.022223e+003  3.325879e+001  1.000000e+001
    endloop
  endfacet
  facet normal -4.713937e-001  8.819230e-001  0.000000e+000
    outer loop
      vertex -1.022223e+003  3.325879e+001  0.000000e+000
      vertex -1.022223e+003  3.325879e+001  1.000000e+001
      vertex -1.015307e+003  3.695518e+001  0.000000e+000
    endloop
  endfacet
  facet normal -4.713937e-001  8.819230e-001  0.000000e+000
    outer loop
      vertex -1.015307e+003  3.695518e+001  0.000000e+000
      vertex -1.022223e+003  3.325879e+001  1.000000e+001
      vertex -1.015307e+003  3.695518e+001  1.000000e+001
    endloop
  endfacet
  facet normal -2.902847e-001  9.569403e-001  0.000000e+000
    outer loop
      vertex -1.015307e+003  3.695518e+001  0.000000e+000
      vertex -1.015307e+003  3.695518e+001  1.000000e+001
      vertex -1.007804e+003  3.923141e+001  0.000000e+000
    endloop
  endfacet
  facet normal -2.902847e-001  9.569403e-001  0.000000e+000
    outer loop
      vertex -1.007804e+003  3.923141e+001  0.000000e+000
      vertex -1.015307e+003  3.695518e+001  1.000000e+001
      vertex -1.007804e+003  3.923141e+001  1.000000e+001
    endloop
  endfacet
  facet normal -9.801747e-002  9.951847e-001  0.000000e+000
    outer loop
      vertex -1.007804e+003  3.923141e+001  0.000000e+000
      vertex -1.007804e+003  3.923141e+001  1.000000e+001
      vertex -1.000000e+003  4.000000e+001  0.000000e+000
    endloop
  endfacet
  facet normal -9.801747e-002  9.951847e-001  0.000000e+000
    outer loop
      vertex -1.000000e+003  4.000000e+001  0.000000e+000
      vertex -1.007804e+003  3.923141e+001  1.000000e+001
      vertex -1.000000e+003  4.000000e+001  1.000000e+001
    endloop
  endfacet
endsolid CATIA STL
