solid CATIA STL
  facet normal  3.781544e-001  9.257426e-001  -0.000000e+000
    outer loop
      vertex -6.056172e+002  2.632748e+001  2.250000e+001
      vertex -6.056172e+002  2.632748e+001  1.000000e+001
      vertex -6.118362e+002  2.886786e+001  2.250000e+001
    endloop
  endfacet
  facet normal  3.781544e-001  9.257426e-001  0.000000e+000
    outer loop
      vertex -6.118362e+002  2.886786e+001  2.250000e+001
      vertex -6.056172e+002  2.632748e+001  1.000000e+001
      vertex -6.118362e+002  2.886786e+001  1.000000e+001
    endloop
  endfacet
  facet normal  1.626739e-001  9.866799e-001  -0.000000e+000
    outer loop
      vertex -6.118362e+002  2.886786e+001  2.250000e+001
      vertex -6.118362e+002  2.886786e+001  1.000000e+001
      vertex -6.184647e+002  2.996069e+001  2.250000e+001
    endloop
  endfacet
  facet normal  1.626739e-001  9.866799e-001  0.000000e+000
    outer loop
      vertex -6.184647e+002  2.996069e+001  2.250000e+001
      vertex -6.118362e+002  2.886786e+001  1.000000e+001
      vertex -6.184647e+002  2.996069e+001  1.000000e+001
    endloop
  endfacet
  facet normal -6.096075e-002  9.981402e-001  0.000000e+000
    outer loop
      vertex -6.184647e+002  2.996069e+001  2.250000e+001
      vertex -6.184647e+002  2.996069e+001  1.000000e+001
      vertex -6.251700e+002  2.955116e+001  2.250000e+001
    endloop
  endfacet
  facet normal -6.096075e-002  9.981402e-001  0.000000e+000
    outer loop
      vertex -6.251700e+002  2.955116e+001  2.250000e+001
      vertex -6.184647e+002  2.996069e+001  1.000000e+001
      vertex -6.251700e+002  2.955116e+001  1.000000e+001
    endloop
  endfacet
  facet normal -2.815405e-001  9.595494e-001  0.000000e+000
    outer loop
      vertex -6.251700e+002  2.955116e+001  2.250000e+001
      vertex -6.251700e+002  2.955116e+001  1.000000e+001
      vertex -6.316161e+002  2.765981e+001  2.250000e+001
    endloop
  endfacet
  facet normal -2.815405e-001  9.595494e-001  0.000000e+000
    outer loop
      vertex -6.316161e+002  2.765981e+001  2.250000e+001
      vertex -6.251700e+002  2.955116e+001  1.000000e+001
      vertex -6.316161e+002  2.765981e+001  1.000000e+001
    endloop
  endfacet
  facet normal -4.880006e-001  8.728433e-001  0.000000e+000
    outer loop
      vertex -6.316161e+002  2.765981e+001  2.250000e+001
      vertex -6.316161e+002  2.765981e+001  1.000000e+001
      vertex -6.374798e+002  2.438149e+001  2.250000e+001
    endloop
  endfacet
  facet normal -4.880006e-001  8.728433e-001  0.000000e+000
    outer loop
      vertex -6.374798e+002  2.438149e+001  2.250000e+001
      vertex -6.316161e+002  2.765981e+001  1.000000e+001
      vertex -6.374798e+002  2.438149e+001  1.000000e+001
    endloop
  endfacet
  facet normal -6.699924e-001  7.423679e-001  0.000000e+000
    outer loop
      vertex -6.374798e+002  2.438149e+001  2.250000e+001
      vertex -6.374798e+002  2.438149e+001  1.000000e+001
      vertex -6.424669e+002  1.988058e+001  2.250000e+001
    endloop
  endfacet
  facet normal -6.699924e-001  7.423679e-001  0.000000e+000
    outer loop
      vertex -6.424669e+002  1.988058e+001  2.250000e+001
      vertex -6.374798e+002  2.438149e+001  1.000000e+001
      vertex -6.424669e+002  1.988058e+001  1.000000e+001
    endloop
  endfacet
  facet normal -8.183871e-001  5.746674e-001  0.000000e+000
    outer loop
      vertex -6.424669e+002  1.988058e+001  2.250000e+001
      vertex -6.424669e+002  1.988058e+001  1.000000e+001
      vertex -6.463275e+002  1.438277e+001  2.250000e+001
    endloop
  endfacet
  facet normal -8.183871e-001  5.746674e-001  0.000000e+000
    outer loop
      vertex -6.463275e+002  1.438277e+001  2.250000e+001
      vertex -6.424669e+002  1.988058e+001  1.000000e+001
      vertex -6.463275e+002  1.438277e+001  1.000000e+001
    endloop
  endfacet
  facet normal -9.257419e-001  3.781560e-001  0.000000e+000
    outer loop
      vertex -6.463275e+002  1.438277e+001  2.250000e+001
      vertex -6.463275e+002  1.438277e+001  1.000000e+001
      vertex -6.488679e+002  8.163746e+000  2.250000e+001
    endloop
  endfacet
  facet normal -9.257419e-001  3.781560e-001  0.000000e+000
    outer loop
      vertex -6.488679e+002  8.163746e+000  2.250000e+001
      vertex -6.463275e+002  1.438277e+001  1.000000e+001
      vertex -6.488679e+002  8.163746e+000  1.000000e+001
    endloop
  endfacet
  facet normal -9.866796e-001  1.626757e-001  0.000000e+000
    outer loop
      vertex -6.488679e+002  8.163746e+000  2.250000e+001
      vertex -6.488679e+002  8.163746e+000  1.000000e+001
      vertex -6.499607e+002  1.535360e+000  2.250000e+001
    endloop
  endfacet
  facet normal -9.866796e-001  1.626757e-001  0.000000e+000
    outer loop
      vertex -6.499607e+002  1.535360e+000  2.250000e+001
      vertex -6.488679e+002  8.163746e+000  1.000000e+001
      vertex -6.499607e+002  1.535360e+000  1.000000e+001
    endloop
  endfacet
  facet normal -9.981400e-001 -6.096366e-002  0.000000e+000
    outer loop
      vertex -6.499607e+002  1.535360e+000  2.250000e+001
      vertex -6.499607e+002  1.535360e+000  1.000000e+001
      vertex -6.495511e+002 -5.170014e+000  2.250000e+001
    endloop
  endfacet
  facet normal -9.981400e-001 -6.096366e-002  -0.000000e+000
    outer loop
      vertex -6.495511e+002 -5.170014e+000  2.250000e+001
      vertex -6.499607e+002  1.535360e+000  1.000000e+001
      vertex -6.495511e+002 -5.170014e+000  1.000000e+001
    endloop
  endfacet
  facet normal -9.595491e-001 -2.815411e-001  0.000000e+000
    outer loop
      vertex -6.495511e+002 -5.170014e+000  2.250000e+001
      vertex -6.495511e+002 -5.170014e+000  1.000000e+001
      vertex -6.476598e+002 -1.161614e+001  2.250000e+001
    endloop
  endfacet
  facet normal -9.595491e-001 -2.815411e-001  -0.000000e+000
    outer loop
      vertex -6.476598e+002 -1.161614e+001  2.250000e+001
      vertex -6.495511e+002 -5.170014e+000  1.000000e+001
      vertex -6.476598e+002 -1.161614e+001  1.000000e+001
    endloop
  endfacet
  facet normal -8.728434e-001 -4.880002e-001  0.000000e+000
    outer loop
      vertex -6.476598e+002 -1.161614e+001  2.250000e+001
      vertex -6.476598e+002 -1.161614e+001  1.000000e+001
      vertex -6.443815e+002 -1.747979e+001  2.250000e+001
    endloop
  endfacet
  facet normal -8.728434e-001 -4.880002e-001  -0.000000e+000
    outer loop
      vertex -6.443815e+002 -1.747979e+001  2.250000e+001
      vertex -6.476598e+002 -1.161614e+001  1.000000e+001
      vertex -6.443815e+002 -1.747979e+001  1.000000e+001
    endloop
  endfacet
  facet normal -7.423688e-001 -6.699915e-001  0.000000e+000
    outer loop
      vertex -6.443815e+002 -1.747979e+001  2.250000e+001
      vertex -6.443815e+002 -1.747979e+001  1.000000e+001
      vertex -6.398806e+002 -2.246692e+001  2.250000e+001
    endloop
  endfacet
  facet normal -7.423688e-001 -6.699915e-001  -0.000000e+000
    outer loop
      vertex -6.398806e+002 -2.246692e+001  2.250000e+001
      vertex -6.443815e+002 -1.747979e+001  1.000000e+001
      vertex -6.398806e+002 -2.246692e+001  1.000000e+001
    endloop
  endfacet
  facet normal -5.746696e-001 -8.183856e-001  0.000000e+000
    outer loop
      vertex -6.398806e+002 -2.246692e+001  2.250000e+001
      vertex -6.398806e+002 -2.246692e+001  1.000000e+001
      vertex -6.343828e+002 -2.632748e+001  2.250000e+001
    endloop
  endfacet
  facet normal -5.746696e-001 -8.183856e-001  -0.000000e+000
    outer loop
      vertex -6.343828e+002 -2.632748e+001  2.250000e+001
      vertex -6.398806e+002 -2.246692e+001  1.000000e+001
      vertex -6.343828e+002 -2.632748e+001  1.000000e+001
    endloop
  endfacet
  facet normal  3.781544e-001  9.257426e-001  -0.000000e+000
    outer loop
      vertex -6.056172e+002  2.632748e+001  1.150000e+002
      vertex -6.056172e+002  2.632748e+001  1.025000e+002
      vertex -6.118362e+002  2.886786e+001  1.150000e+002
    endloop
  endfacet
  facet normal  3.781544e-001  9.257426e-001  0.000000e+000
    outer loop
      vertex -6.118362e+002  2.886786e+001  1.150000e+002
      vertex -6.056172e+002  2.632748e+001  1.025000e+002
      vertex -6.118362e+002  2.886786e+001  1.025000e+002
    endloop
  endfacet
  facet normal  1.626739e-001  9.866799e-001  -0.000000e+000
    outer loop
      vertex -6.118362e+002  2.886786e+001  1.150000e+002
      vertex -6.118362e+002  2.886786e+001  1.025000e+002
      vertex -6.184647e+002  2.996069e+001  1.150000e+002
    endloop
  endfacet
  facet normal  1.626739e-001  9.866799e-001  0.000000e+000
    outer loop
      vertex -6.184647e+002  2.996069e+001  1.150000e+002
      vertex -6.118362e+002  2.886786e+001  1.025000e+002
      vertex -6.184647e+002  2.996069e+001  1.025000e+002
    endloop
  endfacet
  facet normal -6.096075e-002  9.981402e-001  0.000000e+000
    outer loop
      vertex -6.184647e+002  2.996069e+001  1.150000e+002
      vertex -6.184647e+002  2.996069e+001  1.025000e+002
      vertex -6.251700e+002  2.955116e+001  1.150000e+002
    endloop
  endfacet
  facet normal -6.096075e-002  9.981402e-001  0.000000e+000
    outer loop
      vertex -6.251700e+002  2.955116e+001  1.150000e+002
      vertex -6.184647e+002  2.996069e+001  1.025000e+002
      vertex -6.251700e+002  2.955116e+001  1.025000e+002
    endloop
  endfacet
  facet normal -2.815405e-001  9.595494e-001  0.000000e+000
    outer loop
      vertex -6.251700e+002  2.955116e+001  1.150000e+002
      vertex -6.251700e+002  2.955116e+001  1.025000e+002
      vertex -6.316161e+002  2.765981e+001  1.150000e+002
    endloop
  endfacet
  facet normal -2.815405e-001  9.595494e-001  0.000000e+000
    outer loop
      vertex -6.316161e+002  2.765981e+001  1.150000e+002
      vertex -6.251700e+002  2.955116e+001  1.025000e+002
      vertex -6.316161e+002  2.765981e+001  1.025000e+002
    endloop
  endfacet
  facet normal -4.880006e-001  8.728433e-001  0.000000e+000
    outer loop
      vertex -6.316161e+002  2.765981e+001  1.150000e+002
      vertex -6.316161e+002  2.765981e+001  1.025000e+002
      vertex -6.374798e+002  2.438149e+001  1.150000e+002
    endloop
  endfacet
  facet normal -4.880006e-001  8.728433e-001  0.000000e+000
    outer loop
      vertex -6.374798e+002  2.438149e+001  1.150000e+002
      vertex -6.316161e+002  2.765981e+001  1.025000e+002
      vertex -6.374798e+002  2.438149e+001  1.025000e+002
    endloop
  endfacet
  facet normal -6.699924e-001  7.423679e-001  0.000000e+000
    outer loop
      vertex -6.374798e+002  2.438149e+001  1.150000e+002
      vertex -6.374798e+002  2.438149e+001  1.025000e+002
      vertex -6.424669e+002  1.988058e+001  1.150000e+002
    endloop
  endfacet
  facet normal -6.699924e-001  7.423679e-001  0.000000e+000
    outer loop
      vertex -6.424669e+002  1.988058e+001  1.150000e+002
      vertex -6.374798e+002  2.438149e+001  1.025000e+002
      vertex -6.424669e+002  1.988058e+001  1.025000e+002
    endloop
  endfacet
  facet normal -8.183871e-001  5.746674e-001  0.000000e+000
    outer loop
      vertex -6.424669e+002  1.988058e+001  1.150000e+002
      vertex -6.424669e+002  1.988058e+001  1.025000e+002
      vertex -6.463275e+002  1.438277e+001  1.150000e+002
    endloop
  endfacet
  facet normal -8.183871e-001  5.746674e-001  0.000000e+000
    outer loop
      vertex -6.463275e+002  1.438277e+001  1.150000e+002
      vertex -6.424669e+002  1.988058e+001  1.025000e+002
      vertex -6.463275e+002  1.438277e+001  1.025000e+002
    endloop
  endfacet
  facet normal -9.257419e-001  3.781560e-001  0.000000e+000
    outer loop
      vertex -6.463275e+002  1.438277e+001  1.150000e+002
      vertex -6.463275e+002  1.438277e+001  1.025000e+002
      vertex -6.488679e+002  8.163746e+000  1.150000e+002
    endloop
  endfacet
  facet normal -9.257419e-001  3.781560e-001  0.000000e+000
    outer loop
      vertex -6.488679e+002  8.163746e+000  1.150000e+002
      vertex -6.463275e+002  1.438277e+001  1.025000e+002
      vertex -6.488679e+002  8.163746e+000  1.025000e+002
    endloop
  endfacet
  facet normal -9.866796e-001  1.626757e-001  0.000000e+000
    outer loop
      vertex -6.488679e+002  8.163746e+000  1.150000e+002
      vertex -6.488679e+002  8.163746e+000  1.025000e+002
      vertex -6.499607e+002  1.535360e+000  1.150000e+002
    endloop
  endfacet
  facet normal -9.866796e-001  1.626757e-001  0.000000e+000
    outer loop
      vertex -6.499607e+002  1.535360e+000  1.150000e+002
      vertex -6.488679e+002  8.163746e+000  1.025000e+002
      vertex -6.499607e+002  1.535360e+000  1.025000e+002
    endloop
  endfacet
  facet normal -9.981400e-001 -6.096366e-002  0.000000e+000
    outer loop
      vertex -6.499607e+002  1.535360e+000  1.150000e+002
      vertex -6.499607e+002  1.535360e+000  1.025000e+002
      vertex -6.495511e+002 -5.170014e+000  1.150000e+002
    endloop
  endfacet
  facet normal -9.981400e-001 -6.096366e-002  -0.000000e+000
    outer loop
      vertex -6.495511e+002 -5.170014e+000  1.150000e+002
      vertex -6.499607e+002  1.535360e+000  1.025000e+002
      vertex -6.495511e+002 -5.170014e+000  1.025000e+002
    endloop
  endfacet
  facet normal -9.595491e-001 -2.815411e-001  0.000000e+000
    outer loop
      vertex -6.495511e+002 -5.170014e+000  1.150000e+002
      vertex -6.495511e+002 -5.170014e+000  1.025000e+002
      vertex -6.476598e+002 -1.161614e+001  1.150000e+002
    endloop
  endfacet
  facet normal -9.595491e-001 -2.815411e-001  -0.000000e+000
    outer loop
      vertex -6.476598e+002 -1.161614e+001  1.150000e+002
      vertex -6.495511e+002 -5.170014e+000  1.025000e+002
      vertex -6.476598e+002 -1.161614e+001  1.025000e+002
    endloop
  endfacet
  facet normal -8.728434e-001 -4.880002e-001  0.000000e+000
    outer loop
      vertex -6.476598e+002 -1.161614e+001  1.150000e+002
      vertex -6.476598e+002 -1.161614e+001  1.025000e+002
      vertex -6.443815e+002 -1.747979e+001  1.150000e+002
    endloop
  endfacet
  facet normal -8.728434e-001 -4.880002e-001  -0.000000e+000
    outer loop
      vertex -6.443815e+002 -1.747979e+001  1.150000e+002
      vertex -6.476598e+002 -1.161614e+001  1.025000e+002
      vertex -6.443815e+002 -1.747979e+001  1.025000e+002
    endloop
  endfacet
  facet normal -7.423688e-001 -6.699915e-001  0.000000e+000
    outer loop
      vertex -6.443815e+002 -1.747979e+001  1.150000e+002
      vertex -6.443815e+002 -1.747979e+001  1.025000e+002
      vertex -6.398806e+002 -2.246692e+001  1.150000e+002
    endloop
  endfacet
  facet normal -7.423688e-001 -6.699915e-001  -0.000000e+000
    outer loop
      vertex -6.398806e+002 -2.246692e+001  1.150000e+002
      vertex -6.443815e+002 -1.747979e+001  1.025000e+002
      vertex -6.398806e+002 -2.246692e+001  1.025000e+002
    endloop
  endfacet
  facet normal -5.746696e-001 -8.183856e-001  0.000000e+000
    outer loop
      vertex -6.398806e+002 -2.246692e+001  1.150000e+002
      vertex -6.398806e+002 -2.246692e+001  1.025000e+002
      vertex -6.343828e+002 -2.632748e+001  1.150000e+002
    endloop
  endfacet
  facet normal -5.746696e-001 -8.183856e-001  -0.000000e+000
    outer loop
      vertex -6.343828e+002 -2.632748e+001  1.150000e+002
      vertex -6.398806e+002 -2.246692e+001  1.025000e+002
      vertex -6.343828e+002 -2.632748e+001  1.025000e+002
    endloop
  endfacet
  facet normal  3.781544e-001  9.257426e-001  -0.000000e+000
    outer loop
      vertex -6.056172e+002  2.632748e+001  9.250000e+001
      vertex -6.056172e+002  2.632748e+001  3.250000e+001
      vertex -6.118362e+002  2.886786e+001  9.250000e+001
    endloop
  endfacet
  facet normal  3.781544e-001  9.257426e-001  0.000000e+000
    outer loop
      vertex -6.118362e+002  2.886786e+001  9.250000e+001
      vertex -6.056172e+002  2.632748e+001  3.250000e+001
      vertex -6.118362e+002  2.886786e+001  3.250000e+001
    endloop
  endfacet
  facet normal  1.626739e-001  9.866799e-001  -0.000000e+000
    outer loop
      vertex -6.118362e+002  2.886786e+001  9.250000e+001
      vertex -6.118362e+002  2.886786e+001  3.250000e+001
      vertex -6.184647e+002  2.996069e+001  9.250000e+001
    endloop
  endfacet
  facet normal  1.626739e-001  9.866799e-001  0.000000e+000
    outer loop
      vertex -6.184647e+002  2.996069e+001  9.250000e+001
      vertex -6.118362e+002  2.886786e+001  3.250000e+001
      vertex -6.184647e+002  2.996069e+001  3.250000e+001
    endloop
  endfacet
  facet normal -6.096074e-002  9.981402e-001  0.000000e+000
    outer loop
      vertex -6.184647e+002  2.996069e+001  9.250000e+001
      vertex -6.184647e+002  2.996069e+001  3.250000e+001
      vertex -6.251700e+002  2.955116e+001  9.250000e+001
    endloop
  endfacet
  facet normal -6.096074e-002  9.981402e-001  0.000000e+000
    outer loop
      vertex -6.251700e+002  2.955116e+001  9.250000e+001
      vertex -6.184647e+002  2.996069e+001  3.250000e+001
      vertex -6.251700e+002  2.955116e+001  3.250000e+001
    endloop
  endfacet
  facet normal -2.815405e-001  9.595493e-001  0.000000e+000
    outer loop
      vertex -6.251700e+002  2.955116e+001  9.250000e+001
      vertex -6.251700e+002  2.955116e+001  3.250000e+001
      vertex -6.316161e+002  2.765981e+001  9.250000e+001
    endloop
  endfacet
  facet normal -2.815405e-001  9.595493e-001  0.000000e+000
    outer loop
      vertex -6.316161e+002  2.765981e+001  9.250000e+001
      vertex -6.251700e+002  2.955116e+001  3.250000e+001
      vertex -6.316161e+002  2.765981e+001  3.250000e+001
    endloop
  endfacet
  facet normal -4.880006e-001  8.728433e-001  0.000000e+000
    outer loop
      vertex -6.316161e+002  2.765981e+001  9.250000e+001
      vertex -6.316161e+002  2.765981e+001  3.250000e+001
      vertex -6.374798e+002  2.438149e+001  9.250000e+001
    endloop
  endfacet
  facet normal -4.880006e-001  8.728433e-001  0.000000e+000
    outer loop
      vertex -6.374798e+002  2.438149e+001  9.250000e+001
      vertex -6.316161e+002  2.765981e+001  3.250000e+001
      vertex -6.374798e+002  2.438149e+001  3.250000e+001
    endloop
  endfacet
  facet normal -6.699924e-001  7.423679e-001  0.000000e+000
    outer loop
      vertex -6.374798e+002  2.438149e+001  9.250000e+001
      vertex -6.374798e+002  2.438149e+001  3.250000e+001
      vertex -6.424669e+002  1.988058e+001  9.250000e+001
    endloop
  endfacet
  facet normal -6.699924e-001  7.423679e-001  0.000000e+000
    outer loop
      vertex -6.424669e+002  1.988058e+001  9.250000e+001
      vertex -6.374798e+002  2.438149e+001  3.250000e+001
      vertex -6.424669e+002  1.988058e+001  3.250000e+001
    endloop
  endfacet
  facet normal -8.183871e-001  5.746674e-001  0.000000e+000
    outer loop
      vertex -6.424669e+002  1.988058e+001  9.250000e+001
      vertex -6.424669e+002  1.988058e+001  3.250000e+001
      vertex -6.463275e+002  1.438277e+001  9.250000e+001
    endloop
  endfacet
  facet normal -8.183871e-001  5.746674e-001  0.000000e+000
    outer loop
      vertex -6.463275e+002  1.438277e+001  9.250000e+001
      vertex -6.424669e+002  1.988058e+001  3.250000e+001
      vertex -6.463275e+002  1.438277e+001  3.250000e+001
    endloop
  endfacet
  facet normal -9.257419e-001  3.781560e-001  0.000000e+000
    outer loop
      vertex -6.463275e+002  1.438277e+001  9.250000e+001
      vertex -6.463275e+002  1.438277e+001  3.250000e+001
      vertex -6.488679e+002  8.163746e+000  9.250000e+001
    endloop
  endfacet
  facet normal -9.257419e-001  3.781560e-001  0.000000e+000
    outer loop
      vertex -6.488679e+002  8.163746e+000  9.250000e+001
      vertex -6.463275e+002  1.438277e+001  3.250000e+001
      vertex -6.488679e+002  8.163746e+000  3.250000e+001
    endloop
  endfacet
  facet normal -9.866796e-001  1.626757e-001  0.000000e+000
    outer loop
      vertex -6.488679e+002  8.163746e+000  9.250000e+001
      vertex -6.488679e+002  8.163746e+000  3.250000e+001
      vertex -6.499607e+002  1.535360e+000  9.250000e+001
    endloop
  endfacet
  facet normal -9.866796e-001  1.626757e-001  0.000000e+000
    outer loop
      vertex -6.499607e+002  1.535360e+000  9.250000e+001
      vertex -6.488679e+002  8.163746e+000  3.250000e+001
      vertex -6.499607e+002  1.535360e+000  3.250000e+001
    endloop
  endfacet
  facet normal -9.981400e-001 -6.096366e-002  0.000000e+000
    outer loop
      vertex -6.499607e+002  1.535360e+000  9.250000e+001
      vertex -6.499607e+002  1.535360e+000  3.250000e+001
      vertex -6.495511e+002 -5.170014e+000  9.250000e+001
    endloop
  endfacet
  facet normal -9.981400e-001 -6.096366e-002  -0.000000e+000
    outer loop
      vertex -6.495511e+002 -5.170014e+000  9.250000e+001
      vertex -6.499607e+002  1.535360e+000  3.250000e+001
      vertex -6.495511e+002 -5.170014e+000  3.250000e+001
    endloop
  endfacet
  facet normal -9.595491e-001 -2.815412e-001  0.000000e+000
    outer loop
      vertex -6.495511e+002 -5.170014e+000  9.250000e+001
      vertex -6.495511e+002 -5.170014e+000  3.250000e+001
      vertex -6.476598e+002 -1.161614e+001  9.250000e+001
    endloop
  endfacet
  facet normal -9.595491e-001 -2.815412e-001  -0.000000e+000
    outer loop
      vertex -6.476598e+002 -1.161614e+001  9.250000e+001
      vertex -6.495511e+002 -5.170014e+000  3.250000e+001
      vertex -6.476598e+002 -1.161614e+001  3.250000e+001
    endloop
  endfacet
  facet normal -8.728434e-001 -4.880002e-001  0.000000e+000
    outer loop
      vertex -6.476598e+002 -1.161614e+001  9.250000e+001
      vertex -6.476598e+002 -1.161614e+001  3.250000e+001
      vertex -6.443815e+002 -1.747979e+001  9.250000e+001
    endloop
  endfacet
  facet normal -8.728434e-001 -4.880002e-001  -0.000000e+000
    outer loop
      vertex -6.443815e+002 -1.747979e+001  9.250000e+001
      vertex -6.476598e+002 -1.161614e+001  3.250000e+001
      vertex -6.443815e+002 -1.747979e+001  3.250000e+001
    endloop
  endfacet
  facet normal -7.423688e-001 -6.699915e-001  0.000000e+000
    outer loop
      vertex -6.443815e+002 -1.747979e+001  9.250000e+001
      vertex -6.443815e+002 -1.747979e+001  3.250000e+001
      vertex -6.398806e+002 -2.246692e+001  9.250000e+001
    endloop
  endfacet
  facet normal -7.423688e-001 -6.699915e-001  -0.000000e+000
    outer loop
      vertex -6.398806e+002 -2.246692e+001  9.250000e+001
      vertex -6.443815e+002 -1.747979e+001  3.250000e+001
      vertex -6.398806e+002 -2.246692e+001  3.250000e+001
    endloop
  endfacet
  facet normal -5.746696e-001 -8.183855e-001  0.000000e+000
    outer loop
      vertex -6.398806e+002 -2.246692e+001  9.250000e+001
      vertex -6.398806e+002 -2.246692e+001  3.250000e+001
      vertex -6.343828e+002 -2.632748e+001  9.250000e+001
    endloop
  endfacet
  facet normal -5.746696e-001 -8.183855e-001  -0.000000e+000
    outer loop
      vertex -6.343828e+002 -2.632748e+001  9.250000e+001
      vertex -6.398806e+002 -2.246692e+001  3.250000e+001
      vertex -6.343828e+002 -2.632748e+001  3.250000e+001
    endloop
  endfacet
  facet normal -3.781544e-001 -9.257426e-001  0.000000e+000
    outer loop
      vertex -6.343828e+002 -2.632748e+001  2.250000e+001
      vertex -6.343828e+002 -2.632748e+001  1.000000e+001
      vertex -6.281638e+002 -2.886786e+001  2.250000e+001
    endloop
  endfacet
  facet normal -3.781544e-001 -9.257426e-001  -0.000000e+000
    outer loop
      vertex -6.281638e+002 -2.886786e+001  2.250000e+001
      vertex -6.343828e+002 -2.632748e+001  1.000000e+001
      vertex -6.281638e+002 -2.886786e+001  1.000000e+001
    endloop
  endfacet
  facet normal -1.626739e-001 -9.866799e-001  0.000000e+000
    outer loop
      vertex -6.281638e+002 -2.886786e+001  2.250000e+001
      vertex -6.281638e+002 -2.886786e+001  1.000000e+001
      vertex -6.215353e+002 -2.996069e+001  2.250000e+001
    endloop
  endfacet
  facet normal -1.626739e-001 -9.866799e-001  -0.000000e+000
    outer loop
      vertex -6.215353e+002 -2.996069e+001  2.250000e+001
      vertex -6.281638e+002 -2.886786e+001  1.000000e+001
      vertex -6.215353e+002 -2.996069e+001  1.000000e+001
    endloop
  endfacet
  facet normal  6.096075e-002 -9.981402e-001  0.000000e+000
    outer loop
      vertex -6.215353e+002 -2.996069e+001  2.250000e+001
      vertex -6.215353e+002 -2.996069e+001  1.000000e+001
      vertex -6.148300e+002 -2.955116e+001  2.250000e+001
    endloop
  endfacet
  facet normal  6.096075e-002 -9.981402e-001  0.000000e+000
    outer loop
      vertex -6.148300e+002 -2.955116e+001  2.250000e+001
      vertex -6.215353e+002 -2.996069e+001  1.000000e+001
      vertex -6.148300e+002 -2.955116e+001  1.000000e+001
    endloop
  endfacet
  facet normal  2.815405e-001 -9.595494e-001  0.000000e+000
    outer loop
      vertex -6.148300e+002 -2.955116e+001  2.250000e+001
      vertex -6.148300e+002 -2.955116e+001  1.000000e+001
      vertex -6.083839e+002 -2.765981e+001  2.250000e+001
    endloop
  endfacet
  facet normal  2.815405e-001 -9.595494e-001  0.000000e+000
    outer loop
      vertex -6.083839e+002 -2.765981e+001  2.250000e+001
      vertex -6.148300e+002 -2.955116e+001  1.000000e+001
      vertex -6.083839e+002 -2.765981e+001  1.000000e+001
    endloop
  endfacet
  facet normal  4.880006e-001 -8.728433e-001  0.000000e+000
    outer loop
      vertex -6.083839e+002 -2.765981e+001  2.250000e+001
      vertex -6.083839e+002 -2.765981e+001  1.000000e+001
      vertex -6.025202e+002 -2.438149e+001  2.250000e+001
    endloop
  endfacet
  facet normal  4.880006e-001 -8.728433e-001  0.000000e+000
    outer loop
      vertex -6.025202e+002 -2.438149e+001  2.250000e+001
      vertex -6.083839e+002 -2.765981e+001  1.000000e+001
      vertex -6.025202e+002 -2.438149e+001  1.000000e+001
    endloop
  endfacet
  facet normal  6.699924e-001 -7.423679e-001  0.000000e+000
    outer loop
      vertex -6.025202e+002 -2.438149e+001  2.250000e+001
      vertex -6.025202e+002 -2.438149e+001  1.000000e+001
      vertex -5.975331e+002 -1.988058e+001  2.250000e+001
    endloop
  endfacet
  facet normal  6.699924e-001 -7.423679e-001  0.000000e+000
    outer loop
      vertex -5.975331e+002 -1.988058e+001  2.250000e+001
      vertex -6.025202e+002 -2.438149e+001  1.000000e+001
      vertex -5.975331e+002 -1.988058e+001  1.000000e+001
    endloop
  endfacet
  facet normal  8.183871e-001 -5.746674e-001  0.000000e+000
    outer loop
      vertex -5.975331e+002 -1.988058e+001  2.250000e+001
      vertex -5.975331e+002 -1.988058e+001  1.000000e+001
      vertex -5.936725e+002 -1.438277e+001  2.250000e+001
    endloop
  endfacet
  facet normal  8.183871e-001 -5.746674e-001  0.000000e+000
    outer loop
      vertex -5.936725e+002 -1.438277e+001  2.250000e+001
      vertex -5.975331e+002 -1.988058e+001  1.000000e+001
      vertex -5.936725e+002 -1.438277e+001  1.000000e+001
    endloop
  endfacet
  facet normal  9.257419e-001 -3.781560e-001  0.000000e+000
    outer loop
      vertex -5.936725e+002 -1.438277e+001  2.250000e+001
      vertex -5.936725e+002 -1.438277e+001  1.000000e+001
      vertex -5.911321e+002 -8.163746e+000  2.250000e+001
    endloop
  endfacet
  facet normal  9.257419e-001 -3.781560e-001  0.000000e+000
    outer loop
      vertex -5.911321e+002 -8.163746e+000  2.250000e+001
      vertex -5.936725e+002 -1.438277e+001  1.000000e+001
      vertex -5.911321e+002 -8.163746e+000  1.000000e+001
    endloop
  endfacet
  facet normal  9.866796e-001 -1.626757e-001  0.000000e+000
    outer loop
      vertex -5.911321e+002 -8.163746e+000  2.250000e+001
      vertex -5.911321e+002 -8.163746e+000  1.000000e+001
      vertex -5.900393e+002 -1.535360e+000  2.250000e+001
    endloop
  endfacet
  facet normal  9.866796e-001 -1.626757e-001  0.000000e+000
    outer loop
      vertex -5.900393e+002 -1.535360e+000  2.250000e+001
      vertex -5.911321e+002 -8.163746e+000  1.000000e+001
      vertex -5.900393e+002 -1.535360e+000  1.000000e+001
    endloop
  endfacet
  facet normal  9.981400e-001  6.096366e-002  -0.000000e+000
    outer loop
      vertex -5.900393e+002 -1.535360e+000  2.250000e+001
      vertex -5.900393e+002 -1.535360e+000  1.000000e+001
      vertex -5.904489e+002  5.170014e+000  2.250000e+001
    endloop
  endfacet
  facet normal  9.981400e-001  6.096366e-002  0.000000e+000
    outer loop
      vertex -5.904489e+002  5.170014e+000  2.250000e+001
      vertex -5.900393e+002 -1.535360e+000  1.000000e+001
      vertex -5.904489e+002  5.170014e+000  1.000000e+001
    endloop
  endfacet
  facet normal  9.595491e-001  2.815411e-001  -0.000000e+000
    outer loop
      vertex -5.904489e+002  5.170014e+000  2.250000e+001
      vertex -5.904489e+002  5.170014e+000  1.000000e+001
      vertex -5.923402e+002  1.161614e+001  2.250000e+001
    endloop
  endfacet
  facet normal  9.595491e-001  2.815411e-001  0.000000e+000
    outer loop
      vertex -5.923402e+002  1.161614e+001  2.250000e+001
      vertex -5.904489e+002  5.170014e+000  1.000000e+001
      vertex -5.923402e+002  1.161614e+001  1.000000e+001
    endloop
  endfacet
  facet normal  8.728434e-001  4.880002e-001  -0.000000e+000
    outer loop
      vertex -5.923402e+002  1.161614e+001  2.250000e+001
      vertex -5.923402e+002  1.161614e+001  1.000000e+001
      vertex -5.956185e+002  1.747979e+001  2.250000e+001
    endloop
  endfacet
  facet normal  8.728434e-001  4.880002e-001  0.000000e+000
    outer loop
      vertex -5.956185e+002  1.747979e+001  2.250000e+001
      vertex -5.923402e+002  1.161614e+001  1.000000e+001
      vertex -5.956185e+002  1.747979e+001  1.000000e+001
    endloop
  endfacet
  facet normal  7.423688e-001  6.699915e-001  -0.000000e+000
    outer loop
      vertex -5.956185e+002  1.747979e+001  2.250000e+001
      vertex -5.956185e+002  1.747979e+001  1.000000e+001
      vertex -6.001194e+002  2.246692e+001  2.250000e+001
    endloop
  endfacet
  facet normal  7.423688e-001  6.699915e-001  0.000000e+000
    outer loop
      vertex -6.001194e+002  2.246692e+001  2.250000e+001
      vertex -5.956185e+002  1.747979e+001  1.000000e+001
      vertex -6.001194e+002  2.246692e+001  1.000000e+001
    endloop
  endfacet
  facet normal  5.746696e-001  8.183856e-001  -0.000000e+000
    outer loop
      vertex -6.001194e+002  2.246692e+001  2.250000e+001
      vertex -6.001194e+002  2.246692e+001  1.000000e+001
      vertex -6.056172e+002  2.632748e+001  2.250000e+001
    endloop
  endfacet
  facet normal  5.746696e-001  8.183856e-001  0.000000e+000
    outer loop
      vertex -6.056172e+002  2.632748e+001  2.250000e+001
      vertex -6.001194e+002  2.246692e+001  1.000000e+001
      vertex -6.056172e+002  2.632748e+001  1.000000e+001
    endloop
  endfacet
  facet normal -3.781544e-001 -9.257426e-001  0.000000e+000
    outer loop
      vertex -6.343828e+002 -2.632748e+001  1.150000e+002
      vertex -6.343828e+002 -2.632748e+001  1.025000e+002
      vertex -6.281638e+002 -2.886786e+001  1.150000e+002
    endloop
  endfacet
  facet normal -3.781544e-001 -9.257426e-001  -0.000000e+000
    outer loop
      vertex -6.281638e+002 -2.886786e+001  1.150000e+002
      vertex -6.343828e+002 -2.632748e+001  1.025000e+002
      vertex -6.281638e+002 -2.886786e+001  1.025000e+002
    endloop
  endfacet
  facet normal -1.626739e-001 -9.866799e-001  0.000000e+000
    outer loop
      vertex -6.281638e+002 -2.886786e+001  1.150000e+002
      vertex -6.281638e+002 -2.886786e+001  1.025000e+002
      vertex -6.215353e+002 -2.996069e+001  1.150000e+002
    endloop
  endfacet
  facet normal -1.626739e-001 -9.866799e-001  -0.000000e+000
    outer loop
      vertex -6.215353e+002 -2.996069e+001  1.150000e+002
      vertex -6.281638e+002 -2.886786e+001  1.025000e+002
      vertex -6.215353e+002 -2.996069e+001  1.025000e+002
    endloop
  endfacet
  facet normal  6.096075e-002 -9.981402e-001  0.000000e+000
    outer loop
      vertex -6.215353e+002 -2.996069e+001  1.150000e+002
      vertex -6.215353e+002 -2.996069e+001  1.025000e+002
      vertex -6.148300e+002 -2.955116e+001  1.150000e+002
    endloop
  endfacet
  facet normal  6.096075e-002 -9.981402e-001  0.000000e+000
    outer loop
      vertex -6.148300e+002 -2.955116e+001  1.150000e+002
      vertex -6.215353e+002 -2.996069e+001  1.025000e+002
      vertex -6.148300e+002 -2.955116e+001  1.025000e+002
    endloop
  endfacet
  facet normal  2.815405e-001 -9.595494e-001  0.000000e+000
    outer loop
      vertex -6.148300e+002 -2.955116e+001  1.150000e+002
      vertex -6.148300e+002 -2.955116e+001  1.025000e+002
      vertex -6.083839e+002 -2.765981e+001  1.150000e+002
    endloop
  endfacet
  facet normal  2.815405e-001 -9.595494e-001  0.000000e+000
    outer loop
      vertex -6.083839e+002 -2.765981e+001  1.150000e+002
      vertex -6.148300e+002 -2.955116e+001  1.025000e+002
      vertex -6.083839e+002 -2.765981e+001  1.025000e+002
    endloop
  endfacet
  facet normal  4.880006e-001 -8.728433e-001  0.000000e+000
    outer loop
      vertex -6.083839e+002 -2.765981e+001  1.150000e+002
      vertex -6.083839e+002 -2.765981e+001  1.025000e+002
      vertex -6.025202e+002 -2.438149e+001  1.150000e+002
    endloop
  endfacet
  facet normal  4.880006e-001 -8.728433e-001  0.000000e+000
    outer loop
      vertex -6.025202e+002 -2.438149e+001  1.150000e+002
      vertex -6.083839e+002 -2.765981e+001  1.025000e+002
      vertex -6.025202e+002 -2.438149e+001  1.025000e+002
    endloop
  endfacet
  facet normal  6.699924e-001 -7.423679e-001  0.000000e+000
    outer loop
      vertex -6.025202e+002 -2.438149e+001  1.150000e+002
      vertex -6.025202e+002 -2.438149e+001  1.025000e+002
      vertex -5.975331e+002 -1.988058e+001  1.150000e+002
    endloop
  endfacet
  facet normal  6.699924e-001 -7.423679e-001  0.000000e+000
    outer loop
      vertex -5.975331e+002 -1.988058e+001  1.150000e+002
      vertex -6.025202e+002 -2.438149e+001  1.025000e+002
      vertex -5.975331e+002 -1.988058e+001  1.025000e+002
    endloop
  endfacet
  facet normal  8.183871e-001 -5.746674e-001  0.000000e+000
    outer loop
      vertex -5.975331e+002 -1.988058e+001  1.150000e+002
      vertex -5.975331e+002 -1.988058e+001  1.025000e+002
      vertex -5.936725e+002 -1.438277e+001  1.150000e+002
    endloop
  endfacet
  facet normal  8.183871e-001 -5.746674e-001  0.000000e+000
    outer loop
      vertex -5.936725e+002 -1.438277e+001  1.150000e+002
      vertex -5.975331e+002 -1.988058e+001  1.025000e+002
      vertex -5.936725e+002 -1.438277e+001  1.025000e+002
    endloop
  endfacet
  facet normal  9.257419e-001 -3.781560e-001  0.000000e+000
    outer loop
      vertex -5.936725e+002 -1.438277e+001  1.150000e+002
      vertex -5.936725e+002 -1.438277e+001  1.025000e+002
      vertex -5.911321e+002 -8.163746e+000  1.150000e+002
    endloop
  endfacet
  facet normal  9.257419e-001 -3.781560e-001  0.000000e+000
    outer loop
      vertex -5.911321e+002 -8.163746e+000  1.150000e+002
      vertex -5.936725e+002 -1.438277e+001  1.025000e+002
      vertex -5.911321e+002 -8.163746e+000  1.025000e+002
    endloop
  endfacet
  facet normal  9.866796e-001 -1.626757e-001  0.000000e+000
    outer loop
      vertex -5.911321e+002 -8.163746e+000  1.150000e+002
      vertex -5.911321e+002 -8.163746e+000  1.025000e+002
      vertex -5.900393e+002 -1.535360e+000  1.150000e+002
    endloop
  endfacet
  facet normal  9.866796e-001 -1.626757e-001  0.000000e+000
    outer loop
      vertex -5.900393e+002 -1.535360e+000  1.150000e+002
      vertex -5.911321e+002 -8.163746e+000  1.025000e+002
      vertex -5.900393e+002 -1.535360e+000  1.025000e+002
    endloop
  endfacet
  facet normal  9.981400e-001  6.096366e-002  -0.000000e+000
    outer loop
      vertex -5.900393e+002 -1.535360e+000  1.150000e+002
      vertex -5.900393e+002 -1.535360e+000  1.025000e+002
      vertex -5.904489e+002  5.170014e+000  1.150000e+002
    endloop
  endfacet
  facet normal  9.981400e-001  6.096366e-002  0.000000e+000
    outer loop
      vertex -5.904489e+002  5.170014e+000  1.150000e+002
      vertex -5.900393e+002 -1.535360e+000  1.025000e+002
      vertex -5.904489e+002  5.170014e+000  1.025000e+002
    endloop
  endfacet
  facet normal  9.595491e-001  2.815411e-001  -0.000000e+000
    outer loop
      vertex -5.904489e+002  5.170014e+000  1.150000e+002
      vertex -5.904489e+002  5.170014e+000  1.025000e+002
      vertex -5.923402e+002  1.161614e+001  1.150000e+002
    endloop
  endfacet
  facet normal  9.595491e-001  2.815411e-001  0.000000e+000
    outer loop
      vertex -5.923402e+002  1.161614e+001  1.150000e+002
      vertex -5.904489e+002  5.170014e+000  1.025000e+002
      vertex -5.923402e+002  1.161614e+001  1.025000e+002
    endloop
  endfacet
  facet normal  8.728434e-001  4.880002e-001  -0.000000e+000
    outer loop
      vertex -5.923402e+002  1.161614e+001  1.150000e+002
      vertex -5.923402e+002  1.161614e+001  1.025000e+002
      vertex -5.956185e+002  1.747979e+001  1.150000e+002
    endloop
  endfacet
  facet normal  8.728434e-001  4.880002e-001  0.000000e+000
    outer loop
      vertex -5.956185e+002  1.747979e+001  1.150000e+002
      vertex -5.923402e+002  1.161614e+001  1.025000e+002
      vertex -5.956185e+002  1.747979e+001  1.025000e+002
    endloop
  endfacet
  facet normal  7.423688e-001  6.699915e-001  -0.000000e+000
    outer loop
      vertex -5.956185e+002  1.747979e+001  1.150000e+002
      vertex -5.956185e+002  1.747979e+001  1.025000e+002
      vertex -6.001194e+002  2.246692e+001  1.150000e+002
    endloop
  endfacet
  facet normal  7.423688e-001  6.699915e-001  0.000000e+000
    outer loop
      vertex -6.001194e+002  2.246692e+001  1.150000e+002
      vertex -5.956185e+002  1.747979e+001  1.025000e+002
      vertex -6.001194e+002  2.246692e+001  1.025000e+002
    endloop
  endfacet
  facet normal  5.746696e-001  8.183856e-001  -0.000000e+000
    outer loop
      vertex -6.001194e+002  2.246692e+001  1.150000e+002
      vertex -6.001194e+002  2.246692e+001  1.025000e+002
      vertex -6.056172e+002  2.632748e+001  1.150000e+002
    endloop
  endfacet
  facet normal  5.746696e-001  8.183856e-001  0.000000e+000
    outer loop
      vertex -6.056172e+002  2.632748e+001  1.150000e+002
      vertex -6.001194e+002  2.246692e+001  1.025000e+002
      vertex -6.056172e+002  2.632748e+001  1.025000e+002
    endloop
  endfacet
  facet normal -3.781544e-001 -9.257426e-001  0.000000e+000
    outer loop
      vertex -6.343828e+002 -2.632748e+001  9.250000e+001
      vertex -6.343828e+002 -2.632748e+001  3.250000e+001
      vertex -6.281638e+002 -2.886786e+001  9.250000e+001
    endloop
  endfacet
  facet normal -3.781544e-001 -9.257426e-001  -0.000000e+000
    outer loop
      vertex -6.281638e+002 -2.886786e+001  9.250000e+001
      vertex -6.343828e+002 -2.632748e+001  3.250000e+001
      vertex -6.281638e+002 -2.886786e+001  3.250000e+001
    endloop
  endfacet
  facet normal -1.626739e-001 -9.866799e-001  0.000000e+000
    outer loop
      vertex -6.281638e+002 -2.886786e+001  9.250000e+001
      vertex -6.281638e+002 -2.886786e+001  3.250000e+001
      vertex -6.215353e+002 -2.996069e+001  9.250000e+001
    endloop
  endfacet
  facet normal -1.626739e-001 -9.866799e-001  -0.000000e+000
    outer loop
      vertex -6.215353e+002 -2.996069e+001  9.250000e+001
      vertex -6.281638e+002 -2.886786e+001  3.250000e+001
      vertex -6.215353e+002 -2.996069e+001  3.250000e+001
    endloop
  endfacet
  facet normal  6.096074e-002 -9.981402e-001  0.000000e+000
    outer loop
      vertex -6.215353e+002 -2.996069e+001  9.250000e+001
      vertex -6.215353e+002 -2.996069e+001  3.250000e+001
      vertex -6.148300e+002 -2.955116e+001  9.250000e+001
    endloop
  endfacet
  facet normal  6.096074e-002 -9.981402e-001  0.000000e+000
    outer loop
      vertex -6.148300e+002 -2.955116e+001  9.250000e+001
      vertex -6.215353e+002 -2.996069e+001  3.250000e+001
      vertex -6.148300e+002 -2.955116e+001  3.250000e+001
    endloop
  endfacet
  facet normal  2.815405e-001 -9.595493e-001  0.000000e+000
    outer loop
      vertex -6.148300e+002 -2.955116e+001  9.250000e+001
      vertex -6.148300e+002 -2.955116e+001  3.250000e+001
      vertex -6.083839e+002 -2.765981e+001  9.250000e+001
    endloop
  endfacet
  facet normal  2.815405e-001 -9.595493e-001  0.000000e+000
    outer loop
      vertex -6.083839e+002 -2.765981e+001  9.250000e+001
      vertex -6.148300e+002 -2.955116e+001  3.250000e+001
      vertex -6.083839e+002 -2.765981e+001  3.250000e+001
    endloop
  endfacet
  facet normal  4.880006e-001 -8.728433e-001  0.000000e+000
    outer loop
      vertex -6.083839e+002 -2.765981e+001  9.250000e+001
      vertex -6.083839e+002 -2.765981e+001  3.250000e+001
      vertex -6.025202e+002 -2.438149e+001  9.250000e+001
    endloop
  endfacet
  facet normal  4.880006e-001 -8.728433e-001  0.000000e+000
    outer loop
      vertex -6.025202e+002 -2.438149e+001  9.250000e+001
      vertex -6.083839e+002 -2.765981e+001  3.250000e+001
      vertex -6.025202e+002 -2.438149e+001  3.250000e+001
    endloop
  endfacet
  facet normal  6.699924e-001 -7.423679e-001  0.000000e+000
    outer loop
      vertex -6.025202e+002 -2.438149e+001  9.250000e+001
      vertex -6.025202e+002 -2.438149e+001  3.250000e+001
      vertex -5.975331e+002 -1.988058e+001  9.250000e+001
    endloop
  endfacet
  facet normal  6.699924e-001 -7.423679e-001  0.000000e+000
    outer loop
      vertex -5.975331e+002 -1.988058e+001  9.250000e+001
      vertex -6.025202e+002 -2.438149e+001  3.250000e+001
      vertex -5.975331e+002 -1.988058e+001  3.250000e+001
    endloop
  endfacet
  facet normal  8.183871e-001 -5.746674e-001  0.000000e+000
    outer loop
      vertex -5.975331e+002 -1.988058e+001  9.250000e+001
      vertex -5.975331e+002 -1.988058e+001  3.250000e+001
      vertex -5.936725e+002 -1.438277e+001  9.250000e+001
    endloop
  endfacet
  facet normal  8.183871e-001 -5.746674e-001  0.000000e+000
    outer loop
      vertex -5.936725e+002 -1.438277e+001  9.250000e+001
      vertex -5.975331e+002 -1.988058e+001  3.250000e+001
      vertex -5.936725e+002 -1.438277e+001  3.250000e+001
    endloop
  endfacet
  facet normal  9.257419e-001 -3.781560e-001  0.000000e+000
    outer loop
      vertex -5.936725e+002 -1.438277e+001  9.250000e+001
      vertex -5.936725e+002 -1.438277e+001  3.250000e+001
      vertex -5.911321e+002 -8.163746e+000  9.250000e+001
    endloop
  endfacet
  facet normal  9.257419e-001 -3.781560e-001  0.000000e+000
    outer loop
      vertex -5.911321e+002 -8.163746e+000  9.250000e+001
      vertex -5.936725e+002 -1.438277e+001  3.250000e+001
      vertex -5.911321e+002 -8.163746e+000  3.250000e+001
    endloop
  endfacet
  facet normal  9.866796e-001 -1.626757e-001  0.000000e+000
    outer loop
      vertex -5.911321e+002 -8.163746e+000  9.250000e+001
      vertex -5.911321e+002 -8.163746e+000  3.250000e+001
      vertex -5.900393e+002 -1.535360e+000  9.250000e+001
    endloop
  endfacet
  facet normal  9.866796e-001 -1.626757e-001  0.000000e+000
    outer loop
      vertex -5.900393e+002 -1.535360e+000  9.250000e+001
      vertex -5.911321e+002 -8.163746e+000  3.250000e+001
      vertex -5.900393e+002 -1.535360e+000  3.250000e+001
    endloop
  endfacet
  facet normal  9.981400e-001  6.096366e-002  -0.000000e+000
    outer loop
      vertex -5.900393e+002 -1.535360e+000  9.250000e+001
      vertex -5.900393e+002 -1.535360e+000  3.250000e+001
      vertex -5.904489e+002  5.170014e+000  9.250000e+001
    endloop
  endfacet
  facet normal  9.981400e-001  6.096366e-002  0.000000e+000
    outer loop
      vertex -5.904489e+002  5.170014e+000  9.250000e+001
      vertex -5.900393e+002 -1.535360e+000  3.250000e+001
      vertex -5.904489e+002  5.170014e+000  3.250000e+001
    endloop
  endfacet
  facet normal  9.595491e-001  2.815412e-001  -0.000000e+000
    outer loop
      vertex -5.904489e+002  5.170014e+000  9.250000e+001
      vertex -5.904489e+002  5.170014e+000  3.250000e+001
      vertex -5.923402e+002  1.161614e+001  9.250000e+001
    endloop
  endfacet
  facet normal  9.595491e-001  2.815412e-001  0.000000e+000
    outer loop
      vertex -5.923402e+002  1.161614e+001  9.250000e+001
      vertex -5.904489e+002  5.170014e+000  3.250000e+001
      vertex -5.923402e+002  1.161614e+001  3.250000e+001
    endloop
  endfacet
  facet normal  8.728434e-001  4.880002e-001  -0.000000e+000
    outer loop
      vertex -5.923402e+002  1.161614e+001  9.250000e+001
      vertex -5.923402e+002  1.161614e+001  3.250000e+001
      vertex -5.956185e+002  1.747979e+001  9.250000e+001
    endloop
  endfacet
  facet normal  8.728434e-001  4.880002e-001  0.000000e+000
    outer loop
      vertex -5.956185e+002  1.747979e+001  9.250000e+001
      vertex -5.923402e+002  1.161614e+001  3.250000e+001
      vertex -5.956185e+002  1.747979e+001  3.250000e+001
    endloop
  endfacet
  facet normal  7.423688e-001  6.699915e-001  -0.000000e+000
    outer loop
      vertex -5.956185e+002  1.747979e+001  9.250000e+001
      vertex -5.956185e+002  1.747979e+001  3.250000e+001
      vertex -6.001194e+002  2.246692e+001  9.250000e+001
    endloop
  endfacet
  facet normal  7.423688e-001  6.699915e-001  0.000000e+000
    outer loop
      vertex -6.001194e+002  2.246692e+001  9.250000e+001
      vertex -5.956185e+002  1.747979e+001  3.250000e+001
      vertex -6.001194e+002  2.246692e+001  3.250000e+001
    endloop
  endfacet
  facet normal  5.746696e-001  8.183855e-001  -0.000000e+000
    outer loop
      vertex -6.001194e+002  2.246692e+001  9.250000e+001
      vertex -6.001194e+002  2.246692e+001  3.250000e+001
      vertex -6.056172e+002  2.632748e+001  9.250000e+001
    endloop
  endfacet
  facet normal  5.746696e-001  8.183855e-001  0.000000e+000
    outer loop
      vertex -6.056172e+002  2.632748e+001  9.250000e+001
      vertex -6.001194e+002  2.246692e+001  3.250000e+001
      vertex -6.056172e+002  2.632748e+001  3.250000e+001
    endloop
  endfacet
  facet normal -3.781544e-001  9.257426e-001  0.000000e+000
    outer loop
      vertex -1.014383e+003  2.632748e+001  1.000000e+001
      vertex -1.014383e+003  2.632748e+001  2.250000e+001
      vertex -1.008164e+003  2.886786e+001  1.000000e+001
    endloop
  endfacet
  facet normal -3.781544e-001  9.257426e-001  0.000000e+000
    outer loop
      vertex -1.008164e+003  2.886786e+001  1.000000e+001
      vertex -1.014383e+003  2.632748e+001  2.250000e+001
      vertex -1.008164e+003  2.886786e+001  2.250000e+001
    endloop
  endfacet
  facet normal -1.626739e-001  9.866799e-001  0.000000e+000
    outer loop
      vertex -1.008164e+003  2.886786e+001  1.000000e+001
      vertex -1.008164e+003  2.886786e+001  2.250000e+001
      vertex -1.001535e+003  2.996069e+001  1.000000e+001
    endloop
  endfacet
  facet normal -1.626739e-001  9.866799e-001  0.000000e+000
    outer loop
      vertex -1.001535e+003  2.996069e+001  1.000000e+001
      vertex -1.008164e+003  2.886786e+001  2.250000e+001
      vertex -1.001535e+003  2.996069e+001  2.250000e+001
    endloop
  endfacet
  facet normal  6.096075e-002  9.981402e-001  0.000000e+000
    outer loop
      vertex -1.001535e+003  2.996069e+001  1.000000e+001
      vertex -1.001535e+003  2.996069e+001  2.250000e+001
      vertex -9.948300e+002  2.955116e+001  1.000000e+001
    endloop
  endfacet
  facet normal  6.096075e-002  9.981402e-001  -0.000000e+000
    outer loop
      vertex -9.948300e+002  2.955116e+001  1.000000e+001
      vertex -1.001535e+003  2.996069e+001  2.250000e+001
      vertex -9.948300e+002  2.955116e+001  2.250000e+001
    endloop
  endfacet
  facet normal  2.815405e-001  9.595494e-001  0.000000e+000
    outer loop
      vertex -9.948300e+002  2.955116e+001  1.000000e+001
      vertex -9.948300e+002  2.955116e+001  2.250000e+001
      vertex -9.883839e+002  2.765981e+001  1.000000e+001
    endloop
  endfacet
  facet normal  2.815405e-001  9.595494e-001  -0.000000e+000
    outer loop
      vertex -9.883839e+002  2.765981e+001  1.000000e+001
      vertex -9.948300e+002  2.955116e+001  2.250000e+001
      vertex -9.883839e+002  2.765981e+001  2.250000e+001
    endloop
  endfacet
  facet normal  4.880006e-001  8.728433e-001  0.000000e+000
    outer loop
      vertex -9.883839e+002  2.765981e+001  1.000000e+001
      vertex -9.883839e+002  2.765981e+001  2.250000e+001
      vertex -9.825202e+002  2.438149e+001  1.000000e+001
    endloop
  endfacet
  facet normal  4.880006e-001  8.728433e-001  -0.000000e+000
    outer loop
      vertex -9.825202e+002  2.438149e+001  1.000000e+001
      vertex -9.883839e+002  2.765981e+001  2.250000e+001
      vertex -9.825202e+002  2.438149e+001  2.250000e+001
    endloop
  endfacet
  facet normal  6.699924e-001  7.423679e-001  0.000000e+000
    outer loop
      vertex -9.825202e+002  2.438149e+001  1.000000e+001
      vertex -9.825202e+002  2.438149e+001  2.250000e+001
      vertex -9.775331e+002  1.988058e+001  1.000000e+001
    endloop
  endfacet
  facet normal  6.699924e-001  7.423679e-001  -0.000000e+000
    outer loop
      vertex -9.775331e+002  1.988058e+001  1.000000e+001
      vertex -9.825202e+002  2.438149e+001  2.250000e+001
      vertex -9.775331e+002  1.988058e+001  2.250000e+001
    endloop
  endfacet
  facet normal  8.183871e-001  5.746674e-001  0.000000e+000
    outer loop
      vertex -9.775331e+002  1.988058e+001  1.000000e+001
      vertex -9.775331e+002  1.988058e+001  2.250000e+001
      vertex -9.736725e+002  1.438277e+001  1.000000e+001
    endloop
  endfacet
  facet normal  8.183871e-001  5.746674e-001  -0.000000e+000
    outer loop
      vertex -9.736725e+002  1.438277e+001  1.000000e+001
      vertex -9.775331e+002  1.988058e+001  2.250000e+001
      vertex -9.736725e+002  1.438277e+001  2.250000e+001
    endloop
  endfacet
  facet normal  9.257419e-001  3.781560e-001  0.000000e+000
    outer loop
      vertex -9.736725e+002  1.438277e+001  1.000000e+001
      vertex -9.736725e+002  1.438277e+001  2.250000e+001
      vertex -9.711321e+002  8.163746e+000  1.000000e+001
    endloop
  endfacet
  facet normal  9.257419e-001  3.781560e-001  -0.000000e+000
    outer loop
      vertex -9.711321e+002  8.163746e+000  1.000000e+001
      vertex -9.736725e+002  1.438277e+001  2.250000e+001
      vertex -9.711321e+002  8.163746e+000  2.250000e+001
    endloop
  endfacet
  facet normal  9.866796e-001  1.626757e-001  0.000000e+000
    outer loop
      vertex -9.711321e+002  8.163746e+000  1.000000e+001
      vertex -9.711321e+002  8.163746e+000  2.250000e+001
      vertex -9.700393e+002  1.535360e+000  1.000000e+001
    endloop
  endfacet
  facet normal  9.866796e-001  1.626757e-001  -0.000000e+000
    outer loop
      vertex -9.700393e+002  1.535360e+000  1.000000e+001
      vertex -9.711321e+002  8.163746e+000  2.250000e+001
      vertex -9.700393e+002  1.535360e+000  2.250000e+001
    endloop
  endfacet
  facet normal  9.981400e-001 -6.096366e-002  0.000000e+000
    outer loop
      vertex -9.700393e+002  1.535360e+000  1.000000e+001
      vertex -9.700393e+002  1.535360e+000  2.250000e+001
      vertex -9.704489e+002 -5.170014e+000  1.000000e+001
    endloop
  endfacet
  facet normal  9.981400e-001 -6.096366e-002  0.000000e+000
    outer loop
      vertex -9.704489e+002 -5.170014e+000  1.000000e+001
      vertex -9.700393e+002  1.535360e+000  2.250000e+001
      vertex -9.704489e+002 -5.170014e+000  2.250000e+001
    endloop
  endfacet
  facet normal  9.595491e-001 -2.815411e-001  0.000000e+000
    outer loop
      vertex -9.704489e+002 -5.170014e+000  1.000000e+001
      vertex -9.704489e+002 -5.170014e+000  2.250000e+001
      vertex -9.723402e+002 -1.161614e+001  1.000000e+001
    endloop
  endfacet
  facet normal  9.595491e-001 -2.815411e-001  0.000000e+000
    outer loop
      vertex -9.723402e+002 -1.161614e+001  1.000000e+001
      vertex -9.704489e+002 -5.170014e+000  2.250000e+001
      vertex -9.723402e+002 -1.161614e+001  2.250000e+001
    endloop
  endfacet
  facet normal  8.728434e-001 -4.880002e-001  0.000000e+000
    outer loop
      vertex -9.723402e+002 -1.161614e+001  1.000000e+001
      vertex -9.723402e+002 -1.161614e+001  2.250000e+001
      vertex -9.756185e+002 -1.747979e+001  1.000000e+001
    endloop
  endfacet
  facet normal  8.728434e-001 -4.880002e-001  0.000000e+000
    outer loop
      vertex -9.756185e+002 -1.747979e+001  1.000000e+001
      vertex -9.723402e+002 -1.161614e+001  2.250000e+001
      vertex -9.756185e+002 -1.747979e+001  2.250000e+001
    endloop
  endfacet
  facet normal  7.423688e-001 -6.699915e-001  0.000000e+000
    outer loop
      vertex -9.756185e+002 -1.747979e+001  1.000000e+001
      vertex -9.756185e+002 -1.747979e+001  2.250000e+001
      vertex -9.801194e+002 -2.246692e+001  1.000000e+001
    endloop
  endfacet
  facet normal  7.423688e-001 -6.699915e-001  0.000000e+000
    outer loop
      vertex -9.801194e+002 -2.246692e+001  1.000000e+001
      vertex -9.756185e+002 -1.747979e+001  2.250000e+001
      vertex -9.801194e+002 -2.246692e+001  2.250000e+001
    endloop
  endfacet
  facet normal  5.746696e-001 -8.183856e-001  0.000000e+000
    outer loop
      vertex -9.801194e+002 -2.246692e+001  1.000000e+001
      vertex -9.801194e+002 -2.246692e+001  2.250000e+001
      vertex -9.856172e+002 -2.632748e+001  1.000000e+001
    endloop
  endfacet
  facet normal  5.746696e-001 -8.183856e-001  0.000000e+000
    outer loop
      vertex -9.856172e+002 -2.632748e+001  1.000000e+001
      vertex -9.801194e+002 -2.246692e+001  2.250000e+001
      vertex -9.856172e+002 -2.632748e+001  2.250000e+001
    endloop
  endfacet
  facet normal -3.781544e-001  9.257426e-001  0.000000e+000
    outer loop
      vertex -1.014383e+003  2.632748e+001  1.025000e+002
      vertex -1.014383e+003  2.632748e+001  1.150000e+002
      vertex -1.008164e+003  2.886786e+001  1.025000e+002
    endloop
  endfacet
  facet normal -3.781544e-001  9.257426e-001  0.000000e+000
    outer loop
      vertex -1.008164e+003  2.886786e+001  1.025000e+002
      vertex -1.014383e+003  2.632748e+001  1.150000e+002
      vertex -1.008164e+003  2.886786e+001  1.150000e+002
    endloop
  endfacet
  facet normal -1.626739e-001  9.866799e-001  0.000000e+000
    outer loop
      vertex -1.008164e+003  2.886786e+001  1.025000e+002
      vertex -1.008164e+003  2.886786e+001  1.150000e+002
      vertex -1.001535e+003  2.996069e+001  1.025000e+002
    endloop
  endfacet
  facet normal -1.626739e-001  9.866799e-001  0.000000e+000
    outer loop
      vertex -1.001535e+003  2.996069e+001  1.025000e+002
      vertex -1.008164e+003  2.886786e+001  1.150000e+002
      vertex -1.001535e+003  2.996069e+001  1.150000e+002
    endloop
  endfacet
  facet normal  6.096075e-002  9.981402e-001  0.000000e+000
    outer loop
      vertex -1.001535e+003  2.996069e+001  1.025000e+002
      vertex -1.001535e+003  2.996069e+001  1.150000e+002
      vertex -9.948300e+002  2.955116e+001  1.025000e+002
    endloop
  endfacet
  facet normal  6.096075e-002  9.981402e-001  -0.000000e+000
    outer loop
      vertex -9.948300e+002  2.955116e+001  1.025000e+002
      vertex -1.001535e+003  2.996069e+001  1.150000e+002
      vertex -9.948300e+002  2.955116e+001  1.150000e+002
    endloop
  endfacet
  facet normal  2.815405e-001  9.595494e-001  0.000000e+000
    outer loop
      vertex -9.948300e+002  2.955116e+001  1.025000e+002
      vertex -9.948300e+002  2.955116e+001  1.150000e+002
      vertex -9.883839e+002  2.765981e+001  1.025000e+002
    endloop
  endfacet
  facet normal  2.815405e-001  9.595494e-001  -0.000000e+000
    outer loop
      vertex -9.883839e+002  2.765981e+001  1.025000e+002
      vertex -9.948300e+002  2.955116e+001  1.150000e+002
      vertex -9.883839e+002  2.765981e+001  1.150000e+002
    endloop
  endfacet
  facet normal  4.880006e-001  8.728433e-001  0.000000e+000
    outer loop
      vertex -9.883839e+002  2.765981e+001  1.025000e+002
      vertex -9.883839e+002  2.765981e+001  1.150000e+002
      vertex -9.825202e+002  2.438149e+001  1.025000e+002
    endloop
  endfacet
  facet normal  4.880006e-001  8.728433e-001  -0.000000e+000
    outer loop
      vertex -9.825202e+002  2.438149e+001  1.025000e+002
      vertex -9.883839e+002  2.765981e+001  1.150000e+002
      vertex -9.825202e+002  2.438149e+001  1.150000e+002
    endloop
  endfacet
  facet normal  6.699924e-001  7.423679e-001  0.000000e+000
    outer loop
      vertex -9.825202e+002  2.438149e+001  1.025000e+002
      vertex -9.825202e+002  2.438149e+001  1.150000e+002
      vertex -9.775331e+002  1.988058e+001  1.025000e+002
    endloop
  endfacet
  facet normal  6.699924e-001  7.423679e-001  -0.000000e+000
    outer loop
      vertex -9.775331e+002  1.988058e+001  1.025000e+002
      vertex -9.825202e+002  2.438149e+001  1.150000e+002
      vertex -9.775331e+002  1.988058e+001  1.150000e+002
    endloop
  endfacet
  facet normal  8.183871e-001  5.746674e-001  0.000000e+000
    outer loop
      vertex -9.775331e+002  1.988058e+001  1.025000e+002
      vertex -9.775331e+002  1.988058e+001  1.150000e+002
      vertex -9.736725e+002  1.438277e+001  1.025000e+002
    endloop
  endfacet
  facet normal  8.183871e-001  5.746674e-001  -0.000000e+000
    outer loop
      vertex -9.736725e+002  1.438277e+001  1.025000e+002
      vertex -9.775331e+002  1.988058e+001  1.150000e+002
      vertex -9.736725e+002  1.438277e+001  1.150000e+002
    endloop
  endfacet
  facet normal  9.257419e-001  3.781560e-001  0.000000e+000
    outer loop
      vertex -9.736725e+002  1.438277e+001  1.025000e+002
      vertex -9.736725e+002  1.438277e+001  1.150000e+002
      vertex -9.711321e+002  8.163746e+000  1.025000e+002
    endloop
  endfacet
  facet normal  9.257419e-001  3.781560e-001  -0.000000e+000
    outer loop
      vertex -9.711321e+002  8.163746e+000  1.025000e+002
      vertex -9.736725e+002  1.438277e+001  1.150000e+002
      vertex -9.711321e+002  8.163746e+000  1.150000e+002
    endloop
  endfacet
  facet normal  9.866796e-001  1.626757e-001  0.000000e+000
    outer loop
      vertex -9.711321e+002  8.163746e+000  1.025000e+002
      vertex -9.711321e+002  8.163746e+000  1.150000e+002
      vertex -9.700393e+002  1.535360e+000  1.025000e+002
    endloop
  endfacet
  facet normal  9.866796e-001  1.626757e-001  -0.000000e+000
    outer loop
      vertex -9.700393e+002  1.535360e+000  1.025000e+002
      vertex -9.711321e+002  8.163746e+000  1.150000e+002
      vertex -9.700393e+002  1.535360e+000  1.150000e+002
    endloop
  endfacet
  facet normal  9.981400e-001 -6.096366e-002  0.000000e+000
    outer loop
      vertex -9.700393e+002  1.535360e+000  1.025000e+002
      vertex -9.700393e+002  1.535360e+000  1.150000e+002
      vertex -9.704489e+002 -5.170014e+000  1.025000e+002
    endloop
  endfacet
  facet normal  9.981400e-001 -6.096366e-002  0.000000e+000
    outer loop
      vertex -9.704489e+002 -5.170014e+000  1.025000e+002
      vertex -9.700393e+002  1.535360e+000  1.150000e+002
      vertex -9.704489e+002 -5.170014e+000  1.150000e+002
    endloop
  endfacet
  facet normal  9.595491e-001 -2.815411e-001  0.000000e+000
    outer loop
      vertex -9.704489e+002 -5.170014e+000  1.025000e+002
      vertex -9.704489e+002 -5.170014e+000  1.150000e+002
      vertex -9.723402e+002 -1.161614e+001  1.025000e+002
    endloop
  endfacet
  facet normal  9.595491e-001 -2.815411e-001  0.000000e+000
    outer loop
      vertex -9.723402e+002 -1.161614e+001  1.025000e+002
      vertex -9.704489e+002 -5.170014e+000  1.150000e+002
      vertex -9.723402e+002 -1.161614e+001  1.150000e+002
    endloop
  endfacet
  facet normal  8.728434e-001 -4.880002e-001  0.000000e+000
    outer loop
      vertex -9.723402e+002 -1.161614e+001  1.025000e+002
      vertex -9.723402e+002 -1.161614e+001  1.150000e+002
      vertex -9.756185e+002 -1.747979e+001  1.025000e+002
    endloop
  endfacet
  facet normal  8.728434e-001 -4.880002e-001  0.000000e+000
    outer loop
      vertex -9.756185e+002 -1.747979e+001  1.025000e+002
      vertex -9.723402e+002 -1.161614e+001  1.150000e+002
      vertex -9.756185e+002 -1.747979e+001  1.150000e+002
    endloop
  endfacet
  facet normal  7.423688e-001 -6.699915e-001  0.000000e+000
    outer loop
      vertex -9.756185e+002 -1.747979e+001  1.025000e+002
      vertex -9.756185e+002 -1.747979e+001  1.150000e+002
      vertex -9.801194e+002 -2.246692e+001  1.025000e+002
    endloop
  endfacet
  facet normal  7.423688e-001 -6.699915e-001  0.000000e+000
    outer loop
      vertex -9.801194e+002 -2.246692e+001  1.025000e+002
      vertex -9.756185e+002 -1.747979e+001  1.150000e+002
      vertex -9.801194e+002 -2.246692e+001  1.150000e+002
    endloop
  endfacet
  facet normal  5.746696e-001 -8.183856e-001  0.000000e+000
    outer loop
      vertex -9.801194e+002 -2.246692e+001  1.025000e+002
      vertex -9.801194e+002 -2.246692e+001  1.150000e+002
      vertex -9.856172e+002 -2.632748e+001  1.025000e+002
    endloop
  endfacet
  facet normal  5.746696e-001 -8.183856e-001  0.000000e+000
    outer loop
      vertex -9.856172e+002 -2.632748e+001  1.025000e+002
      vertex -9.801194e+002 -2.246692e+001  1.150000e+002
      vertex -9.856172e+002 -2.632748e+001  1.150000e+002
    endloop
  endfacet
  facet normal -3.781544e-001  9.257426e-001  0.000000e+000
    outer loop
      vertex -1.014383e+003  2.632748e+001  3.250000e+001
      vertex -1.014383e+003  2.632748e+001  9.250000e+001
      vertex -1.008164e+003  2.886786e+001  3.250000e+001
    endloop
  endfacet
  facet normal -3.781544e-001  9.257426e-001  0.000000e+000
    outer loop
      vertex -1.008164e+003  2.886786e+001  3.250000e+001
      vertex -1.014383e+003  2.632748e+001  9.250000e+001
      vertex -1.008164e+003  2.886786e+001  9.250000e+001
    endloop
  endfacet
  facet normal -1.626739e-001  9.866799e-001  0.000000e+000
    outer loop
      vertex -1.008164e+003  2.886786e+001  3.250000e+001
      vertex -1.008164e+003  2.886786e+001  9.250000e+001
      vertex -1.001535e+003  2.996069e+001  3.250000e+001
    endloop
  endfacet
  facet normal -1.626739e-001  9.866799e-001  0.000000e+000
    outer loop
      vertex -1.001535e+003  2.996069e+001  3.250000e+001
      vertex -1.008164e+003  2.886786e+001  9.250000e+001
      vertex -1.001535e+003  2.996069e+001  9.250000e+001
    endloop
  endfacet
  facet normal  6.096074e-002  9.981402e-001  0.000000e+000
    outer loop
      vertex -1.001535e+003  2.996069e+001  3.250000e+001
      vertex -1.001535e+003  2.996069e+001  9.250000e+001
      vertex -9.948300e+002  2.955116e+001  3.250000e+001
    endloop
  endfacet
  facet normal  6.096074e-002  9.981402e-001  -0.000000e+000
    outer loop
      vertex -9.948300e+002  2.955116e+001  3.250000e+001
      vertex -1.001535e+003  2.996069e+001  9.250000e+001
      vertex -9.948300e+002  2.955116e+001  9.250000e+001
    endloop
  endfacet
  facet normal  2.815405e-001  9.595493e-001  0.000000e+000
    outer loop
      vertex -9.948300e+002  2.955116e+001  3.250000e+001
      vertex -9.948300e+002  2.955116e+001  9.250000e+001
      vertex -9.883839e+002  2.765981e+001  3.250000e+001
    endloop
  endfacet
  facet normal  2.815405e-001  9.595493e-001  -0.000000e+000
    outer loop
      vertex -9.883839e+002  2.765981e+001  3.250000e+001
      vertex -9.948300e+002  2.955116e+001  9.250000e+001
      vertex -9.883839e+002  2.765981e+001  9.250000e+001
    endloop
  endfacet
  facet normal  4.880006e-001  8.728433e-001  0.000000e+000
    outer loop
      vertex -9.883839e+002  2.765981e+001  3.250000e+001
      vertex -9.883839e+002  2.765981e+001  9.250000e+001
      vertex -9.825202e+002  2.438149e+001  3.250000e+001
    endloop
  endfacet
  facet normal  4.880006e-001  8.728433e-001  -0.000000e+000
    outer loop
      vertex -9.825202e+002  2.438149e+001  3.250000e+001
      vertex -9.883839e+002  2.765981e+001  9.250000e+001
      vertex -9.825202e+002  2.438149e+001  9.250000e+001
    endloop
  endfacet
  facet normal  6.699924e-001  7.423679e-001  0.000000e+000
    outer loop
      vertex -9.825202e+002  2.438149e+001  3.250000e+001
      vertex -9.825202e+002  2.438149e+001  9.250000e+001
      vertex -9.775331e+002  1.988058e+001  3.250000e+001
    endloop
  endfacet
  facet normal  6.699924e-001  7.423679e-001  -0.000000e+000
    outer loop
      vertex -9.775331e+002  1.988058e+001  3.250000e+001
      vertex -9.825202e+002  2.438149e+001  9.250000e+001
      vertex -9.775331e+002  1.988058e+001  9.250000e+001
    endloop
  endfacet
  facet normal  8.183871e-001  5.746674e-001  0.000000e+000
    outer loop
      vertex -9.775331e+002  1.988058e+001  3.250000e+001
      vertex -9.775331e+002  1.988058e+001  9.250000e+001
      vertex -9.736725e+002  1.438277e+001  3.250000e+001
    endloop
  endfacet
  facet normal  8.183871e-001  5.746674e-001  -0.000000e+000
    outer loop
      vertex -9.736725e+002  1.438277e+001  3.250000e+001
      vertex -9.775331e+002  1.988058e+001  9.250000e+001
      vertex -9.736725e+002  1.438277e+001  9.250000e+001
    endloop
  endfacet
  facet normal  9.257419e-001  3.781560e-001  0.000000e+000
    outer loop
      vertex -9.736725e+002  1.438277e+001  3.250000e+001
      vertex -9.736725e+002  1.438277e+001  9.250000e+001
      vertex -9.711321e+002  8.163746e+000  3.250000e+001
    endloop
  endfacet
  facet normal  9.257419e-001  3.781560e-001  -0.000000e+000
    outer loop
      vertex -9.711321e+002  8.163746e+000  3.250000e+001
      vertex -9.736725e+002  1.438277e+001  9.250000e+001
      vertex -9.711321e+002  8.163746e+000  9.250000e+001
    endloop
  endfacet
  facet normal  9.866796e-001  1.626757e-001  0.000000e+000
    outer loop
      vertex -9.711321e+002  8.163746e+000  3.250000e+001
      vertex -9.711321e+002  8.163746e+000  9.250000e+001
      vertex -9.700393e+002  1.535360e+000  3.250000e+001
    endloop
  endfacet
  facet normal  9.866796e-001  1.626757e-001  -0.000000e+000
    outer loop
      vertex -9.700393e+002  1.535360e+000  3.250000e+001
      vertex -9.711321e+002  8.163746e+000  9.250000e+001
      vertex -9.700393e+002  1.535360e+000  9.250000e+001
    endloop
  endfacet
  facet normal  9.981400e-001 -6.096366e-002  0.000000e+000
    outer loop
      vertex -9.700393e+002  1.535360e+000  3.250000e+001
      vertex -9.700393e+002  1.535360e+000  9.250000e+001
      vertex -9.704489e+002 -5.170014e+000  3.250000e+001
    endloop
  endfacet
  facet normal  9.981400e-001 -6.096366e-002  0.000000e+000
    outer loop
      vertex -9.704489e+002 -5.170014e+000  3.250000e+001
      vertex -9.700393e+002  1.535360e+000  9.250000e+001
      vertex -9.704489e+002 -5.170014e+000  9.250000e+001
    endloop
  endfacet
  facet normal  9.595491e-001 -2.815412e-001  0.000000e+000
    outer loop
      vertex -9.704489e+002 -5.170014e+000  3.250000e+001
      vertex -9.704489e+002 -5.170014e+000  9.250000e+001
      vertex -9.723402e+002 -1.161614e+001  3.250000e+001
    endloop
  endfacet
  facet normal  9.595491e-001 -2.815412e-001  0.000000e+000
    outer loop
      vertex -9.723402e+002 -1.161614e+001  3.250000e+001
      vertex -9.704489e+002 -5.170014e+000  9.250000e+001
      vertex -9.723402e+002 -1.161614e+001  9.250000e+001
    endloop
  endfacet
  facet normal  8.728434e-001 -4.880002e-001  0.000000e+000
    outer loop
      vertex -9.723402e+002 -1.161614e+001  3.250000e+001
      vertex -9.723402e+002 -1.161614e+001  9.250000e+001
      vertex -9.756185e+002 -1.747979e+001  3.250000e+001
    endloop
  endfacet
  facet normal  8.728434e-001 -4.880002e-001  0.000000e+000
    outer loop
      vertex -9.756185e+002 -1.747979e+001  3.250000e+001
      vertex -9.723402e+002 -1.161614e+001  9.250000e+001
      vertex -9.756185e+002 -1.747979e+001  9.250000e+001
    endloop
  endfacet
  facet normal  7.423688e-001 -6.699915e-001  0.000000e+000
    outer loop
      vertex -9.756185e+002 -1.747979e+001  3.250000e+001
      vertex -9.756185e+002 -1.747979e+001  9.250000e+001
      vertex -9.801194e+002 -2.246692e+001  3.250000e+001
    endloop
  endfacet
  facet normal  7.423688e-001 -6.699915e-001  0.000000e+000
    outer loop
      vertex -9.801194e+002 -2.246692e+001  3.250000e+001
      vertex -9.756185e+002 -1.747979e+001  9.250000e+001
      vertex -9.801194e+002 -2.246692e+001  9.250000e+001
    endloop
  endfacet
  facet normal  5.746696e-001 -8.183855e-001  0.000000e+000
    outer loop
      vertex -9.801194e+002 -2.246692e+001  3.250000e+001
      vertex -9.801194e+002 -2.246692e+001  9.250000e+001
      vertex -9.856172e+002 -2.632748e+001  3.250000e+001
    endloop
  endfacet
  facet normal  5.746696e-001 -8.183855e-001  0.000000e+000
    outer loop
      vertex -9.856172e+002 -2.632748e+001  3.250000e+001
      vertex -9.801194e+002 -2.246692e+001  9.250000e+001
      vertex -9.856172e+002 -2.632748e+001  9.250000e+001
    endloop
  endfacet
  facet normal  3.781544e-001 -9.257426e-001  0.000000e+000
    outer loop
      vertex -9.856172e+002 -2.632748e+001  1.000000e+001
      vertex -9.856172e+002 -2.632748e+001  2.250000e+001
      vertex -9.918362e+002 -2.886786e+001  1.000000e+001
    endloop
  endfacet
  facet normal  3.781544e-001 -9.257426e-001  0.000000e+000
    outer loop
      vertex -9.918362e+002 -2.886786e+001  1.000000e+001
      vertex -9.856172e+002 -2.632748e+001  2.250000e+001
      vertex -9.918362e+002 -2.886786e+001  2.250000e+001
    endloop
  endfacet
  facet normal  1.626739e-001 -9.866799e-001  0.000000e+000
    outer loop
      vertex -9.918362e+002 -2.886786e+001  1.000000e+001
      vertex -9.918362e+002 -2.886786e+001  2.250000e+001
      vertex -9.984647e+002 -2.996069e+001  1.000000e+001
    endloop
  endfacet
  facet normal  1.626739e-001 -9.866799e-001  0.000000e+000
    outer loop
      vertex -9.984647e+002 -2.996069e+001  1.000000e+001
      vertex -9.918362e+002 -2.886786e+001  2.250000e+001
      vertex -9.984647e+002 -2.996069e+001  2.250000e+001
    endloop
  endfacet
  facet normal -6.096075e-002 -9.981402e-001  -0.000000e+000
    outer loop
      vertex -9.984647e+002 -2.996069e+001  1.000000e+001
      vertex -9.984647e+002 -2.996069e+001  2.250000e+001
      vertex -1.005170e+003 -2.955116e+001  1.000000e+001
    endloop
  endfacet
  facet normal -6.096075e-002 -9.981402e-001  0.000000e+000
    outer loop
      vertex -1.005170e+003 -2.955116e+001  1.000000e+001
      vertex -9.984647e+002 -2.996069e+001  2.250000e+001
      vertex -1.005170e+003 -2.955116e+001  2.250000e+001
    endloop
  endfacet
  facet normal -2.815405e-001 -9.595494e-001  -0.000000e+000
    outer loop
      vertex -1.005170e+003 -2.955116e+001  1.000000e+001
      vertex -1.005170e+003 -2.955116e+001  2.250000e+001
      vertex -1.011616e+003 -2.765981e+001  1.000000e+001
    endloop
  endfacet
  facet normal -2.815405e-001 -9.595494e-001  0.000000e+000
    outer loop
      vertex -1.011616e+003 -2.765981e+001  1.000000e+001
      vertex -1.005170e+003 -2.955116e+001  2.250000e+001
      vertex -1.011616e+003 -2.765981e+001  2.250000e+001
    endloop
  endfacet
  facet normal -4.880006e-001 -8.728433e-001  -0.000000e+000
    outer loop
      vertex -1.011616e+003 -2.765981e+001  1.000000e+001
      vertex -1.011616e+003 -2.765981e+001  2.250000e+001
      vertex -1.017480e+003 -2.438149e+001  1.000000e+001
    endloop
  endfacet
  facet normal -4.880006e-001 -8.728433e-001  0.000000e+000
    outer loop
      vertex -1.017480e+003 -2.438149e+001  1.000000e+001
      vertex -1.011616e+003 -2.765981e+001  2.250000e+001
      vertex -1.017480e+003 -2.438149e+001  2.250000e+001
    endloop
  endfacet
  facet normal -6.699924e-001 -7.423679e-001  -0.000000e+000
    outer loop
      vertex -1.017480e+003 -2.438149e+001  1.000000e+001
      vertex -1.017480e+003 -2.438149e+001  2.250000e+001
      vertex -1.022467e+003 -1.988058e+001  1.000000e+001
    endloop
  endfacet
  facet normal -6.699924e-001 -7.423679e-001  0.000000e+000
    outer loop
      vertex -1.022467e+003 -1.988058e+001  1.000000e+001
      vertex -1.017480e+003 -2.438149e+001  2.250000e+001
      vertex -1.022467e+003 -1.988058e+001  2.250000e+001
    endloop
  endfacet
  facet normal -8.183827e-001 -5.746734e-001  -0.000000e+000
    outer loop
      vertex -1.022467e+003 -1.988058e+001  1.000000e+001
      vertex -1.022467e+003 -1.988058e+001  2.250000e+001
      vertex -1.026328e+003 -1.438277e+001  1.000000e+001
    endloop
  endfacet
  facet normal -8.183827e-001 -5.746734e-001  0.000000e+000
    outer loop
      vertex -1.026328e+003 -1.438277e+001  1.000000e+001
      vertex -1.022467e+003 -1.988058e+001  2.250000e+001
      vertex -1.026328e+003 -1.438277e+001  2.250000e+001
    endloop
  endfacet
  facet normal -9.257482e-001 -3.781404e-001  -0.000000e+000
    outer loop
      vertex -1.026328e+003 -1.438277e+001  1.000000e+001
      vertex -1.026328e+003 -1.438277e+001  2.250000e+001
      vertex -1.028868e+003 -8.163746e+000  1.000000e+001
    endloop
  endfacet
  facet normal -9.257482e-001 -3.781404e-001  0.000000e+000
    outer loop
      vertex -1.028868e+003 -8.163746e+000  1.000000e+001
      vertex -1.026328e+003 -1.438277e+001  2.250000e+001
      vertex -1.028868e+003 -8.163746e+000  2.250000e+001
    endloop
  endfacet
  facet normal -9.866781e-001 -1.626846e-001  -0.000000e+000
    outer loop
      vertex -1.028868e+003 -8.163746e+000  1.000000e+001
      vertex -1.028868e+003 -8.163746e+000  2.250000e+001
      vertex -1.029961e+003 -1.535360e+000  1.000000e+001
    endloop
  endfacet
  facet normal -9.866781e-001 -1.626846e-001  0.000000e+000
    outer loop
      vertex -1.029961e+003 -1.535360e+000  1.000000e+001
      vertex -1.028868e+003 -8.163746e+000  2.250000e+001
      vertex -1.029961e+003 -1.535360e+000  2.250000e+001
    endloop
  endfacet
  facet normal -9.981400e-001  6.096366e-002  0.000000e+000
    outer loop
      vertex -1.029961e+003 -1.535360e+000  1.000000e+001
      vertex -1.029961e+003 -1.535360e+000  2.250000e+001
      vertex -1.029551e+003  5.170014e+000  1.000000e+001
    endloop
  endfacet
  facet normal -9.981400e-001  6.096366e-002  0.000000e+000
    outer loop
      vertex -1.029551e+003  5.170014e+000  1.000000e+001
      vertex -1.029961e+003 -1.535360e+000  2.250000e+001
      vertex -1.029551e+003  5.170014e+000  2.250000e+001
    endloop
  endfacet
  facet normal -9.595491e-001  2.815411e-001  0.000000e+000
    outer loop
      vertex -1.029551e+003  5.170014e+000  1.000000e+001
      vertex -1.029551e+003  5.170014e+000  2.250000e+001
      vertex -1.027660e+003  1.161614e+001  1.000000e+001
    endloop
  endfacet
  facet normal -9.595491e-001  2.815411e-001  0.000000e+000
    outer loop
      vertex -1.027660e+003  1.161614e+001  1.000000e+001
      vertex -1.029551e+003  5.170014e+000  2.250000e+001
      vertex -1.027660e+003  1.161614e+001  2.250000e+001
    endloop
  endfacet
  facet normal -8.728434e-001  4.880002e-001  0.000000e+000
    outer loop
      vertex -1.027660e+003  1.161614e+001  1.000000e+001
      vertex -1.027660e+003  1.161614e+001  2.250000e+001
      vertex -1.024381e+003  1.747979e+001  1.000000e+001
    endloop
  endfacet
  facet normal -8.728434e-001  4.880002e-001  0.000000e+000
    outer loop
      vertex -1.024381e+003  1.747979e+001  1.000000e+001
      vertex -1.027660e+003  1.161614e+001  2.250000e+001
      vertex -1.024381e+003  1.747979e+001  2.250000e+001
    endloop
  endfacet
  facet normal -7.423688e-001  6.699915e-001  0.000000e+000
    outer loop
      vertex -1.024381e+003  1.747979e+001  1.000000e+001
      vertex -1.024381e+003  1.747979e+001  2.250000e+001
      vertex -1.019881e+003  2.246692e+001  1.000000e+001
    endloop
  endfacet
  facet normal -7.423688e-001  6.699915e-001  0.000000e+000
    outer loop
      vertex -1.019881e+003  2.246692e+001  1.000000e+001
      vertex -1.024381e+003  1.747979e+001  2.250000e+001
      vertex -1.019881e+003  2.246692e+001  2.250000e+001
    endloop
  endfacet
  facet normal -5.746696e-001  8.183856e-001  0.000000e+000
    outer loop
      vertex -1.019881e+003  2.246692e+001  1.000000e+001
      vertex -1.019881e+003  2.246692e+001  2.250000e+001
      vertex -1.014383e+003  2.632748e+001  1.000000e+001
    endloop
  endfacet
  facet normal -5.746696e-001  8.183856e-001  0.000000e+000
    outer loop
      vertex -1.014383e+003  2.632748e+001  1.000000e+001
      vertex -1.019881e+003  2.246692e+001  2.250000e+001
      vertex -1.014383e+003  2.632748e+001  2.250000e+001
    endloop
  endfacet
  facet normal  3.781544e-001 -9.257426e-001  0.000000e+000
    outer loop
      vertex -9.856172e+002 -2.632748e+001  1.025000e+002
      vertex -9.856172e+002 -2.632748e+001  1.150000e+002
      vertex -9.918362e+002 -2.886786e+001  1.025000e+002
    endloop
  endfacet
  facet normal  3.781544e-001 -9.257426e-001  0.000000e+000
    outer loop
      vertex -9.918362e+002 -2.886786e+001  1.025000e+002
      vertex -9.856172e+002 -2.632748e+001  1.150000e+002
      vertex -9.918362e+002 -2.886786e+001  1.150000e+002
    endloop
  endfacet
  facet normal  1.626739e-001 -9.866799e-001  0.000000e+000
    outer loop
      vertex -9.918362e+002 -2.886786e+001  1.025000e+002
      vertex -9.918362e+002 -2.886786e+001  1.150000e+002
      vertex -9.984647e+002 -2.996069e+001  1.025000e+002
    endloop
  endfacet
  facet normal  1.626739e-001 -9.866799e-001  0.000000e+000
    outer loop
      vertex -9.984647e+002 -2.996069e+001  1.025000e+002
      vertex -9.918362e+002 -2.886786e+001  1.150000e+002
      vertex -9.984647e+002 -2.996069e+001  1.150000e+002
    endloop
  endfacet
  facet normal -6.096075e-002 -9.981402e-001  -0.000000e+000
    outer loop
      vertex -9.984647e+002 -2.996069e+001  1.025000e+002
      vertex -9.984647e+002 -2.996069e+001  1.150000e+002
      vertex -1.005170e+003 -2.955116e+001  1.025000e+002
    endloop
  endfacet
  facet normal -6.096075e-002 -9.981402e-001  0.000000e+000
    outer loop
      vertex -1.005170e+003 -2.955116e+001  1.025000e+002
      vertex -9.984647e+002 -2.996069e+001  1.150000e+002
      vertex -1.005170e+003 -2.955116e+001  1.150000e+002
    endloop
  endfacet
  facet normal -2.815405e-001 -9.595494e-001  -0.000000e+000
    outer loop
      vertex -1.005170e+003 -2.955116e+001  1.025000e+002
      vertex -1.005170e+003 -2.955116e+001  1.150000e+002
      vertex -1.011616e+003 -2.765981e+001  1.025000e+002
    endloop
  endfacet
  facet normal -2.815405e-001 -9.595494e-001  0.000000e+000
    outer loop
      vertex -1.011616e+003 -2.765981e+001  1.025000e+002
      vertex -1.005170e+003 -2.955116e+001  1.150000e+002
      vertex -1.011616e+003 -2.765981e+001  1.150000e+002
    endloop
  endfacet
  facet normal -4.880006e-001 -8.728433e-001  -0.000000e+000
    outer loop
      vertex -1.011616e+003 -2.765981e+001  1.025000e+002
      vertex -1.011616e+003 -2.765981e+001  1.150000e+002
      vertex -1.017480e+003 -2.438149e+001  1.025000e+002
    endloop
  endfacet
  facet normal -4.880006e-001 -8.728433e-001  0.000000e+000
    outer loop
      vertex -1.017480e+003 -2.438149e+001  1.025000e+002
      vertex -1.011616e+003 -2.765981e+001  1.150000e+002
      vertex -1.017480e+003 -2.438149e+001  1.150000e+002
    endloop
  endfacet
  facet normal -6.699924e-001 -7.423679e-001  -0.000000e+000
    outer loop
      vertex -1.017480e+003 -2.438149e+001  1.025000e+002
      vertex -1.017480e+003 -2.438149e+001  1.150000e+002
      vertex -1.022467e+003 -1.988058e+001  1.025000e+002
    endloop
  endfacet
  facet normal -6.699924e-001 -7.423679e-001  0.000000e+000
    outer loop
      vertex -1.022467e+003 -1.988058e+001  1.025000e+002
      vertex -1.017480e+003 -2.438149e+001  1.150000e+002
      vertex -1.022467e+003 -1.988058e+001  1.150000e+002
    endloop
  endfacet
  facet normal -8.183827e-001 -5.746734e-001  -0.000000e+000
    outer loop
      vertex -1.022467e+003 -1.988058e+001  1.025000e+002
      vertex -1.022467e+003 -1.988058e+001  1.150000e+002
      vertex -1.026328e+003 -1.438277e+001  1.025000e+002
    endloop
  endfacet
  facet normal -8.183827e-001 -5.746734e-001  0.000000e+000
    outer loop
      vertex -1.026328e+003 -1.438277e+001  1.025000e+002
      vertex -1.022467e+003 -1.988058e+001  1.150000e+002
      vertex -1.026328e+003 -1.438277e+001  1.150000e+002
    endloop
  endfacet
  facet normal -9.257482e-001 -3.781404e-001  -0.000000e+000
    outer loop
      vertex -1.026328e+003 -1.438277e+001  1.025000e+002
      vertex -1.026328e+003 -1.438277e+001  1.150000e+002
      vertex -1.028868e+003 -8.163746e+000  1.025000e+002
    endloop
  endfacet
  facet normal -9.257482e-001 -3.781404e-001  0.000000e+000
    outer loop
      vertex -1.028868e+003 -8.163746e+000  1.025000e+002
      vertex -1.026328e+003 -1.438277e+001  1.150000e+002
      vertex -1.028868e+003 -8.163746e+000  1.150000e+002
    endloop
  endfacet
  facet normal -9.866781e-001 -1.626846e-001  -0.000000e+000
    outer loop
      vertex -1.028868e+003 -8.163746e+000  1.025000e+002
      vertex -1.028868e+003 -8.163746e+000  1.150000e+002
      vertex -1.029961e+003 -1.535360e+000  1.025000e+002
    endloop
  endfacet
  facet normal -9.866781e-001 -1.626846e-001  0.000000e+000
    outer loop
      vertex -1.029961e+003 -1.535360e+000  1.025000e+002
      vertex -1.028868e+003 -8.163746e+000  1.150000e+002
      vertex -1.029961e+003 -1.535360e+000  1.150000e+002
    endloop
  endfacet
  facet normal -9.981400e-001  6.096366e-002  0.000000e+000
    outer loop
      vertex -1.029961e+003 -1.535360e+000  1.025000e+002
      vertex -1.029961e+003 -1.535360e+000  1.150000e+002
      vertex -1.029551e+003  5.170014e+000  1.025000e+002
    endloop
  endfacet
  facet normal -9.981400e-001  6.096366e-002  0.000000e+000
    outer loop
      vertex -1.029551e+003  5.170014e+000  1.025000e+002
      vertex -1.029961e+003 -1.535360e+000  1.150000e+002
      vertex -1.029551e+003  5.170014e+000  1.150000e+002
    endloop
  endfacet
  facet normal -9.595491e-001  2.815411e-001  0.000000e+000
    outer loop
      vertex -1.029551e+003  5.170014e+000  1.025000e+002
      vertex -1.029551e+003  5.170014e+000  1.150000e+002
      vertex -1.027660e+003  1.161614e+001  1.025000e+002
    endloop
  endfacet
  facet normal -9.595491e-001  2.815411e-001  0.000000e+000
    outer loop
      vertex -1.027660e+003  1.161614e+001  1.025000e+002
      vertex -1.029551e+003  5.170014e+000  1.150000e+002
      vertex -1.027660e+003  1.161614e+001  1.150000e+002
    endloop
  endfacet
  facet normal -8.728434e-001  4.880002e-001  0.000000e+000
    outer loop
      vertex -1.027660e+003  1.161614e+001  1.025000e+002
      vertex -1.027660e+003  1.161614e+001  1.150000e+002
      vertex -1.024381e+003  1.747979e+001  1.025000e+002
    endloop
  endfacet
  facet normal -8.728434e-001  4.880002e-001  0.000000e+000
    outer loop
      vertex -1.024381e+003  1.747979e+001  1.025000e+002
      vertex -1.027660e+003  1.161614e+001  1.150000e+002
      vertex -1.024381e+003  1.747979e+001  1.150000e+002
    endloop
  endfacet
  facet normal -7.423688e-001  6.699915e-001  0.000000e+000
    outer loop
      vertex -1.024381e+003  1.747979e+001  1.025000e+002
      vertex -1.024381e+003  1.747979e+001  1.150000e+002
      vertex -1.019881e+003  2.246692e+001  1.025000e+002
    endloop
  endfacet
  facet normal -7.423688e-001  6.699915e-001  0.000000e+000
    outer loop
      vertex -1.019881e+003  2.246692e+001  1.025000e+002
      vertex -1.024381e+003  1.747979e+001  1.150000e+002
      vertex -1.019881e+003  2.246692e+001  1.150000e+002
    endloop
  endfacet
  facet normal -5.746696e-001  8.183856e-001  0.000000e+000
    outer loop
      vertex -1.019881e+003  2.246692e+001  1.025000e+002
      vertex -1.019881e+003  2.246692e+001  1.150000e+002
      vertex -1.014383e+003  2.632748e+001  1.025000e+002
    endloop
  endfacet
  facet normal -5.746696e-001  8.183856e-001  0.000000e+000
    outer loop
      vertex -1.014383e+003  2.632748e+001  1.025000e+002
      vertex -1.019881e+003  2.246692e+001  1.150000e+002
      vertex -1.014383e+003  2.632748e+001  1.150000e+002
    endloop
  endfacet
  facet normal  3.781544e-001 -9.257426e-001  0.000000e+000
    outer loop
      vertex -9.856172e+002 -2.632748e+001  3.250000e+001
      vertex -9.856172e+002 -2.632748e+001  9.250000e+001
      vertex -9.918362e+002 -2.886786e+001  3.250000e+001
    endloop
  endfacet
  facet normal  3.781544e-001 -9.257426e-001  0.000000e+000
    outer loop
      vertex -9.918362e+002 -2.886786e+001  3.250000e+001
      vertex -9.856172e+002 -2.632748e+001  9.250000e+001
      vertex -9.918362e+002 -2.886786e+001  9.250000e+001
    endloop
  endfacet
  facet normal  1.626739e-001 -9.866799e-001  0.000000e+000
    outer loop
      vertex -9.918362e+002 -2.886786e+001  3.250000e+001
      vertex -9.918362e+002 -2.886786e+001  9.250000e+001
      vertex -9.984647e+002 -2.996069e+001  3.250000e+001
    endloop
  endfacet
  facet normal  1.626739e-001 -9.866799e-001  0.000000e+000
    outer loop
      vertex -9.984647e+002 -2.996069e+001  3.250000e+001
      vertex -9.918362e+002 -2.886786e+001  9.250000e+001
      vertex -9.984647e+002 -2.996069e+001  9.250000e+001
    endloop
  endfacet
  facet normal -6.096074e-002 -9.981402e-001  -0.000000e+000
    outer loop
      vertex -9.984647e+002 -2.996069e+001  3.250000e+001
      vertex -9.984647e+002 -2.996069e+001  9.250000e+001
      vertex -1.005170e+003 -2.955116e+001  3.250000e+001
    endloop
  endfacet
  facet normal -6.096074e-002 -9.981402e-001  0.000000e+000
    outer loop
      vertex -1.005170e+003 -2.955116e+001  3.250000e+001
      vertex -9.984647e+002 -2.996069e+001  9.250000e+001
      vertex -1.005170e+003 -2.955116e+001  9.250000e+001
    endloop
  endfacet
  facet normal -2.815405e-001 -9.595493e-001  -0.000000e+000
    outer loop
      vertex -1.005170e+003 -2.955116e+001  3.250000e+001
      vertex -1.005170e+003 -2.955116e+001  9.250000e+001
      vertex -1.011616e+003 -2.765981e+001  3.250000e+001
    endloop
  endfacet
  facet normal -2.815405e-001 -9.595493e-001  0.000000e+000
    outer loop
      vertex -1.011616e+003 -2.765981e+001  3.250000e+001
      vertex -1.005170e+003 -2.955116e+001  9.250000e+001
      vertex -1.011616e+003 -2.765981e+001  9.250000e+001
    endloop
  endfacet
  facet normal -4.880006e-001 -8.728433e-001  -0.000000e+000
    outer loop
      vertex -1.011616e+003 -2.765981e+001  3.250000e+001
      vertex -1.011616e+003 -2.765981e+001  9.250000e+001
      vertex -1.017480e+003 -2.438149e+001  3.250000e+001
    endloop
  endfacet
  facet normal -4.880006e-001 -8.728433e-001  0.000000e+000
    outer loop
      vertex -1.017480e+003 -2.438149e+001  3.250000e+001
      vertex -1.011616e+003 -2.765981e+001  9.250000e+001
      vertex -1.017480e+003 -2.438149e+001  9.250000e+001
    endloop
  endfacet
  facet normal -6.699924e-001 -7.423679e-001  -0.000000e+000
    outer loop
      vertex -1.017480e+003 -2.438149e+001  3.250000e+001
      vertex -1.017480e+003 -2.438149e+001  9.250000e+001
      vertex -1.022467e+003 -1.988058e+001  3.250000e+001
    endloop
  endfacet
  facet normal -6.699924e-001 -7.423679e-001  0.000000e+000
    outer loop
      vertex -1.022467e+003 -1.988058e+001  3.250000e+001
      vertex -1.017480e+003 -2.438149e+001  9.250000e+001
      vertex -1.022467e+003 -1.988058e+001  9.250000e+001
    endloop
  endfacet
  facet normal -8.183828e-001 -5.746735e-001  -0.000000e+000
    outer loop
      vertex -1.022467e+003 -1.988058e+001  3.250000e+001
      vertex -1.022467e+003 -1.988058e+001  9.250000e+001
      vertex -1.026328e+003 -1.438277e+001  3.250000e+001
    endloop
  endfacet
  facet normal -8.183828e-001 -5.746735e-001  0.000000e+000
    outer loop
      vertex -1.026328e+003 -1.438277e+001  3.250000e+001
      vertex -1.022467e+003 -1.988058e+001  9.250000e+001
      vertex -1.026328e+003 -1.438277e+001  9.250000e+001
    endloop
  endfacet
  facet normal -9.257482e-001 -3.781404e-001  -0.000000e+000
    outer loop
      vertex -1.026328e+003 -1.438277e+001  3.250000e+001
      vertex -1.026328e+003 -1.438277e+001  9.250000e+001
      vertex -1.028868e+003 -8.163746e+000  3.250000e+001
    endloop
  endfacet
  facet normal -9.257482e-001 -3.781404e-001  0.000000e+000
    outer loop
      vertex -1.028868e+003 -8.163746e+000  3.250000e+001
      vertex -1.026328e+003 -1.438277e+001  9.250000e+001
      vertex -1.028868e+003 -8.163746e+000  9.250000e+001
    endloop
  endfacet
  facet normal -9.866781e-001 -1.626846e-001  -0.000000e+000
    outer loop
      vertex -1.028868e+003 -8.163746e+000  3.250000e+001
      vertex -1.028868e+003 -8.163746e+000  9.250000e+001
      vertex -1.029961e+003 -1.535360e+000  3.250000e+001
    endloop
  endfacet
  facet normal -9.866781e-001 -1.626846e-001  0.000000e+000
    outer loop
      vertex -1.029961e+003 -1.535360e+000  3.250000e+001
      vertex -1.028868e+003 -8.163746e+000  9.250000e+001
      vertex -1.029961e+003 -1.535360e+000  9.250000e+001
    endloop
  endfacet
  facet normal -9.981400e-001  6.096366e-002  0.000000e+000
    outer loop
      vertex -1.029961e+003 -1.535360e+000  3.250000e+001
      vertex -1.029961e+003 -1.535360e+000  9.250000e+001
      vertex -1.029551e+003  5.170014e+000  3.250000e+001
    endloop
  endfacet
  facet normal -9.981400e-001  6.096366e-002  0.000000e+000
    outer loop
      vertex -1.029551e+003  5.170014e+000  3.250000e+001
      vertex -1.029961e+003 -1.535360e+000  9.250000e+001
      vertex -1.029551e+003  5.170014e+000  9.250000e+001
    endloop
  endfacet
  facet normal -9.595491e-001  2.815412e-001  0.000000e+000
    outer loop
      vertex -1.029551e+003  5.170014e+000  3.250000e+001
      vertex -1.029551e+003  5.170014e+000  9.250000e+001
      vertex -1.027660e+003  1.161614e+001  3.250000e+001
    endloop
  endfacet
  facet normal -9.595491e-001  2.815412e-001  0.000000e+000
    outer loop
      vertex -1.027660e+003  1.161614e+001  3.250000e+001
      vertex -1.029551e+003  5.170014e+000  9.250000e+001
      vertex -1.027660e+003  1.161614e+001  9.250000e+001
    endloop
  endfacet
  facet normal -8.728434e-001  4.880002e-001  0.000000e+000
    outer loop
      vertex -1.027660e+003  1.161614e+001  3.250000e+001
      vertex -1.027660e+003  1.161614e+001  9.250000e+001
      vertex -1.024381e+003  1.747979e+001  3.250000e+001
    endloop
  endfacet
  facet normal -8.728434e-001  4.880002e-001  0.000000e+000
    outer loop
      vertex -1.024381e+003  1.747979e+001  3.250000e+001
      vertex -1.027660e+003  1.161614e+001  9.250000e+001
      vertex -1.024381e+003  1.747979e+001  9.250000e+001
    endloop
  endfacet
  facet normal -7.423688e-001  6.699915e-001  0.000000e+000
    outer loop
      vertex -1.024381e+003  1.747979e+001  3.250000e+001
      vertex -1.024381e+003  1.747979e+001  9.250000e+001
      vertex -1.019881e+003  2.246692e+001  3.250000e+001
    endloop
  endfacet
  facet normal -7.423688e-001  6.699915e-001  0.000000e+000
    outer loop
      vertex -1.019881e+003  2.246692e+001  3.250000e+001
      vertex -1.024381e+003  1.747979e+001  9.250000e+001
      vertex -1.019881e+003  2.246692e+001  9.250000e+001
    endloop
  endfacet
  facet normal -5.746696e-001  8.183855e-001  0.000000e+000
    outer loop
      vertex -1.019881e+003  2.246692e+001  3.250000e+001
      vertex -1.019881e+003  2.246692e+001  9.250000e+001
      vertex -1.014383e+003  2.632748e+001  3.250000e+001
    endloop
  endfacet
  facet normal -5.746696e-001  8.183855e-001  0.000000e+000
    outer loop
      vertex -1.014383e+003  2.632748e+001  3.250000e+001
      vertex -1.019881e+003  2.246692e+001  9.250000e+001
      vertex -1.014383e+003  2.632748e+001  9.250000e+001
    endloop
  endfacet
  facet normal  0.000000e+000  0.000000e+000  1.000000e+000
    outer loop
      vertex -1.001535e+003  2.996069e+001  3.250000e+001
      vertex -1.015307e+003  3.695518e+001  3.250000e+001
      vertex -1.022223e+003  3.325879e+001  3.250000e+001
    endloop
  endfacet
  facet normal  0.000000e+000  -0.000000e+000  1.000000e+000
    outer loop
      vertex -6.200000e+002 -4.000000e+001  3.250000e+001
      vertex -6.121964e+002 -3.923141e+001  3.250000e+001
      vertex -6.046927e+002 -3.695518e+001  3.250000e+001
    endloop
  endfacet
  facet normal  0.000000e+000  -0.000000e+000  1.000000e+000
    outer loop
      vertex -6.200000e+002 -4.000000e+001  3.250000e+001
      vertex -6.046927e+002 -3.695518e+001  3.250000e+001
      vertex -5.977772e+002 -3.325879e+001  3.250000e+001
    endloop
  endfacet
  facet normal  0.000000e+000  0.000000e+000  1.000000e+000
    outer loop
      vertex -6.200000e+002 -4.000000e+001  3.250000e+001
      vertex -5.977772e+002 -3.325879e+001  3.250000e+001
      vertex -6.148300e+002 -2.955116e+001  3.250000e+001
    endloop
  endfacet
  facet normal  0.000000e+000  0.000000e+000  1.000000e+000
    outer loop
      vertex -6.200000e+002 -4.000000e+001  3.250000e+001
      vertex -6.148300e+002 -2.955116e+001  3.250000e+001
      vertex -6.215353e+002 -2.996069e+001  3.250000e+001
    endloop
  endfacet
  facet normal  0.000000e+000  0.000000e+000  9.999999e-001
    outer loop
      vertex -6.200000e+002 -4.000000e+001  3.250000e+001
      vertex -6.215353e+002 -2.996069e+001  3.250000e+001
      vertex -1.000000e+003 -4.000000e+001  3.250000e+001
    endloop
  endfacet
  facet normal  0.000000e+000  0.000000e+000  1.000000e+000
    outer loop
      vertex -1.000000e+003 -4.000000e+001  3.250000e+001
      vertex -6.215353e+002 -2.996069e+001  3.250000e+001
      vertex -6.281638e+002 -2.886786e+001  3.250000e+001
    endloop
  endfacet
  facet normal  0.000000e+000  0.000000e+000  1.000000e+000
    outer loop
      vertex -1.000000e+003 -4.000000e+001  3.250000e+001
      vertex -6.281638e+002 -2.886786e+001  3.250000e+001
      vertex -6.343828e+002 -2.632748e+001  3.250000e+001
    endloop
  endfacet
  facet normal  0.000000e+000  0.000000e+000  1.000000e+000
    outer loop
      vertex -1.000000e+003 -4.000000e+001  3.250000e+001
      vertex -6.343828e+002 -2.632748e+001  3.250000e+001
      vertex -7.350000e+002 -2.500000e+001  3.250000e+001
    endloop
  endfacet
  facet normal  0.000000e+000  0.000000e+000  1.000000e+000
    outer loop
      vertex -1.000000e+003 -4.000000e+001  3.250000e+001
      vertex -7.350000e+002 -2.500000e+001  3.250000e+001
      vertex -8.850000e+002 -2.500000e+001  3.250000e+001
    endloop
  endfacet
  facet normal  0.000000e+000  0.000000e+000  1.000000e+000
    outer loop
      vertex -1.000000e+003 -4.000000e+001  3.250000e+001
      vertex -8.850000e+002 -2.500000e+001  3.250000e+001
      vertex -9.856172e+002 -2.632748e+001  3.250000e+001
    endloop
  endfacet
  facet normal  0.000000e+000  0.000000e+000  1.000000e+000
    outer loop
      vertex -1.000000e+003 -4.000000e+001  3.250000e+001
      vertex -9.856172e+002 -2.632748e+001  3.250000e+001
      vertex -9.918362e+002 -2.886786e+001  3.250000e+001
    endloop
  endfacet
  facet normal  0.000000e+000  0.000000e+000  1.000000e+000
    outer loop
      vertex -1.000000e+003 -4.000000e+001  3.250000e+001
      vertex -9.918362e+002 -2.886786e+001  3.250000e+001
      vertex -9.984647e+002 -2.996069e+001  3.250000e+001
    endloop
  endfacet
  facet normal  0.000000e+000  0.000000e+000  1.000000e+000
    outer loop
      vertex -1.000000e+003 -4.000000e+001  3.250000e+001
      vertex -9.984647e+002 -2.996069e+001  3.250000e+001
      vertex -1.005170e+003 -2.955116e+001  3.250000e+001
    endloop
  endfacet
  facet normal  0.000000e+000  0.000000e+000  1.000000e+000
    outer loop
      vertex -1.000000e+003 -4.000000e+001  3.250000e+001
      vertex -1.005170e+003 -2.955116e+001  3.250000e+001
      vertex -1.022223e+003 -3.325879e+001  3.250000e+001
    endloop
  endfacet
  facet normal  0.000000e+000  0.000000e+000  1.000000e+000
    outer loop
      vertex -1.000000e+003 -4.000000e+001  3.250000e+001
      vertex -1.022223e+003 -3.325879e+001  3.250000e+001
      vertex -1.015307e+003 -3.695518e+001  3.250000e+001
    endloop
  endfacet
  facet normal  0.000000e+000  0.000000e+000  1.000000e+000
    outer loop
      vertex -1.000000e+003 -4.000000e+001  3.250000e+001
      vertex -1.015307e+003 -3.695518e+001  3.250000e+001
      vertex -1.007804e+003 -3.923141e+001  3.250000e+001
    endloop
  endfacet
  facet normal  -0.000000e+000  0.000000e+000  1.000000e+000
    outer loop
      vertex -1.000000e+003  4.000000e+001  3.250000e+001
      vertex -1.007804e+003  3.923141e+001  3.250000e+001
      vertex -1.015307e+003  3.695518e+001  3.250000e+001
    endloop
  endfacet
  facet normal  -0.000000e+000  0.000000e+000  1.000000e+000
    outer loop
      vertex -1.000000e+003  4.000000e+001  3.250000e+001
      vertex -1.015307e+003  3.695518e+001  3.250000e+001
      vertex -1.001535e+003  2.996069e+001  3.250000e+001
    endloop
  endfacet
  facet normal  -0.000000e+000  0.000000e+000  1.000000e+000
    outer loop
      vertex -1.000000e+003  4.000000e+001  3.250000e+001
      vertex -1.001535e+003  2.996069e+001  3.250000e+001
      vertex -9.948300e+002  2.955116e+001  3.250000e+001
    endloop
  endfacet
  facet normal  -0.000000e+000  -0.000000e+000  9.999999e-001
    outer loop
      vertex -1.000000e+003  4.000000e+001  3.250000e+001
      vertex -9.948300e+002  2.955116e+001  3.250000e+001
      vertex -9.883839e+002  2.765981e+001  3.250000e+001
    endloop
  endfacet
  facet normal  -0.000000e+000  -0.000000e+000  1.000000e+000
    outer loop
      vertex -1.000000e+003  4.000000e+001  3.250000e+001
      vertex -9.883839e+002  2.765981e+001  3.250000e+001
      vertex -8.850000e+002  2.500000e+001  3.250000e+001
    endloop
  endfacet
  facet normal  0.000000e+000  -0.000000e+000  1.000000e+000
    outer loop
      vertex -1.000000e+003  4.000000e+001  3.250000e+001
      vertex -8.850000e+002  2.500000e+001  3.250000e+001
      vertex -7.350000e+002  2.500000e+001  3.250000e+001
    endloop
  endfacet
  facet normal  0.000000e+000  -0.000000e+000  1.000000e+000
    outer loop
      vertex -1.000000e+003  4.000000e+001  3.250000e+001
      vertex -7.350000e+002  2.500000e+001  3.250000e+001
      vertex -6.316161e+002  2.765981e+001  3.250000e+001
    endloop
  endfacet
  facet normal  0.000000e+000  -0.000000e+000  1.000000e+000
    outer loop
      vertex -1.000000e+003  4.000000e+001  3.250000e+001
      vertex -6.316161e+002  2.765981e+001  3.250000e+001
      vertex -6.251700e+002  2.955116e+001  3.250000e+001
    endloop
  endfacet
  facet normal  0.000000e+000  -0.000000e+000  1.000000e+000
    outer loop
      vertex -1.000000e+003  4.000000e+001  3.250000e+001
      vertex -6.251700e+002  2.955116e+001  3.250000e+001
      vertex -6.184647e+002  2.996069e+001  3.250000e+001
    endloop
  endfacet
  facet normal  0.000000e+000  0.000000e+000  9.999999e-001
    outer loop
      vertex -1.000000e+003  4.000000e+001  3.250000e+001
      vertex -6.184647e+002  2.996069e+001  3.250000e+001
      vertex -6.200000e+002  4.000000e+001  3.250000e+001
    endloop
  endfacet
  facet normal  -0.000000e+000  -0.000000e+000  1.000000e+000
    outer loop
      vertex -6.184647e+002  2.996069e+001  3.250000e+001
      vertex -6.118362e+002  2.886786e+001  3.250000e+001
      vertex -5.917157e+002  2.828427e+001  3.250000e+001
    endloop
  endfacet
  facet normal  0.000000e+000  0.000000e+000  1.000000e+000
    outer loop
      vertex -6.184647e+002  2.996069e+001  3.250000e+001
      vertex -5.917157e+002  2.828427e+001  3.250000e+001
      vertex -5.977772e+002  3.325879e+001  3.250000e+001
    endloop
  endfacet
  facet normal  0.000000e+000  0.000000e+000  1.000000e+000
    outer loop
      vertex -6.184647e+002  2.996069e+001  3.250000e+001
      vertex -5.977772e+002  3.325879e+001  3.250000e+001
      vertex -6.046927e+002  3.695518e+001  3.250000e+001
    endloop
  endfacet
  facet normal  0.000000e+000  0.000000e+000  1.000000e+000
    outer loop
      vertex -6.184647e+002  2.996069e+001  3.250000e+001
      vertex -6.046927e+002  3.695518e+001  3.250000e+001
      vertex -6.121964e+002  3.923141e+001  3.250000e+001
    endloop
  endfacet
  facet normal  0.000000e+000  0.000000e+000  1.000000e+000
    outer loop
      vertex -6.184647e+002  2.996069e+001  3.250000e+001
      vertex -6.121964e+002  3.923141e+001  3.250000e+001
      vertex -6.200000e+002  4.000000e+001  3.250000e+001
    endloop
  endfacet
  facet normal  0.000000e+000  0.000000e+000  9.999999e-001
    outer loop
      vertex -1.001535e+003  2.996069e+001  3.250000e+001
      vertex -1.022223e+003  3.325879e+001  3.250000e+001
      vertex -1.008164e+003  2.886786e+001  3.250000e+001
    endloop
  endfacet
  facet normal  0.000000e+000  0.000000e+000  1.000000e+000
    outer loop
      vertex -1.008164e+003  2.886786e+001  3.250000e+001
      vertex -1.022223e+003  3.325879e+001  3.250000e+001
      vertex -1.028284e+003  2.828427e+001  3.250000e+001
    endloop
  endfacet
  facet normal  -0.000000e+000  0.000000e+000  1.000000e+000
    outer loop
      vertex -1.008164e+003  2.886786e+001  3.250000e+001
      vertex -1.028284e+003  2.828427e+001  3.250000e+001
      vertex -1.014383e+003  2.632748e+001  3.250000e+001
    endloop
  endfacet
  facet normal  0.000000e+000  0.000000e+000  1.000000e+000
    outer loop
      vertex -1.014383e+003  2.632748e+001  3.250000e+001
      vertex -1.028284e+003  2.828427e+001  3.250000e+001
      vertex -1.033259e+003  2.222281e+001  3.250000e+001
    endloop
  endfacet
  facet normal  0.000000e+000  0.000000e+000  9.999999e-001
    outer loop
      vertex -1.014383e+003  2.632748e+001  3.250000e+001
      vertex -1.033259e+003  2.222281e+001  3.250000e+001
      vertex -1.019881e+003  2.246692e+001  3.250000e+001
    endloop
  endfacet
  facet normal  -0.000000e+000  0.000000e+000  1.000000e+000
    outer loop
      vertex -1.019881e+003  2.246692e+001  3.250000e+001
      vertex -1.033259e+003  2.222281e+001  3.250000e+001
      vertex -1.024381e+003  1.747979e+001  3.250000e+001
    endloop
  endfacet
  facet normal  0.000000e+000  0.000000e+000  9.999999e-001
    outer loop
      vertex -1.024381e+003  1.747979e+001  3.250000e+001
      vertex -1.033259e+003  2.222281e+001  3.250000e+001
      vertex -1.036955e+003  1.530734e+001  3.250000e+001
    endloop
  endfacet
  facet normal  -0.000000e+000  0.000000e+000  1.000000e+000
    outer loop
      vertex -1.024381e+003  1.747979e+001  3.250000e+001
      vertex -1.036955e+003  1.530734e+001  3.250000e+001
      vertex -1.027660e+003  1.161614e+001  3.250000e+001
    endloop
  endfacet
  facet normal  0.000000e+000  0.000000e+000  1.000000e+000
    outer loop
      vertex -1.027660e+003  1.161614e+001  3.250000e+001
      vertex -1.036955e+003  1.530734e+001  3.250000e+001
      vertex -1.039231e+003  7.803613e+000  3.250000e+001
    endloop
  endfacet
  facet normal  -0.000000e+000  0.000000e+000  1.000000e+000
    outer loop
      vertex -1.027660e+003  1.161614e+001  3.250000e+001
      vertex -1.039231e+003  7.803613e+000  3.250000e+001
      vertex -1.029551e+003  5.170014e+000  3.250000e+001
    endloop
  endfacet
  facet normal  0.000000e+000  0.000000e+000  1.000000e+000
    outer loop
      vertex -1.029551e+003  5.170014e+000  3.250000e+001
      vertex -1.039231e+003  7.803613e+000  3.250000e+001
      vertex -1.029961e+003 -1.535360e+000  3.250000e+001
    endloop
  endfacet
  facet normal  0.000000e+000  0.000000e+000  1.000000e+000
    outer loop
      vertex -1.029961e+003 -1.535360e+000  3.250000e+001
      vertex -1.039231e+003  7.803613e+000  3.250000e+001
      vertex -1.040000e+003  4.898425e-015  3.250000e+001
    endloop
  endfacet
  facet normal  0.000000e+000  0.000000e+000  1.000000e+000
    outer loop
      vertex -1.029961e+003 -1.535360e+000  3.250000e+001
      vertex -1.040000e+003  4.898425e-015  3.250000e+001
      vertex -1.028868e+003 -8.163746e+000  3.250000e+001
    endloop
  endfacet
  facet normal  0.000000e+000  0.000000e+000  1.000000e+000
    outer loop
      vertex -1.028868e+003 -8.163746e+000  3.250000e+001
      vertex -1.040000e+003  4.898425e-015  3.250000e+001
      vertex -1.039231e+003 -7.803613e+000  3.250000e+001
    endloop
  endfacet
  facet normal  0.000000e+000  0.000000e+000  9.999999e-001
    outer loop
      vertex -1.028868e+003 -8.163746e+000  3.250000e+001
      vertex -1.039231e+003 -7.803613e+000  3.250000e+001
      vertex -1.026328e+003 -1.438277e+001  3.250000e+001
    endloop
  endfacet
  facet normal  0.000000e+000  0.000000e+000  1.000000e+000
    outer loop
      vertex -1.026328e+003 -1.438277e+001  3.250000e+001
      vertex -1.039231e+003 -7.803613e+000  3.250000e+001
      vertex -1.036955e+003 -1.530734e+001  3.250000e+001
    endloop
  endfacet
  facet normal  -0.000000e+000  0.000000e+000  1.000000e+000
    outer loop
      vertex -1.026328e+003 -1.438277e+001  3.250000e+001
      vertex -1.036955e+003 -1.530734e+001  3.250000e+001
      vertex -1.022467e+003 -1.988058e+001  3.250000e+001
    endloop
  endfacet
  facet normal  0.000000e+000  0.000000e+000  1.000000e+000
    outer loop
      vertex -1.022467e+003 -1.988058e+001  3.250000e+001
      vertex -1.036955e+003 -1.530734e+001  3.250000e+001
      vertex -1.033259e+003 -2.222281e+001  3.250000e+001
    endloop
  endfacet
  facet normal  -0.000000e+000  0.000000e+000  1.000000e+000
    outer loop
      vertex -1.022467e+003 -1.988058e+001  3.250000e+001
      vertex -1.033259e+003 -2.222281e+001  3.250000e+001
      vertex -1.017480e+003 -2.438149e+001  3.250000e+001
    endloop
  endfacet
  facet normal  0.000000e+000  0.000000e+000  9.999999e-001
    outer loop
      vertex -1.017480e+003 -2.438149e+001  3.250000e+001
      vertex -1.033259e+003 -2.222281e+001  3.250000e+001
      vertex -1.011616e+003 -2.765981e+001  3.250000e+001
    endloop
  endfacet
  facet normal  0.000000e+000  0.000000e+000  1.000000e+000
    outer loop
      vertex -1.011616e+003 -2.765981e+001  3.250000e+001
      vertex -1.033259e+003 -2.222281e+001  3.250000e+001
      vertex -1.028284e+003 -2.828427e+001  3.250000e+001
    endloop
  endfacet
  facet normal  -0.000000e+000  0.000000e+000  1.000000e+000
    outer loop
      vertex -1.011616e+003 -2.765981e+001  3.250000e+001
      vertex -1.028284e+003 -2.828427e+001  3.250000e+001
      vertex -1.005170e+003 -2.955116e+001  3.250000e+001
    endloop
  endfacet
  facet normal  0.000000e+000  0.000000e+000  1.000000e+000
    outer loop
      vertex -1.005170e+003 -2.955116e+001  3.250000e+001
      vertex -1.028284e+003 -2.828427e+001  3.250000e+001
      vertex -1.022223e+003 -3.325879e+001  3.250000e+001
    endloop
  endfacet
  facet normal  0.000000e+000  0.000000e+000  1.000000e+000
    outer loop
      vertex -8.850000e+002  2.500000e+001  3.250000e+001
      vertex -9.883839e+002  2.765981e+001  3.250000e+001
      vertex -8.909829e+002  2.427355e+001  3.250000e+001
    endloop
  endfacet
  facet normal  0.000000e+000  0.000000e+000  1.000000e+000
    outer loop
      vertex -8.909829e+002  2.427355e+001  3.250000e+001
      vertex -9.883839e+002  2.765981e+001  3.250000e+001
      vertex -9.825202e+002  2.438149e+001  3.250000e+001
    endloop
  endfacet
  facet normal  0.000000e+000  0.000000e+000  1.000000e+000
    outer loop
      vertex -8.909829e+002  2.427355e+001  3.250000e+001
      vertex -9.825202e+002  2.438149e+001  3.250000e+001
      vertex -8.966181e+002  2.213640e+001  3.250000e+001
    endloop
  endfacet
  facet normal  0.000000e+000  0.000000e+000  1.000000e+000
    outer loop
      vertex -8.966181e+002  2.213640e+001  3.250000e+001
      vertex -9.825202e+002  2.438149e+001  3.250000e+001
      vertex -9.775331e+002  1.988058e+001  3.250000e+001
    endloop
  endfacet
  facet normal  -0.000000e+000  0.000000e+000  1.000000e+000
    outer loop
      vertex -8.966181e+002  2.213640e+001  3.250000e+001
      vertex -9.775331e+002  1.988058e+001  3.250000e+001
      vertex -9.015781e+002  1.871277e+001  3.250000e+001
    endloop
  endfacet
  facet normal  0.000000e+000  0.000000e+000  1.000000e+000
    outer loop
      vertex -9.015781e+002  1.871277e+001  3.250000e+001
      vertex -9.775331e+002  1.988058e+001  3.250000e+001
      vertex -9.055746e+002  1.420162e+001  3.250000e+001
    endloop
  endfacet
  facet normal  0.000000e+000  0.000000e+000  1.000000e+000
    outer loop
      vertex -9.055746e+002  1.420162e+001  3.250000e+001
      vertex -9.775331e+002  1.988058e+001  3.250000e+001
      vertex -9.736725e+002  1.438277e+001  3.250000e+001
    endloop
  endfacet
  facet normal  0.000000e+000  0.000000e+000  9.999999e-001
    outer loop
      vertex -9.055746e+002  1.420162e+001  3.250000e+001
      vertex -9.736725e+002  1.438277e+001  3.250000e+001
      vertex -9.083754e+002  8.865122e+000  3.250000e+001
    endloop
  endfacet
  facet normal  0.000000e+000  0.000000e+000  9.999999e-001
    outer loop
      vertex -9.083754e+002  8.865122e+000  3.250000e+001
      vertex -9.736725e+002  1.438277e+001  3.250000e+001
      vertex -9.711321e+002  8.163746e+000  3.250000e+001
    endloop
  endfacet
  facet normal  -0.000000e+000  0.000000e+000  9.999999e-001
    outer loop
      vertex -9.083754e+002  8.865122e+000  3.250000e+001
      vertex -9.711321e+002  8.163746e+000  3.250000e+001
      vertex -9.098177e+002  3.013417e+000  3.250000e+001
    endloop
  endfacet
  facet normal  0.000000e+000  0.000000e+000  1.000000e+000
    outer loop
      vertex -9.098177e+002  3.013417e+000  3.250000e+001
      vertex -9.711321e+002  8.163746e+000  3.250000e+001
      vertex -9.700393e+002  1.535360e+000  3.250000e+001
    endloop
  endfacet
  facet normal  -0.000000e+000  0.000000e+000  1.000000e+000
    outer loop
      vertex -9.098177e+002  3.013417e+000  3.250000e+001
      vertex -9.700393e+002  1.535360e+000  3.250000e+001
      vertex -9.098177e+002 -3.013417e+000  3.250000e+001
    endloop
  endfacet
  facet normal  0.000000e+000  0.000000e+000  1.000000e+000
    outer loop
      vertex -9.098177e+002 -3.013417e+000  3.250000e+001
      vertex -9.700393e+002  1.535360e+000  3.250000e+001
      vertex -9.704489e+002 -5.170014e+000  3.250000e+001
    endloop
  endfacet
  facet normal  -0.000000e+000  0.000000e+000  1.000000e+000
    outer loop
      vertex -9.098177e+002 -3.013417e+000  3.250000e+001
      vertex -9.704489e+002 -5.170014e+000  3.250000e+001
      vertex -9.083754e+002 -8.865122e+000  3.250000e+001
    endloop
  endfacet
  facet normal  0.000000e+000  0.000000e+000  1.000000e+000
    outer loop
      vertex -9.083754e+002 -8.865122e+000  3.250000e+001
      vertex -9.704489e+002 -5.170014e+000  3.250000e+001
      vertex -9.723402e+002 -1.161614e+001  3.250000e+001
    endloop
  endfacet
  facet normal  -0.000000e+000  0.000000e+000  1.000000e+000
    outer loop
      vertex -9.083754e+002 -8.865122e+000  3.250000e+001
      vertex -9.723402e+002 -1.161614e+001  3.250000e+001
      vertex -9.055746e+002 -1.420162e+001  3.250000e+001
    endloop
  endfacet
  facet normal  0.000000e+000  0.000000e+000  1.000000e+000
    outer loop
      vertex -9.055746e+002 -1.420162e+001  3.250000e+001
      vertex -9.723402e+002 -1.161614e+001  3.250000e+001
      vertex -9.015781e+002 -1.871277e+001  3.250000e+001
    endloop
  endfacet
  facet normal  0.000000e+000  0.000000e+000  1.000000e+000
    outer loop
      vertex -9.015781e+002 -1.871277e+001  3.250000e+001
      vertex -9.723402e+002 -1.161614e+001  3.250000e+001
      vertex -9.756185e+002 -1.747979e+001  3.250000e+001
    endloop
  endfacet
  facet normal  0.000000e+000  0.000000e+000  1.000000e+000
    outer loop
      vertex -9.015781e+002 -1.871277e+001  3.250000e+001
      vertex -9.756185e+002 -1.747979e+001  3.250000e+001
      vertex -8.966181e+002 -2.213640e+001  3.250000e+001
    endloop
  endfacet
  facet normal  0.000000e+000  0.000000e+000  1.000000e+000
    outer loop
      vertex -8.966181e+002 -2.213640e+001  3.250000e+001
      vertex -9.756185e+002 -1.747979e+001  3.250000e+001
      vertex -9.801194e+002 -2.246692e+001  3.250000e+001
    endloop
  endfacet
  facet normal  -0.000000e+000  0.000000e+000  1.000000e+000
    outer loop
      vertex -8.966181e+002 -2.213640e+001  3.250000e+001
      vertex -9.801194e+002 -2.246692e+001  3.250000e+001
      vertex -8.909829e+002 -2.427355e+001  3.250000e+001
    endloop
  endfacet
  facet normal  0.000000e+000  0.000000e+000  1.000000e+000
    outer loop
      vertex -8.909829e+002 -2.427355e+001  3.250000e+001
      vertex -9.801194e+002 -2.246692e+001  3.250000e+001
      vertex -9.856172e+002 -2.632748e+001  3.250000e+001
    endloop
  endfacet
  facet normal  0.000000e+000  0.000000e+000  1.000000e+000
    outer loop
      vertex -8.909829e+002 -2.427355e+001  3.250000e+001
      vertex -9.856172e+002 -2.632748e+001  3.250000e+001
      vertex -8.850000e+002 -2.500000e+001  3.250000e+001
    endloop
  endfacet
  facet normal  -0.000000e+000  0.000000e+000  1.000000e+000
    outer loop
      vertex -6.316161e+002  2.765981e+001  3.250000e+001
      vertex -7.350000e+002  2.500000e+001  3.250000e+001
      vertex -6.374798e+002  2.438149e+001  3.250000e+001
    endloop
  endfacet
  facet normal  0.000000e+000  0.000000e+000  1.000000e+000
    outer loop
      vertex -6.374798e+002  2.438149e+001  3.250000e+001
      vertex -7.350000e+002  2.500000e+001  3.250000e+001
      vertex -7.290171e+002  2.427355e+001  3.250000e+001
    endloop
  endfacet
  facet normal  -0.000000e+000  0.000000e+000  1.000000e+000
    outer loop
      vertex -6.374798e+002  2.438149e+001  3.250000e+001
      vertex -7.290171e+002  2.427355e+001  3.250000e+001
      vertex -6.424669e+002  1.988058e+001  3.250000e+001
    endloop
  endfacet
  facet normal  0.000000e+000  0.000000e+000  1.000000e+000
    outer loop
      vertex -6.424669e+002  1.988058e+001  3.250000e+001
      vertex -7.290171e+002  2.427355e+001  3.250000e+001
      vertex -7.233819e+002  2.213640e+001  3.250000e+001
    endloop
  endfacet
  facet normal  0.000000e+000  0.000000e+000  1.000000e+000
    outer loop
      vertex -6.424669e+002  1.988058e+001  3.250000e+001
      vertex -7.233819e+002  2.213640e+001  3.250000e+001
      vertex -7.184219e+002  1.871277e+001  3.250000e+001
    endloop
  endfacet
  facet normal  -0.000000e+000  0.000000e+000  1.000000e+000
    outer loop
      vertex -6.424669e+002  1.988058e+001  3.250000e+001
      vertex -7.184219e+002  1.871277e+001  3.250000e+001
      vertex -6.463275e+002  1.438277e+001  3.250000e+001
    endloop
  endfacet
  facet normal  0.000000e+000  0.000000e+000  1.000000e+000
    outer loop
      vertex -6.463275e+002  1.438277e+001  3.250000e+001
      vertex -7.184219e+002  1.871277e+001  3.250000e+001
      vertex -7.144254e+002  1.420162e+001  3.250000e+001
    endloop
  endfacet
  facet normal  -0.000000e+000  0.000000e+000  1.000000e+000
    outer loop
      vertex -6.463275e+002  1.438277e+001  3.250000e+001
      vertex -7.144254e+002  1.420162e+001  3.250000e+001
      vertex -6.488679e+002  8.163746e+000  3.250000e+001
    endloop
  endfacet
  facet normal  0.000000e+000  0.000000e+000  1.000000e+000
    outer loop
      vertex -6.488679e+002  8.163746e+000  3.250000e+001
      vertex -7.144254e+002  1.420162e+001  3.250000e+001
      vertex -7.116246e+002  8.865122e+000  3.250000e+001
    endloop
  endfacet
  facet normal  0.000000e+000  0.000000e+000  1.000000e+000
    outer loop
      vertex -6.488679e+002  8.163746e+000  3.250000e+001
      vertex -7.116246e+002  8.865122e+000  3.250000e+001
      vertex -6.499607e+002  1.535360e+000  3.250000e+001
    endloop
  endfacet
  facet normal  0.000000e+000  0.000000e+000  1.000000e+000
    outer loop
      vertex -6.499607e+002  1.535360e+000  3.250000e+001
      vertex -7.116246e+002  8.865122e+000  3.250000e+001
      vertex -7.101823e+002  3.013417e+000  3.250000e+001
    endloop
  endfacet
  facet normal  0.000000e+000  0.000000e+000  1.000000e+000
    outer loop
      vertex -6.499607e+002  1.535360e+000  3.250000e+001
      vertex -7.101823e+002  3.013417e+000  3.250000e+001
      vertex -6.495511e+002 -5.170014e+000  3.250000e+001
    endloop
  endfacet
  facet normal  0.000000e+000  0.000000e+000  1.000000e+000
    outer loop
      vertex -6.495511e+002 -5.170014e+000  3.250000e+001
      vertex -7.101823e+002  3.013417e+000  3.250000e+001
      vertex -7.101823e+002 -3.013417e+000  3.250000e+001
    endloop
  endfacet
  facet normal  0.000000e+000  0.000000e+000  1.000000e+000
    outer loop
      vertex -6.495511e+002 -5.170014e+000  3.250000e+001
      vertex -7.101823e+002 -3.013417e+000  3.250000e+001
      vertex -6.476598e+002 -1.161614e+001  3.250000e+001
    endloop
  endfacet
  facet normal  0.000000e+000  0.000000e+000  1.000000e+000
    outer loop
      vertex -6.476598e+002 -1.161614e+001  3.250000e+001
      vertex -7.101823e+002 -3.013417e+000  3.250000e+001
      vertex -7.116246e+002 -8.865122e+000  3.250000e+001
    endloop
  endfacet
  facet normal  0.000000e+000  0.000000e+000  1.000000e+000
    outer loop
      vertex -6.476598e+002 -1.161614e+001  3.250000e+001
      vertex -7.116246e+002 -8.865122e+000  3.250000e+001
      vertex -7.144254e+002 -1.420162e+001  3.250000e+001
    endloop
  endfacet
  facet normal  -0.000000e+000  0.000000e+000  1.000000e+000
    outer loop
      vertex -6.476598e+002 -1.161614e+001  3.250000e+001
      vertex -7.144254e+002 -1.420162e+001  3.250000e+001
      vertex -6.443815e+002 -1.747979e+001  3.250000e+001
    endloop
  endfacet
  facet normal  0.000000e+000  0.000000e+000  1.000000e+000
    outer loop
      vertex -6.443815e+002 -1.747979e+001  3.250000e+001
      vertex -7.144254e+002 -1.420162e+001  3.250000e+001
      vertex -7.184219e+002 -1.871277e+001  3.250000e+001
    endloop
  endfacet
  facet normal  -0.000000e+000  0.000000e+000  1.000000e+000
    outer loop
      vertex -6.443815e+002 -1.747979e+001  3.250000e+001
      vertex -7.184219e+002 -1.871277e+001  3.250000e+001
      vertex -6.398806e+002 -2.246692e+001  3.250000e+001
    endloop
  endfacet
  facet normal  0.000000e+000  0.000000e+000  1.000000e+000
    outer loop
      vertex -6.398806e+002 -2.246692e+001  3.250000e+001
      vertex -7.184219e+002 -1.871277e+001  3.250000e+001
      vertex -7.233819e+002 -2.213640e+001  3.250000e+001
    endloop
  endfacet
  facet normal  0.000000e+000  0.000000e+000  9.999999e-001
    outer loop
      vertex -6.398806e+002 -2.246692e+001  3.250000e+001
      vertex -7.233819e+002 -2.213640e+001  3.250000e+001
      vertex -6.343828e+002 -2.632748e+001  3.250000e+001
    endloop
  endfacet
  facet normal  0.000000e+000  0.000000e+000  1.000000e+000
    outer loop
      vertex -6.343828e+002 -2.632748e+001  3.250000e+001
      vertex -7.233819e+002 -2.213640e+001  3.250000e+001
      vertex -7.290171e+002 -2.427355e+001  3.250000e+001
    endloop
  endfacet
  facet normal  0.000000e+000  0.000000e+000  1.000000e+000
    outer loop
      vertex -6.343828e+002 -2.632748e+001  3.250000e+001
      vertex -7.290171e+002 -2.427355e+001  3.250000e+001
      vertex -7.350000e+002 -2.500000e+001  3.250000e+001
    endloop
  endfacet
  facet normal  0.000000e+000  0.000000e+000  1.000000e+000
    outer loop
      vertex -5.917157e+002  2.828427e+001  3.250000e+001
      vertex -6.118362e+002  2.886786e+001  3.250000e+001
      vertex -5.867412e+002  2.222281e+001  3.250000e+001
    endloop
  endfacet
  facet normal  0.000000e+000  0.000000e+000  1.000000e+000
    outer loop
      vertex -5.867412e+002  2.222281e+001  3.250000e+001
      vertex -6.118362e+002  2.886786e+001  3.250000e+001
      vertex -6.056172e+002  2.632748e+001  3.250000e+001
    endloop
  endfacet
  facet normal  0.000000e+000  0.000000e+000  9.999999e-001
    outer loop
      vertex -5.867412e+002  2.222281e+001  3.250000e+001
      vertex -6.056172e+002  2.632748e+001  3.250000e+001
      vertex -6.001194e+002  2.246692e+001  3.250000e+001
    endloop
  endfacet
  facet normal  0.000000e+000  0.000000e+000  1.000000e+000
    outer loop
      vertex -5.867412e+002  2.222281e+001  3.250000e+001
      vertex -6.001194e+002  2.246692e+001  3.250000e+001
      vertex -5.830448e+002  1.530734e+001  3.250000e+001
    endloop
  endfacet
  facet normal  0.000000e+000  0.000000e+000  1.000000e+000
    outer loop
      vertex -5.830448e+002  1.530734e+001  3.250000e+001
      vertex -6.001194e+002  2.246692e+001  3.250000e+001
      vertex -5.956185e+002  1.747979e+001  3.250000e+001
    endloop
  endfacet
  facet normal  0.000000e+000  0.000000e+000  1.000000e+000
    outer loop
      vertex -5.830448e+002  1.530734e+001  3.250000e+001
      vertex -5.956185e+002  1.747979e+001  3.250000e+001
      vertex -5.807686e+002  7.803613e+000  3.250000e+001
    endloop
  endfacet
  facet normal  0.000000e+000  0.000000e+000  1.000000e+000
    outer loop
      vertex -5.807686e+002  7.803613e+000  3.250000e+001
      vertex -5.956185e+002  1.747979e+001  3.250000e+001
      vertex -5.923402e+002  1.161614e+001  3.250000e+001
    endloop
  endfacet
  facet normal  0.000000e+000  0.000000e+000  1.000000e+000
    outer loop
      vertex -5.807686e+002  7.803613e+000  3.250000e+001
      vertex -5.923402e+002  1.161614e+001  3.250000e+001
      vertex -5.904489e+002  5.170014e+000  3.250000e+001
    endloop
  endfacet
  facet normal  -0.000000e+000  0.000000e+000  1.000000e+000
    outer loop
      vertex -5.807686e+002  7.803613e+000  3.250000e+001
      vertex -5.904489e+002  5.170014e+000  3.250000e+001
      vertex -5.800000e+002 -9.796851e-015  3.250000e+001
    endloop
  endfacet
  facet normal  0.000000e+000  0.000000e+000  1.000000e+000
    outer loop
      vertex -5.800000e+002 -9.796851e-015  3.250000e+001
      vertex -5.904489e+002  5.170014e+000  3.250000e+001
      vertex -5.900393e+002 -1.535360e+000  3.250000e+001
    endloop
  endfacet
  facet normal  -0.000000e+000  0.000000e+000  1.000000e+000
    outer loop
      vertex -5.800000e+002 -9.796851e-015  3.250000e+001
      vertex -5.900393e+002 -1.535360e+000  3.250000e+001
      vertex -5.807686e+002 -7.803613e+000  3.250000e+001
    endloop
  endfacet
  facet normal  0.000000e+000  0.000000e+000  1.000000e+000
    outer loop
      vertex -5.807686e+002 -7.803613e+000  3.250000e+001
      vertex -5.900393e+002 -1.535360e+000  3.250000e+001
      vertex -5.911321e+002 -8.163746e+000  3.250000e+001
    endloop
  endfacet
  facet normal  -0.000000e+000  0.000000e+000  1.000000e+000
    outer loop
      vertex -5.807686e+002 -7.803613e+000  3.250000e+001
      vertex -5.911321e+002 -8.163746e+000  3.250000e+001
      vertex -5.830448e+002 -1.530734e+001  3.250000e+001
    endloop
  endfacet
  facet normal  0.000000e+000  0.000000e+000  1.000000e+000
    outer loop
      vertex -5.830448e+002 -1.530734e+001  3.250000e+001
      vertex -5.911321e+002 -8.163746e+000  3.250000e+001
      vertex -5.936725e+002 -1.438277e+001  3.250000e+001
    endloop
  endfacet
  facet normal  0.000000e+000  0.000000e+000  1.000000e+000
    outer loop
      vertex -5.830448e+002 -1.530734e+001  3.250000e+001
      vertex -5.936725e+002 -1.438277e+001  3.250000e+001
      vertex -5.867412e+002 -2.222281e+001  3.250000e+001
    endloop
  endfacet
  facet normal  0.000000e+000  0.000000e+000  1.000000e+000
    outer loop
      vertex -5.867412e+002 -2.222281e+001  3.250000e+001
      vertex -5.936725e+002 -1.438277e+001  3.250000e+001
      vertex -5.975331e+002 -1.988058e+001  3.250000e+001
    endloop
  endfacet
  facet normal  0.000000e+000  0.000000e+000  1.000000e+000
    outer loop
      vertex -5.867412e+002 -2.222281e+001  3.250000e+001
      vertex -5.975331e+002 -1.988058e+001  3.250000e+001
      vertex -6.025202e+002 -2.438149e+001  3.250000e+001
    endloop
  endfacet
  facet normal  -0.000000e+000  0.000000e+000  1.000000e+000
    outer loop
      vertex -5.867412e+002 -2.222281e+001  3.250000e+001
      vertex -6.025202e+002 -2.438149e+001  3.250000e+001
      vertex -5.917157e+002 -2.828427e+001  3.250000e+001
    endloop
  endfacet
  facet normal  0.000000e+000  0.000000e+000  1.000000e+000
    outer loop
      vertex -5.917157e+002 -2.828427e+001  3.250000e+001
      vertex -6.025202e+002 -2.438149e+001  3.250000e+001
      vertex -6.083839e+002 -2.765981e+001  3.250000e+001
    endloop
  endfacet
  facet normal  0.000000e+000  0.000000e+000  1.000000e+000
    outer loop
      vertex -5.917157e+002 -2.828427e+001  3.250000e+001
      vertex -6.083839e+002 -2.765981e+001  3.250000e+001
      vertex -5.977772e+002 -3.325879e+001  3.250000e+001
    endloop
  endfacet
  facet normal  0.000000e+000  0.000000e+000  1.000000e+000
    outer loop
      vertex -5.977772e+002 -3.325879e+001  3.250000e+001
      vertex -6.083839e+002 -2.765981e+001  3.250000e+001
      vertex -6.148300e+002 -2.955116e+001  3.250000e+001
    endloop
  endfacet
  facet normal  0.000000e+000  -0.000000e+000 -1.000000e+000
    outer loop
      vertex -1.022223e+003  3.325879e+001  2.250000e+001
      vertex -1.015307e+003  3.695518e+001  2.250000e+001
      vertex -1.001535e+003  2.996069e+001  2.250000e+001
    endloop
  endfacet
  facet normal  0.000000e+000  0.000000e+000 -9.999999e-001
    outer loop
      vertex -6.200000e+002 -4.000000e+001  2.250000e+001
      vertex -1.000000e+003 -4.000000e+001  2.250000e+001
      vertex -6.215353e+002 -2.996069e+001  2.250000e+001
    endloop
  endfacet
  facet normal  0.000000e+000  0.000000e+000 -1.000000e+000
    outer loop
      vertex -6.200000e+002 -4.000000e+001  2.250000e+001
      vertex -6.215353e+002 -2.996069e+001  2.250000e+001
      vertex -6.148300e+002 -2.955116e+001  2.250000e+001
    endloop
  endfacet
  facet normal  0.000000e+000  -0.000000e+000 -1.000000e+000
    outer loop
      vertex -6.200000e+002 -4.000000e+001  2.250000e+001
      vertex -6.148300e+002 -2.955116e+001  2.250000e+001
      vertex -5.977772e+002 -3.325879e+001  2.250000e+001
    endloop
  endfacet
  facet normal  0.000000e+000  0.000000e+000 -1.000000e+000
    outer loop
      vertex -6.200000e+002 -4.000000e+001  2.250000e+001
      vertex -5.977772e+002 -3.325879e+001  2.250000e+001
      vertex -6.046927e+002 -3.695518e+001  2.250000e+001
    endloop
  endfacet
  facet normal  0.000000e+000  0.000000e+000 -1.000000e+000
    outer loop
      vertex -6.200000e+002 -4.000000e+001  2.250000e+001
      vertex -6.046927e+002 -3.695518e+001  2.250000e+001
      vertex -6.121964e+002 -3.923141e+001  2.250000e+001
    endloop
  endfacet
  facet normal  0.000000e+000  0.000000e+000 -1.000000e+000
    outer loop
      vertex -1.000000e+003 -4.000000e+001  2.250000e+001
      vertex -1.007804e+003 -3.923141e+001  2.250000e+001
      vertex -1.015307e+003 -3.695518e+001  2.250000e+001
    endloop
  endfacet
  facet normal  0.000000e+000  0.000000e+000 -1.000000e+000
    outer loop
      vertex -1.000000e+003 -4.000000e+001  2.250000e+001
      vertex -1.015307e+003 -3.695518e+001  2.250000e+001
      vertex -1.022223e+003 -3.325879e+001  2.250000e+001
    endloop
  endfacet
  facet normal  0.000000e+000  0.000000e+000 -1.000000e+000
    outer loop
      vertex -1.000000e+003 -4.000000e+001  2.250000e+001
      vertex -1.022223e+003 -3.325879e+001  2.250000e+001
      vertex -1.005170e+003 -2.955116e+001  2.250000e+001
    endloop
  endfacet
  facet normal  0.000000e+000  0.000000e+000 -1.000000e+000
    outer loop
      vertex -1.000000e+003 -4.000000e+001  2.250000e+001
      vertex -1.005170e+003 -2.955116e+001  2.250000e+001
      vertex -9.984647e+002 -2.996069e+001  2.250000e+001
    endloop
  endfacet
  facet normal  0.000000e+000  -0.000000e+000 -1.000000e+000
    outer loop
      vertex -1.000000e+003 -4.000000e+001  2.250000e+001
      vertex -9.984647e+002 -2.996069e+001  2.250000e+001
      vertex -9.918362e+002 -2.886786e+001  2.250000e+001
    endloop
  endfacet
  facet normal  0.000000e+000  -0.000000e+000 -1.000000e+000
    outer loop
      vertex -1.000000e+003 -4.000000e+001  2.250000e+001
      vertex -9.918362e+002 -2.886786e+001  2.250000e+001
      vertex -9.856172e+002 -2.632748e+001  2.250000e+001
    endloop
  endfacet
  facet normal  0.000000e+000  -0.000000e+000 -1.000000e+000
    outer loop
      vertex -1.000000e+003 -4.000000e+001  2.250000e+001
      vertex -9.856172e+002 -2.632748e+001  2.250000e+001
      vertex -8.850000e+002 -2.500000e+001  2.250000e+001
    endloop
  endfacet
  facet normal  0.000000e+000  -0.000000e+000 -1.000000e+000
    outer loop
      vertex -1.000000e+003 -4.000000e+001  2.250000e+001
      vertex -8.850000e+002 -2.500000e+001  2.250000e+001
      vertex -7.350000e+002 -2.500000e+001  2.250000e+001
    endloop
  endfacet
  facet normal  0.000000e+000  -0.000000e+000 -1.000000e+000
    outer loop
      vertex -1.000000e+003 -4.000000e+001  2.250000e+001
      vertex -7.350000e+002 -2.500000e+001  2.250000e+001
      vertex -6.343828e+002 -2.632748e+001  2.250000e+001
    endloop
  endfacet
  facet normal  0.000000e+000  -0.000000e+000 -1.000000e+000
    outer loop
      vertex -1.000000e+003 -4.000000e+001  2.250000e+001
      vertex -6.343828e+002 -2.632748e+001  2.250000e+001
      vertex -6.281638e+002 -2.886786e+001  2.250000e+001
    endloop
  endfacet
  facet normal  0.000000e+000  -0.000000e+000 -1.000000e+000
    outer loop
      vertex -1.000000e+003 -4.000000e+001  2.250000e+001
      vertex -6.281638e+002 -2.886786e+001  2.250000e+001
      vertex -6.215353e+002 -2.996069e+001  2.250000e+001
    endloop
  endfacet
  facet normal  -0.000000e+000  -0.000000e+000 -9.999999e-001
    outer loop
      vertex -1.000000e+003  4.000000e+001  2.250000e+001
      vertex -6.200000e+002  4.000000e+001  2.250000e+001
      vertex -6.184647e+002  2.996069e+001  2.250000e+001
    endloop
  endfacet
  facet normal  -0.000000e+000  0.000000e+000 -1.000000e+000
    outer loop
      vertex -1.000000e+003  4.000000e+001  2.250000e+001
      vertex -6.184647e+002  2.996069e+001  2.250000e+001
      vertex -6.251700e+002  2.955116e+001  2.250000e+001
    endloop
  endfacet
  facet normal  -0.000000e+000  0.000000e+000 -1.000000e+000
    outer loop
      vertex -1.000000e+003  4.000000e+001  2.250000e+001
      vertex -6.251700e+002  2.955116e+001  2.250000e+001
      vertex -6.316161e+002  2.765981e+001  2.250000e+001
    endloop
  endfacet
  facet normal  -0.000000e+000  0.000000e+000 -1.000000e+000
    outer loop
      vertex -1.000000e+003  4.000000e+001  2.250000e+001
      vertex -6.316161e+002  2.765981e+001  2.250000e+001
      vertex -7.350000e+002  2.500000e+001  2.250000e+001
    endloop
  endfacet
  facet normal  0.000000e+000  0.000000e+000 -1.000000e+000
    outer loop
      vertex -1.000000e+003  4.000000e+001  2.250000e+001
      vertex -7.350000e+002  2.500000e+001  2.250000e+001
      vertex -8.850000e+002  2.500000e+001  2.250000e+001
    endloop
  endfacet
  facet normal  0.000000e+000  0.000000e+000 -1.000000e+000
    outer loop
      vertex -1.000000e+003  4.000000e+001  2.250000e+001
      vertex -8.850000e+002  2.500000e+001  2.250000e+001
      vertex -9.883839e+002  2.765981e+001  2.250000e+001
    endloop
  endfacet
  facet normal  0.000000e+000  0.000000e+000 -9.999999e-001
    outer loop
      vertex -1.000000e+003  4.000000e+001  2.250000e+001
      vertex -9.883839e+002  2.765981e+001  2.250000e+001
      vertex -9.948300e+002  2.955116e+001  2.250000e+001
    endloop
  endfacet
  facet normal  0.000000e+000  0.000000e+000 -1.000000e+000
    outer loop
      vertex -1.000000e+003  4.000000e+001  2.250000e+001
      vertex -9.948300e+002  2.955116e+001  2.250000e+001
      vertex -1.001535e+003  2.996069e+001  2.250000e+001
    endloop
  endfacet
  facet normal  0.000000e+000  0.000000e+000 -1.000000e+000
    outer loop
      vertex -1.000000e+003  4.000000e+001  2.250000e+001
      vertex -1.001535e+003  2.996069e+001  2.250000e+001
      vertex -1.015307e+003  3.695518e+001  2.250000e+001
    endloop
  endfacet
  facet normal  0.000000e+000  0.000000e+000 -1.000000e+000
    outer loop
      vertex -1.000000e+003  4.000000e+001  2.250000e+001
      vertex -1.015307e+003  3.695518e+001  2.250000e+001
      vertex -1.007804e+003  3.923141e+001  2.250000e+001
    endloop
  endfacet
  facet normal  0.000000e+000  0.000000e+000 -1.000000e+000
    outer loop
      vertex -6.184647e+002  2.996069e+001  2.250000e+001
      vertex -6.200000e+002  4.000000e+001  2.250000e+001
      vertex -6.121964e+002  3.923141e+001  2.250000e+001
    endloop
  endfacet
  facet normal  0.000000e+000  -0.000000e+000 -1.000000e+000
    outer loop
      vertex -6.184647e+002  2.996069e+001  2.250000e+001
      vertex -6.121964e+002  3.923141e+001  2.250000e+001
      vertex -6.046927e+002  3.695518e+001  2.250000e+001
    endloop
  endfacet
  facet normal  0.000000e+000  -0.000000e+000 -1.000000e+000
    outer loop
      vertex -6.184647e+002  2.996069e+001  2.250000e+001
      vertex -6.046927e+002  3.695518e+001  2.250000e+001
      vertex -5.977772e+002  3.325879e+001  2.250000e+001
    endloop
  endfacet
  facet normal  0.000000e+000  -0.000000e+000 -1.000000e+000
    outer loop
      vertex -6.184647e+002  2.996069e+001  2.250000e+001
      vertex -5.977772e+002  3.325879e+001  2.250000e+001
      vertex -5.917157e+002  2.828427e+001  2.250000e+001
    endloop
  endfacet
  facet normal  0.000000e+000  0.000000e+000 -1.000000e+000
    outer loop
      vertex -6.184647e+002  2.996069e+001  2.250000e+001
      vertex -5.917157e+002  2.828427e+001  2.250000e+001
      vertex -6.118362e+002  2.886786e+001  2.250000e+001
    endloop
  endfacet
  facet normal  0.000000e+000  0.000000e+000 -9.999999e-001
    outer loop
      vertex -1.019881e+003  2.246692e+001  2.250000e+001
      vertex -1.033259e+003  2.222281e+001  2.250000e+001
      vertex -1.014383e+003  2.632748e+001  2.250000e+001
    endloop
  endfacet
  facet normal  -0.000000e+000  0.000000e+000 -1.000000e+000
    outer loop
      vertex -1.014383e+003  2.632748e+001  2.250000e+001
      vertex -1.033259e+003  2.222281e+001  2.250000e+001
      vertex -1.028284e+003  2.828427e+001  2.250000e+001
    endloop
  endfacet
  facet normal  0.000000e+000  0.000000e+000 -1.000000e+000
    outer loop
      vertex -1.014383e+003  2.632748e+001  2.250000e+001
      vertex -1.028284e+003  2.828427e+001  2.250000e+001
      vertex -1.008164e+003  2.886786e+001  2.250000e+001
    endloop
  endfacet
  facet normal  -0.000000e+000  0.000000e+000 -1.000000e+000
    outer loop
      vertex -1.008164e+003  2.886786e+001  2.250000e+001
      vertex -1.028284e+003  2.828427e+001  2.250000e+001
      vertex -1.022223e+003  3.325879e+001  2.250000e+001
    endloop
  endfacet
  facet normal  0.000000e+000  0.000000e+000 -9.999999e-001
    outer loop
      vertex -1.008164e+003  2.886786e+001  2.250000e+001
      vertex -1.022223e+003  3.325879e+001  2.250000e+001
      vertex -1.001535e+003  2.996069e+001  2.250000e+001
    endloop
  endfacet
  facet normal  0.000000e+000  0.000000e+000 -1.000000e+000
    outer loop
      vertex -1.029551e+003  5.170014e+000  2.250000e+001
      vertex -1.039231e+003  7.803613e+000  2.250000e+001
      vertex -1.027660e+003  1.161614e+001  2.250000e+001
    endloop
  endfacet
  facet normal  -0.000000e+000  0.000000e+000 -1.000000e+000
    outer loop
      vertex -1.027660e+003  1.161614e+001  2.250000e+001
      vertex -1.039231e+003  7.803613e+000  2.250000e+001
      vertex -1.036955e+003  1.530734e+001  2.250000e+001
    endloop
  endfacet
  facet normal  0.000000e+000  0.000000e+000 -1.000000e+000
    outer loop
      vertex -1.027660e+003  1.161614e+001  2.250000e+001
      vertex -1.036955e+003  1.530734e+001  2.250000e+001
      vertex -1.024381e+003  1.747979e+001  2.250000e+001
    endloop
  endfacet
  facet normal  -0.000000e+000  0.000000e+000 -9.999999e-001
    outer loop
      vertex -1.024381e+003  1.747979e+001  2.250000e+001
      vertex -1.036955e+003  1.530734e+001  2.250000e+001
      vertex -1.033259e+003  2.222281e+001  2.250000e+001
    endloop
  endfacet
  facet normal  0.000000e+000  0.000000e+000 -1.000000e+000
    outer loop
      vertex -1.024381e+003  1.747979e+001  2.250000e+001
      vertex -1.033259e+003  2.222281e+001  2.250000e+001
      vertex -1.019881e+003  2.246692e+001  2.250000e+001
    endloop
  endfacet
  facet normal  0.000000e+000  0.000000e+000 -1.000000e+000
    outer loop
      vertex -1.017480e+003 -2.438149e+001  2.250000e+001
      vertex -1.033259e+003 -2.222281e+001  2.250000e+001
      vertex -1.022467e+003 -1.988058e+001  2.250000e+001
    endloop
  endfacet
  facet normal  -0.000000e+000  0.000000e+000 -1.000000e+000
    outer loop
      vertex -1.022467e+003 -1.988058e+001  2.250000e+001
      vertex -1.033259e+003 -2.222281e+001  2.250000e+001
      vertex -1.036955e+003 -1.530734e+001  2.250000e+001
    endloop
  endfacet
  facet normal  0.000000e+000  0.000000e+000 -1.000000e+000
    outer loop
      vertex -1.022467e+003 -1.988058e+001  2.250000e+001
      vertex -1.036955e+003 -1.530734e+001  2.250000e+001
      vertex -1.026328e+003 -1.438277e+001  2.250000e+001
    endloop
  endfacet
  facet normal  -0.000000e+000  0.000000e+000 -1.000000e+000
    outer loop
      vertex -1.026328e+003 -1.438277e+001  2.250000e+001
      vertex -1.036955e+003 -1.530734e+001  2.250000e+001
      vertex -1.039231e+003 -7.803613e+000  2.250000e+001
    endloop
  endfacet
  facet normal  0.000000e+000  0.000000e+000 -9.999999e-001
    outer loop
      vertex -1.026328e+003 -1.438277e+001  2.250000e+001
      vertex -1.039231e+003 -7.803613e+000  2.250000e+001
      vertex -1.028868e+003 -8.163746e+000  2.250000e+001
    endloop
  endfacet
  facet normal  0.000000e+000  0.000000e+000 -1.000000e+000
    outer loop
      vertex -1.028868e+003 -8.163746e+000  2.250000e+001
      vertex -1.039231e+003 -7.803613e+000  2.250000e+001
      vertex -1.040000e+003  4.898425e-015  2.250000e+001
    endloop
  endfacet
  facet normal  0.000000e+000  0.000000e+000 -1.000000e+000
    outer loop
      vertex -1.028868e+003 -8.163746e+000  2.250000e+001
      vertex -1.040000e+003  4.898425e-015  2.250000e+001
      vertex -1.029961e+003 -1.535360e+000  2.250000e+001
    endloop
  endfacet
  facet normal  0.000000e+000  0.000000e+000 -1.000000e+000
    outer loop
      vertex -1.029961e+003 -1.535360e+000  2.250000e+001
      vertex -1.040000e+003  4.898425e-015  2.250000e+001
      vertex -1.039231e+003  7.803613e+000  2.250000e+001
    endloop
  endfacet
  facet normal  0.000000e+000  0.000000e+000 -1.000000e+000
    outer loop
      vertex -1.029961e+003 -1.535360e+000  2.250000e+001
      vertex -1.039231e+003  7.803613e+000  2.250000e+001
      vertex -1.029551e+003  5.170014e+000  2.250000e+001
    endloop
  endfacet
  facet normal  0.000000e+000  0.000000e+000 -9.999999e-001
    outer loop
      vertex -1.017480e+003 -2.438149e+001  2.250000e+001
      vertex -1.011616e+003 -2.765981e+001  2.250000e+001
      vertex -1.033259e+003 -2.222281e+001  2.250000e+001
    endloop
  endfacet
  facet normal  0.000000e+000  0.000000e+000 -1.000000e+000
    outer loop
      vertex -1.033259e+003 -2.222281e+001  2.250000e+001
      vertex -1.011616e+003 -2.765981e+001  2.250000e+001
      vertex -1.028284e+003 -2.828427e+001  2.250000e+001
    endloop
  endfacet
  facet normal  0.000000e+000  0.000000e+000 -1.000000e+000
    outer loop
      vertex -1.011616e+003 -2.765981e+001  2.250000e+001
      vertex -1.005170e+003 -2.955116e+001  2.250000e+001
      vertex -1.028284e+003 -2.828427e+001  2.250000e+001
    endloop
  endfacet
  facet normal  0.000000e+000  0.000000e+000 -1.000000e+000
    outer loop
      vertex -1.028284e+003 -2.828427e+001  2.250000e+001
      vertex -1.005170e+003 -2.955116e+001  2.250000e+001
      vertex -1.022223e+003 -3.325879e+001  2.250000e+001
    endloop
  endfacet
  facet normal  0.000000e+000  0.000000e+000 -1.000000e+000
    outer loop
      vertex -9.015781e+002  1.871277e+001  2.250000e+001
      vertex -9.775331e+002  1.988058e+001  2.250000e+001
      vertex -8.966181e+002  2.213640e+001  2.250000e+001
    endloop
  endfacet
  facet normal  -0.000000e+000  0.000000e+000 -1.000000e+000
    outer loop
      vertex -8.966181e+002  2.213640e+001  2.250000e+001
      vertex -9.775331e+002  1.988058e+001  2.250000e+001
      vertex -9.825202e+002  2.438149e+001  2.250000e+001
    endloop
  endfacet
  facet normal  0.000000e+000  0.000000e+000 -1.000000e+000
    outer loop
      vertex -8.966181e+002  2.213640e+001  2.250000e+001
      vertex -9.825202e+002  2.438149e+001  2.250000e+001
      vertex -8.909829e+002  2.427355e+001  2.250000e+001
    endloop
  endfacet
  facet normal  0.000000e+000  0.000000e+000 -1.000000e+000
    outer loop
      vertex -8.909829e+002  2.427355e+001  2.250000e+001
      vertex -9.825202e+002  2.438149e+001  2.250000e+001
      vertex -9.883839e+002  2.765981e+001  2.250000e+001
    endloop
  endfacet
  facet normal  0.000000e+000  0.000000e+000 -1.000000e+000
    outer loop
      vertex -8.909829e+002  2.427355e+001  2.250000e+001
      vertex -9.883839e+002  2.765981e+001  2.250000e+001
      vertex -8.850000e+002  2.500000e+001  2.250000e+001
    endloop
  endfacet
  facet normal  0.000000e+000  0.000000e+000 -1.000000e+000
    outer loop
      vertex -9.055746e+002 -1.420162e+001  2.250000e+001
      vertex -9.723402e+002 -1.161614e+001  2.250000e+001
      vertex -9.083754e+002 -8.865122e+000  2.250000e+001
    endloop
  endfacet
  facet normal  -0.000000e+000  0.000000e+000 -1.000000e+000
    outer loop
      vertex -9.083754e+002 -8.865122e+000  2.250000e+001
      vertex -9.723402e+002 -1.161614e+001  2.250000e+001
      vertex -9.704489e+002 -5.170014e+000  2.250000e+001
    endloop
  endfacet
  facet normal  0.000000e+000  0.000000e+000 -1.000000e+000
    outer loop
      vertex -9.083754e+002 -8.865122e+000  2.250000e+001
      vertex -9.704489e+002 -5.170014e+000  2.250000e+001
      vertex -9.098177e+002 -3.013417e+000  2.250000e+001
    endloop
  endfacet
  facet normal  -0.000000e+000  0.000000e+000 -1.000000e+000
    outer loop
      vertex -9.098177e+002 -3.013417e+000  2.250000e+001
      vertex -9.704489e+002 -5.170014e+000  2.250000e+001
      vertex -9.700393e+002  1.535360e+000  2.250000e+001
    endloop
  endfacet
  facet normal  0.000000e+000  0.000000e+000 -1.000000e+000
    outer loop
      vertex -9.098177e+002 -3.013417e+000  2.250000e+001
      vertex -9.700393e+002  1.535360e+000  2.250000e+001
      vertex -9.098177e+002  3.013417e+000  2.250000e+001
    endloop
  endfacet
  facet normal  -0.000000e+000  0.000000e+000 -1.000000e+000
    outer loop
      vertex -9.098177e+002  3.013417e+000  2.250000e+001
      vertex -9.700393e+002  1.535360e+000  2.250000e+001
      vertex -9.711321e+002  8.163746e+000  2.250000e+001
    endloop
  endfacet
  facet normal  0.000000e+000  0.000000e+000 -9.999999e-001
    outer loop
      vertex -9.098177e+002  3.013417e+000  2.250000e+001
      vertex -9.711321e+002  8.163746e+000  2.250000e+001
      vertex -9.083754e+002  8.865122e+000  2.250000e+001
    endloop
  endfacet
  facet normal  -0.000000e+000  0.000000e+000 -9.999999e-001
    outer loop
      vertex -9.083754e+002  8.865122e+000  2.250000e+001
      vertex -9.711321e+002  8.163746e+000  2.250000e+001
      vertex -9.736725e+002  1.438277e+001  2.250000e+001
    endloop
  endfacet
  facet normal  0.000000e+000  0.000000e+000 -9.999999e-001
    outer loop
      vertex -9.083754e+002  8.865122e+000  2.250000e+001
      vertex -9.736725e+002  1.438277e+001  2.250000e+001
      vertex -9.055746e+002  1.420162e+001  2.250000e+001
    endloop
  endfacet
  facet normal  0.000000e+000  0.000000e+000 -1.000000e+000
    outer loop
      vertex -9.055746e+002  1.420162e+001  2.250000e+001
      vertex -9.736725e+002  1.438277e+001  2.250000e+001
      vertex -9.775331e+002  1.988058e+001  2.250000e+001
    endloop
  endfacet
  facet normal  0.000000e+000  0.000000e+000 -1.000000e+000
    outer loop
      vertex -9.055746e+002  1.420162e+001  2.250000e+001
      vertex -9.775331e+002  1.988058e+001  2.250000e+001
      vertex -9.015781e+002  1.871277e+001  2.250000e+001
    endloop
  endfacet
  facet normal  0.000000e+000  0.000000e+000 -1.000000e+000
    outer loop
      vertex -8.850000e+002 -2.500000e+001  2.250000e+001
      vertex -9.856172e+002 -2.632748e+001  2.250000e+001
      vertex -8.909829e+002 -2.427355e+001  2.250000e+001
    endloop
  endfacet
  facet normal  -0.000000e+000  0.000000e+000 -1.000000e+000
    outer loop
      vertex -8.909829e+002 -2.427355e+001  2.250000e+001
      vertex -9.856172e+002 -2.632748e+001  2.250000e+001
      vertex -9.801194e+002 -2.246692e+001  2.250000e+001
    endloop
  endfacet
  facet normal  0.000000e+000  0.000000e+000 -1.000000e+000
    outer loop
      vertex -8.909829e+002 -2.427355e+001  2.250000e+001
      vertex -9.801194e+002 -2.246692e+001  2.250000e+001
      vertex -8.966181e+002 -2.213640e+001  2.250000e+001
    endloop
  endfacet
  facet normal  -0.000000e+000  0.000000e+000 -1.000000e+000
    outer loop
      vertex -8.966181e+002 -2.213640e+001  2.250000e+001
      vertex -9.801194e+002 -2.246692e+001  2.250000e+001
      vertex -9.756185e+002 -1.747979e+001  2.250000e+001
    endloop
  endfacet
  facet normal  0.000000e+000  0.000000e+000 -1.000000e+000
    outer loop
      vertex -8.966181e+002 -2.213640e+001  2.250000e+001
      vertex -9.756185e+002 -1.747979e+001  2.250000e+001
      vertex -9.015781e+002 -1.871277e+001  2.250000e+001
    endloop
  endfacet
  facet normal  0.000000e+000  0.000000e+000 -1.000000e+000
    outer loop
      vertex -9.015781e+002 -1.871277e+001  2.250000e+001
      vertex -9.756185e+002 -1.747979e+001  2.250000e+001
      vertex -9.723402e+002 -1.161614e+001  2.250000e+001
    endloop
  endfacet
  facet normal  0.000000e+000  0.000000e+000 -1.000000e+000
    outer loop
      vertex -9.015781e+002 -1.871277e+001  2.250000e+001
      vertex -9.723402e+002 -1.161614e+001  2.250000e+001
      vertex -9.055746e+002 -1.420162e+001  2.250000e+001
    endloop
  endfacet
  facet normal  0.000000e+000  0.000000e+000 -1.000000e+000
    outer loop
      vertex -7.184219e+002  1.871277e+001  2.250000e+001
      vertex -7.233819e+002  2.213640e+001  2.250000e+001
      vertex -6.424669e+002  1.988058e+001  2.250000e+001
    endloop
  endfacet
  facet normal  0.000000e+000  0.000000e+000 -1.000000e+000
    outer loop
      vertex -6.424669e+002  1.988058e+001  2.250000e+001
      vertex -7.233819e+002  2.213640e+001  2.250000e+001
      vertex -7.290171e+002  2.427355e+001  2.250000e+001
    endloop
  endfacet
  facet normal  0.000000e+000  0.000000e+000 -1.000000e+000
    outer loop
      vertex -6.424669e+002  1.988058e+001  2.250000e+001
      vertex -7.290171e+002  2.427355e+001  2.250000e+001
      vertex -6.374798e+002  2.438149e+001  2.250000e+001
    endloop
  endfacet
  facet normal  -0.000000e+000  0.000000e+000 -1.000000e+000
    outer loop
      vertex -6.374798e+002  2.438149e+001  2.250000e+001
      vertex -7.290171e+002  2.427355e+001  2.250000e+001
      vertex -7.350000e+002  2.500000e+001  2.250000e+001
    endloop
  endfacet
  facet normal  0.000000e+000  0.000000e+000 -1.000000e+000
    outer loop
      vertex -6.374798e+002  2.438149e+001  2.250000e+001
      vertex -7.350000e+002  2.500000e+001  2.250000e+001
      vertex -6.316161e+002  2.765981e+001  2.250000e+001
    endloop
  endfacet
  facet normal  0.000000e+000  -0.000000e+000 -1.000000e+000
    outer loop
      vertex -7.144254e+002 -1.420162e+001  2.250000e+001
      vertex -7.116246e+002 -8.865122e+000  2.250000e+001
      vertex -6.476598e+002 -1.161614e+001  2.250000e+001
    endloop
  endfacet
  facet normal  0.000000e+000  0.000000e+000 -1.000000e+000
    outer loop
      vertex -6.476598e+002 -1.161614e+001  2.250000e+001
      vertex -7.116246e+002 -8.865122e+000  2.250000e+001
      vertex -7.101823e+002 -3.013417e+000  2.250000e+001
    endloop
  endfacet
  facet normal  0.000000e+000  0.000000e+000 -1.000000e+000
    outer loop
      vertex -6.476598e+002 -1.161614e+001  2.250000e+001
      vertex -7.101823e+002 -3.013417e+000  2.250000e+001
      vertex -6.495511e+002 -5.170014e+000  2.250000e+001
    endloop
  endfacet
  facet normal  0.000000e+000  0.000000e+000 -1.000000e+000
    outer loop
      vertex -6.495511e+002 -5.170014e+000  2.250000e+001
      vertex -7.101823e+002 -3.013417e+000  2.250000e+001
      vertex -7.101823e+002  3.013417e+000  2.250000e+001
    endloop
  endfacet
  facet normal  0.000000e+000  0.000000e+000 -1.000000e+000
    outer loop
      vertex -6.495511e+002 -5.170014e+000  2.250000e+001
      vertex -7.101823e+002  3.013417e+000  2.250000e+001
      vertex -6.499607e+002  1.535360e+000  2.250000e+001
    endloop
  endfacet
  facet normal  0.000000e+000  0.000000e+000 -1.000000e+000
    outer loop
      vertex -6.499607e+002  1.535360e+000  2.250000e+001
      vertex -7.101823e+002  3.013417e+000  2.250000e+001
      vertex -7.116246e+002  8.865122e+000  2.250000e+001
    endloop
  endfacet
  facet normal  0.000000e+000  0.000000e+000 -1.000000e+000
    outer loop
      vertex -6.499607e+002  1.535360e+000  2.250000e+001
      vertex -7.116246e+002  8.865122e+000  2.250000e+001
      vertex -6.488679e+002  8.163746e+000  2.250000e+001
    endloop
  endfacet
  facet normal  0.000000e+000  0.000000e+000 -1.000000e+000
    outer loop
      vertex -6.488679e+002  8.163746e+000  2.250000e+001
      vertex -7.116246e+002  8.865122e+000  2.250000e+001
      vertex -7.144254e+002  1.420162e+001  2.250000e+001
    endloop
  endfacet
  facet normal  0.000000e+000  0.000000e+000 -1.000000e+000
    outer loop
      vertex -6.488679e+002  8.163746e+000  2.250000e+001
      vertex -7.144254e+002  1.420162e+001  2.250000e+001
      vertex -6.463275e+002  1.438277e+001  2.250000e+001
    endloop
  endfacet
  facet normal  -0.000000e+000  0.000000e+000 -1.000000e+000
    outer loop
      vertex -6.463275e+002  1.438277e+001  2.250000e+001
      vertex -7.144254e+002  1.420162e+001  2.250000e+001
      vertex -7.184219e+002  1.871277e+001  2.250000e+001
    endloop
  endfacet
  facet normal  0.000000e+000  0.000000e+000 -1.000000e+000
    outer loop
      vertex -6.463275e+002  1.438277e+001  2.250000e+001
      vertex -7.184219e+002  1.871277e+001  2.250000e+001
      vertex -6.424669e+002  1.988058e+001  2.250000e+001
    endloop
  endfacet
  facet normal  0.000000e+000  -0.000000e+000 -1.000000e+000
    outer loop
      vertex -7.350000e+002 -2.500000e+001  2.250000e+001
      vertex -7.290171e+002 -2.427355e+001  2.250000e+001
      vertex -6.343828e+002 -2.632748e+001  2.250000e+001
    endloop
  endfacet
  facet normal  0.000000e+000  0.000000e+000 -1.000000e+000
    outer loop
      vertex -6.343828e+002 -2.632748e+001  2.250000e+001
      vertex -7.290171e+002 -2.427355e+001  2.250000e+001
      vertex -7.233819e+002 -2.213640e+001  2.250000e+001
    endloop
  endfacet
  facet normal  0.000000e+000  0.000000e+000 -9.999999e-001
    outer loop
      vertex -6.343828e+002 -2.632748e+001  2.250000e+001
      vertex -7.233819e+002 -2.213640e+001  2.250000e+001
      vertex -6.398806e+002 -2.246692e+001  2.250000e+001
    endloop
  endfacet
  facet normal  0.000000e+000  0.000000e+000 -1.000000e+000
    outer loop
      vertex -6.398806e+002 -2.246692e+001  2.250000e+001
      vertex -7.233819e+002 -2.213640e+001  2.250000e+001
      vertex -7.184219e+002 -1.871277e+001  2.250000e+001
    endloop
  endfacet
  facet normal  0.000000e+000  0.000000e+000 -1.000000e+000
    outer loop
      vertex -6.398806e+002 -2.246692e+001  2.250000e+001
      vertex -7.184219e+002 -1.871277e+001  2.250000e+001
      vertex -6.443815e+002 -1.747979e+001  2.250000e+001
    endloop
  endfacet
  facet normal  -0.000000e+000  0.000000e+000 -1.000000e+000
    outer loop
      vertex -6.443815e+002 -1.747979e+001  2.250000e+001
      vertex -7.184219e+002 -1.871277e+001  2.250000e+001
      vertex -7.144254e+002 -1.420162e+001  2.250000e+001
    endloop
  endfacet
  facet normal  0.000000e+000  0.000000e+000 -1.000000e+000
    outer loop
      vertex -6.443815e+002 -1.747979e+001  2.250000e+001
      vertex -7.144254e+002 -1.420162e+001  2.250000e+001
      vertex -6.476598e+002 -1.161614e+001  2.250000e+001
    endloop
  endfacet
  facet normal  0.000000e+000  0.000000e+000 -9.999999e-001
    outer loop
      vertex -6.001194e+002  2.246692e+001  2.250000e+001
      vertex -6.056172e+002  2.632748e+001  2.250000e+001
      vertex -5.867412e+002  2.222281e+001  2.250000e+001
    endloop
  endfacet
  facet normal  0.000000e+000  0.000000e+000 -1.000000e+000
    outer loop
      vertex -5.867412e+002  2.222281e+001  2.250000e+001
      vertex -6.056172e+002  2.632748e+001  2.250000e+001
      vertex -6.118362e+002  2.886786e+001  2.250000e+001
    endloop
  endfacet
  facet normal  0.000000e+000  0.000000e+000 -1.000000e+000
    outer loop
      vertex -5.867412e+002  2.222281e+001  2.250000e+001
      vertex -6.118362e+002  2.886786e+001  2.250000e+001
      vertex -5.917157e+002  2.828427e+001  2.250000e+001
    endloop
  endfacet
  facet normal  0.000000e+000  0.000000e+000 -1.000000e+000
    outer loop
      vertex -5.904489e+002  5.170014e+000  2.250000e+001
      vertex -5.923402e+002  1.161614e+001  2.250000e+001
      vertex -5.807686e+002  7.803613e+000  2.250000e+001
    endloop
  endfacet
  facet normal  0.000000e+000  0.000000e+000 -1.000000e+000
    outer loop
      vertex -5.807686e+002  7.803613e+000  2.250000e+001
      vertex -5.923402e+002  1.161614e+001  2.250000e+001
      vertex -5.956185e+002  1.747979e+001  2.250000e+001
    endloop
  endfacet
  facet normal  0.000000e+000  0.000000e+000 -1.000000e+000
    outer loop
      vertex -5.807686e+002  7.803613e+000  2.250000e+001
      vertex -5.956185e+002  1.747979e+001  2.250000e+001
      vertex -5.830448e+002  1.530734e+001  2.250000e+001
    endloop
  endfacet
  facet normal  0.000000e+000  0.000000e+000 -1.000000e+000
    outer loop
      vertex -5.830448e+002  1.530734e+001  2.250000e+001
      vertex -5.956185e+002  1.747979e+001  2.250000e+001
      vertex -6.001194e+002  2.246692e+001  2.250000e+001
    endloop
  endfacet
  facet normal  0.000000e+000  0.000000e+000 -1.000000e+000
    outer loop
      vertex -5.830448e+002  1.530734e+001  2.250000e+001
      vertex -6.001194e+002  2.246692e+001  2.250000e+001
      vertex -5.867412e+002  2.222281e+001  2.250000e+001
    endloop
  endfacet
  facet normal  0.000000e+000  -0.000000e+000 -1.000000e+000
    outer loop
      vertex -6.025202e+002 -2.438149e+001  2.250000e+001
      vertex -5.975331e+002 -1.988058e+001  2.250000e+001
      vertex -5.867412e+002 -2.222281e+001  2.250000e+001
    endloop
  endfacet
  facet normal  0.000000e+000  0.000000e+000 -1.000000e+000
    outer loop
      vertex -5.867412e+002 -2.222281e+001  2.250000e+001
      vertex -5.975331e+002 -1.988058e+001  2.250000e+001
      vertex -5.936725e+002 -1.438277e+001  2.250000e+001
    endloop
  endfacet
  facet normal  0.000000e+000  0.000000e+000 -1.000000e+000
    outer loop
      vertex -5.867412e+002 -2.222281e+001  2.250000e+001
      vertex -5.936725e+002 -1.438277e+001  2.250000e+001
      vertex -5.830448e+002 -1.530734e+001  2.250000e+001
    endloop
  endfacet
  facet normal  0.000000e+000  0.000000e+000 -1.000000e+000
    outer loop
      vertex -5.830448e+002 -1.530734e+001  2.250000e+001
      vertex -5.936725e+002 -1.438277e+001  2.250000e+001
      vertex -5.911321e+002 -8.163746e+000  2.250000e+001
    endloop
  endfacet
  facet normal  0.000000e+000  0.000000e+000 -1.000000e+000
    outer loop
      vertex -5.830448e+002 -1.530734e+001  2.250000e+001
      vertex -5.911321e+002 -8.163746e+000  2.250000e+001
      vertex -5.807686e+002 -7.803613e+000  2.250000e+001
    endloop
  endfacet
  facet normal  -0.000000e+000  0.000000e+000 -1.000000e+000
    outer loop
      vertex -5.807686e+002 -7.803613e+000  2.250000e+001
      vertex -5.911321e+002 -8.163746e+000  2.250000e+001
      vertex -5.900393e+002 -1.535360e+000  2.250000e+001
    endloop
  endfacet
  facet normal  0.000000e+000  0.000000e+000 -1.000000e+000
    outer loop
      vertex -5.807686e+002 -7.803613e+000  2.250000e+001
      vertex -5.900393e+002 -1.535360e+000  2.250000e+001
      vertex -5.800000e+002 -9.796851e-015  2.250000e+001
    endloop
  endfacet
  facet normal  -0.000000e+000  0.000000e+000 -1.000000e+000
    outer loop
      vertex -5.800000e+002 -9.796851e-015  2.250000e+001
      vertex -5.900393e+002 -1.535360e+000  2.250000e+001
      vertex -5.904489e+002  5.170014e+000  2.250000e+001
    endloop
  endfacet
  facet normal  0.000000e+000  0.000000e+000 -1.000000e+000
    outer loop
      vertex -5.800000e+002 -9.796851e-015  2.250000e+001
      vertex -5.904489e+002  5.170014e+000  2.250000e+001
      vertex -5.807686e+002  7.803613e+000  2.250000e+001
    endloop
  endfacet
  facet normal  0.000000e+000  0.000000e+000 -1.000000e+000
    outer loop
      vertex -5.867412e+002 -2.222281e+001  2.250000e+001
      vertex -5.917157e+002 -2.828427e+001  2.250000e+001
      vertex -6.025202e+002 -2.438149e+001  2.250000e+001
    endloop
  endfacet
  facet normal  0.000000e+000  -0.000000e+000 -1.000000e+000
    outer loop
      vertex -6.025202e+002 -2.438149e+001  2.250000e+001
      vertex -5.917157e+002 -2.828427e+001  2.250000e+001
      vertex -6.083839e+002 -2.765981e+001  2.250000e+001
    endloop
  endfacet
  facet normal  0.000000e+000  0.000000e+000 -1.000000e+000
    outer loop
      vertex -5.917157e+002 -2.828427e+001  2.250000e+001
      vertex -5.977772e+002 -3.325879e+001  2.250000e+001
      vertex -6.083839e+002 -2.765981e+001  2.250000e+001
    endloop
  endfacet
  facet normal  0.000000e+000  -0.000000e+000 -1.000000e+000
    outer loop
      vertex -6.083839e+002 -2.765981e+001  2.250000e+001
      vertex -5.977772e+002 -3.325879e+001  2.250000e+001
      vertex -6.148300e+002 -2.955116e+001  2.250000e+001
    endloop
  endfacet
  facet normal  0.000000e+000  -0.000000e+000 -1.000000e+000
    outer loop
      vertex -1.022223e+003  3.325879e+001  9.250000e+001
      vertex -1.015307e+003  3.695518e+001  9.250000e+001
      vertex -1.001535e+003  2.996069e+001  9.250000e+001
    endloop
  endfacet
  facet normal  0.000000e+000  0.000000e+000 -9.999999e-001
    outer loop
      vertex -6.200000e+002 -4.000000e+001  9.250000e+001
      vertex -1.000000e+003 -4.000000e+001  9.250000e+001
      vertex -6.215353e+002 -2.996069e+001  9.250000e+001
    endloop
  endfacet
  facet normal  0.000000e+000  0.000000e+000 -1.000000e+000
    outer loop
      vertex -6.200000e+002 -4.000000e+001  9.250000e+001
      vertex -6.215353e+002 -2.996069e+001  9.250000e+001
      vertex -6.148300e+002 -2.955116e+001  9.250000e+001
    endloop
  endfacet
  facet normal  0.000000e+000  -0.000000e+000 -1.000000e+000
    outer loop
      vertex -6.200000e+002 -4.000000e+001  9.250000e+001
      vertex -6.148300e+002 -2.955116e+001  9.250000e+001
      vertex -5.977772e+002 -3.325879e+001  9.250000e+001
    endloop
  endfacet
  facet normal  0.000000e+000  0.000000e+000 -1.000000e+000
    outer loop
      vertex -6.200000e+002 -4.000000e+001  9.250000e+001
      vertex -5.977772e+002 -3.325879e+001  9.250000e+001
      vertex -6.046927e+002 -3.695518e+001  9.250000e+001
    endloop
  endfacet
  facet normal  0.000000e+000  0.000000e+000 -1.000000e+000
    outer loop
      vertex -6.200000e+002 -4.000000e+001  9.250000e+001
      vertex -6.046927e+002 -3.695518e+001  9.250000e+001
      vertex -6.121964e+002 -3.923141e+001  9.250000e+001
    endloop
  endfacet
  facet normal  0.000000e+000  0.000000e+000 -1.000000e+000
    outer loop
      vertex -1.000000e+003 -4.000000e+001  9.250000e+001
      vertex -1.007804e+003 -3.923141e+001  9.250000e+001
      vertex -1.015307e+003 -3.695518e+001  9.250000e+001
    endloop
  endfacet
  facet normal  0.000000e+000  0.000000e+000 -1.000000e+000
    outer loop
      vertex -1.000000e+003 -4.000000e+001  9.250000e+001
      vertex -1.015307e+003 -3.695518e+001  9.250000e+001
      vertex -1.022223e+003 -3.325879e+001  9.250000e+001
    endloop
  endfacet
  facet normal  0.000000e+000  0.000000e+000 -1.000000e+000
    outer loop
      vertex -1.000000e+003 -4.000000e+001  9.250000e+001
      vertex -1.022223e+003 -3.325879e+001  9.250000e+001
      vertex -1.005170e+003 -2.955116e+001  9.250000e+001
    endloop
  endfacet
  facet normal  0.000000e+000  0.000000e+000 -1.000000e+000
    outer loop
      vertex -1.000000e+003 -4.000000e+001  9.250000e+001
      vertex -1.005170e+003 -2.955116e+001  9.250000e+001
      vertex -9.984647e+002 -2.996069e+001  9.250000e+001
    endloop
  endfacet
  facet normal  0.000000e+000  -0.000000e+000 -1.000000e+000
    outer loop
      vertex -1.000000e+003 -4.000000e+001  9.250000e+001
      vertex -9.984647e+002 -2.996069e+001  9.250000e+001
      vertex -9.918362e+002 -2.886786e+001  9.250000e+001
    endloop
  endfacet
  facet normal  0.000000e+000  -0.000000e+000 -1.000000e+000
    outer loop
      vertex -1.000000e+003 -4.000000e+001  9.250000e+001
      vertex -9.918362e+002 -2.886786e+001  9.250000e+001
      vertex -9.856172e+002 -2.632748e+001  9.250000e+001
    endloop
  endfacet
  facet normal  0.000000e+000  -0.000000e+000 -1.000000e+000
    outer loop
      vertex -1.000000e+003 -4.000000e+001  9.250000e+001
      vertex -9.856172e+002 -2.632748e+001  9.250000e+001
      vertex -8.850000e+002 -2.500000e+001  9.250000e+001
    endloop
  endfacet
  facet normal  0.000000e+000  -0.000000e+000 -1.000000e+000
    outer loop
      vertex -1.000000e+003 -4.000000e+001  9.250000e+001
      vertex -8.850000e+002 -2.500000e+001  9.250000e+001
      vertex -7.350000e+002 -2.500000e+001  9.250000e+001
    endloop
  endfacet
  facet normal  0.000000e+000  -0.000000e+000 -1.000000e+000
    outer loop
      vertex -1.000000e+003 -4.000000e+001  9.250000e+001
      vertex -7.350000e+002 -2.500000e+001  9.250000e+001
      vertex -6.343828e+002 -2.632748e+001  9.250000e+001
    endloop
  endfacet
  facet normal  0.000000e+000  -0.000000e+000 -1.000000e+000
    outer loop
      vertex -1.000000e+003 -4.000000e+001  9.250000e+001
      vertex -6.343828e+002 -2.632748e+001  9.250000e+001
      vertex -6.281638e+002 -2.886786e+001  9.250000e+001
    endloop
  endfacet
  facet normal  0.000000e+000  -0.000000e+000 -1.000000e+000
    outer loop
      vertex -1.000000e+003 -4.000000e+001  9.250000e+001
      vertex -6.281638e+002 -2.886786e+001  9.250000e+001
      vertex -6.215353e+002 -2.996069e+001  9.250000e+001
    endloop
  endfacet
  facet normal  -0.000000e+000  -0.000000e+000 -9.999999e-001
    outer loop
      vertex -1.000000e+003  4.000000e+001  9.250000e+001
      vertex -6.200000e+002  4.000000e+001  9.250000e+001
      vertex -6.184647e+002  2.996069e+001  9.250000e+001
    endloop
  endfacet
  facet normal  -0.000000e+000  0.000000e+000 -1.000000e+000
    outer loop
      vertex -1.000000e+003  4.000000e+001  9.250000e+001
      vertex -6.184647e+002  2.996069e+001  9.250000e+001
      vertex -6.251700e+002  2.955116e+001  9.250000e+001
    endloop
  endfacet
  facet normal  -0.000000e+000  0.000000e+000 -1.000000e+000
    outer loop
      vertex -1.000000e+003  4.000000e+001  9.250000e+001
      vertex -6.251700e+002  2.955116e+001  9.250000e+001
      vertex -6.316161e+002  2.765981e+001  9.250000e+001
    endloop
  endfacet
  facet normal  -0.000000e+000  0.000000e+000 -1.000000e+000
    outer loop
      vertex -1.000000e+003  4.000000e+001  9.250000e+001
      vertex -6.316161e+002  2.765981e+001  9.250000e+001
      vertex -7.350000e+002  2.500000e+001  9.250000e+001
    endloop
  endfacet
  facet normal  0.000000e+000  0.000000e+000 -1.000000e+000
    outer loop
      vertex -1.000000e+003  4.000000e+001  9.250000e+001
      vertex -7.350000e+002  2.500000e+001  9.250000e+001
      vertex -8.850000e+002  2.500000e+001  9.250000e+001
    endloop
  endfacet
  facet normal  0.000000e+000  0.000000e+000 -1.000000e+000
    outer loop
      vertex -1.000000e+003  4.000000e+001  9.250000e+001
      vertex -8.850000e+002  2.500000e+001  9.250000e+001
      vertex -9.883839e+002  2.765981e+001  9.250000e+001
    endloop
  endfacet
  facet normal  0.000000e+000  0.000000e+000 -9.999999e-001
    outer loop
      vertex -1.000000e+003  4.000000e+001  9.250000e+001
      vertex -9.883839e+002  2.765981e+001  9.250000e+001
      vertex -9.948300e+002  2.955116e+001  9.250000e+001
    endloop
  endfacet
  facet normal  0.000000e+000  0.000000e+000 -1.000000e+000
    outer loop
      vertex -1.000000e+003  4.000000e+001  9.250000e+001
      vertex -9.948300e+002  2.955116e+001  9.250000e+001
      vertex -1.001535e+003  2.996069e+001  9.250000e+001
    endloop
  endfacet
  facet normal  0.000000e+000  0.000000e+000 -1.000000e+000
    outer loop
      vertex -1.000000e+003  4.000000e+001  9.250000e+001
      vertex -1.001535e+003  2.996069e+001  9.250000e+001
      vertex -1.015307e+003  3.695518e+001  9.250000e+001
    endloop
  endfacet
  facet normal  0.000000e+000  0.000000e+000 -1.000000e+000
    outer loop
      vertex -1.000000e+003  4.000000e+001  9.250000e+001
      vertex -1.015307e+003  3.695518e+001  9.250000e+001
      vertex -1.007804e+003  3.923141e+001  9.250000e+001
    endloop
  endfacet
  facet normal  0.000000e+000  0.000000e+000 -1.000000e+000
    outer loop
      vertex -6.184647e+002  2.996069e+001  9.250000e+001
      vertex -6.200000e+002  4.000000e+001  9.250000e+001
      vertex -6.121964e+002  3.923141e+001  9.250000e+001
    endloop
  endfacet
  facet normal  0.000000e+000  -0.000000e+000 -1.000000e+000
    outer loop
      vertex -6.184647e+002  2.996069e+001  9.250000e+001
      vertex -6.121964e+002  3.923141e+001  9.250000e+001
      vertex -6.046927e+002  3.695518e+001  9.250000e+001
    endloop
  endfacet
  facet normal  0.000000e+000  -0.000000e+000 -1.000000e+000
    outer loop
      vertex -6.184647e+002  2.996069e+001  9.250000e+001
      vertex -6.046927e+002  3.695518e+001  9.250000e+001
      vertex -5.977772e+002  3.325879e+001  9.250000e+001
    endloop
  endfacet
  facet normal  0.000000e+000  -0.000000e+000 -1.000000e+000
    outer loop
      vertex -6.184647e+002  2.996069e+001  9.250000e+001
      vertex -5.977772e+002  3.325879e+001  9.250000e+001
      vertex -5.917157e+002  2.828427e+001  9.250000e+001
    endloop
  endfacet
  facet normal  0.000000e+000  0.000000e+000 -1.000000e+000
    outer loop
      vertex -6.184647e+002  2.996069e+001  9.250000e+001
      vertex -5.917157e+002  2.828427e+001  9.250000e+001
      vertex -6.118362e+002  2.886786e+001  9.250000e+001
    endloop
  endfacet
  facet normal  0.000000e+000  0.000000e+000 -9.999999e-001
    outer loop
      vertex -1.019881e+003  2.246692e+001  9.250000e+001
      vertex -1.033259e+003  2.222281e+001  9.250000e+001
      vertex -1.014383e+003  2.632748e+001  9.250000e+001
    endloop
  endfacet
  facet normal  -0.000000e+000  0.000000e+000 -1.000000e+000
    outer loop
      vertex -1.014383e+003  2.632748e+001  9.250000e+001
      vertex -1.033259e+003  2.222281e+001  9.250000e+001
      vertex -1.028284e+003  2.828427e+001  9.250000e+001
    endloop
  endfacet
  facet normal  0.000000e+000  0.000000e+000 -1.000000e+000
    outer loop
      vertex -1.014383e+003  2.632748e+001  9.250000e+001
      vertex -1.028284e+003  2.828427e+001  9.250000e+001
      vertex -1.008164e+003  2.886786e+001  9.250000e+001
    endloop
  endfacet
  facet normal  -0.000000e+000  0.000000e+000 -1.000000e+000
    outer loop
      vertex -1.008164e+003  2.886786e+001  9.250000e+001
      vertex -1.028284e+003  2.828427e+001  9.250000e+001
      vertex -1.022223e+003  3.325879e+001  9.250000e+001
    endloop
  endfacet
  facet normal  0.000000e+000  0.000000e+000 -9.999999e-001
    outer loop
      vertex -1.008164e+003  2.886786e+001  9.250000e+001
      vertex -1.022223e+003  3.325879e+001  9.250000e+001
      vertex -1.001535e+003  2.996069e+001  9.250000e+001
    endloop
  endfacet
  facet normal  0.000000e+000  0.000000e+000 -1.000000e+000
    outer loop
      vertex -1.029551e+003  5.170014e+000  9.250000e+001
      vertex -1.039231e+003  7.803613e+000  9.250000e+001
      vertex -1.027660e+003  1.161614e+001  9.250000e+001
    endloop
  endfacet
  facet normal  -0.000000e+000  0.000000e+000 -1.000000e+000
    outer loop
      vertex -1.027660e+003  1.161614e+001  9.250000e+001
      vertex -1.039231e+003  7.803613e+000  9.250000e+001
      vertex -1.036955e+003  1.530734e+001  9.250000e+001
    endloop
  endfacet
  facet normal  0.000000e+000  0.000000e+000 -1.000000e+000
    outer loop
      vertex -1.027660e+003  1.161614e+001  9.250000e+001
      vertex -1.036955e+003  1.530734e+001  9.250000e+001
      vertex -1.024381e+003  1.747979e+001  9.250000e+001
    endloop
  endfacet
  facet normal  -0.000000e+000  0.000000e+000 -9.999999e-001
    outer loop
      vertex -1.024381e+003  1.747979e+001  9.250000e+001
      vertex -1.036955e+003  1.530734e+001  9.250000e+001
      vertex -1.033259e+003  2.222281e+001  9.250000e+001
    endloop
  endfacet
  facet normal  0.000000e+000  0.000000e+000 -1.000000e+000
    outer loop
      vertex -1.024381e+003  1.747979e+001  9.250000e+001
      vertex -1.033259e+003  2.222281e+001  9.250000e+001
      vertex -1.019881e+003  2.246692e+001  9.250000e+001
    endloop
  endfacet
  facet normal  0.000000e+000  0.000000e+000 -1.000000e+000
    outer loop
      vertex -1.017480e+003 -2.438149e+001  9.250000e+001
      vertex -1.033259e+003 -2.222281e+001  9.250000e+001
      vertex -1.022467e+003 -1.988058e+001  9.250000e+001
    endloop
  endfacet
  facet normal  -0.000000e+000  0.000000e+000 -1.000000e+000
    outer loop
      vertex -1.022467e+003 -1.988058e+001  9.250000e+001
      vertex -1.033259e+003 -2.222281e+001  9.250000e+001
      vertex -1.036955e+003 -1.530734e+001  9.250000e+001
    endloop
  endfacet
  facet normal  0.000000e+000  0.000000e+000 -1.000000e+000
    outer loop
      vertex -1.022467e+003 -1.988058e+001  9.250000e+001
      vertex -1.036955e+003 -1.530734e+001  9.250000e+001
      vertex -1.026328e+003 -1.438277e+001  9.250000e+001
    endloop
  endfacet
  facet normal  -0.000000e+000  0.000000e+000 -1.000000e+000
    outer loop
      vertex -1.026328e+003 -1.438277e+001  9.250000e+001
      vertex -1.036955e+003 -1.530734e+001  9.250000e+001
      vertex -1.039231e+003 -7.803613e+000  9.250000e+001
    endloop
  endfacet
  facet normal  0.000000e+000  0.000000e+000 -9.999999e-001
    outer loop
      vertex -1.026328e+003 -1.438277e+001  9.250000e+001
      vertex -1.039231e+003 -7.803613e+000  9.250000e+001
      vertex -1.028868e+003 -8.163746e+000  9.250000e+001
    endloop
  endfacet
  facet normal  0.000000e+000  0.000000e+000 -1.000000e+000
    outer loop
      vertex -1.028868e+003 -8.163746e+000  9.250000e+001
      vertex -1.039231e+003 -7.803613e+000  9.250000e+001
      vertex -1.040000e+003  4.898425e-015  9.250000e+001
    endloop
  endfacet
  facet normal  0.000000e+000  0.000000e+000 -1.000000e+000
    outer loop
      vertex -1.028868e+003 -8.163746e+000  9.250000e+001
      vertex -1.040000e+003  4.898425e-015  9.250000e+001
      vertex -1.029961e+003 -1.535360e+000  9.250000e+001
    endloop
  endfacet
  facet normal  0.000000e+000  0.000000e+000 -1.000000e+000
    outer loop
      vertex -1.029961e+003 -1.535360e+000  9.250000e+001
      vertex -1.040000e+003  4.898425e-015  9.250000e+001
      vertex -1.039231e+003  7.803613e+000  9.250000e+001
    endloop
  endfacet
  facet normal  0.000000e+000  0.000000e+000 -1.000000e+000
    outer loop
      vertex -1.029961e+003 -1.535360e+000  9.250000e+001
      vertex -1.039231e+003  7.803613e+000  9.250000e+001
      vertex -1.029551e+003  5.170014e+000  9.250000e+001
    endloop
  endfacet
  facet normal  0.000000e+000  0.000000e+000 -9.999999e-001
    outer loop
      vertex -1.017480e+003 -2.438149e+001  9.250000e+001
      vertex -1.011616e+003 -2.765981e+001  9.250000e+001
      vertex -1.033259e+003 -2.222281e+001  9.250000e+001
    endloop
  endfacet
  facet normal  0.000000e+000  0.000000e+000 -1.000000e+000
    outer loop
      vertex -1.033259e+003 -2.222281e+001  9.250000e+001
      vertex -1.011616e+003 -2.765981e+001  9.250000e+001
      vertex -1.028284e+003 -2.828427e+001  9.250000e+001
    endloop
  endfacet
  facet normal  0.000000e+000  0.000000e+000 -1.000000e+000
    outer loop
      vertex -1.011616e+003 -2.765981e+001  9.250000e+001
      vertex -1.005170e+003 -2.955116e+001  9.250000e+001
      vertex -1.028284e+003 -2.828427e+001  9.250000e+001
    endloop
  endfacet
  facet normal  0.000000e+000  0.000000e+000 -1.000000e+000
    outer loop
      vertex -1.028284e+003 -2.828427e+001  9.250000e+001
      vertex -1.005170e+003 -2.955116e+001  9.250000e+001
      vertex -1.022223e+003 -3.325879e+001  9.250000e+001
    endloop
  endfacet
  facet normal  0.000000e+000  0.000000e+000 -1.000000e+000
    outer loop
      vertex -9.015781e+002  1.871277e+001  9.250000e+001
      vertex -9.775331e+002  1.988058e+001  9.250000e+001
      vertex -8.966181e+002  2.213640e+001  9.250000e+001
    endloop
  endfacet
  facet normal  -0.000000e+000  0.000000e+000 -1.000000e+000
    outer loop
      vertex -8.966181e+002  2.213640e+001  9.250000e+001
      vertex -9.775331e+002  1.988058e+001  9.250000e+001
      vertex -9.825202e+002  2.438149e+001  9.250000e+001
    endloop
  endfacet
  facet normal  0.000000e+000  0.000000e+000 -1.000000e+000
    outer loop
      vertex -8.966181e+002  2.213640e+001  9.250000e+001
      vertex -9.825202e+002  2.438149e+001  9.250000e+001
      vertex -8.909829e+002  2.427355e+001  9.250000e+001
    endloop
  endfacet
  facet normal  0.000000e+000  0.000000e+000 -1.000000e+000
    outer loop
      vertex -8.909829e+002  2.427355e+001  9.250000e+001
      vertex -9.825202e+002  2.438149e+001  9.250000e+001
      vertex -9.883839e+002  2.765981e+001  9.250000e+001
    endloop
  endfacet
  facet normal  0.000000e+000  0.000000e+000 -1.000000e+000
    outer loop
      vertex -8.909829e+002  2.427355e+001  9.250000e+001
      vertex -9.883839e+002  2.765981e+001  9.250000e+001
      vertex -8.850000e+002  2.500000e+001  9.250000e+001
    endloop
  endfacet
  facet normal  0.000000e+000  0.000000e+000 -1.000000e+000
    outer loop
      vertex -9.055746e+002 -1.420162e+001  9.250000e+001
      vertex -9.723402e+002 -1.161614e+001  9.250000e+001
      vertex -9.083754e+002 -8.865122e+000  9.250000e+001
    endloop
  endfacet
  facet normal  -0.000000e+000  0.000000e+000 -1.000000e+000
    outer loop
      vertex -9.083754e+002 -8.865122e+000  9.250000e+001
      vertex -9.723402e+002 -1.161614e+001  9.250000e+001
      vertex -9.704489e+002 -5.170014e+000  9.250000e+001
    endloop
  endfacet
  facet normal  0.000000e+000  0.000000e+000 -1.000000e+000
    outer loop
      vertex -9.083754e+002 -8.865122e+000  9.250000e+001
      vertex -9.704489e+002 -5.170014e+000  9.250000e+001
      vertex -9.098177e+002 -3.013417e+000  9.250000e+001
    endloop
  endfacet
  facet normal  -0.000000e+000  0.000000e+000 -1.000000e+000
    outer loop
      vertex -9.098177e+002 -3.013417e+000  9.250000e+001
      vertex -9.704489e+002 -5.170014e+000  9.250000e+001
      vertex -9.700393e+002  1.535360e+000  9.250000e+001
    endloop
  endfacet
  facet normal  0.000000e+000  0.000000e+000 -1.000000e+000
    outer loop
      vertex -9.098177e+002 -3.013417e+000  9.250000e+001
      vertex -9.700393e+002  1.535360e+000  9.250000e+001
      vertex -9.098177e+002  3.013417e+000  9.250000e+001
    endloop
  endfacet
  facet normal  -0.000000e+000  0.000000e+000 -1.000000e+000
    outer loop
      vertex -9.098177e+002  3.013417e+000  9.250000e+001
      vertex -9.700393e+002  1.535360e+000  9.250000e+001
      vertex -9.711321e+002  8.163746e+000  9.250000e+001
    endloop
  endfacet
  facet normal  0.000000e+000  0.000000e+000 -9.999999e-001
    outer loop
      vertex -9.098177e+002  3.013417e+000  9.250000e+001
      vertex -9.711321e+002  8.163746e+000  9.250000e+001
      vertex -9.083754e+002  8.865122e+000  9.250000e+001
    endloop
  endfacet
  facet normal  -0.000000e+000  0.000000e+000 -9.999999e-001
    outer loop
      vertex -9.083754e+002  8.865122e+000  9.250000e+001
      vertex -9.711321e+002  8.163746e+000  9.250000e+001
      vertex -9.736725e+002  1.438277e+001  9.250000e+001
    endloop
  endfacet
  facet normal  0.000000e+000  0.000000e+000 -9.999999e-001
    outer loop
      vertex -9.083754e+002  8.865122e+000  9.250000e+001
      vertex -9.736725e+002  1.438277e+001  9.250000e+001
      vertex -9.055746e+002  1.420162e+001  9.250000e+001
    endloop
  endfacet
  facet normal  0.000000e+000  0.000000e+000 -1.000000e+000
    outer loop
      vertex -9.055746e+002  1.420162e+001  9.250000e+001
      vertex -9.736725e+002  1.438277e+001  9.250000e+001
      vertex -9.775331e+002  1.988058e+001  9.250000e+001
    endloop
  endfacet
  facet normal  0.000000e+000  0.000000e+000 -1.000000e+000
    outer loop
      vertex -9.055746e+002  1.420162e+001  9.250000e+001
      vertex -9.775331e+002  1.988058e+001  9.250000e+001
      vertex -9.015781e+002  1.871277e+001  9.250000e+001
    endloop
  endfacet
  facet normal  0.000000e+000  0.000000e+000 -1.000000e+000
    outer loop
      vertex -8.850000e+002 -2.500000e+001  9.250000e+001
      vertex -9.856172e+002 -2.632748e+001  9.250000e+001
      vertex -8.909829e+002 -2.427355e+001  9.250000e+001
    endloop
  endfacet
  facet normal  -0.000000e+000  0.000000e+000 -1.000000e+000
    outer loop
      vertex -8.909829e+002 -2.427355e+001  9.250000e+001
      vertex -9.856172e+002 -2.632748e+001  9.250000e+001
      vertex -9.801194e+002 -2.246692e+001  9.250000e+001
    endloop
  endfacet
  facet normal  0.000000e+000  0.000000e+000 -1.000000e+000
    outer loop
      vertex -8.909829e+002 -2.427355e+001  9.250000e+001
      vertex -9.801194e+002 -2.246692e+001  9.250000e+001
      vertex -8.966181e+002 -2.213640e+001  9.250000e+001
    endloop
  endfacet
  facet normal  -0.000000e+000  0.000000e+000 -1.000000e+000
    outer loop
      vertex -8.966181e+002 -2.213640e+001  9.250000e+001
      vertex -9.801194e+002 -2.246692e+001  9.250000e+001
      vertex -9.756185e+002 -1.747979e+001  9.250000e+001
    endloop
  endfacet
  facet normal  0.000000e+000  0.000000e+000 -1.000000e+000
    outer loop
      vertex -8.966181e+002 -2.213640e+001  9.250000e+001
      vertex -9.756185e+002 -1.747979e+001  9.250000e+001
      vertex -9.015781e+002 -1.871277e+001  9.250000e+001
    endloop
  endfacet
  facet normal  0.000000e+000  0.000000e+000 -1.000000e+000
    outer loop
      vertex -9.015781e+002 -1.871277e+001  9.250000e+001
      vertex -9.756185e+002 -1.747979e+001  9.250000e+001
      vertex -9.723402e+002 -1.161614e+001  9.250000e+001
    endloop
  endfacet
  facet normal  0.000000e+000  0.000000e+000 -1.000000e+000
    outer loop
      vertex -9.015781e+002 -1.871277e+001  9.250000e+001
      vertex -9.723402e+002 -1.161614e+001  9.250000e+001
      vertex -9.055746e+002 -1.420162e+001  9.250000e+001
    endloop
  endfacet
  facet normal  0.000000e+000  0.000000e+000 -1.000000e+000
    outer loop
      vertex -7.184219e+002  1.871277e+001  9.250000e+001
      vertex -7.233819e+002  2.213640e+001  9.250000e+001
      vertex -6.424669e+002  1.988058e+001  9.250000e+001
    endloop
  endfacet
  facet normal  0.000000e+000  0.000000e+000 -1.000000e+000
    outer loop
      vertex -6.424669e+002  1.988058e+001  9.250000e+001
      vertex -7.233819e+002  2.213640e+001  9.250000e+001
      vertex -7.290171e+002  2.427355e+001  9.250000e+001
    endloop
  endfacet
  facet normal  0.000000e+000  0.000000e+000 -1.000000e+000
    outer loop
      vertex -6.424669e+002  1.988058e+001  9.250000e+001
      vertex -7.290171e+002  2.427355e+001  9.250000e+001
      vertex -6.374798e+002  2.438149e+001  9.250000e+001
    endloop
  endfacet
  facet normal  -0.000000e+000  0.000000e+000 -1.000000e+000
    outer loop
      vertex -6.374798e+002  2.438149e+001  9.250000e+001
      vertex -7.290171e+002  2.427355e+001  9.250000e+001
      vertex -7.350000e+002  2.500000e+001  9.250000e+001
    endloop
  endfacet
  facet normal  0.000000e+000  0.000000e+000 -1.000000e+000
    outer loop
      vertex -6.374798e+002  2.438149e+001  9.250000e+001
      vertex -7.350000e+002  2.500000e+001  9.250000e+001
      vertex -6.316161e+002  2.765981e+001  9.250000e+001
    endloop
  endfacet
  facet normal  0.000000e+000  -0.000000e+000 -1.000000e+000
    outer loop
      vertex -7.144254e+002 -1.420162e+001  9.250000e+001
      vertex -7.116246e+002 -8.865122e+000  9.250000e+001
      vertex -6.476598e+002 -1.161614e+001  9.250000e+001
    endloop
  endfacet
  facet normal  0.000000e+000  0.000000e+000 -1.000000e+000
    outer loop
      vertex -6.476598e+002 -1.161614e+001  9.250000e+001
      vertex -7.116246e+002 -8.865122e+000  9.250000e+001
      vertex -7.101823e+002 -3.013417e+000  9.250000e+001
    endloop
  endfacet
  facet normal  0.000000e+000  0.000000e+000 -1.000000e+000
    outer loop
      vertex -6.476598e+002 -1.161614e+001  9.250000e+001
      vertex -7.101823e+002 -3.013417e+000  9.250000e+001
      vertex -6.495511e+002 -5.170014e+000  9.250000e+001
    endloop
  endfacet
  facet normal  0.000000e+000  0.000000e+000 -1.000000e+000
    outer loop
      vertex -6.495511e+002 -5.170014e+000  9.250000e+001
      vertex -7.101823e+002 -3.013417e+000  9.250000e+001
      vertex -7.101823e+002  3.013417e+000  9.250000e+001
    endloop
  endfacet
  facet normal  0.000000e+000  0.000000e+000 -1.000000e+000
    outer loop
      vertex -6.495511e+002 -5.170014e+000  9.250000e+001
      vertex -7.101823e+002  3.013417e+000  9.250000e+001
      vertex -6.499607e+002  1.535360e+000  9.250000e+001
    endloop
  endfacet
  facet normal  0.000000e+000  0.000000e+000 -1.000000e+000
    outer loop
      vertex -6.499607e+002  1.535360e+000  9.250000e+001
      vertex -7.101823e+002  3.013417e+000  9.250000e+001
      vertex -7.116246e+002  8.865122e+000  9.250000e+001
    endloop
  endfacet
  facet normal  0.000000e+000  0.000000e+000 -1.000000e+000
    outer loop
      vertex -6.499607e+002  1.535360e+000  9.250000e+001
      vertex -7.116246e+002  8.865122e+000  9.250000e+001
      vertex -6.488679e+002  8.163746e+000  9.250000e+001
    endloop
  endfacet
  facet normal  0.000000e+000  0.000000e+000 -1.000000e+000
    outer loop
      vertex -6.488679e+002  8.163746e+000  9.250000e+001
      vertex -7.116246e+002  8.865122e+000  9.250000e+001
      vertex -7.144254e+002  1.420162e+001  9.250000e+001
    endloop
  endfacet
  facet normal  0.000000e+000  0.000000e+000 -1.000000e+000
    outer loop
      vertex -6.488679e+002  8.163746e+000  9.250000e+001
      vertex -7.144254e+002  1.420162e+001  9.250000e+001
      vertex -6.463275e+002  1.438277e+001  9.250000e+001
    endloop
  endfacet
  facet normal  -0.000000e+000  0.000000e+000 -1.000000e+000
    outer loop
      vertex -6.463275e+002  1.438277e+001  9.250000e+001
      vertex -7.144254e+002  1.420162e+001  9.250000e+001
      vertex -7.184219e+002  1.871277e+001  9.250000e+001
    endloop
  endfacet
  facet normal  0.000000e+000  0.000000e+000 -1.000000e+000
    outer loop
      vertex -6.463275e+002  1.438277e+001  9.250000e+001
      vertex -7.184219e+002  1.871277e+001  9.250000e+001
      vertex -6.424669e+002  1.988058e+001  9.250000e+001
    endloop
  endfacet
  facet normal  0.000000e+000  -0.000000e+000 -1.000000e+000
    outer loop
      vertex -7.350000e+002 -2.500000e+001  9.250000e+001
      vertex -7.290171e+002 -2.427355e+001  9.250000e+001
      vertex -6.343828e+002 -2.632748e+001  9.250000e+001
    endloop
  endfacet
  facet normal  0.000000e+000  0.000000e+000 -1.000000e+000
    outer loop
      vertex -6.343828e+002 -2.632748e+001  9.250000e+001
      vertex -7.290171e+002 -2.427355e+001  9.250000e+001
      vertex -7.233819e+002 -2.213640e+001  9.250000e+001
    endloop
  endfacet
  facet normal  0.000000e+000  0.000000e+000 -9.999999e-001
    outer loop
      vertex -6.343828e+002 -2.632748e+001  9.250000e+001
      vertex -7.233819e+002 -2.213640e+001  9.250000e+001
      vertex -6.398806e+002 -2.246692e+001  9.250000e+001
    endloop
  endfacet
  facet normal  0.000000e+000  0.000000e+000 -1.000000e+000
    outer loop
      vertex -6.398806e+002 -2.246692e+001  9.250000e+001
      vertex -7.233819e+002 -2.213640e+001  9.250000e+001
      vertex -7.184219e+002 -1.871277e+001  9.250000e+001
    endloop
  endfacet
  facet normal  0.000000e+000  0.000000e+000 -1.000000e+000
    outer loop
      vertex -6.398806e+002 -2.246692e+001  9.250000e+001
      vertex -7.184219e+002 -1.871277e+001  9.250000e+001
      vertex -6.443815e+002 -1.747979e+001  9.250000e+001
    endloop
  endfacet
  facet normal  -0.000000e+000  0.000000e+000 -1.000000e+000
    outer loop
      vertex -6.443815e+002 -1.747979e+001  9.250000e+001
      vertex -7.184219e+002 -1.871277e+001  9.250000e+001
      vertex -7.144254e+002 -1.420162e+001  9.250000e+001
    endloop
  endfacet
  facet normal  0.000000e+000  0.000000e+000 -1.000000e+000
    outer loop
      vertex -6.443815e+002 -1.747979e+001  9.250000e+001
      vertex -7.144254e+002 -1.420162e+001  9.250000e+001
      vertex -6.476598e+002 -1.161614e+001  9.250000e+001
    endloop
  endfacet
  facet normal  0.000000e+000  0.000000e+000 -9.999999e-001
    outer loop
      vertex -6.001194e+002  2.246692e+001  9.250000e+001
      vertex -6.056172e+002  2.632748e+001  9.250000e+001
      vertex -5.867412e+002  2.222281e+001  9.250000e+001
    endloop
  endfacet
  facet normal  0.000000e+000  0.000000e+000 -1.000000e+000
    outer loop
      vertex -5.867412e+002  2.222281e+001  9.250000e+001
      vertex -6.056172e+002  2.632748e+001  9.250000e+001
      vertex -6.118362e+002  2.886786e+001  9.250000e+001
    endloop
  endfacet
  facet normal  0.000000e+000  0.000000e+000 -1.000000e+000
    outer loop
      vertex -5.867412e+002  2.222281e+001  9.250000e+001
      vertex -6.118362e+002  2.886786e+001  9.250000e+001
      vertex -5.917157e+002  2.828427e+001  9.250000e+001
    endloop
  endfacet
  facet normal  0.000000e+000  0.000000e+000 -1.000000e+000
    outer loop
      vertex -5.904489e+002  5.170014e+000  9.250000e+001
      vertex -5.923402e+002  1.161614e+001  9.250000e+001
      vertex -5.807686e+002  7.803613e+000  9.250000e+001
    endloop
  endfacet
  facet normal  0.000000e+000  0.000000e+000 -1.000000e+000
    outer loop
      vertex -5.807686e+002  7.803613e+000  9.250000e+001
      vertex -5.923402e+002  1.161614e+001  9.250000e+001
      vertex -5.956185e+002  1.747979e+001  9.250000e+001
    endloop
  endfacet
  facet normal  0.000000e+000  0.000000e+000 -1.000000e+000
    outer loop
      vertex -5.807686e+002  7.803613e+000  9.250000e+001
      vertex -5.956185e+002  1.747979e+001  9.250000e+001
      vertex -5.830448e+002  1.530734e+001  9.250000e+001
    endloop
  endfacet
  facet normal  0.000000e+000  0.000000e+000 -1.000000e+000
    outer loop
      vertex -5.830448e+002  1.530734e+001  9.250000e+001
      vertex -5.956185e+002  1.747979e+001  9.250000e+001
      vertex -6.001194e+002  2.246692e+001  9.250000e+001
    endloop
  endfacet
  facet normal  0.000000e+000  0.000000e+000 -1.000000e+000
    outer loop
      vertex -5.830448e+002  1.530734e+001  9.250000e+001
      vertex -6.001194e+002  2.246692e+001  9.250000e+001
      vertex -5.867412e+002  2.222281e+001  9.250000e+001
    endloop
  endfacet
  facet normal  0.000000e+000  -0.000000e+000 -1.000000e+000
    outer loop
      vertex -6.025202e+002 -2.438149e+001  9.250000e+001
      vertex -5.975331e+002 -1.988058e+001  9.250000e+001
      vertex -5.867412e+002 -2.222281e+001  9.250000e+001
    endloop
  endfacet
  facet normal  0.000000e+000  0.000000e+000 -1.000000e+000
    outer loop
      vertex -5.867412e+002 -2.222281e+001  9.250000e+001
      vertex -5.975331e+002 -1.988058e+001  9.250000e+001
      vertex -5.936725e+002 -1.438277e+001  9.250000e+001
    endloop
  endfacet
  facet normal  0.000000e+000  0.000000e+000 -1.000000e+000
    outer loop
      vertex -5.867412e+002 -2.222281e+001  9.250000e+001
      vertex -5.936725e+002 -1.438277e+001  9.250000e+001
      vertex -5.830448e+002 -1.530734e+001  9.250000e+001
    endloop
  endfacet
  facet normal  0.000000e+000  0.000000e+000 -1.000000e+000
    outer loop
      vertex -5.830448e+002 -1.530734e+001  9.250000e+001
      vertex -5.936725e+002 -1.438277e+001  9.250000e+001
      vertex -5.911321e+002 -8.163746e+000  9.250000e+001
    endloop
  endfacet
  facet normal  0.000000e+000  0.000000e+000 -1.000000e+000
    outer loop
      vertex -5.830448e+002 -1.530734e+001  9.250000e+001
      vertex -5.911321e+002 -8.163746e+000  9.250000e+001
      vertex -5.807686e+002 -7.803613e+000  9.250000e+001
    endloop
  endfacet
  facet normal  -0.000000e+000  0.000000e+000 -1.000000e+000
    outer loop
      vertex -5.807686e+002 -7.803613e+000  9.250000e+001
      vertex -5.911321e+002 -8.163746e+000  9.250000e+001
      vertex -5.900393e+002 -1.535360e+000  9.250000e+001
    endloop
  endfacet
  facet normal  0.000000e+000  0.000000e+000 -1.000000e+000
    outer loop
      vertex -5.807686e+002 -7.803613e+000  9.250000e+001
      vertex -5.900393e+002 -1.535360e+000  9.250000e+001
      vertex -5.800000e+002 -9.796851e-015  9.250000e+001
    endloop
  endfacet
  facet normal  -0.000000e+000  0.000000e+000 -1.000000e+000
    outer loop
      vertex -5.800000e+002 -9.796851e-015  9.250000e+001
      vertex -5.900393e+002 -1.535360e+000  9.250000e+001
      vertex -5.904489e+002  5.170014e+000  9.250000e+001
    endloop
  endfacet
  facet normal  0.000000e+000  0.000000e+000 -1.000000e+000
    outer loop
      vertex -5.800000e+002 -9.796851e-015  9.250000e+001
      vertex -5.904489e+002  5.170014e+000  9.250000e+001
      vertex -5.807686e+002  7.803613e+000  9.250000e+001
    endloop
  endfacet
  facet normal  0.000000e+000  0.000000e+000 -1.000000e+000
    outer loop
      vertex -5.867412e+002 -2.222281e+001  9.250000e+001
      vertex -5.917157e+002 -2.828427e+001  9.250000e+001
      vertex -6.025202e+002 -2.438149e+001  9.250000e+001
    endloop
  endfacet
  facet normal  0.000000e+000  -0.000000e+000 -1.000000e+000
    outer loop
      vertex -6.025202e+002 -2.438149e+001  9.250000e+001
      vertex -5.917157e+002 -2.828427e+001  9.250000e+001
      vertex -6.083839e+002 -2.765981e+001  9.250000e+001
    endloop
  endfacet
  facet normal  0.000000e+000  0.000000e+000 -1.000000e+000
    outer loop
      vertex -5.917157e+002 -2.828427e+001  9.250000e+001
      vertex -5.977772e+002 -3.325879e+001  9.250000e+001
      vertex -6.083839e+002 -2.765981e+001  9.250000e+001
    endloop
  endfacet
  facet normal  0.000000e+000  -0.000000e+000 -1.000000e+000
    outer loop
      vertex -6.083839e+002 -2.765981e+001  9.250000e+001
      vertex -5.977772e+002 -3.325879e+001  9.250000e+001
      vertex -6.148300e+002 -2.955116e+001  9.250000e+001
    endloop
  endfacet
  facet normal  0.000000e+000  0.000000e+000  1.000000e+000
    outer loop
      vertex -1.001535e+003  2.996069e+001  1.025000e+002
      vertex -1.015307e+003  3.695518e+001  1.025000e+002
      vertex -1.022223e+003  3.325879e+001  1.025000e+002
    endloop
  endfacet
  facet normal  0.000000e+000  -0.000000e+000  1.000000e+000
    outer loop
      vertex -6.200000e+002 -4.000000e+001  1.025000e+002
      vertex -6.121964e+002 -3.923141e+001  1.025000e+002
      vertex -6.046927e+002 -3.695518e+001  1.025000e+002
    endloop
  endfacet
  facet normal  0.000000e+000  -0.000000e+000  1.000000e+000
    outer loop
      vertex -6.200000e+002 -4.000000e+001  1.025000e+002
      vertex -6.046927e+002 -3.695518e+001  1.025000e+002
      vertex -5.977772e+002 -3.325879e+001  1.025000e+002
    endloop
  endfacet
  facet normal  0.000000e+000  0.000000e+000  1.000000e+000
    outer loop
      vertex -6.200000e+002 -4.000000e+001  1.025000e+002
      vertex -5.977772e+002 -3.325879e+001  1.025000e+002
      vertex -6.148300e+002 -2.955116e+001  1.025000e+002
    endloop
  endfacet
  facet normal  0.000000e+000  0.000000e+000  1.000000e+000
    outer loop
      vertex -6.200000e+002 -4.000000e+001  1.025000e+002
      vertex -6.148300e+002 -2.955116e+001  1.025000e+002
      vertex -6.215353e+002 -2.996069e+001  1.025000e+002
    endloop
  endfacet
  facet normal  0.000000e+000  0.000000e+000  9.999999e-001
    outer loop
      vertex -6.200000e+002 -4.000000e+001  1.025000e+002
      vertex -6.215353e+002 -2.996069e+001  1.025000e+002
      vertex -1.000000e+003 -4.000000e+001  1.025000e+002
    endloop
  endfacet
  facet normal  0.000000e+000  0.000000e+000  1.000000e+000
    outer loop
      vertex -1.000000e+003 -4.000000e+001  1.025000e+002
      vertex -6.215353e+002 -2.996069e+001  1.025000e+002
      vertex -6.281638e+002 -2.886786e+001  1.025000e+002
    endloop
  endfacet
  facet normal  0.000000e+000  0.000000e+000  1.000000e+000
    outer loop
      vertex -1.000000e+003 -4.000000e+001  1.025000e+002
      vertex -6.281638e+002 -2.886786e+001  1.025000e+002
      vertex -6.343828e+002 -2.632748e+001  1.025000e+002
    endloop
  endfacet
  facet normal  0.000000e+000  0.000000e+000  1.000000e+000
    outer loop
      vertex -1.000000e+003 -4.000000e+001  1.025000e+002
      vertex -6.343828e+002 -2.632748e+001  1.025000e+002
      vertex -7.350000e+002 -2.500000e+001  1.025000e+002
    endloop
  endfacet
  facet normal  0.000000e+000  0.000000e+000  1.000000e+000
    outer loop
      vertex -1.000000e+003 -4.000000e+001  1.025000e+002
      vertex -7.350000e+002 -2.500000e+001  1.025000e+002
      vertex -8.850000e+002 -2.500000e+001  1.025000e+002
    endloop
  endfacet
  facet normal  0.000000e+000  0.000000e+000  1.000000e+000
    outer loop
      vertex -1.000000e+003 -4.000000e+001  1.025000e+002
      vertex -8.850000e+002 -2.500000e+001  1.025000e+002
      vertex -9.856172e+002 -2.632748e+001  1.025000e+002
    endloop
  endfacet
  facet normal  0.000000e+000  0.000000e+000  1.000000e+000
    outer loop
      vertex -1.000000e+003 -4.000000e+001  1.025000e+002
      vertex -9.856172e+002 -2.632748e+001  1.025000e+002
      vertex -9.918362e+002 -2.886786e+001  1.025000e+002
    endloop
  endfacet
  facet normal  0.000000e+000  0.000000e+000  1.000000e+000
    outer loop
      vertex -1.000000e+003 -4.000000e+001  1.025000e+002
      vertex -9.918362e+002 -2.886786e+001  1.025000e+002
      vertex -9.984647e+002 -2.996069e+001  1.025000e+002
    endloop
  endfacet
  facet normal  0.000000e+000  0.000000e+000  1.000000e+000
    outer loop
      vertex -1.000000e+003 -4.000000e+001  1.025000e+002
      vertex -9.984647e+002 -2.996069e+001  1.025000e+002
      vertex -1.005170e+003 -2.955116e+001  1.025000e+002
    endloop
  endfacet
  facet normal  0.000000e+000  0.000000e+000  1.000000e+000
    outer loop
      vertex -1.000000e+003 -4.000000e+001  1.025000e+002
      vertex -1.005170e+003 -2.955116e+001  1.025000e+002
      vertex -1.022223e+003 -3.325879e+001  1.025000e+002
    endloop
  endfacet
  facet normal  0.000000e+000  0.000000e+000  1.000000e+000
    outer loop
      vertex -1.000000e+003 -4.000000e+001  1.025000e+002
      vertex -1.022223e+003 -3.325879e+001  1.025000e+002
      vertex -1.015307e+003 -3.695518e+001  1.025000e+002
    endloop
  endfacet
  facet normal  0.000000e+000  0.000000e+000  1.000000e+000
    outer loop
      vertex -1.000000e+003 -4.000000e+001  1.025000e+002
      vertex -1.015307e+003 -3.695518e+001  1.025000e+002
      vertex -1.007804e+003 -3.923141e+001  1.025000e+002
    endloop
  endfacet
  facet normal  -0.000000e+000  0.000000e+000  1.000000e+000
    outer loop
      vertex -1.000000e+003  4.000000e+001  1.025000e+002
      vertex -1.007804e+003  3.923141e+001  1.025000e+002
      vertex -1.015307e+003  3.695518e+001  1.025000e+002
    endloop
  endfacet
  facet normal  -0.000000e+000  0.000000e+000  1.000000e+000
    outer loop
      vertex -1.000000e+003  4.000000e+001  1.025000e+002
      vertex -1.015307e+003  3.695518e+001  1.025000e+002
      vertex -1.001535e+003  2.996069e+001  1.025000e+002
    endloop
  endfacet
  facet normal  -0.000000e+000  0.000000e+000  1.000000e+000
    outer loop
      vertex -1.000000e+003  4.000000e+001  1.025000e+002
      vertex -1.001535e+003  2.996069e+001  1.025000e+002
      vertex -9.948300e+002  2.955116e+001  1.025000e+002
    endloop
  endfacet
  facet normal  -0.000000e+000  -0.000000e+000  9.999999e-001
    outer loop
      vertex -1.000000e+003  4.000000e+001  1.025000e+002
      vertex -9.948300e+002  2.955116e+001  1.025000e+002
      vertex -9.883839e+002  2.765981e+001  1.025000e+002
    endloop
  endfacet
  facet normal  -0.000000e+000  -0.000000e+000  1.000000e+000
    outer loop
      vertex -1.000000e+003  4.000000e+001  1.025000e+002
      vertex -9.883839e+002  2.765981e+001  1.025000e+002
      vertex -8.850000e+002  2.500000e+001  1.025000e+002
    endloop
  endfacet
  facet normal  0.000000e+000  -0.000000e+000  1.000000e+000
    outer loop
      vertex -1.000000e+003  4.000000e+001  1.025000e+002
      vertex -8.850000e+002  2.500000e+001  1.025000e+002
      vertex -7.350000e+002  2.500000e+001  1.025000e+002
    endloop
  endfacet
  facet normal  0.000000e+000  -0.000000e+000  1.000000e+000
    outer loop
      vertex -1.000000e+003  4.000000e+001  1.025000e+002
      vertex -7.350000e+002  2.500000e+001  1.025000e+002
      vertex -6.316161e+002  2.765981e+001  1.025000e+002
    endloop
  endfacet
  facet normal  0.000000e+000  -0.000000e+000  1.000000e+000
    outer loop
      vertex -1.000000e+003  4.000000e+001  1.025000e+002
      vertex -6.316161e+002  2.765981e+001  1.025000e+002
      vertex -6.251700e+002  2.955116e+001  1.025000e+002
    endloop
  endfacet
  facet normal  0.000000e+000  -0.000000e+000  1.000000e+000
    outer loop
      vertex -1.000000e+003  4.000000e+001  1.025000e+002
      vertex -6.251700e+002  2.955116e+001  1.025000e+002
      vertex -6.184647e+002  2.996069e+001  1.025000e+002
    endloop
  endfacet
  facet normal  0.000000e+000  0.000000e+000  9.999999e-001
    outer loop
      vertex -1.000000e+003  4.000000e+001  1.025000e+002
      vertex -6.184647e+002  2.996069e+001  1.025000e+002
      vertex -6.200000e+002  4.000000e+001  1.025000e+002
    endloop
  endfacet
  facet normal  -0.000000e+000  -0.000000e+000  1.000000e+000
    outer loop
      vertex -6.184647e+002  2.996069e+001  1.025000e+002
      vertex -6.118362e+002  2.886786e+001  1.025000e+002
      vertex -5.917157e+002  2.828427e+001  1.025000e+002
    endloop
  endfacet
  facet normal  0.000000e+000  0.000000e+000  1.000000e+000
    outer loop
      vertex -6.184647e+002  2.996069e+001  1.025000e+002
      vertex -5.917157e+002  2.828427e+001  1.025000e+002
      vertex -5.977772e+002  3.325879e+001  1.025000e+002
    endloop
  endfacet
  facet normal  0.000000e+000  0.000000e+000  1.000000e+000
    outer loop
      vertex -6.184647e+002  2.996069e+001  1.025000e+002
      vertex -5.977772e+002  3.325879e+001  1.025000e+002
      vertex -6.046927e+002  3.695518e+001  1.025000e+002
    endloop
  endfacet
  facet normal  0.000000e+000  0.000000e+000  1.000000e+000
    outer loop
      vertex -6.184647e+002  2.996069e+001  1.025000e+002
      vertex -6.046927e+002  3.695518e+001  1.025000e+002
      vertex -6.121964e+002  3.923141e+001  1.025000e+002
    endloop
  endfacet
  facet normal  0.000000e+000  0.000000e+000  1.000000e+000
    outer loop
      vertex -6.184647e+002  2.996069e+001  1.025000e+002
      vertex -6.121964e+002  3.923141e+001  1.025000e+002
      vertex -6.200000e+002  4.000000e+001  1.025000e+002
    endloop
  endfacet
  facet normal  0.000000e+000  0.000000e+000  9.999999e-001
    outer loop
      vertex -1.001535e+003  2.996069e+001  1.025000e+002
      vertex -1.022223e+003  3.325879e+001  1.025000e+002
      vertex -1.008164e+003  2.886786e+001  1.025000e+002
    endloop
  endfacet
  facet normal  0.000000e+000  0.000000e+000  1.000000e+000
    outer loop
      vertex -1.008164e+003  2.886786e+001  1.025000e+002
      vertex -1.022223e+003  3.325879e+001  1.025000e+002
      vertex -1.028284e+003  2.828427e+001  1.025000e+002
    endloop
  endfacet
  facet normal  -0.000000e+000  0.000000e+000  1.000000e+000
    outer loop
      vertex -1.008164e+003  2.886786e+001  1.025000e+002
      vertex -1.028284e+003  2.828427e+001  1.025000e+002
      vertex -1.014383e+003  2.632748e+001  1.025000e+002
    endloop
  endfacet
  facet normal  0.000000e+000  0.000000e+000  1.000000e+000
    outer loop
      vertex -1.014383e+003  2.632748e+001  1.025000e+002
      vertex -1.028284e+003  2.828427e+001  1.025000e+002
      vertex -1.033259e+003  2.222281e+001  1.025000e+002
    endloop
  endfacet
  facet normal  0.000000e+000  0.000000e+000  9.999999e-001
    outer loop
      vertex -1.014383e+003  2.632748e+001  1.025000e+002
      vertex -1.033259e+003  2.222281e+001  1.025000e+002
      vertex -1.019881e+003  2.246692e+001  1.025000e+002
    endloop
  endfacet
  facet normal  -0.000000e+000  0.000000e+000  1.000000e+000
    outer loop
      vertex -1.019881e+003  2.246692e+001  1.025000e+002
      vertex -1.033259e+003  2.222281e+001  1.025000e+002
      vertex -1.024381e+003  1.747979e+001  1.025000e+002
    endloop
  endfacet
  facet normal  0.000000e+000  0.000000e+000  9.999999e-001
    outer loop
      vertex -1.024381e+003  1.747979e+001  1.025000e+002
      vertex -1.033259e+003  2.222281e+001  1.025000e+002
      vertex -1.036955e+003  1.530734e+001  1.025000e+002
    endloop
  endfacet
  facet normal  -0.000000e+000  0.000000e+000  1.000000e+000
    outer loop
      vertex -1.024381e+003  1.747979e+001  1.025000e+002
      vertex -1.036955e+003  1.530734e+001  1.025000e+002
      vertex -1.027660e+003  1.161614e+001  1.025000e+002
    endloop
  endfacet
  facet normal  0.000000e+000  0.000000e+000  1.000000e+000
    outer loop
      vertex -1.027660e+003  1.161614e+001  1.025000e+002
      vertex -1.036955e+003  1.530734e+001  1.025000e+002
      vertex -1.039231e+003  7.803613e+000  1.025000e+002
    endloop
  endfacet
  facet normal  -0.000000e+000  0.000000e+000  1.000000e+000
    outer loop
      vertex -1.027660e+003  1.161614e+001  1.025000e+002
      vertex -1.039231e+003  7.803613e+000  1.025000e+002
      vertex -1.029551e+003  5.170014e+000  1.025000e+002
    endloop
  endfacet
  facet normal  0.000000e+000  0.000000e+000  1.000000e+000
    outer loop
      vertex -1.029551e+003  5.170014e+000  1.025000e+002
      vertex -1.039231e+003  7.803613e+000  1.025000e+002
      vertex -1.029961e+003 -1.535360e+000  1.025000e+002
    endloop
  endfacet
  facet normal  0.000000e+000  0.000000e+000  1.000000e+000
    outer loop
      vertex -1.029961e+003 -1.535360e+000  1.025000e+002
      vertex -1.039231e+003  7.803613e+000  1.025000e+002
      vertex -1.040000e+003  4.898425e-015  1.025000e+002
    endloop
  endfacet
  facet normal  0.000000e+000  0.000000e+000  1.000000e+000
    outer loop
      vertex -1.029961e+003 -1.535360e+000  1.025000e+002
      vertex -1.040000e+003  4.898425e-015  1.025000e+002
      vertex -1.028868e+003 -8.163746e+000  1.025000e+002
    endloop
  endfacet
  facet normal  0.000000e+000  0.000000e+000  1.000000e+000
    outer loop
      vertex -1.028868e+003 -8.163746e+000  1.025000e+002
      vertex -1.040000e+003  4.898425e-015  1.025000e+002
      vertex -1.039231e+003 -7.803613e+000  1.025000e+002
    endloop
  endfacet
  facet normal  0.000000e+000  0.000000e+000  9.999999e-001
    outer loop
      vertex -1.028868e+003 -8.163746e+000  1.025000e+002
      vertex -1.039231e+003 -7.803613e+000  1.025000e+002
      vertex -1.026328e+003 -1.438277e+001  1.025000e+002
    endloop
  endfacet
  facet normal  0.000000e+000  0.000000e+000  1.000000e+000
    outer loop
      vertex -1.026328e+003 -1.438277e+001  1.025000e+002
      vertex -1.039231e+003 -7.803613e+000  1.025000e+002
      vertex -1.036955e+003 -1.530734e+001  1.025000e+002
    endloop
  endfacet
  facet normal  -0.000000e+000  0.000000e+000  1.000000e+000
    outer loop
      vertex -1.026328e+003 -1.438277e+001  1.025000e+002
      vertex -1.036955e+003 -1.530734e+001  1.025000e+002
      vertex -1.022467e+003 -1.988058e+001  1.025000e+002
    endloop
  endfacet
  facet normal  0.000000e+000  0.000000e+000  1.000000e+000
    outer loop
      vertex -1.022467e+003 -1.988058e+001  1.025000e+002
      vertex -1.036955e+003 -1.530734e+001  1.025000e+002
      vertex -1.033259e+003 -2.222281e+001  1.025000e+002
    endloop
  endfacet
  facet normal  -0.000000e+000  0.000000e+000  1.000000e+000
    outer loop
      vertex -1.022467e+003 -1.988058e+001  1.025000e+002
      vertex -1.033259e+003 -2.222281e+001  1.025000e+002
      vertex -1.017480e+003 -2.438149e+001  1.025000e+002
    endloop
  endfacet
  facet normal  0.000000e+000  0.000000e+000  9.999999e-001
    outer loop
      vertex -1.017480e+003 -2.438149e+001  1.025000e+002
      vertex -1.033259e+003 -2.222281e+001  1.025000e+002
      vertex -1.011616e+003 -2.765981e+001  1.025000e+002
    endloop
  endfacet
  facet normal  0.000000e+000  0.000000e+000  1.000000e+000
    outer loop
      vertex -1.011616e+003 -2.765981e+001  1.025000e+002
      vertex -1.033259e+003 -2.222281e+001  1.025000e+002
      vertex -1.028284e+003 -2.828427e+001  1.025000e+002
    endloop
  endfacet
  facet normal  -0.000000e+000  0.000000e+000  1.000000e+000
    outer loop
      vertex -1.011616e+003 -2.765981e+001  1.025000e+002
      vertex -1.028284e+003 -2.828427e+001  1.025000e+002
      vertex -1.005170e+003 -2.955116e+001  1.025000e+002
    endloop
  endfacet
  facet normal  0.000000e+000  0.000000e+000  1.000000e+000
    outer loop
      vertex -1.005170e+003 -2.955116e+001  1.025000e+002
      vertex -1.028284e+003 -2.828427e+001  1.025000e+002
      vertex -1.022223e+003 -3.325879e+001  1.025000e+002
    endloop
  endfacet
  facet normal  0.000000e+000  0.000000e+000  1.000000e+000
    outer loop
      vertex -8.850000e+002  2.500000e+001  1.025000e+002
      vertex -9.883839e+002  2.765981e+001  1.025000e+002
      vertex -8.909829e+002  2.427355e+001  1.025000e+002
    endloop
  endfacet
  facet normal  0.000000e+000  0.000000e+000  1.000000e+000
    outer loop
      vertex -8.909829e+002  2.427355e+001  1.025000e+002
      vertex -9.883839e+002  2.765981e+001  1.025000e+002
      vertex -9.825202e+002  2.438149e+001  1.025000e+002
    endloop
  endfacet
  facet normal  0.000000e+000  0.000000e+000  1.000000e+000
    outer loop
      vertex -8.909829e+002  2.427355e+001  1.025000e+002
      vertex -9.825202e+002  2.438149e+001  1.025000e+002
      vertex -8.966181e+002  2.213640e+001  1.025000e+002
    endloop
  endfacet
  facet normal  0.000000e+000  0.000000e+000  1.000000e+000
    outer loop
      vertex -8.966181e+002  2.213640e+001  1.025000e+002
      vertex -9.825202e+002  2.438149e+001  1.025000e+002
      vertex -9.775331e+002  1.988058e+001  1.025000e+002
    endloop
  endfacet
  facet normal  -0.000000e+000  0.000000e+000  1.000000e+000
    outer loop
      vertex -8.966181e+002  2.213640e+001  1.025000e+002
      vertex -9.775331e+002  1.988058e+001  1.025000e+002
      vertex -9.015781e+002  1.871277e+001  1.025000e+002
    endloop
  endfacet
  facet normal  0.000000e+000  0.000000e+000  1.000000e+000
    outer loop
      vertex -9.015781e+002  1.871277e+001  1.025000e+002
      vertex -9.775331e+002  1.988058e+001  1.025000e+002
      vertex -9.055746e+002  1.420162e+001  1.025000e+002
    endloop
  endfacet
  facet normal  0.000000e+000  0.000000e+000  1.000000e+000
    outer loop
      vertex -9.055746e+002  1.420162e+001  1.025000e+002
      vertex -9.775331e+002  1.988058e+001  1.025000e+002
      vertex -9.736725e+002  1.438277e+001  1.025000e+002
    endloop
  endfacet
  facet normal  0.000000e+000  0.000000e+000  9.999999e-001
    outer loop
      vertex -9.055746e+002  1.420162e+001  1.025000e+002
      vertex -9.736725e+002  1.438277e+001  1.025000e+002
      vertex -9.083754e+002  8.865122e+000  1.025000e+002
    endloop
  endfacet
  facet normal  0.000000e+000  0.000000e+000  9.999999e-001
    outer loop
      vertex -9.083754e+002  8.865122e+000  1.025000e+002
      vertex -9.736725e+002  1.438277e+001  1.025000e+002
      vertex -9.711321e+002  8.163746e+000  1.025000e+002
    endloop
  endfacet
  facet normal  -0.000000e+000  0.000000e+000  9.999999e-001
    outer loop
      vertex -9.083754e+002  8.865122e+000  1.025000e+002
      vertex -9.711321e+002  8.163746e+000  1.025000e+002
      vertex -9.098177e+002  3.013417e+000  1.025000e+002
    endloop
  endfacet
  facet normal  0.000000e+000  0.000000e+000  1.000000e+000
    outer loop
      vertex -9.098177e+002  3.013417e+000  1.025000e+002
      vertex -9.711321e+002  8.163746e+000  1.025000e+002
      vertex -9.700393e+002  1.535360e+000  1.025000e+002
    endloop
  endfacet
  facet normal  -0.000000e+000  0.000000e+000  1.000000e+000
    outer loop
      vertex -9.098177e+002  3.013417e+000  1.025000e+002
      vertex -9.700393e+002  1.535360e+000  1.025000e+002
      vertex -9.098177e+002 -3.013417e+000  1.025000e+002
    endloop
  endfacet
  facet normal  0.000000e+000  0.000000e+000  1.000000e+000
    outer loop
      vertex -9.098177e+002 -3.013417e+000  1.025000e+002
      vertex -9.700393e+002  1.535360e+000  1.025000e+002
      vertex -9.704489e+002 -5.170014e+000  1.025000e+002
    endloop
  endfacet
  facet normal  -0.000000e+000  0.000000e+000  1.000000e+000
    outer loop
      vertex -9.098177e+002 -3.013417e+000  1.025000e+002
      vertex -9.704489e+002 -5.170014e+000  1.025000e+002
      vertex -9.083754e+002 -8.865122e+000  1.025000e+002
    endloop
  endfacet
  facet normal  0.000000e+000  0.000000e+000  1.000000e+000
    outer loop
      vertex -9.083754e+002 -8.865122e+000  1.025000e+002
      vertex -9.704489e+002 -5.170014e+000  1.025000e+002
      vertex -9.723402e+002 -1.161614e+001  1.025000e+002
    endloop
  endfacet
  facet normal  -0.000000e+000  0.000000e+000  1.000000e+000
    outer loop
      vertex -9.083754e+002 -8.865122e+000  1.025000e+002
      vertex -9.723402e+002 -1.161614e+001  1.025000e+002
      vertex -9.055746e+002 -1.420162e+001  1.025000e+002
    endloop
  endfacet
  facet normal  0.000000e+000  0.000000e+000  1.000000e+000
    outer loop
      vertex -9.055746e+002 -1.420162e+001  1.025000e+002
      vertex -9.723402e+002 -1.161614e+001  1.025000e+002
      vertex -9.015781e+002 -1.871277e+001  1.025000e+002
    endloop
  endfacet
  facet normal  0.000000e+000  0.000000e+000  1.000000e+000
    outer loop
      vertex -9.015781e+002 -1.871277e+001  1.025000e+002
      vertex -9.723402e+002 -1.161614e+001  1.025000e+002
      vertex -9.756185e+002 -1.747979e+001  1.025000e+002
    endloop
  endfacet
  facet normal  0.000000e+000  0.000000e+000  1.000000e+000
    outer loop
      vertex -9.015781e+002 -1.871277e+001  1.025000e+002
      vertex -9.756185e+002 -1.747979e+001  1.025000e+002
      vertex -8.966181e+002 -2.213640e+001  1.025000e+002
    endloop
  endfacet
  facet normal  0.000000e+000  0.000000e+000  1.000000e+000
    outer loop
      vertex -8.966181e+002 -2.213640e+001  1.025000e+002
      vertex -9.756185e+002 -1.747979e+001  1.025000e+002
      vertex -9.801194e+002 -2.246692e+001  1.025000e+002
    endloop
  endfacet
  facet normal  -0.000000e+000  0.000000e+000  1.000000e+000
    outer loop
      vertex -8.966181e+002 -2.213640e+001  1.025000e+002
      vertex -9.801194e+002 -2.246692e+001  1.025000e+002
      vertex -8.909829e+002 -2.427355e+001  1.025000e+002
    endloop
  endfacet
  facet normal  0.000000e+000  0.000000e+000  1.000000e+000
    outer loop
      vertex -8.909829e+002 -2.427355e+001  1.025000e+002
      vertex -9.801194e+002 -2.246692e+001  1.025000e+002
      vertex -9.856172e+002 -2.632748e+001  1.025000e+002
    endloop
  endfacet
  facet normal  0.000000e+000  0.000000e+000  1.000000e+000
    outer loop
      vertex -8.909829e+002 -2.427355e+001  1.025000e+002
      vertex -9.856172e+002 -2.632748e+001  1.025000e+002
      vertex -8.850000e+002 -2.500000e+001  1.025000e+002
    endloop
  endfacet
  facet normal  -0.000000e+000  0.000000e+000  1.000000e+000
    outer loop
      vertex -6.316161e+002  2.765981e+001  1.025000e+002
      vertex -7.350000e+002  2.500000e+001  1.025000e+002
      vertex -6.374798e+002  2.438149e+001  1.025000e+002
    endloop
  endfacet
  facet normal  0.000000e+000  0.000000e+000  1.000000e+000
    outer loop
      vertex -6.374798e+002  2.438149e+001  1.025000e+002
      vertex -7.350000e+002  2.500000e+001  1.025000e+002
      vertex -7.290171e+002  2.427355e+001  1.025000e+002
    endloop
  endfacet
  facet normal  -0.000000e+000  0.000000e+000  1.000000e+000
    outer loop
      vertex -6.374798e+002  2.438149e+001  1.025000e+002
      vertex -7.290171e+002  2.427355e+001  1.025000e+002
      vertex -6.424669e+002  1.988058e+001  1.025000e+002
    endloop
  endfacet
  facet normal  0.000000e+000  0.000000e+000  1.000000e+000
    outer loop
      vertex -6.424669e+002  1.988058e+001  1.025000e+002
      vertex -7.290171e+002  2.427355e+001  1.025000e+002
      vertex -7.233819e+002  2.213640e+001  1.025000e+002
    endloop
  endfacet
  facet normal  0.000000e+000  0.000000e+000  1.000000e+000
    outer loop
      vertex -6.424669e+002  1.988058e+001  1.025000e+002
      vertex -7.233819e+002  2.213640e+001  1.025000e+002
      vertex -7.184219e+002  1.871277e+001  1.025000e+002
    endloop
  endfacet
  facet normal  -0.000000e+000  0.000000e+000  1.000000e+000
    outer loop
      vertex -6.424669e+002  1.988058e+001  1.025000e+002
      vertex -7.184219e+002  1.871277e+001  1.025000e+002
      vertex -6.463275e+002  1.438277e+001  1.025000e+002
    endloop
  endfacet
  facet normal  0.000000e+000  0.000000e+000  1.000000e+000
    outer loop
      vertex -6.463275e+002  1.438277e+001  1.025000e+002
      vertex -7.184219e+002  1.871277e+001  1.025000e+002
      vertex -7.144254e+002  1.420162e+001  1.025000e+002
    endloop
  endfacet
  facet normal  -0.000000e+000  0.000000e+000  1.000000e+000
    outer loop
      vertex -6.463275e+002  1.438277e+001  1.025000e+002
      vertex -7.144254e+002  1.420162e+001  1.025000e+002
      vertex -6.488679e+002  8.163746e+000  1.025000e+002
    endloop
  endfacet
  facet normal  0.000000e+000  0.000000e+000  1.000000e+000
    outer loop
      vertex -6.488679e+002  8.163746e+000  1.025000e+002
      vertex -7.144254e+002  1.420162e+001  1.025000e+002
      vertex -7.116246e+002  8.865122e+000  1.025000e+002
    endloop
  endfacet
  facet normal  0.000000e+000  0.000000e+000  1.000000e+000
    outer loop
      vertex -6.488679e+002  8.163746e+000  1.025000e+002
      vertex -7.116246e+002  8.865122e+000  1.025000e+002
      vertex -6.499607e+002  1.535360e+000  1.025000e+002
    endloop
  endfacet
  facet normal  0.000000e+000  0.000000e+000  1.000000e+000
    outer loop
      vertex -6.499607e+002  1.535360e+000  1.025000e+002
      vertex -7.116246e+002  8.865122e+000  1.025000e+002
      vertex -7.101823e+002  3.013417e+000  1.025000e+002
    endloop
  endfacet
  facet normal  0.000000e+000  0.000000e+000  1.000000e+000
    outer loop
      vertex -6.499607e+002  1.535360e+000  1.025000e+002
      vertex -7.101823e+002  3.013417e+000  1.025000e+002
      vertex -6.495511e+002 -5.170014e+000  1.025000e+002
    endloop
  endfacet
  facet normal  0.000000e+000  0.000000e+000  1.000000e+000
    outer loop
      vertex -6.495511e+002 -5.170014e+000  1.025000e+002
      vertex -7.101823e+002  3.013417e+000  1.025000e+002
      vertex -7.101823e+002 -3.013417e+000  1.025000e+002
    endloop
  endfacet
  facet normal  0.000000e+000  0.000000e+000  1.000000e+000
    outer loop
      vertex -6.495511e+002 -5.170014e+000  1.025000e+002
      vertex -7.101823e+002 -3.013417e+000  1.025000e+002
      vertex -6.476598e+002 -1.161614e+001  1.025000e+002
    endloop
  endfacet
  facet normal  0.000000e+000  0.000000e+000  1.000000e+000
    outer loop
      vertex -6.476598e+002 -1.161614e+001  1.025000e+002
      vertex -7.101823e+002 -3.013417e+000  1.025000e+002
      vertex -7.116246e+002 -8.865122e+000  1.025000e+002
    endloop
  endfacet
  facet normal  0.000000e+000  0.000000e+000  1.000000e+000
    outer loop
      vertex -6.476598e+002 -1.161614e+001  1.025000e+002
      vertex -7.116246e+002 -8.865122e+000  1.025000e+002
      vertex -7.144254e+002 -1.420162e+001  1.025000e+002
    endloop
  endfacet
  facet normal  -0.000000e+000  0.000000e+000  1.000000e+000
    outer loop
      vertex -6.476598e+002 -1.161614e+001  1.025000e+002
      vertex -7.144254e+002 -1.420162e+001  1.025000e+002
      vertex -6.443815e+002 -1.747979e+001  1.025000e+002
    endloop
  endfacet
  facet normal  0.000000e+000  0.000000e+000  1.000000e+000
    outer loop
      vertex -6.443815e+002 -1.747979e+001  1.025000e+002
      vertex -7.144254e+002 -1.420162e+001  1.025000e+002
      vertex -7.184219e+002 -1.871277e+001  1.025000e+002
    endloop
  endfacet
  facet normal  -0.000000e+000  0.000000e+000  1.000000e+000
    outer loop
      vertex -6.443815e+002 -1.747979e+001  1.025000e+002
      vertex -7.184219e+002 -1.871277e+001  1.025000e+002
      vertex -6.398806e+002 -2.246692e+001  1.025000e+002
    endloop
  endfacet
  facet normal  0.000000e+000  0.000000e+000  1.000000e+000
    outer loop
      vertex -6.398806e+002 -2.246692e+001  1.025000e+002
      vertex -7.184219e+002 -1.871277e+001  1.025000e+002
      vertex -7.233819e+002 -2.213640e+001  1.025000e+002
    endloop
  endfacet
  facet normal  0.000000e+000  0.000000e+000  9.999999e-001
    outer loop
      vertex -6.398806e+002 -2.246692e+001  1.025000e+002
      vertex -7.233819e+002 -2.213640e+001  1.025000e+002
      vertex -6.343828e+002 -2.632748e+001  1.025000e+002
    endloop
  endfacet
  facet normal  0.000000e+000  0.000000e+000  1.000000e+000
    outer loop
      vertex -6.343828e+002 -2.632748e+001  1.025000e+002
      vertex -7.233819e+002 -2.213640e+001  1.025000e+002
      vertex -7.290171e+002 -2.427355e+001  1.025000e+002
    endloop
  endfacet
  facet normal  0.000000e+000  0.000000e+000  1.000000e+000
    outer loop
      vertex -6.343828e+002 -2.632748e+001  1.025000e+002
      vertex -7.290171e+002 -2.427355e+001  1.025000e+002
      vertex -7.350000e+002 -2.500000e+001  1.025000e+002
    endloop
  endfacet
  facet normal  0.000000e+000  0.000000e+000  1.000000e+000
    outer loop
      vertex -5.917157e+002  2.828427e+001  1.025000e+002
      vertex -6.118362e+002  2.886786e+001  1.025000e+002
      vertex -5.867412e+002  2.222281e+001  1.025000e+002
    endloop
  endfacet
  facet normal  0.000000e+000  0.000000e+000  1.000000e+000
    outer loop
      vertex -5.867412e+002  2.222281e+001  1.025000e+002
      vertex -6.118362e+002  2.886786e+001  1.025000e+002
      vertex -6.056172e+002  2.632748e+001  1.025000e+002
    endloop
  endfacet
  facet normal  0.000000e+000  0.000000e+000  9.999999e-001
    outer loop
      vertex -5.867412e+002  2.222281e+001  1.025000e+002
      vertex -6.056172e+002  2.632748e+001  1.025000e+002
      vertex -6.001194e+002  2.246692e+001  1.025000e+002
    endloop
  endfacet
  facet normal  0.000000e+000  0.000000e+000  1.000000e+000
    outer loop
      vertex -5.867412e+002  2.222281e+001  1.025000e+002
      vertex -6.001194e+002  2.246692e+001  1.025000e+002
      vertex -5.830448e+002  1.530734e+001  1.025000e+002
    endloop
  endfacet
  facet normal  0.000000e+000  0.000000e+000  1.000000e+000
    outer loop
      vertex -5.830448e+002  1.530734e+001  1.025000e+002
      vertex -6.001194e+002  2.246692e+001  1.025000e+002
      vertex -5.956185e+002  1.747979e+001  1.025000e+002
    endloop
  endfacet
  facet normal  0.000000e+000  0.000000e+000  1.000000e+000
    outer loop
      vertex -5.830448e+002  1.530734e+001  1.025000e+002
      vertex -5.956185e+002  1.747979e+001  1.025000e+002
      vertex -5.807686e+002  7.803613e+000  1.025000e+002
    endloop
  endfacet
  facet normal  0.000000e+000  0.000000e+000  1.000000e+000
    outer loop
      vertex -5.807686e+002  7.803613e+000  1.025000e+002
      vertex -5.956185e+002  1.747979e+001  1.025000e+002
      vertex -5.923402e+002  1.161614e+001  1.025000e+002
    endloop
  endfacet
  facet normal  0.000000e+000  0.000000e+000  1.000000e+000
    outer loop
      vertex -5.807686e+002  7.803613e+000  1.025000e+002
      vertex -5.923402e+002  1.161614e+001  1.025000e+002
      vertex -5.904489e+002  5.170014e+000  1.025000e+002
    endloop
  endfacet
  facet normal  -0.000000e+000  0.000000e+000  1.000000e+000
    outer loop
      vertex -5.807686e+002  7.803613e+000  1.025000e+002
      vertex -5.904489e+002  5.170014e+000  1.025000e+002
      vertex -5.800000e+002 -9.796851e-015  1.025000e+002
    endloop
  endfacet
  facet normal  0.000000e+000  0.000000e+000  1.000000e+000
    outer loop
      vertex -5.800000e+002 -9.796851e-015  1.025000e+002
      vertex -5.904489e+002  5.170014e+000  1.025000e+002
      vertex -5.900393e+002 -1.535360e+000  1.025000e+002
    endloop
  endfacet
  facet normal  -0.000000e+000  0.000000e+000  1.000000e+000
    outer loop
      vertex -5.800000e+002 -9.796851e-015  1.025000e+002
      vertex -5.900393e+002 -1.535360e+000  1.025000e+002
      vertex -5.807686e+002 -7.803613e+000  1.025000e+002
    endloop
  endfacet
  facet normal  0.000000e+000  0.000000e+000  1.000000e+000
    outer loop
      vertex -5.807686e+002 -7.803613e+000  1.025000e+002
      vertex -5.900393e+002 -1.535360e+000  1.025000e+002
      vertex -5.911321e+002 -8.163746e+000  1.025000e+002
    endloop
  endfacet
  facet normal  -0.000000e+000  0.000000e+000  1.000000e+000
    outer loop
      vertex -5.807686e+002 -7.803613e+000  1.025000e+002
      vertex -5.911321e+002 -8.163746e+000  1.025000e+002
      vertex -5.830448e+002 -1.530734e+001  1.025000e+002
    endloop
  endfacet
  facet normal  0.000000e+000  0.000000e+000  1.000000e+000
    outer loop
      vertex -5.830448e+002 -1.530734e+001  1.025000e+002
      vertex -5.911321e+002 -8.163746e+000  1.025000e+002
      vertex -5.936725e+002 -1.438277e+001  1.025000e+002
    endloop
  endfacet
  facet normal  0.000000e+000  0.000000e+000  1.000000e+000
    outer loop
      vertex -5.830448e+002 -1.530734e+001  1.025000e+002
      vertex -5.936725e+002 -1.438277e+001  1.025000e+002
      vertex -5.867412e+002 -2.222281e+001  1.025000e+002
    endloop
  endfacet
  facet normal  0.000000e+000  0.000000e+000  1.000000e+000
    outer loop
      vertex -5.867412e+002 -2.222281e+001  1.025000e+002
      vertex -5.936725e+002 -1.438277e+001  1.025000e+002
      vertex -5.975331e+002 -1.988058e+001  1.025000e+002
    endloop
  endfacet
  facet normal  0.000000e+000  0.000000e+000  1.000000e+000
    outer loop
      vertex -5.867412e+002 -2.222281e+001  1.025000e+002
      vertex -5.975331e+002 -1.988058e+001  1.025000e+002
      vertex -6.025202e+002 -2.438149e+001  1.025000e+002
    endloop
  endfacet
  facet normal  -0.000000e+000  0.000000e+000  1.000000e+000
    outer loop
      vertex -5.867412e+002 -2.222281e+001  1.025000e+002
      vertex -6.025202e+002 -2.438149e+001  1.025000e+002
      vertex -5.917157e+002 -2.828427e+001  1.025000e+002
    endloop
  endfacet
  facet normal  0.000000e+000  0.000000e+000  1.000000e+000
    outer loop
      vertex -5.917157e+002 -2.828427e+001  1.025000e+002
      vertex -6.025202e+002 -2.438149e+001  1.025000e+002
      vertex -6.083839e+002 -2.765981e+001  1.025000e+002
    endloop
  endfacet
  facet normal  0.000000e+000  0.000000e+000  1.000000e+000
    outer loop
      vertex -5.917157e+002 -2.828427e+001  1.025000e+002
      vertex -6.083839e+002 -2.765981e+001  1.025000e+002
      vertex -5.977772e+002 -3.325879e+001  1.025000e+002
    endloop
  endfacet
  facet normal  0.000000e+000  0.000000e+000  1.000000e+000
    outer loop
      vertex -5.977772e+002 -3.325879e+001  1.025000e+002
      vertex -6.083839e+002 -2.765981e+001  1.025000e+002
      vertex -6.148300e+002 -2.955116e+001  1.025000e+002
    endloop
  endfacet
  facet normal  7.507471e-002  1.766686e-001  9.814031e-001
    outer loop
      vertex -6.059863e+002  4.152599e+001  1.242388e+002
      vertex -6.080398e+002  3.817006e+001  1.250000e+002
      vertex -6.008230e+002  3.510330e+001  1.250000e+002
    endloop
  endfacet
  facet normal -1.080983e-001 -1.586280e-001  9.814030e-001
    outer loop
      vertex -6.456569e+002 -3.068755e+001  1.250000e+002
      vertex -6.473713e+002 -3.422870e+001  1.242388e+002
      vertex -6.391770e+002 -3.510330e+001  1.250000e+002
    endloop
  endfacet
  facet normal -1.348794e-001 -1.324393e-001  9.819711e-001
    outer loop
      vertex -6.456569e+002 -3.068755e+001  1.250000e+002
      vertex -6.511507e+002 -2.509249e+001  1.250000e+002
      vertex -6.528992e+002 -2.895572e+001  1.242388e+002
    endloop
  endfacet
  facet normal -1.565338e-001 -1.025387e-001  9.823354e-001
    outer loop
      vertex -6.511507e+002 -2.509249e+001  1.250000e+002
      vertex -6.554474e+002 -1.853315e+001  1.250000e+002
      vertex -6.574275e+002 -2.280293e+001  1.242388e+002
    endloop
  endfacet
  facet normal -1.726591e-001 -6.967821e-002  9.825140e-001
    outer loop
      vertex -6.554474e+002 -1.853315e+001  1.250000e+002
      vertex -6.583820e+002 -1.126158e+001  1.250000e+002
      vertex -6.608186e+002 -1.595728e+001  1.242388e+002
    endloop
  endfacet
  facet normal -1.829351e-001 -3.465578e-002  9.825140e-001
    outer loop
      vertex -6.583820e+002 -1.126158e+001  1.250000e+002
      vertex -6.598415e+002 -3.557239e+000  1.250000e+002
      vertex -6.629694e+002 -8.626783e+000  1.242388e+002
    endloop
  endfacet
  facet normal -1.871198e-001  1.707079e-003  9.823356e-001
    outer loop
      vertex -6.598415e+002 -3.557239e+000  1.250000e+002
      vertex -6.597700e+002  4.283805e+000  1.250000e+002
      vertex -6.638146e+002 -1.034164e+000  1.242388e+002
    endloop
  endfacet
  facet normal -1.850562e-001  3.856930e-002  9.819707e-001
    outer loop
      vertex -6.597700e+002  4.283805e+000  1.250000e+002
      vertex -6.581700e+002  1.196023e+001  1.250000e+002
      vertex -6.633286e+002  6.589879e+000  1.242388e+002
    endloop
  endfacet
  facet normal -1.766682e-001  7.507353e-002  9.814032e-001
    outer loop
      vertex -6.581700e+002  1.196023e+001  1.250000e+002
      vertex -6.551033e+002  1.917702e+001  1.250000e+002
      vertex -6.615260e+002  1.401369e+001  1.242388e+002
    endloop
  endfacet
  facet normal -1.586278e-001  1.080991e-001  9.814030e-001
    outer loop
      vertex -6.551033e+002  1.917702e+001  1.250000e+002
      vertex -6.506876e+002  2.565685e+001  1.250000e+002
      vertex -6.542287e+002  2.737129e+001  1.242388e+002
    endloop
  endfacet
  facet normal -1.324401e-001  1.348806e-001  9.819710e-001
    outer loop
      vertex -6.506876e+002  2.565685e+001  1.250000e+002
      vertex -6.450925e+002  3.115071e+001  1.250000e+002
      vertex -6.489557e+002  3.289921e+001  1.242388e+002
    endloop
  endfacet
  facet normal -1.025389e-001  1.565336e-001  9.823354e-001
    outer loop
      vertex -6.450925e+002  3.115071e+001  1.250000e+002
      vertex -6.385331e+002  3.544746e+001  1.250000e+002
      vertex -6.428029e+002  3.742750e+001  1.242388e+002
    endloop
  endfacet
  facet normal -6.967945e-002  1.726608e-001  9.825137e-001
    outer loop
      vertex -6.385331e+002  3.544746e+001  1.250000e+002
      vertex -6.312616e+002  3.838198e+001  1.250000e+002
      vertex -6.359573e+002  4.081858e+001  1.242388e+002
    endloop
  endfacet
  facet normal -3.465594e-002  1.829370e-001  9.825135e-001
    outer loop
      vertex -6.312616e+002  3.838198e+001  1.250000e+002
      vertex -6.235573e+002  3.984151e+001  1.250000e+002
      vertex -6.286268e+002  4.296941e+001  1.242388e+002
    endloop
  endfacet
  facet normal  1.707718e-003  1.871205e-001  9.823354e-001
    outer loop
      vertex -6.235573e+002  3.984151e+001  1.250000e+002
      vertex -6.157162e+002  3.976995e+001  1.250000e+002
      vertex -6.210342e+002  4.381463e+001  1.242388e+002
    endloop
  endfacet
  facet normal  3.856878e-002  1.850552e-001  9.819710e-001
    outer loop
      vertex -6.157162e+002  3.976995e+001  1.250000e+002
      vertex -6.080398e+002  3.817006e+001  1.250000e+002
      vertex -6.134101e+002  4.332857e+001  1.242388e+002
    endloop
  endfacet
  facet normal  7.854076e-002  1.793648e-001  9.806424e-001
    outer loop
      vertex -6.008230e+002  3.510330e+001  1.250000e+002
      vertex -5.989883e+002  3.846167e+001  1.242388e+002
      vertex -6.059863e+002  4.152599e+001  1.242388e+002
    endloop
  endfacet
  facet normal  2.234338e-001  5.102596e-001  8.304892e-001
    outer loop
      vertex -6.059863e+002  4.152599e+001  1.242388e+002
      vertex -5.989883e+002  3.846167e+001  1.242388e+002
      vertex -5.974329e+002  4.130875e+001  1.220711e+002
    endloop
  endfacet
  facet normal  2.234340e-001  5.102587e-001  8.304898e-001
    outer loop
      vertex -6.059863e+002  4.152599e+001  1.242388e+002
      vertex -5.974329e+002  4.130875e+001  1.220711e+002
      vertex -6.049490e+002  4.459991e+001  1.220711e+002
    endloop
  endfacet
  facet normal  3.339060e-001  7.625449e-001  5.541047e-001
    outer loop
      vertex -6.049490e+002  4.459991e+001  1.220711e+002
      vertex -5.974329e+002  4.130875e+001  1.220711e+002
      vertex -5.963937e+002  4.321111e+001  1.188268e+002
    endloop
  endfacet
  facet normal  3.339070e-001  7.625412e-001  5.541092e-001
    outer loop
      vertex -6.049490e+002  4.459991e+001  1.220711e+002
      vertex -5.963937e+002  4.321111e+001  1.188268e+002
      vertex -6.042558e+002  4.665383e+001  1.188268e+002
    endloop
  endfacet
  facet normal  3.934661e-001  8.985560e-001  1.943745e-001
    outer loop
      vertex -6.042558e+002  4.665383e+001  1.188268e+002
      vertex -5.963937e+002  4.321111e+001  1.188268e+002
      vertex -5.960287e+002  4.387913e+001  1.150000e+002
    endloop
  endfacet
  facet normal  3.934649e-001  8.985574e-001  1.943708e-001
    outer loop
      vertex -6.042558e+002  4.665383e+001  1.188268e+002
      vertex -5.960287e+002  4.387913e+001  1.150000e+002
      vertex -6.040125e+002  4.737507e+001  1.150000e+002
    endloop
  endfacet
  facet normal -1.084944e-001 -1.630008e-001  9.806426e-001
    outer loop
      vertex -6.391770e+002 -3.510330e+001  1.250000e+002
      vertex -6.473713e+002 -3.422870e+001  1.242388e+002
      vertex -6.410117e+002 -3.846167e+001  1.242388e+002
    endloop
  endfacet
  facet normal -3.086469e-001 -4.637077e-001  8.304891e-001
    outer loop
      vertex -6.410117e+002 -3.846167e+001  1.242388e+002
      vertex -6.473713e+002 -3.422870e+001  1.242388e+002
      vertex -6.493974e+002 -3.676244e+001  1.220711e+002
    endloop
  endfacet
  facet normal -3.086469e-001 -4.637078e-001  8.304892e-001
    outer loop
      vertex -6.410117e+002 -3.846167e+001  1.242388e+002
      vertex -6.493974e+002 -3.676244e+001  1.220711e+002
      vertex -6.425671e+002 -4.130875e+001  1.220711e+002
    endloop
  endfacet
  facet normal -4.612489e-001 -6.929755e-001  5.541068e-001
    outer loop
      vertex -6.425671e+002 -4.130875e+001  1.220711e+002
      vertex -6.493974e+002 -3.676244e+001  1.220711e+002
      vertex -6.507512e+002 -3.845544e+001  1.188268e+002
    endloop
  endfacet
  facet normal -4.612487e-001 -6.929777e-001  5.541043e-001
    outer loop
      vertex -6.425671e+002 -4.130875e+001  1.220711e+002
      vertex -6.507512e+002 -3.845544e+001  1.188268e+002
      vertex -6.436063e+002 -4.321111e+001  1.188268e+002
    endloop
  endfacet
  facet normal -5.435194e-001 -8.165808e-001  1.943771e-001
    outer loop
      vertex -6.436063e+002 -4.321111e+001  1.188268e+002
      vertex -6.507512e+002 -3.845544e+001  1.188268e+002
      vertex -6.512266e+002 -3.904994e+001  1.150000e+002
    endloop
  endfacet
  facet normal -5.435186e-001 -8.165820e-001  1.943741e-001
    outer loop
      vertex -6.436063e+002 -4.321111e+001  1.188268e+002
      vertex -6.512266e+002 -3.904994e+001  1.150000e+002
      vertex -6.439713e+002 -4.387913e+001  1.150000e+002
    endloop
  endfacet
  facet normal -1.374586e-001 -1.441052e-001  9.799688e-001
    outer loop
      vertex -6.456569e+002 -3.068755e+001  1.250000e+002
      vertex -6.528992e+002 -2.895572e+001  1.242388e+002
      vertex -6.473713e+002 -3.422870e+001  1.242388e+002
    endloop
  endfacet
  facet normal -3.844790e-001 -4.030700e-001  8.304881e-001
    outer loop
      vertex -6.473713e+002 -3.422870e+001  1.242388e+002
      vertex -6.528992e+002 -2.895572e+001  1.242388e+002
      vertex -6.553345e+002 -3.109913e+001  1.220711e+002
    endloop
  endfacet
  facet normal -3.844786e-001 -4.030683e-001  8.304890e-001
    outer loop
      vertex -6.473713e+002 -3.422870e+001  1.242388e+002
      vertex -6.553345e+002 -3.109913e+001  1.220711e+002
      vertex -6.493974e+002 -3.676244e+001  1.220711e+002
    endloop
  endfacet
  facet normal -5.745724e-001 -6.023531e-001  5.541093e-001
    outer loop
      vertex -6.493974e+002 -3.676244e+001  1.220711e+002
      vertex -6.553345e+002 -3.109913e+001  1.220711e+002
      vertex -6.569618e+002 -3.253132e+001  1.188268e+002
    endloop
  endfacet
  facet normal -5.745725e-001 -6.023552e-001  5.541070e-001
    outer loop
      vertex -6.493974e+002 -3.676244e+001  1.220711e+002
      vertex -6.569618e+002 -3.253132e+001  1.188268e+002
      vertex -6.507512e+002 -3.845544e+001  1.188268e+002
    endloop
  endfacet
  facet normal -6.770578e-001 -7.097961e-001  1.943760e-001
    outer loop
      vertex -6.507512e+002 -3.845544e+001  1.188268e+002
      vertex -6.569618e+002 -3.253132e+001  1.188268e+002
      vertex -6.575332e+002 -3.303423e+001  1.150000e+002
    endloop
  endfacet
  facet normal -6.770582e-001 -7.097956e-001  1.943773e-001
    outer loop
      vertex -6.507512e+002 -3.845544e+001  1.188268e+002
      vertex -6.575332e+002 -3.303423e+001  1.150000e+002
      vertex -6.512266e+002 -3.904994e+001  1.150000e+002
    endloop
  endfacet
  facet normal -1.623734e-001 -1.195017e-001  9.794663e-001
    outer loop
      vertex -6.511507e+002 -2.509249e+001  1.250000e+002
      vertex -6.574275e+002 -2.280293e+001  1.242388e+002
      vertex -6.528992e+002 -2.895572e+001  1.242388e+002
    endloop
  endfacet
  facet normal -4.486277e-001 -3.301758e-001  8.304920e-001
    outer loop
      vertex -6.528992e+002 -2.895572e+001  1.242388e+002
      vertex -6.574275e+002 -2.280293e+001  1.242388e+002
      vertex -6.601981e+002 -2.449089e+001  1.220711e+002
    endloop
  endfacet
  facet normal -4.486305e-001 -3.301824e-001  8.304880e-001
    outer loop
      vertex -6.528992e+002 -2.895572e+001  1.242388e+002
      vertex -6.601981e+002 -2.449089e+001  1.220711e+002
      vertex -6.553345e+002 -3.109913e+001  1.220711e+002
    endloop
  endfacet
  facet normal -6.704428e-001 -4.934315e-001  5.541044e-001
    outer loop
      vertex -6.553345e+002 -3.109913e+001  1.220711e+002
      vertex -6.601981e+002 -2.449089e+001  1.220711e+002
      vertex -6.620493e+002 -2.561875e+001  1.188268e+002
    endloop
  endfacet
  facet normal -6.704417e-001 -4.934269e-001  5.541098e-001
    outer loop
      vertex -6.553345e+002 -3.109913e+001  1.220711e+002
      vertex -6.620493e+002 -2.561875e+001  1.188268e+002
      vertex -6.569618e+002 -3.253132e+001  1.188268e+002
    endloop
  endfacet
  facet normal -7.900300e-001 -5.814406e-001  1.943692e-001
    outer loop
      vertex -6.569618e+002 -3.253132e+001  1.188268e+002
      vertex -6.620493e+002 -2.561875e+001  1.188268e+002
      vertex -6.626993e+002 -2.601480e+001  1.150000e+002
    endloop
  endfacet
  facet normal -7.900308e-001 -5.814373e-001  1.943761e-001
    outer loop
      vertex -6.569618e+002 -3.253132e+001  1.188268e+002
      vertex -6.626993e+002 -2.601480e+001  1.150000e+002
      vertex -6.575332e+002 -3.303423e+001  1.150000e+002
    endloop
  endfacet
  facet normal -1.820055e-001 -9.015970e-002  9.791554e-001
    outer loop
      vertex -6.554474e+002 -1.853315e+001  1.250000e+002
      vertex -6.608186e+002 -1.595728e+001  1.242388e+002
      vertex -6.574275e+002 -2.280293e+001  1.242388e+002
    endloop
  endfacet
  facet normal -4.991486e-001 -2.472623e-001  8.304890e-001
    outer loop
      vertex -6.574275e+002 -2.280293e+001  1.242388e+002
      vertex -6.608186e+002 -1.595728e+001  1.242388e+002
      vertex -6.638401e+002 -1.713850e+001  1.220711e+002
    endloop
  endfacet
  facet normal -4.991456e-001 -2.472576e-001  8.304923e-001
    outer loop
      vertex -6.574275e+002 -2.280293e+001  1.242388e+002
      vertex -6.638401e+002 -1.713850e+001  1.220711e+002
      vertex -6.601981e+002 -2.449089e+001  1.220711e+002
    endloop
  endfacet
  facet normal -7.459425e-001 -3.695113e-001  5.541039e-001
    outer loop
      vertex -6.601981e+002 -2.449089e+001  1.220711e+002
      vertex -6.638401e+002 -1.713850e+001  1.220711e+002
      vertex -6.658591e+002 -1.792777e+001  1.188268e+002
    endloop
  endfacet
  facet normal -7.459425e-001 -3.695110e-001  5.541043e-001
    outer loop
      vertex -6.601981e+002 -2.449089e+001  1.220711e+002
      vertex -6.658591e+002 -1.792777e+001  1.188268e+002
      vertex -6.620493e+002 -2.561875e+001  1.188268e+002
    endloop
  endfacet
  facet normal -8.789940e-001 -4.354196e-001  1.943687e-001
    outer loop
      vertex -6.620493e+002 -2.561875e+001  1.188268e+002
      vertex -6.658591e+002 -1.792777e+001  1.188268e+002
      vertex -6.665680e+002 -1.820492e+001  1.150000e+002
    endloop
  endfacet
  facet normal -8.789940e-001 -4.354197e-001  1.943685e-001
    outer loop
      vertex -6.620493e+002 -2.561875e+001  1.188268e+002
      vertex -6.665680e+002 -1.820492e+001  1.150000e+002
      vertex -6.626993e+002 -2.601480e+001  1.150000e+002
    endloop
  endfacet
  facet normal -1.953811e-001 -5.732612e-002  9.790506e-001
    outer loop
      vertex -6.583820e+002 -1.126158e+001  1.250000e+002
      vertex -6.629694e+002 -8.626783e+000  1.242388e+002
      vertex -6.608186e+002 -1.595728e+001  1.242388e+002
    endloop
  endfacet
  facet normal -5.345064e-001 -1.568278e-001  8.304867e-001
    outer loop
      vertex -6.608186e+002 -1.595728e+001  1.242388e+002
      vertex -6.629694e+002 -8.626783e+000  1.242388e+002
      vertex -6.661501e+002 -9.265371e+000  1.220711e+002
    endloop
  endfacet
  facet normal -5.345036e-001 -1.568248e-001  8.304890e-001
    outer loop
      vertex -6.608186e+002 -1.595728e+001  1.242388e+002
      vertex -6.661501e+002 -9.265371e+000  1.220711e+002
      vertex -6.638401e+002 -1.713850e+001  1.220711e+002
    endloop
  endfacet
  facet normal -7.987691e-001 -2.343610e-001  5.541146e-001
    outer loop
      vertex -6.638401e+002 -1.713850e+001  1.220711e+002
      vertex -6.661501e+002 -9.265371e+000  1.220711e+002
      vertex -6.682755e+002 -9.692062e+000  1.188268e+002
    endloop
  endfacet
  facet normal -7.987742e-001 -2.343688e-001  5.541038e-001
    outer loop
      vertex -6.638401e+002 -1.713850e+001  1.220711e+002
      vertex -6.682755e+002 -9.692062e+000  1.188268e+002
      vertex -6.658591e+002 -1.792777e+001  1.188268e+002
    endloop
  endfacet
  facet normal -9.412492e-001 -2.761724e-001  1.943675e-001
    outer loop
      vertex -6.658591e+002 -1.792777e+001  1.188268e+002
      vertex -6.682755e+002 -9.692062e+000  1.188268e+002
      vertex -6.690218e+002 -9.841896e+000  1.150000e+002
    endloop
  endfacet
  facet normal -9.412491e-001 -2.761720e-001  1.943682e-001
    outer loop
      vertex -6.658591e+002 -1.792777e+001  1.188268e+002
      vertex -6.690218e+002 -9.841896e+000  1.150000e+002
      vertex -6.665680e+002 -1.820492e+001  1.150000e+002
    endloop
  endfacet
  facet normal -2.018649e-001 -2.247172e-002  9.791556e-001
    outer loop
      vertex -6.598415e+002 -3.557239e+000  1.250000e+002
      vertex -6.638146e+002 -1.034164e+000  1.242388e+002
      vertex -6.629694e+002 -8.626783e+000  1.242388e+002
    endloop
  endfacet
  facet normal -5.536126e-001 -6.162847e-002  8.304909e-001
    outer loop
      vertex -6.629694e+002 -8.626783e+000  1.242388e+002
      vertex -6.638146e+002 -1.034164e+000  1.242388e+002
      vertex -6.670580e+002 -1.110716e+000  1.220711e+002
    endloop
  endfacet
  facet normal -5.536185e-001 -6.163294e-002  8.304867e-001
    outer loop
      vertex -6.629694e+002 -8.626783e+000  1.242388e+002
      vertex -6.670580e+002 -1.110716e+000  1.220711e+002
      vertex -6.661501e+002 -9.265371e+000  1.220711e+002
    endloop
  endfacet
  facet normal -8.273361e-001 -9.210522e-002  5.541043e-001
    outer loop
      vertex -6.661501e+002 -9.265371e+000  1.220711e+002
      vertex -6.670580e+002 -1.110716e+000  1.220711e+002
      vertex -6.692251e+002 -1.161867e+000  1.188268e+002
    endloop
  endfacet
  facet normal -8.273299e-001 -9.209872e-002  5.541147e-001
    outer loop
      vertex -6.661501e+002 -9.265371e+000  1.220711e+002
      vertex -6.692251e+002 -1.161867e+000  1.188268e+002
      vertex -6.682755e+002 -9.692062e+000  1.188268e+002
    endloop
  endfacet
  facet normal -9.749054e-001 -1.085269e-001  1.943745e-001
    outer loop
      vertex -6.682755e+002 -9.692062e+000  1.188268e+002
      vertex -6.692251e+002 -1.161867e+000  1.188268e+002
      vertex -6.699861e+002 -1.179829e+000  1.150000e+002
    endloop
  endfacet
  facet normal -9.749063e-001 -1.085303e-001  1.943673e-001
    outer loop
      vertex -6.682755e+002 -9.692062e+000  1.188268e+002
      vertex -6.699861e+002 -1.179829e+000  1.150000e+002
      vertex -6.690218e+002 -9.841896e+000  1.150000e+002
    endloop
  endfacet
  facet normal -2.012016e-001  1.282795e-002  9.794658e-001
    outer loop
      vertex -6.597700e+002  4.283805e+000  1.250000e+002
      vertex -6.633286e+002  6.589879e+000  1.242388e+002
      vertex -6.638146e+002 -1.034164e+000  1.242388e+002
    endloop
  endfacet
  facet normal -5.559071e-001  3.544281e-002  8.304884e-001
    outer loop
      vertex -6.638146e+002 -1.034164e+000  1.242388e+002
      vertex -6.633286e+002  6.589879e+000  1.242388e+002
      vertex -6.665359e+002  7.077687e+000  1.220711e+002
    endloop
  endfacet
  facet normal -5.559037e-001  3.544456e-002  8.304908e-001
    outer loop
      vertex -6.638146e+002 -1.034164e+000  1.242388e+002
      vertex -6.665359e+002  7.077687e+000  1.220711e+002
      vertex -6.670580e+002 -1.110716e+000  1.220711e+002
    endloop
  endfacet
  facet normal -8.307536e-001  5.296906e-002  5.541144e-001
    outer loop
      vertex -6.670580e+002 -1.110716e+000  1.220711e+002
      vertex -6.665359e+002  7.077687e+000  1.220711e+002
      vertex -6.686790e+002  7.403630e+000  1.188268e+002
    endloop
  endfacet
  facet normal -8.307605e-001  5.296400e-002  5.541046e-001
    outer loop
      vertex -6.670580e+002 -1.110716e+000  1.220711e+002
      vertex -6.686790e+002  7.403630e+000  1.188268e+002
      vertex -6.692251e+002 -1.161867e+000  1.188268e+002
    endloop
  endfacet
  facet normal -9.789391e-001  6.241092e-002  1.943792e-001
    outer loop
      vertex -6.692251e+002 -1.161867e+000  1.188268e+002
      vertex -6.686790e+002  7.403630e+000  1.188268e+002
      vertex -6.694316e+002  7.518086e+000  1.150000e+002
    endloop
  endfacet
  facet normal -9.789402e-001  6.240881e-002  1.943744e-001
    outer loop
      vertex -6.692251e+002 -1.161867e+000  1.188268e+002
      vertex -6.694316e+002  7.518086e+000  1.150000e+002
      vertex -6.699861e+002 -1.179829e+000  1.150000e+002
    endloop
  endfacet
  facet normal -1.935270e-001  4.698965e-002  9.799691e-001
    outer loop
      vertex -6.581700e+002  1.196023e+001  1.250000e+002
      vertex -6.615260e+002  1.401369e+001  1.242388e+002
      vertex -6.633286e+002  6.589879e+000  1.242388e+002
    endloop
  endfacet
  facet normal -5.413068e-001  1.314329e-001  8.304892e-001
    outer loop
      vertex -6.633286e+002  6.589879e+000  1.242388e+002
      vertex -6.615260e+002  1.401369e+001  1.242388e+002
      vertex -6.645999e+002  1.505104e+001  1.220711e+002
    endloop
  endfacet
  facet normal -5.413079e-001  1.314325e-001  8.304885e-001
    outer loop
      vertex -6.633286e+002  6.589879e+000  1.242388e+002
      vertex -6.645999e+002  1.505104e+001  1.220711e+002
      vertex -6.665359e+002  7.077687e+000  1.220711e+002
    endloop
  endfacet
  facet normal -8.089455e-001  1.964165e-001  5.541007e-001
    outer loop
      vertex -6.665359e+002  7.077687e+000  1.220711e+002
      vertex -6.645999e+002  1.505104e+001  1.220711e+002
      vertex -6.666538e+002  1.574417e+001  1.188268e+002
    endloop
  endfacet
  facet normal -8.089353e-001  1.964215e-001  5.541138e-001
    outer loop
      vertex -6.665359e+002  7.077687e+000  1.220711e+002
      vertex -6.666538e+002  1.574417e+001  1.188268e+002
      vertex -6.686790e+002  7.403630e+000  1.188268e+002
    endloop
  endfacet
  facet normal -9.532283e-001  2.314580e-001  1.943784e-001
    outer loop
      vertex -6.686790e+002  7.403630e+000  1.188268e+002
      vertex -6.666538e+002  1.574417e+001  1.188268e+002
      vertex -6.673751e+002  1.598757e+001  1.150000e+002
    endloop
  endfacet
  facet normal -9.532281e-001  2.314582e-001  1.943790e-001
    outer loop
      vertex -6.686790e+002  7.403630e+000  1.188268e+002
      vertex -6.673751e+002  1.598757e+001  1.150000e+002
      vertex -6.694316e+002  7.518086e+000  1.150000e+002
    endloop
  endfacet
  facet normal -1.793663e-001  7.854197e-002  9.806420e-001
    outer loop
      vertex -6.551033e+002  1.917702e+001  1.250000e+002
      vertex -6.584617e+002  2.101170e+001  1.242388e+002
      vertex -6.615260e+002  1.401369e+001  1.242388e+002
    endloop
  endfacet
  facet normal -5.102563e-001  2.234340e-001  8.304913e-001
    outer loop
      vertex -6.615260e+002  1.401369e+001  1.242388e+002
      vertex -6.584617e+002  2.101170e+001  1.242388e+002
      vertex -6.613088e+002  2.256707e+001  1.220711e+002
    endloop
  endfacet
  facet normal -5.102595e-001  2.234336e-001  8.304893e-001
    outer loop
      vertex -6.615260e+002  1.401369e+001  1.242388e+002
      vertex -6.613088e+002  2.256707e+001  1.220711e+002
      vertex -6.645999e+002  1.505104e+001  1.220711e+002
    endloop
  endfacet
  facet normal -7.625459e-001  3.339053e-001  5.541036e-001
    outer loop
      vertex -6.645999e+002  1.505104e+001  1.220711e+002
      vertex -6.613088e+002  2.256707e+001  1.220711e+002
      vertex -6.632111e+002  2.360634e+001  1.188268e+002
    endloop
  endfacet
  facet normal -7.625479e-001  3.339048e-001  5.541013e-001
    outer loop
      vertex -6.645999e+002  1.505104e+001  1.220711e+002
      vertex -6.632111e+002  2.360634e+001  1.188268e+002
      vertex -6.666538e+002  1.574417e+001  1.188268e+002
    endloop
  endfacet
  facet normal -8.985576e-001  3.934608e-001  1.943781e-001
    outer loop
      vertex -6.666538e+002  1.574417e+001  1.188268e+002
      vertex -6.632111e+002  2.360634e+001  1.188268e+002
      vertex -6.638792e+002  2.397128e+001  1.150000e+002
    endloop
  endfacet
  facet normal -8.985575e-001  3.934609e-001  1.943783e-001
    outer loop
      vertex -6.666538e+002  1.574417e+001  1.188268e+002
      vertex -6.638792e+002  2.397128e+001  1.150000e+002
      vertex -6.673751e+002  1.598757e+001  1.150000e+002
    endloop
  endfacet
  facet normal -1.630026e-001  1.084954e-001  9.806422e-001
    outer loop
      vertex -6.551033e+002  1.917702e+001  1.250000e+002
      vertex -6.542287e+002  2.737129e+001  1.242388e+002
      vertex -6.584617e+002  2.101170e+001  1.242388e+002
    endloop
  endfacet
  facet normal -4.637067e-001  3.086455e-001  8.304902e-001
    outer loop
      vertex -6.584617e+002  2.101170e+001  1.242388e+002
      vertex -6.542287e+002  2.737129e+001  1.242388e+002
      vertex -6.567625e+002  2.939742e+001  1.220711e+002
    endloop
  endfacet
  facet normal -4.637053e-001  3.086455e-001  8.304911e-001
    outer loop
      vertex -6.584617e+002  2.101170e+001  1.242388e+002
      vertex -6.567625e+002  2.939742e+001  1.220711e+002
      vertex -6.613088e+002  2.256707e+001  1.220711e+002
    endloop
  endfacet
  facet normal -6.929755e-001  4.612494e-001  5.541062e-001
    outer loop
      vertex -6.613088e+002  2.256707e+001  1.220711e+002
      vertex -6.567625e+002  2.939742e+001  1.220711e+002
      vertex -6.584554e+002  3.075123e+001  1.188268e+002
    endloop
  endfacet
  facet normal -6.929776e-001  4.612492e-001  5.541039e-001
    outer loop
      vertex -6.613088e+002  2.256707e+001  1.220711e+002
      vertex -6.584554e+002  3.075123e+001  1.188268e+002
      vertex -6.632111e+002  2.360634e+001  1.188268e+002
    endloop
  endfacet
  facet normal -8.165813e-001  5.435204e-001  1.943724e-001
    outer loop
      vertex -6.632111e+002  2.360634e+001  1.188268e+002
      vertex -6.584554e+002  3.075123e+001  1.188268e+002
      vertex -6.590499e+002  3.122663e+001  1.150000e+002
    endloop
  endfacet
  facet normal -8.165789e-001  5.435218e-001  1.943779e-001
    outer loop
      vertex -6.632111e+002  2.360634e+001  1.188268e+002
      vertex -6.590499e+002  3.122663e+001  1.150000e+002
      vertex -6.638792e+002  2.397128e+001  1.150000e+002
    endloop
  endfacet
  facet normal -1.441047e-001  1.374595e-001  9.799687e-001
    outer loop
      vertex -6.506876e+002  2.565685e+001  1.250000e+002
      vertex -6.489557e+002  3.289921e+001  1.242388e+002
      vertex -6.542287e+002  2.737129e+001  1.242388e+002
    endloop
  endfacet
  facet normal -4.030655e-001  3.844788e-001  8.304905e-001
    outer loop
      vertex -6.542287e+002  2.737129e+001  1.242388e+002
      vertex -6.489557e+002  3.289921e+001  1.242388e+002
      vertex -6.510991e+002  3.533453e+001  1.220711e+002
    endloop
  endfacet
  facet normal -4.030660e-001  3.844788e-001  8.304901e-001
    outer loop
      vertex -6.542287e+002  2.737129e+001  1.242388e+002
      vertex -6.510991e+002  3.533453e+001  1.220711e+002
      vertex -6.567625e+002  2.939742e+001  1.220711e+002
    endloop
  endfacet
  facet normal -6.023524e-001  5.745752e-001  5.541072e-001
    outer loop
      vertex -6.567625e+002  2.939742e+001  1.220711e+002
      vertex -6.510991e+002  3.533453e+001  1.220711e+002
      vertex -6.525313e+002  3.696177e+001  1.188268e+002
    endloop
  endfacet
  facet normal -6.023533e-001  5.745754e-001  5.541061e-001
    outer loop
      vertex -6.567625e+002  2.939742e+001  1.220711e+002
      vertex -6.525313e+002  3.696177e+001  1.188268e+002
      vertex -6.584554e+002  3.075123e+001  1.188268e+002
    endloop
  endfacet
  facet normal -7.097931e-001  6.770604e-001  1.943782e-001
    outer loop
      vertex -6.584554e+002  3.075123e+001  1.188268e+002
      vertex -6.525313e+002  3.696177e+001  1.188268e+002
      vertex -6.530342e+002  3.753318e+001  1.150000e+002
    endloop
  endfacet
  facet normal -7.097956e-001  6.770595e-001  1.943729e-001
    outer loop
      vertex -6.584554e+002  3.075123e+001  1.188268e+002
      vertex -6.530342e+002  3.753318e+001  1.150000e+002
      vertex -6.590499e+002  3.122663e+001  1.150000e+002
    endloop
  endfacet
  facet normal -1.195031e-001  1.623736e-001  9.794661e-001
    outer loop
      vertex -6.450925e+002  3.115071e+001  1.250000e+002
      vertex -6.428029e+002  3.742750e+001  1.242388e+002
      vertex -6.489557e+002  3.289921e+001  1.242388e+002
    endloop
  endfacet
  facet normal -3.301793e-001  4.486276e-001  8.304908e-001
    outer loop
      vertex -6.489557e+002  3.289921e+001  1.242388e+002
      vertex -6.428029e+002  3.742750e+001  1.242388e+002
      vertex -6.444909e+002  4.019803e+001  1.220711e+002
    endloop
  endfacet
  facet normal -3.301801e-001  4.486279e-001  8.304902e-001
    outer loop
      vertex -6.489557e+002  3.289921e+001  1.242388e+002
      vertex -6.444909e+002  4.019803e+001  1.220711e+002
      vertex -6.510991e+002  3.533453e+001  1.220711e+002
    endloop
  endfacet
  facet normal -4.934301e-001  6.704417e-001  5.541069e-001
    outer loop
      vertex -6.510991e+002  3.533453e+001  1.220711e+002
      vertex -6.444909e+002  4.019803e+001  1.220711e+002
      vertex -6.456188e+002  4.204924e+001  1.188268e+002
    endloop
  endfacet
  facet normal -4.934300e-001  6.704417e-001  5.541071e-001
    outer loop
      vertex -6.510991e+002  3.533453e+001  1.220711e+002
      vertex -6.456188e+002  4.204924e+001  1.188268e+002
      vertex -6.525313e+002  3.696177e+001  1.188268e+002
    endloop
  endfacet
  facet normal -5.814421e-001  7.900271e-001  1.943769e-001
    outer loop
      vertex -6.525313e+002  3.696177e+001  1.188268e+002
      vertex -6.456188e+002  4.204924e+001  1.188268e+002
      vertex -6.460148e+002  4.269930e+001  1.150000e+002
    endloop
  endfacet
  facet normal -5.814416e-001  7.900271e-001  1.943777e-001
    outer loop
      vertex -6.525313e+002  3.696177e+001  1.188268e+002
      vertex -6.460148e+002  4.269930e+001  1.150000e+002
      vertex -6.530342e+002  3.753318e+001  1.150000e+002
    endloop
  endfacet
  facet normal -9.015931e-002  1.820065e-001  9.791552e-001
    outer loop
      vertex -6.385331e+002  3.544746e+001  1.250000e+002
      vertex -6.359573e+002  4.081858e+001  1.242388e+002
      vertex -6.428029e+002  3.742750e+001  1.242388e+002
    endloop
  endfacet
  facet normal -2.472602e-001  4.991494e-001  8.304891e-001
    outer loop
      vertex -6.428029e+002  3.742750e+001  1.242388e+002
      vertex -6.359573e+002  4.081858e+001  1.242388e+002
      vertex -6.371385e+002  4.384013e+001  1.220711e+002
    endloop
  endfacet
  facet normal -2.472583e-001  4.991482e-001  8.304905e-001
    outer loop
      vertex -6.428029e+002  3.742750e+001  1.242388e+002
      vertex -6.371385e+002  4.384013e+001  1.220711e+002
      vertex -6.444909e+002  4.019803e+001  1.220711e+002
    endloop
  endfacet
  facet normal -3.695090e-001  7.459394e-001  5.541096e-001
    outer loop
      vertex -6.444909e+002  4.019803e+001  1.220711e+002
      vertex -6.371385e+002  4.384013e+001  1.220711e+002
      vertex -6.379278e+002  4.585907e+001  1.188268e+002
    endloop
  endfacet
  facet normal -3.695112e-001  7.459404e-001  5.541067e-001
    outer loop
      vertex -6.444909e+002  4.019803e+001  1.220711e+002
      vertex -6.379278e+002  4.585907e+001  1.188268e+002
      vertex -6.456188e+002  4.204924e+001  1.188268e+002
    endloop
  endfacet
  facet normal -4.354207e-001  8.789932e-001  1.943705e-001
    outer loop
      vertex -6.456188e+002  4.204924e+001  1.188268e+002
      vertex -6.379278e+002  4.585907e+001  1.188268e+002
      vertex -6.382049e+002  4.656802e+001  1.150000e+002
    endloop
  endfacet
  facet normal -4.354175e-001  8.789933e-001  1.943767e-001
    outer loop
      vertex -6.456188e+002  4.204924e+001  1.188268e+002
      vertex -6.382049e+002  4.656802e+001  1.150000e+002
      vertex -6.460148e+002  4.269930e+001  1.150000e+002
    endloop
  endfacet
  facet normal -5.732703e-002  1.953836e-001  9.790500e-001
    outer loop
      vertex -6.312616e+002  3.838198e+001  1.250000e+002
      vertex -6.286268e+002  4.296941e+001  1.242388e+002
      vertex -6.359573e+002  4.081858e+001  1.242388e+002
    endloop
  endfacet
  facet normal -1.568266e-001  5.345010e-001  8.304902e-001
    outer loop
      vertex -6.359573e+002  4.081858e+001  1.242388e+002
      vertex -6.286268e+002  4.296941e+001  1.242388e+002
      vertex -6.292654e+002  4.615017e+001  1.220711e+002
    endloop
  endfacet
  facet normal -1.568279e-001  5.345023e-001  8.304893e-001
    outer loop
      vertex -6.359573e+002  4.081858e+001  1.242388e+002
      vertex -6.292654e+002  4.615017e+001  1.220711e+002
      vertex -6.371385e+002  4.384013e+001  1.220711e+002
    endloop
  endfacet
  facet normal -2.343674e-001  7.987729e-001  5.541062e-001
    outer loop
      vertex -6.371385e+002  4.384013e+001  1.220711e+002
      vertex -6.292654e+002  4.615017e+001  1.220711e+002
      vertex -6.296921e+002  4.827549e+001  1.188268e+002
    endloop
  endfacet
  facet normal -2.343659e-001  7.987719e-001  5.541083e-001
    outer loop
      vertex -6.371385e+002  4.384013e+001  1.220711e+002
      vertex -6.296921e+002  4.827549e+001  1.188268e+002
      vertex -6.379278e+002  4.585907e+001  1.188268e+002
    endloop
  endfacet
  facet normal -2.761696e-001  9.412482e-001  1.943762e-001
    outer loop
      vertex -6.379278e+002  4.585907e+001  1.188268e+002
      vertex -6.296921e+002  4.827549e+001  1.188268e+002
      vertex -6.298419e+002  4.902180e+001  1.150000e+002
    endloop
  endfacet
  facet normal -2.761713e-001  9.412484e-001  1.943727e-001
    outer loop
      vertex -6.379278e+002  4.585907e+001  1.188268e+002
      vertex -6.298419e+002  4.902180e+001  1.150000e+002
      vertex -6.382049e+002  4.656802e+001  1.150000e+002
    endloop
  endfacet
  facet normal -2.247227e-002  2.018663e-001  9.791553e-001
    outer loop
      vertex -6.235573e+002  3.984151e+001  1.250000e+002
      vertex -6.210342e+002  4.381463e+001  1.242388e+002
      vertex -6.286268e+002  4.296941e+001  1.242388e+002
    endloop
  endfacet
  facet normal -6.162981e-002  5.536149e-001  8.304892e-001
    outer loop
      vertex -6.286268e+002  4.296941e+001  1.242388e+002
      vertex -6.210342e+002  4.381463e+001  1.242388e+002
      vertex -6.211107e+002  4.705796e+001  1.220711e+002
    endloop
  endfacet
  facet normal -6.162898e-002  5.536138e-001  8.304899e-001
    outer loop
      vertex -6.286268e+002  4.296941e+001  1.242388e+002
      vertex -6.211107e+002  4.705796e+001  1.220711e+002
      vertex -6.292654e+002  4.615017e+001  1.220711e+002
    endloop
  endfacet
  facet normal -9.209999e-002  8.273352e-001  5.541065e-001
    outer loop
      vertex -6.292654e+002  4.615017e+001  1.220711e+002
      vertex -6.211107e+002  4.705796e+001  1.220711e+002
      vertex -6.211619e+002  4.922509e+001  1.188268e+002
    endloop
  endfacet
  facet normal -9.210026e-002  8.273355e-001  5.541061e-001
    outer loop
      vertex -6.292654e+002  4.615017e+001  1.220711e+002
      vertex -6.211619e+002  4.922509e+001  1.188268e+002
      vertex -6.296921e+002  4.827549e+001  1.188268e+002
    endloop
  endfacet
  facet normal -1.085279e-001  9.749052e-001  1.943749e-001
    outer loop
      vertex -6.296921e+002  4.827549e+001  1.188268e+002
      vertex -6.211619e+002  4.922509e+001  1.188268e+002
      vertex -6.211798e+002  4.998608e+001  1.150000e+002
    endloop
  endfacet
  facet normal -1.085275e-001  9.749051e-001  1.943759e-001
    outer loop
      vertex -6.296921e+002  4.827549e+001  1.188268e+002
      vertex -6.211798e+002  4.998608e+001  1.150000e+002
      vertex -6.298419e+002  4.902180e+001  1.150000e+002
    endloop
  endfacet
  facet normal  1.282732e-002  2.012007e-001  9.794661e-001
    outer loop
      vertex -6.157162e+002  3.976995e+001  1.250000e+002
      vertex -6.134101e+002  4.332857e+001  1.242388e+002
      vertex -6.210342e+002  4.381463e+001  1.242388e+002
    endloop
  endfacet
  facet normal  3.544113e-002  5.559055e-001  8.304895e-001
    outer loop
      vertex -6.210342e+002  4.381463e+001  1.242388e+002
      vertex -6.134101e+002  4.332857e+001  1.242388e+002
      vertex -6.129223e+002  4.653592e+001  1.220711e+002
    endloop
  endfacet
  facet normal  3.544102e-002  5.559059e-001  8.304894e-001
    outer loop
      vertex -6.210342e+002  4.381463e+001  1.242388e+002
      vertex -6.129223e+002  4.653592e+001  1.220711e+002
      vertex -6.211107e+002  4.705796e+001  1.220711e+002
    endloop
  endfacet
  facet normal  5.296395e-002  8.307595e-001  5.541059e-001
    outer loop
      vertex -6.211107e+002  4.705796e+001  1.220711e+002
      vertex -6.129223e+002  4.653592e+001  1.220711e+002
      vertex -6.125964e+002  4.867900e+001  1.188268e+002
    endloop
  endfacet
  facet normal  5.296431e-002  8.307590e-001  5.541066e-001
    outer loop
      vertex -6.211107e+002  4.705796e+001  1.220711e+002
      vertex -6.125964e+002  4.867900e+001  1.188268e+002
      vertex -6.211619e+002  4.922509e+001  1.188268e+002
    endloop
  endfacet
  facet normal  6.241144e-002  9.789396e-001  1.943761e-001
    outer loop
      vertex -6.211619e+002  4.922509e+001  1.188268e+002
      vertex -6.125964e+002  4.867900e+001  1.188268e+002
      vertex -6.124819e+002  4.943155e+001  1.150000e+002
    endloop
  endfacet
  facet normal  6.241121e-002  9.789397e-001  1.943756e-001
    outer loop
      vertex -6.211619e+002  4.922509e+001  1.188268e+002
      vertex -6.124819e+002  4.943155e+001  1.150000e+002
      vertex -6.211798e+002  4.998608e+001  1.150000e+002
    endloop
  endfacet
  facet normal  4.699077e-002  1.935276e-001  9.799689e-001
    outer loop
      vertex -6.080398e+002  3.817006e+001  1.250000e+002
      vertex -6.059863e+002  4.152599e+001  1.242388e+002
      vertex -6.134101e+002  4.332857e+001  1.242388e+002
    endloop
  endfacet
  facet normal  1.314353e-001  5.413054e-001  8.304898e-001
    outer loop
      vertex -6.134101e+002  4.332857e+001  1.242388e+002
      vertex -6.059863e+002  4.152599e+001  1.242388e+002
      vertex -6.049490e+002  4.459991e+001  1.220711e+002
    endloop
  endfacet
  facet normal  1.314351e-001  5.413061e-001  8.304893e-001
    outer loop
      vertex -6.134101e+002  4.332857e+001  1.242388e+002
      vertex -6.049490e+002  4.459991e+001  1.220711e+002
      vertex -6.129223e+002  4.653592e+001  1.220711e+002
    endloop
  endfacet
  facet normal  1.964196e-001  8.089399e-001  5.541079e-001
    outer loop
      vertex -6.129223e+002  4.653592e+001  1.220711e+002
      vertex -6.049490e+002  4.459991e+001  1.220711e+002
      vertex -6.042558e+002  4.665383e+001  1.188268e+002
    endloop
  endfacet
  facet normal  1.964186e-001  8.089418e-001  5.541055e-001
    outer loop
      vertex -6.129223e+002  4.653592e+001  1.220711e+002
      vertex -6.042558e+002  4.665383e+001  1.188268e+002
      vertex -6.125964e+002  4.867900e+001  1.188268e+002
    endloop
  endfacet
  facet normal  2.314533e-001  9.532306e-001  1.943727e-001
    outer loop
      vertex -6.125964e+002  4.867900e+001  1.188268e+002
      vertex -6.042558e+002  4.665383e+001  1.188268e+002
      vertex -6.040125e+002  4.737507e+001  1.150000e+002
    endloop
  endfacet
  facet normal  2.314543e-001  9.532298e-001  1.943755e-001
    outer loop
      vertex -6.125964e+002  4.867900e+001  1.188268e+002
      vertex -6.040125e+002  4.737507e+001  1.150000e+002
      vertex -6.124819e+002  4.943155e+001  1.150000e+002
    endloop
  endfacet
  facet normal -7.507471e-002 -1.766686e-001  9.814031e-001
    outer loop
      vertex -6.340137e+002 -4.152599e+001  1.242388e+002
      vertex -6.319602e+002 -3.817006e+001  1.250000e+002
      vertex -6.391770e+002 -3.510330e+001  1.250000e+002
    endloop
  endfacet
  facet normal  1.080983e-001  1.586280e-001  9.814030e-001
    outer loop
      vertex -5.943431e+002  3.068755e+001  1.250000e+002
      vertex -5.926287e+002  3.422870e+001  1.242388e+002
      vertex -6.008230e+002  3.510330e+001  1.250000e+002
    endloop
  endfacet
  facet normal  1.348794e-001  1.324393e-001  9.819711e-001
    outer loop
      vertex -5.943431e+002  3.068755e+001  1.250000e+002
      vertex -5.888493e+002  2.509249e+001  1.250000e+002
      vertex -5.871008e+002  2.895572e+001  1.242388e+002
    endloop
  endfacet
  facet normal  1.565338e-001  1.025387e-001  9.823354e-001
    outer loop
      vertex -5.888493e+002  2.509249e+001  1.250000e+002
      vertex -5.845526e+002  1.853315e+001  1.250000e+002
      vertex -5.825725e+002  2.280293e+001  1.242388e+002
    endloop
  endfacet
  facet normal  1.726591e-001  6.967821e-002  9.825140e-001
    outer loop
      vertex -5.845526e+002  1.853315e+001  1.250000e+002
      vertex -5.816180e+002  1.126158e+001  1.250000e+002
      vertex -5.791814e+002  1.595728e+001  1.242388e+002
    endloop
  endfacet
  facet normal  1.829351e-001  3.465578e-002  9.825140e-001
    outer loop
      vertex -5.816180e+002  1.126158e+001  1.250000e+002
      vertex -5.801585e+002  3.557239e+000  1.250000e+002
      vertex -5.770306e+002  8.626783e+000  1.242388e+002
    endloop
  endfacet
  facet normal  1.871198e-001 -1.707079e-003  9.823356e-001
    outer loop
      vertex -5.801585e+002  3.557239e+000  1.250000e+002
      vertex -5.802300e+002 -4.283805e+000  1.250000e+002
      vertex -5.761854e+002  1.034164e+000  1.242388e+002
    endloop
  endfacet
  facet normal  1.850562e-001 -3.856930e-002  9.819707e-001
    outer loop
      vertex -5.802300e+002 -4.283805e+000  1.250000e+002
      vertex -5.818300e+002 -1.196023e+001  1.250000e+002
      vertex -5.766714e+002 -6.589879e+000  1.242388e+002
    endloop
  endfacet
  facet normal  1.766682e-001 -7.507353e-002  9.814032e-001
    outer loop
      vertex -5.818300e+002 -1.196023e+001  1.250000e+002
      vertex -5.848967e+002 -1.917702e+001  1.250000e+002
      vertex -5.784740e+002 -1.401369e+001  1.242388e+002
    endloop
  endfacet
  facet normal  1.586278e-001 -1.080991e-001  9.814030e-001
    outer loop
      vertex -5.848967e+002 -1.917702e+001  1.250000e+002
      vertex -5.893124e+002 -2.565685e+001  1.250000e+002
      vertex -5.857713e+002 -2.737129e+001  1.242388e+002
    endloop
  endfacet
  facet normal  1.324401e-001 -1.348806e-001  9.819710e-001
    outer loop
      vertex -5.893124e+002 -2.565685e+001  1.250000e+002
      vertex -5.949075e+002 -3.115071e+001  1.250000e+002
      vertex -5.910443e+002 -3.289921e+001  1.242388e+002
    endloop
  endfacet
  facet normal  1.025389e-001 -1.565336e-001  9.823354e-001
    outer loop
      vertex -5.949075e+002 -3.115071e+001  1.250000e+002
      vertex -6.014669e+002 -3.544746e+001  1.250000e+002
      vertex -5.971971e+002 -3.742750e+001  1.242388e+002
    endloop
  endfacet
  facet normal  6.967945e-002 -1.726608e-001  9.825137e-001
    outer loop
      vertex -6.014669e+002 -3.544746e+001  1.250000e+002
      vertex -6.087384e+002 -3.838198e+001  1.250000e+002
      vertex -6.040427e+002 -4.081858e+001  1.242388e+002
    endloop
  endfacet
  facet normal  3.465594e-002 -1.829370e-001  9.825135e-001
    outer loop
      vertex -6.087384e+002 -3.838198e+001  1.250000e+002
      vertex -6.164427e+002 -3.984151e+001  1.250000e+002
      vertex -6.113732e+002 -4.296941e+001  1.242388e+002
    endloop
  endfacet
  facet normal -1.707718e-003 -1.871205e-001  9.823354e-001
    outer loop
      vertex -6.164427e+002 -3.984151e+001  1.250000e+002
      vertex -6.242838e+002 -3.976995e+001  1.250000e+002
      vertex -6.189658e+002 -4.381463e+001  1.242388e+002
    endloop
  endfacet
  facet normal -3.856878e-002 -1.850552e-001  9.819710e-001
    outer loop
      vertex -6.242838e+002 -3.976995e+001  1.250000e+002
      vertex -6.319602e+002 -3.817006e+001  1.250000e+002
      vertex -6.265899e+002 -4.332857e+001  1.242388e+002
    endloop
  endfacet
  facet normal -7.854076e-002 -1.793648e-001  9.806424e-001
    outer loop
      vertex -6.391770e+002 -3.510330e+001  1.250000e+002
      vertex -6.410117e+002 -3.846167e+001  1.242388e+002
      vertex -6.340137e+002 -4.152599e+001  1.242388e+002
    endloop
  endfacet
  facet normal -2.234338e-001 -5.102596e-001  8.304892e-001
    outer loop
      vertex -6.340137e+002 -4.152599e+001  1.242388e+002
      vertex -6.410117e+002 -3.846167e+001  1.242388e+002
      vertex -6.425671e+002 -4.130875e+001  1.220711e+002
    endloop
  endfacet
  facet normal -2.234340e-001 -5.102587e-001  8.304898e-001
    outer loop
      vertex -6.340137e+002 -4.152599e+001  1.242388e+002
      vertex -6.425671e+002 -4.130875e+001  1.220711e+002
      vertex -6.350510e+002 -4.459991e+001  1.220711e+002
    endloop
  endfacet
  facet normal -3.339060e-001 -7.625449e-001  5.541047e-001
    outer loop
      vertex -6.350510e+002 -4.459991e+001  1.220711e+002
      vertex -6.425671e+002 -4.130875e+001  1.220711e+002
      vertex -6.436063e+002 -4.321111e+001  1.188268e+002
    endloop
  endfacet
  facet normal -3.339070e-001 -7.625412e-001  5.541092e-001
    outer loop
      vertex -6.350510e+002 -4.459991e+001  1.220711e+002
      vertex -6.436063e+002 -4.321111e+001  1.188268e+002
      vertex -6.357442e+002 -4.665383e+001  1.188268e+002
    endloop
  endfacet
  facet normal -3.934661e-001 -8.985560e-001  1.943745e-001
    outer loop
      vertex -6.357442e+002 -4.665383e+001  1.188268e+002
      vertex -6.436063e+002 -4.321111e+001  1.188268e+002
      vertex -6.439713e+002 -4.387913e+001  1.150000e+002
    endloop
  endfacet
  facet normal -3.934649e-001 -8.985574e-001  1.943708e-001
    outer loop
      vertex -6.357442e+002 -4.665383e+001  1.188268e+002
      vertex -6.439713e+002 -4.387913e+001  1.150000e+002
      vertex -6.359875e+002 -4.737507e+001  1.150000e+002
    endloop
  endfacet
  facet normal  1.084944e-001  1.630008e-001  9.806426e-001
    outer loop
      vertex -6.008230e+002  3.510330e+001  1.250000e+002
      vertex -5.926287e+002  3.422870e+001  1.242388e+002
      vertex -5.989883e+002  3.846167e+001  1.242388e+002
    endloop
  endfacet
  facet normal  3.086469e-001  4.637077e-001  8.304891e-001
    outer loop
      vertex -5.989883e+002  3.846167e+001  1.242388e+002
      vertex -5.926287e+002  3.422870e+001  1.242388e+002
      vertex -5.906026e+002  3.676244e+001  1.220711e+002
    endloop
  endfacet
  facet normal  3.086469e-001  4.637078e-001  8.304892e-001
    outer loop
      vertex -5.989883e+002  3.846167e+001  1.242388e+002
      vertex -5.906026e+002  3.676244e+001  1.220711e+002
      vertex -5.974329e+002  4.130875e+001  1.220711e+002
    endloop
  endfacet
  facet normal  4.612489e-001  6.929755e-001  5.541068e-001
    outer loop
      vertex -5.974329e+002  4.130875e+001  1.220711e+002
      vertex -5.906026e+002  3.676244e+001  1.220711e+002
      vertex -5.892488e+002  3.845544e+001  1.188268e+002
    endloop
  endfacet
  facet normal  4.612487e-001  6.929777e-001  5.541043e-001
    outer loop
      vertex -5.974329e+002  4.130875e+001  1.220711e+002
      vertex -5.892488e+002  3.845544e+001  1.188268e+002
      vertex -5.963937e+002  4.321111e+001  1.188268e+002
    endloop
  endfacet
  facet normal  5.435194e-001  8.165808e-001  1.943771e-001
    outer loop
      vertex -5.963937e+002  4.321111e+001  1.188268e+002
      vertex -5.892488e+002  3.845544e+001  1.188268e+002
      vertex -5.887734e+002  3.904994e+001  1.150000e+002
    endloop
  endfacet
  facet normal  5.435186e-001  8.165820e-001  1.943741e-001
    outer loop
      vertex -5.963937e+002  4.321111e+001  1.188268e+002
      vertex -5.887734e+002  3.904994e+001  1.150000e+002
      vertex -5.960287e+002  4.387913e+001  1.150000e+002
    endloop
  endfacet
  facet normal  1.374586e-001  1.441052e-001  9.799688e-001
    outer loop
      vertex -5.943431e+002  3.068755e+001  1.250000e+002
      vertex -5.871008e+002  2.895572e+001  1.242388e+002
      vertex -5.926287e+002  3.422870e+001  1.242388e+002
    endloop
  endfacet
  facet normal  3.844790e-001  4.030700e-001  8.304881e-001
    outer loop
      vertex -5.926287e+002  3.422870e+001  1.242388e+002
      vertex -5.871008e+002  2.895572e+001  1.242388e+002
      vertex -5.846655e+002  3.109913e+001  1.220711e+002
    endloop
  endfacet
  facet normal  3.844786e-001  4.030683e-001  8.304890e-001
    outer loop
      vertex -5.926287e+002  3.422870e+001  1.242388e+002
      vertex -5.846655e+002  3.109913e+001  1.220711e+002
      vertex -5.906026e+002  3.676244e+001  1.220711e+002
    endloop
  endfacet
  facet normal  5.745724e-001  6.023531e-001  5.541093e-001
    outer loop
      vertex -5.906026e+002  3.676244e+001  1.220711e+002
      vertex -5.846655e+002  3.109913e+001  1.220711e+002
      vertex -5.830382e+002  3.253132e+001  1.188268e+002
    endloop
  endfacet
  facet normal  5.745725e-001  6.023552e-001  5.541070e-001
    outer loop
      vertex -5.906026e+002  3.676244e+001  1.220711e+002
      vertex -5.830382e+002  3.253132e+001  1.188268e+002
      vertex -5.892488e+002  3.845544e+001  1.188268e+002
    endloop
  endfacet
  facet normal  6.770578e-001  7.097961e-001  1.943760e-001
    outer loop
      vertex -5.892488e+002  3.845544e+001  1.188268e+002
      vertex -5.830382e+002  3.253132e+001  1.188268e+002
      vertex -5.824668e+002  3.303423e+001  1.150000e+002
    endloop
  endfacet
  facet normal  6.770582e-001  7.097956e-001  1.943773e-001
    outer loop
      vertex -5.892488e+002  3.845544e+001  1.188268e+002
      vertex -5.824668e+002  3.303423e+001  1.150000e+002
      vertex -5.887734e+002  3.904994e+001  1.150000e+002
    endloop
  endfacet
  facet normal  1.623734e-001  1.195017e-001  9.794663e-001
    outer loop
      vertex -5.888493e+002  2.509249e+001  1.250000e+002
      vertex -5.825725e+002  2.280293e+001  1.242388e+002
      vertex -5.871008e+002  2.895572e+001  1.242388e+002
    endloop
  endfacet
  facet normal  4.486277e-001  3.301758e-001  8.304920e-001
    outer loop
      vertex -5.871008e+002  2.895572e+001  1.242388e+002
      vertex -5.825725e+002  2.280293e+001  1.242388e+002
      vertex -5.798019e+002  2.449089e+001  1.220711e+002
    endloop
  endfacet
  facet normal  4.486305e-001  3.301824e-001  8.304880e-001
    outer loop
      vertex -5.871008e+002  2.895572e+001  1.242388e+002
      vertex -5.798019e+002  2.449089e+001  1.220711e+002
      vertex -5.846655e+002  3.109913e+001  1.220711e+002
    endloop
  endfacet
  facet normal  6.704428e-001  4.934315e-001  5.541044e-001
    outer loop
      vertex -5.846655e+002  3.109913e+001  1.220711e+002
      vertex -5.798019e+002  2.449089e+001  1.220711e+002
      vertex -5.779507e+002  2.561875e+001  1.188268e+002
    endloop
  endfacet
  facet normal  6.704417e-001  4.934269e-001  5.541098e-001
    outer loop
      vertex -5.846655e+002  3.109913e+001  1.220711e+002
      vertex -5.779507e+002  2.561875e+001  1.188268e+002
      vertex -5.830382e+002  3.253132e+001  1.188268e+002
    endloop
  endfacet
  facet normal  7.900300e-001  5.814406e-001  1.943692e-001
    outer loop
      vertex -5.830382e+002  3.253132e+001  1.188268e+002
      vertex -5.779507e+002  2.561875e+001  1.188268e+002
      vertex -5.773007e+002  2.601480e+001  1.150000e+002
    endloop
  endfacet
  facet normal  7.900308e-001  5.814373e-001  1.943761e-001
    outer loop
      vertex -5.830382e+002  3.253132e+001  1.188268e+002
      vertex -5.773007e+002  2.601480e+001  1.150000e+002
      vertex -5.824668e+002  3.303423e+001  1.150000e+002
    endloop
  endfacet
  facet normal  1.820055e-001  9.015970e-002  9.791554e-001
    outer loop
      vertex -5.845526e+002  1.853315e+001  1.250000e+002
      vertex -5.791814e+002  1.595728e+001  1.242388e+002
      vertex -5.825725e+002  2.280293e+001  1.242388e+002
    endloop
  endfacet
  facet normal  4.991486e-001  2.472623e-001  8.304890e-001
    outer loop
      vertex -5.825725e+002  2.280293e+001  1.242388e+002
      vertex -5.791814e+002  1.595728e+001  1.242388e+002
      vertex -5.761599e+002  1.713850e+001  1.220711e+002
    endloop
  endfacet
  facet normal  4.991456e-001  2.472576e-001  8.304923e-001
    outer loop
      vertex -5.825725e+002  2.280293e+001  1.242388e+002
      vertex -5.761599e+002  1.713850e+001  1.220711e+002
      vertex -5.798019e+002  2.449089e+001  1.220711e+002
    endloop
  endfacet
  facet normal  7.459425e-001  3.695113e-001  5.541039e-001
    outer loop
      vertex -5.798019e+002  2.449089e+001  1.220711e+002
      vertex -5.761599e+002  1.713850e+001  1.220711e+002
      vertex -5.741409e+002  1.792777e+001  1.188268e+002
    endloop
  endfacet
  facet normal  7.459425e-001  3.695110e-001  5.541043e-001
    outer loop
      vertex -5.798019e+002  2.449089e+001  1.220711e+002
      vertex -5.741409e+002  1.792777e+001  1.188268e+002
      vertex -5.779507e+002  2.561875e+001  1.188268e+002
    endloop
  endfacet
  facet normal  8.789940e-001  4.354196e-001  1.943687e-001
    outer loop
      vertex -5.779507e+002  2.561875e+001  1.188268e+002
      vertex -5.741409e+002  1.792777e+001  1.188268e+002
      vertex -5.734320e+002  1.820492e+001  1.150000e+002
    endloop
  endfacet
  facet normal  8.789940e-001  4.354197e-001  1.943685e-001
    outer loop
      vertex -5.779507e+002  2.561875e+001  1.188268e+002
      vertex -5.734320e+002  1.820492e+001  1.150000e+002
      vertex -5.773007e+002  2.601480e+001  1.150000e+002
    endloop
  endfacet
  facet normal  1.953811e-001  5.732612e-002  9.790506e-001
    outer loop
      vertex -5.816180e+002  1.126158e+001  1.250000e+002
      vertex -5.770306e+002  8.626783e+000  1.242388e+002
      vertex -5.791814e+002  1.595728e+001  1.242388e+002
    endloop
  endfacet
  facet normal  5.345064e-001  1.568278e-001  8.304867e-001
    outer loop
      vertex -5.791814e+002  1.595728e+001  1.242388e+002
      vertex -5.770306e+002  8.626783e+000  1.242388e+002
      vertex -5.738499e+002  9.265371e+000  1.220711e+002
    endloop
  endfacet
  facet normal  5.345036e-001  1.568248e-001  8.304890e-001
    outer loop
      vertex -5.791814e+002  1.595728e+001  1.242388e+002
      vertex -5.738499e+002  9.265371e+000  1.220711e+002
      vertex -5.761599e+002  1.713850e+001  1.220711e+002
    endloop
  endfacet
  facet normal  7.987691e-001  2.343610e-001  5.541146e-001
    outer loop
      vertex -5.761599e+002  1.713850e+001  1.220711e+002
      vertex -5.738499e+002  9.265371e+000  1.220711e+002
      vertex -5.717245e+002  9.692062e+000  1.188268e+002
    endloop
  endfacet
  facet normal  7.987742e-001  2.343688e-001  5.541038e-001
    outer loop
      vertex -5.761599e+002  1.713850e+001  1.220711e+002
      vertex -5.717245e+002  9.692062e+000  1.188268e+002
      vertex -5.741409e+002  1.792777e+001  1.188268e+002
    endloop
  endfacet
  facet normal  9.412492e-001  2.761724e-001  1.943675e-001
    outer loop
      vertex -5.741409e+002  1.792777e+001  1.188268e+002
      vertex -5.717245e+002  9.692062e+000  1.188268e+002
      vertex -5.709782e+002  9.841896e+000  1.150000e+002
    endloop
  endfacet
  facet normal  9.412491e-001  2.761720e-001  1.943682e-001
    outer loop
      vertex -5.741409e+002  1.792777e+001  1.188268e+002
      vertex -5.709782e+002  9.841896e+000  1.150000e+002
      vertex -5.734320e+002  1.820492e+001  1.150000e+002
    endloop
  endfacet
  facet normal  2.018649e-001  2.247172e-002  9.791556e-001
    outer loop
      vertex -5.801585e+002  3.557239e+000  1.250000e+002
      vertex -5.761854e+002  1.034164e+000  1.242388e+002
      vertex -5.770306e+002  8.626783e+000  1.242388e+002
    endloop
  endfacet
  facet normal  5.536126e-001  6.162847e-002  8.304909e-001
    outer loop
      vertex -5.770306e+002  8.626783e+000  1.242388e+002
      vertex -5.761854e+002  1.034164e+000  1.242388e+002
      vertex -5.729420e+002  1.110716e+000  1.220711e+002
    endloop
  endfacet
  facet normal  5.536185e-001  6.163294e-002  8.304867e-001
    outer loop
      vertex -5.770306e+002  8.626783e+000  1.242388e+002
      vertex -5.729420e+002  1.110716e+000  1.220711e+002
      vertex -5.738499e+002  9.265371e+000  1.220711e+002
    endloop
  endfacet
  facet normal  8.273361e-001  9.210522e-002  5.541043e-001
    outer loop
      vertex -5.738499e+002  9.265371e+000  1.220711e+002
      vertex -5.729420e+002  1.110716e+000  1.220711e+002
      vertex -5.707749e+002  1.161867e+000  1.188268e+002
    endloop
  endfacet
  facet normal  8.273299e-001  9.209872e-002  5.541147e-001
    outer loop
      vertex -5.738499e+002  9.265371e+000  1.220711e+002
      vertex -5.707749e+002  1.161867e+000  1.188268e+002
      vertex -5.717245e+002  9.692062e+000  1.188268e+002
    endloop
  endfacet
  facet normal  9.749054e-001  1.085269e-001  1.943745e-001
    outer loop
      vertex -5.717245e+002  9.692062e+000  1.188268e+002
      vertex -5.707749e+002  1.161867e+000  1.188268e+002
      vertex -5.700139e+002  1.179829e+000  1.150000e+002
    endloop
  endfacet
  facet normal  9.749063e-001  1.085303e-001  1.943673e-001
    outer loop
      vertex -5.717245e+002  9.692062e+000  1.188268e+002
      vertex -5.700139e+002  1.179829e+000  1.150000e+002
      vertex -5.709782e+002  9.841896e+000  1.150000e+002
    endloop
  endfacet
  facet normal  2.012016e-001 -1.282795e-002  9.794658e-001
    outer loop
      vertex -5.802300e+002 -4.283805e+000  1.250000e+002
      vertex -5.766714e+002 -6.589879e+000  1.242388e+002
      vertex -5.761854e+002  1.034164e+000  1.242388e+002
    endloop
  endfacet
  facet normal  5.559071e-001 -3.544281e-002  8.304884e-001
    outer loop
      vertex -5.761854e+002  1.034164e+000  1.242388e+002
      vertex -5.766714e+002 -6.589879e+000  1.242388e+002
      vertex -5.734641e+002 -7.077687e+000  1.220711e+002
    endloop
  endfacet
  facet normal  5.559037e-001 -3.544456e-002  8.304908e-001
    outer loop
      vertex -5.761854e+002  1.034164e+000  1.242388e+002
      vertex -5.734641e+002 -7.077687e+000  1.220711e+002
      vertex -5.729420e+002  1.110716e+000  1.220711e+002
    endloop
  endfacet
  facet normal  8.307536e-001 -5.296906e-002  5.541144e-001
    outer loop
      vertex -5.729420e+002  1.110716e+000  1.220711e+002
      vertex -5.734641e+002 -7.077687e+000  1.220711e+002
      vertex -5.713210e+002 -7.403630e+000  1.188268e+002
    endloop
  endfacet
  facet normal  8.307605e-001 -5.296400e-002  5.541046e-001
    outer loop
      vertex -5.729420e+002  1.110716e+000  1.220711e+002
      vertex -5.713210e+002 -7.403630e+000  1.188268e+002
      vertex -5.707749e+002  1.161867e+000  1.188268e+002
    endloop
  endfacet
  facet normal  9.789391e-001 -6.241092e-002  1.943792e-001
    outer loop
      vertex -5.707749e+002  1.161867e+000  1.188268e+002
      vertex -5.713210e+002 -7.403630e+000  1.188268e+002
      vertex -5.705684e+002 -7.518086e+000  1.150000e+002
    endloop
  endfacet
  facet normal  9.789402e-001 -6.240881e-002  1.943744e-001
    outer loop
      vertex -5.707749e+002  1.161867e+000  1.188268e+002
      vertex -5.705684e+002 -7.518086e+000  1.150000e+002
      vertex -5.700139e+002  1.179829e+000  1.150000e+002
    endloop
  endfacet
  facet normal  1.935270e-001 -4.698965e-002  9.799691e-001
    outer loop
      vertex -5.818300e+002 -1.196023e+001  1.250000e+002
      vertex -5.784740e+002 -1.401369e+001  1.242388e+002
      vertex -5.766714e+002 -6.589879e+000  1.242388e+002
    endloop
  endfacet
  facet normal  5.413068e-001 -1.314329e-001  8.304892e-001
    outer loop
      vertex -5.766714e+002 -6.589879e+000  1.242388e+002
      vertex -5.784740e+002 -1.401369e+001  1.242388e+002
      vertex -5.754001e+002 -1.505104e+001  1.220711e+002
    endloop
  endfacet
  facet normal  5.413079e-001 -1.314325e-001  8.304885e-001
    outer loop
      vertex -5.766714e+002 -6.589879e+000  1.242388e+002
      vertex -5.754001e+002 -1.505104e+001  1.220711e+002
      vertex -5.734641e+002 -7.077687e+000  1.220711e+002
    endloop
  endfacet
  facet normal  8.089455e-001 -1.964165e-001  5.541007e-001
    outer loop
      vertex -5.734641e+002 -7.077687e+000  1.220711e+002
      vertex -5.754001e+002 -1.505104e+001  1.220711e+002
      vertex -5.733462e+002 -1.574417e+001  1.188268e+002
    endloop
  endfacet
  facet normal  8.089353e-001 -1.964215e-001  5.541138e-001
    outer loop
      vertex -5.734641e+002 -7.077687e+000  1.220711e+002
      vertex -5.733462e+002 -1.574417e+001  1.188268e+002
      vertex -5.713210e+002 -7.403630e+000  1.188268e+002
    endloop
  endfacet
  facet normal  9.532283e-001 -2.314580e-001  1.943784e-001
    outer loop
      vertex -5.713210e+002 -7.403630e+000  1.188268e+002
      vertex -5.733462e+002 -1.574417e+001  1.188268e+002
      vertex -5.726249e+002 -1.598757e+001  1.150000e+002
    endloop
  endfacet
  facet normal  9.532281e-001 -2.314582e-001  1.943790e-001
    outer loop
      vertex -5.713210e+002 -7.403630e+000  1.188268e+002
      vertex -5.726249e+002 -1.598757e+001  1.150000e+002
      vertex -5.705684e+002 -7.518086e+000  1.150000e+002
    endloop
  endfacet
  facet normal  1.793663e-001 -7.854197e-002  9.806420e-001
    outer loop
      vertex -5.848967e+002 -1.917702e+001  1.250000e+002
      vertex -5.815383e+002 -2.101170e+001  1.242388e+002
      vertex -5.784740e+002 -1.401369e+001  1.242388e+002
    endloop
  endfacet
  facet normal  5.102563e-001 -2.234340e-001  8.304913e-001
    outer loop
      vertex -5.784740e+002 -1.401369e+001  1.242388e+002
      vertex -5.815383e+002 -2.101170e+001  1.242388e+002
      vertex -5.786912e+002 -2.256707e+001  1.220711e+002
    endloop
  endfacet
  facet normal  5.102595e-001 -2.234336e-001  8.304893e-001
    outer loop
      vertex -5.784740e+002 -1.401369e+001  1.242388e+002
      vertex -5.786912e+002 -2.256707e+001  1.220711e+002
      vertex -5.754001e+002 -1.505104e+001  1.220711e+002
    endloop
  endfacet
  facet normal  7.625459e-001 -3.339053e-001  5.541036e-001
    outer loop
      vertex -5.754001e+002 -1.505104e+001  1.220711e+002
      vertex -5.786912e+002 -2.256707e+001  1.220711e+002
      vertex -5.767889e+002 -2.360634e+001  1.188268e+002
    endloop
  endfacet
  facet normal  7.625479e-001 -3.339048e-001  5.541013e-001
    outer loop
      vertex -5.754001e+002 -1.505104e+001  1.220711e+002
      vertex -5.767889e+002 -2.360634e+001  1.188268e+002
      vertex -5.733462e+002 -1.574417e+001  1.188268e+002
    endloop
  endfacet
  facet normal  8.985576e-001 -3.934608e-001  1.943781e-001
    outer loop
      vertex -5.733462e+002 -1.574417e+001  1.188268e+002
      vertex -5.767889e+002 -2.360634e+001  1.188268e+002
      vertex -5.761208e+002 -2.397128e+001  1.150000e+002
    endloop
  endfacet
  facet normal  8.985575e-001 -3.934609e-001  1.943783e-001
    outer loop
      vertex -5.733462e+002 -1.574417e+001  1.188268e+002
      vertex -5.761208e+002 -2.397128e+001  1.150000e+002
      vertex -5.726249e+002 -1.598757e+001  1.150000e+002
    endloop
  endfacet
  facet normal  1.630026e-001 -1.084954e-001  9.806422e-001
    outer loop
      vertex -5.848967e+002 -1.917702e+001  1.250000e+002
      vertex -5.857713e+002 -2.737129e+001  1.242388e+002
      vertex -5.815383e+002 -2.101170e+001  1.242388e+002
    endloop
  endfacet
  facet normal  4.637067e-001 -3.086455e-001  8.304902e-001
    outer loop
      vertex -5.815383e+002 -2.101170e+001  1.242388e+002
      vertex -5.857713e+002 -2.737129e+001  1.242388e+002
      vertex -5.832375e+002 -2.939742e+001  1.220711e+002
    endloop
  endfacet
  facet normal  4.637053e-001 -3.086455e-001  8.304911e-001
    outer loop
      vertex -5.815383e+002 -2.101170e+001  1.242388e+002
      vertex -5.832375e+002 -2.939742e+001  1.220711e+002
      vertex -5.786912e+002 -2.256707e+001  1.220711e+002
    endloop
  endfacet
  facet normal  6.929755e-001 -4.612494e-001  5.541062e-001
    outer loop
      vertex -5.786912e+002 -2.256707e+001  1.220711e+002
      vertex -5.832375e+002 -2.939742e+001  1.220711e+002
      vertex -5.815446e+002 -3.075123e+001  1.188268e+002
    endloop
  endfacet
  facet normal  6.929776e-001 -4.612492e-001  5.541039e-001
    outer loop
      vertex -5.786912e+002 -2.256707e+001  1.220711e+002
      vertex -5.815446e+002 -3.075123e+001  1.188268e+002
      vertex -5.767889e+002 -2.360634e+001  1.188268e+002
    endloop
  endfacet
  facet normal  8.165813e-001 -5.435204e-001  1.943724e-001
    outer loop
      vertex -5.767889e+002 -2.360634e+001  1.188268e+002
      vertex -5.815446e+002 -3.075123e+001  1.188268e+002
      vertex -5.809501e+002 -3.122663e+001  1.150000e+002
    endloop
  endfacet
  facet normal  8.165789e-001 -5.435218e-001  1.943779e-001
    outer loop
      vertex -5.767889e+002 -2.360634e+001  1.188268e+002
      vertex -5.809501e+002 -3.122663e+001  1.150000e+002
      vertex -5.761208e+002 -2.397128e+001  1.150000e+002
    endloop
  endfacet
  facet normal  1.441047e-001 -1.374595e-001  9.799687e-001
    outer loop
      vertex -5.893124e+002 -2.565685e+001  1.250000e+002
      vertex -5.910443e+002 -3.289921e+001  1.242388e+002
      vertex -5.857713e+002 -2.737129e+001  1.242388e+002
    endloop
  endfacet
  facet normal  4.030655e-001 -3.844788e-001  8.304905e-001
    outer loop
      vertex -5.857713e+002 -2.737129e+001  1.242388e+002
      vertex -5.910443e+002 -3.289921e+001  1.242388e+002
      vertex -5.889009e+002 -3.533453e+001  1.220711e+002
    endloop
  endfacet
  facet normal  4.030660e-001 -3.844788e-001  8.304901e-001
    outer loop
      vertex -5.857713e+002 -2.737129e+001  1.242388e+002
      vertex -5.889009e+002 -3.533453e+001  1.220711e+002
      vertex -5.832375e+002 -2.939742e+001  1.220711e+002
    endloop
  endfacet
  facet normal  6.023524e-001 -5.745752e-001  5.541072e-001
    outer loop
      vertex -5.832375e+002 -2.939742e+001  1.220711e+002
      vertex -5.889009e+002 -3.533453e+001  1.220711e+002
      vertex -5.874687e+002 -3.696177e+001  1.188268e+002
    endloop
  endfacet
  facet normal  6.023533e-001 -5.745754e-001  5.541061e-001
    outer loop
      vertex -5.832375e+002 -2.939742e+001  1.220711e+002
      vertex -5.874687e+002 -3.696177e+001  1.188268e+002
      vertex -5.815446e+002 -3.075123e+001  1.188268e+002
    endloop
  endfacet
  facet normal  7.097931e-001 -6.770604e-001  1.943782e-001
    outer loop
      vertex -5.815446e+002 -3.075123e+001  1.188268e+002
      vertex -5.874687e+002 -3.696177e+001  1.188268e+002
      vertex -5.869658e+002 -3.753318e+001  1.150000e+002
    endloop
  endfacet
  facet normal  7.097956e-001 -6.770595e-001  1.943729e-001
    outer loop
      vertex -5.815446e+002 -3.075123e+001  1.188268e+002
      vertex -5.869658e+002 -3.753318e+001  1.150000e+002
      vertex -5.809501e+002 -3.122663e+001  1.150000e+002
    endloop
  endfacet
  facet normal  1.195031e-001 -1.623736e-001  9.794661e-001
    outer loop
      vertex -5.949075e+002 -3.115071e+001  1.250000e+002
      vertex -5.971971e+002 -3.742750e+001  1.242388e+002
      vertex -5.910443e+002 -3.289921e+001  1.242388e+002
    endloop
  endfacet
  facet normal  3.301793e-001 -4.486276e-001  8.304908e-001
    outer loop
      vertex -5.910443e+002 -3.289921e+001  1.242388e+002
      vertex -5.971971e+002 -3.742750e+001  1.242388e+002
      vertex -5.955091e+002 -4.019803e+001  1.220711e+002
    endloop
  endfacet
  facet normal  3.301801e-001 -4.486279e-001  8.304902e-001
    outer loop
      vertex -5.910443e+002 -3.289921e+001  1.242388e+002
      vertex -5.955091e+002 -4.019803e+001  1.220711e+002
      vertex -5.889009e+002 -3.533453e+001  1.220711e+002
    endloop
  endfacet
  facet normal  4.934301e-001 -6.704417e-001  5.541069e-001
    outer loop
      vertex -5.889009e+002 -3.533453e+001  1.220711e+002
      vertex -5.955091e+002 -4.019803e+001  1.220711e+002
      vertex -5.943812e+002 -4.204924e+001  1.188268e+002
    endloop
  endfacet
  facet normal  4.934300e-001 -6.704417e-001  5.541071e-001
    outer loop
      vertex -5.889009e+002 -3.533453e+001  1.220711e+002
      vertex -5.943812e+002 -4.204924e+001  1.188268e+002
      vertex -5.874687e+002 -3.696177e+001  1.188268e+002
    endloop
  endfacet
  facet normal  5.814421e-001 -7.900271e-001  1.943769e-001
    outer loop
      vertex -5.874687e+002 -3.696177e+001  1.188268e+002
      vertex -5.943812e+002 -4.204924e+001  1.188268e+002
      vertex -5.939852e+002 -4.269930e+001  1.150000e+002
    endloop
  endfacet
  facet normal  5.814416e-001 -7.900271e-001  1.943777e-001
    outer loop
      vertex -5.874687e+002 -3.696177e+001  1.188268e+002
      vertex -5.939852e+002 -4.269930e+001  1.150000e+002
      vertex -5.869658e+002 -3.753318e+001  1.150000e+002
    endloop
  endfacet
  facet normal  9.015931e-002 -1.820065e-001  9.791552e-001
    outer loop
      vertex -6.014669e+002 -3.544746e+001  1.250000e+002
      vertex -6.040427e+002 -4.081858e+001  1.242388e+002
      vertex -5.971971e+002 -3.742750e+001  1.242388e+002
    endloop
  endfacet
  facet normal  2.472602e-001 -4.991494e-001  8.304891e-001
    outer loop
      vertex -5.971971e+002 -3.742750e+001  1.242388e+002
      vertex -6.040427e+002 -4.081858e+001  1.242388e+002
      vertex -6.028615e+002 -4.384013e+001  1.220711e+002
    endloop
  endfacet
  facet normal  2.472583e-001 -4.991482e-001  8.304905e-001
    outer loop
      vertex -5.971971e+002 -3.742750e+001  1.242388e+002
      vertex -6.028615e+002 -4.384013e+001  1.220711e+002
      vertex -5.955091e+002 -4.019803e+001  1.220711e+002
    endloop
  endfacet
  facet normal  3.695090e-001 -7.459394e-001  5.541096e-001
    outer loop
      vertex -5.955091e+002 -4.019803e+001  1.220711e+002
      vertex -6.028615e+002 -4.384013e+001  1.220711e+002
      vertex -6.020722e+002 -4.585907e+001  1.188268e+002
    endloop
  endfacet
  facet normal  3.695112e-001 -7.459404e-001  5.541067e-001
    outer loop
      vertex -5.955091e+002 -4.019803e+001  1.220711e+002
      vertex -6.020722e+002 -4.585907e+001  1.188268e+002
      vertex -5.943812e+002 -4.204924e+001  1.188268e+002
    endloop
  endfacet
  facet normal  4.354207e-001 -8.789932e-001  1.943705e-001
    outer loop
      vertex -5.943812e+002 -4.204924e+001  1.188268e+002
      vertex -6.020722e+002 -4.585907e+001  1.188268e+002
      vertex -6.017951e+002 -4.656802e+001  1.150000e+002
    endloop
  endfacet
  facet normal  4.354175e-001 -8.789933e-001  1.943767e-001
    outer loop
      vertex -5.943812e+002 -4.204924e+001  1.188268e+002
      vertex -6.017951e+002 -4.656802e+001  1.150000e+002
      vertex -5.939852e+002 -4.269930e+001  1.150000e+002
    endloop
  endfacet
  facet normal  5.732703e-002 -1.953836e-001  9.790500e-001
    outer loop
      vertex -6.087384e+002 -3.838198e+001  1.250000e+002
      vertex -6.113732e+002 -4.296941e+001  1.242388e+002
      vertex -6.040427e+002 -4.081858e+001  1.242388e+002
    endloop
  endfacet
  facet normal  1.568266e-001 -5.345010e-001  8.304902e-001
    outer loop
      vertex -6.040427e+002 -4.081858e+001  1.242388e+002
      vertex -6.113732e+002 -4.296941e+001  1.242388e+002
      vertex -6.107346e+002 -4.615017e+001  1.220711e+002
    endloop
  endfacet
  facet normal  1.568279e-001 -5.345023e-001  8.304893e-001
    outer loop
      vertex -6.040427e+002 -4.081858e+001  1.242388e+002
      vertex -6.107346e+002 -4.615017e+001  1.220711e+002
      vertex -6.028615e+002 -4.384013e+001  1.220711e+002
    endloop
  endfacet
  facet normal  2.343674e-001 -7.987729e-001  5.541062e-001
    outer loop
      vertex -6.028615e+002 -4.384013e+001  1.220711e+002
      vertex -6.107346e+002 -4.615017e+001  1.220711e+002
      vertex -6.103079e+002 -4.827549e+001  1.188268e+002
    endloop
  endfacet
  facet normal  2.343659e-001 -7.987719e-001  5.541083e-001
    outer loop
      vertex -6.028615e+002 -4.384013e+001  1.220711e+002
      vertex -6.103079e+002 -4.827549e+001  1.188268e+002
      vertex -6.020722e+002 -4.585907e+001  1.188268e+002
    endloop
  endfacet
  facet normal  2.761696e-001 -9.412482e-001  1.943762e-001
    outer loop
      vertex -6.020722e+002 -4.585907e+001  1.188268e+002
      vertex -6.103079e+002 -4.827549e+001  1.188268e+002
      vertex -6.101581e+002 -4.902180e+001  1.150000e+002
    endloop
  endfacet
  facet normal  2.761713e-001 -9.412484e-001  1.943727e-001
    outer loop
      vertex -6.020722e+002 -4.585907e+001  1.188268e+002
      vertex -6.101581e+002 -4.902180e+001  1.150000e+002
      vertex -6.017951e+002 -4.656802e+001  1.150000e+002
    endloop
  endfacet
  facet normal  2.247227e-002 -2.018663e-001  9.791553e-001
    outer loop
      vertex -6.164427e+002 -3.984151e+001  1.250000e+002
      vertex -6.189658e+002 -4.381463e+001  1.242388e+002
      vertex -6.113732e+002 -4.296941e+001  1.242388e+002
    endloop
  endfacet
  facet normal  6.162981e-002 -5.536149e-001  8.304892e-001
    outer loop
      vertex -6.113732e+002 -4.296941e+001  1.242388e+002
      vertex -6.189658e+002 -4.381463e+001  1.242388e+002
      vertex -6.188893e+002 -4.705796e+001  1.220711e+002
    endloop
  endfacet
  facet normal  6.162898e-002 -5.536138e-001  8.304899e-001
    outer loop
      vertex -6.113732e+002 -4.296941e+001  1.242388e+002
      vertex -6.188893e+002 -4.705796e+001  1.220711e+002
      vertex -6.107346e+002 -4.615017e+001  1.220711e+002
    endloop
  endfacet
  facet normal  9.209999e-002 -8.273352e-001  5.541065e-001
    outer loop
      vertex -6.107346e+002 -4.615017e+001  1.220711e+002
      vertex -6.188893e+002 -4.705796e+001  1.220711e+002
      vertex -6.188381e+002 -4.922509e+001  1.188268e+002
    endloop
  endfacet
  facet normal  9.210026e-002 -8.273355e-001  5.541061e-001
    outer loop
      vertex -6.107346e+002 -4.615017e+001  1.220711e+002
      vertex -6.188381e+002 -4.922509e+001  1.188268e+002
      vertex -6.103079e+002 -4.827549e+001  1.188268e+002
    endloop
  endfacet
  facet normal  1.085279e-001 -9.749052e-001  1.943749e-001
    outer loop
      vertex -6.103079e+002 -4.827549e+001  1.188268e+002
      vertex -6.188381e+002 -4.922509e+001  1.188268e+002
      vertex -6.188202e+002 -4.998608e+001  1.150000e+002
    endloop
  endfacet
  facet normal  1.085275e-001 -9.749051e-001  1.943759e-001
    outer loop
      vertex -6.103079e+002 -4.827549e+001  1.188268e+002
      vertex -6.188202e+002 -4.998608e+001  1.150000e+002
      vertex -6.101581e+002 -4.902180e+001  1.150000e+002
    endloop
  endfacet
  facet normal -1.282732e-002 -2.012007e-001  9.794661e-001
    outer loop
      vertex -6.242838e+002 -3.976995e+001  1.250000e+002
      vertex -6.265899e+002 -4.332857e+001  1.242388e+002
      vertex -6.189658e+002 -4.381463e+001  1.242388e+002
    endloop
  endfacet
  facet normal -3.544113e-002 -5.559055e-001  8.304895e-001
    outer loop
      vertex -6.189658e+002 -4.381463e+001  1.242388e+002
      vertex -6.265899e+002 -4.332857e+001  1.242388e+002
      vertex -6.270777e+002 -4.653592e+001  1.220711e+002
    endloop
  endfacet
  facet normal -3.544102e-002 -5.559059e-001  8.304894e-001
    outer loop
      vertex -6.189658e+002 -4.381463e+001  1.242388e+002
      vertex -6.270777e+002 -4.653592e+001  1.220711e+002
      vertex -6.188893e+002 -4.705796e+001  1.220711e+002
    endloop
  endfacet
  facet normal -5.296395e-002 -8.307595e-001  5.541059e-001
    outer loop
      vertex -6.188893e+002 -4.705796e+001  1.220711e+002
      vertex -6.270777e+002 -4.653592e+001  1.220711e+002
      vertex -6.274036e+002 -4.867900e+001  1.188268e+002
    endloop
  endfacet
  facet normal -5.296431e-002 -8.307590e-001  5.541066e-001
    outer loop
      vertex -6.188893e+002 -4.705796e+001  1.220711e+002
      vertex -6.274036e+002 -4.867900e+001  1.188268e+002
      vertex -6.188381e+002 -4.922509e+001  1.188268e+002
    endloop
  endfacet
  facet normal -6.241144e-002 -9.789396e-001  1.943761e-001
    outer loop
      vertex -6.188381e+002 -4.922509e+001  1.188268e+002
      vertex -6.274036e+002 -4.867900e+001  1.188268e+002
      vertex -6.275181e+002 -4.943155e+001  1.150000e+002
    endloop
  endfacet
  facet normal -6.241121e-002 -9.789397e-001  1.943756e-001
    outer loop
      vertex -6.188381e+002 -4.922509e+001  1.188268e+002
      vertex -6.275181e+002 -4.943155e+001  1.150000e+002
      vertex -6.188202e+002 -4.998608e+001  1.150000e+002
    endloop
  endfacet
  facet normal -4.699077e-002 -1.935276e-001  9.799689e-001
    outer loop
      vertex -6.319602e+002 -3.817006e+001  1.250000e+002
      vertex -6.340137e+002 -4.152599e+001  1.242388e+002
      vertex -6.265899e+002 -4.332857e+001  1.242388e+002
    endloop
  endfacet
  facet normal -1.314353e-001 -5.413054e-001  8.304898e-001
    outer loop
      vertex -6.265899e+002 -4.332857e+001  1.242388e+002
      vertex -6.340137e+002 -4.152599e+001  1.242388e+002
      vertex -6.350510e+002 -4.459991e+001  1.220711e+002
    endloop
  endfacet
  facet normal -1.314351e-001 -5.413061e-001  8.304893e-001
    outer loop
      vertex -6.265899e+002 -4.332857e+001  1.242388e+002
      vertex -6.350510e+002 -4.459991e+001  1.220711e+002
      vertex -6.270777e+002 -4.653592e+001  1.220711e+002
    endloop
  endfacet
  facet normal -1.964196e-001 -8.089399e-001  5.541079e-001
    outer loop
      vertex -6.270777e+002 -4.653592e+001  1.220711e+002
      vertex -6.350510e+002 -4.459991e+001  1.220711e+002
      vertex -6.357442e+002 -4.665383e+001  1.188268e+002
    endloop
  endfacet
  facet normal -1.964186e-001 -8.089418e-001  5.541055e-001
    outer loop
      vertex -6.270777e+002 -4.653592e+001  1.220711e+002
      vertex -6.357442e+002 -4.665383e+001  1.188268e+002
      vertex -6.274036e+002 -4.867900e+001  1.188268e+002
    endloop
  endfacet
  facet normal -2.314533e-001 -9.532306e-001  1.943727e-001
    outer loop
      vertex -6.274036e+002 -4.867900e+001  1.188268e+002
      vertex -6.357442e+002 -4.665383e+001  1.188268e+002
      vertex -6.359875e+002 -4.737507e+001  1.150000e+002
    endloop
  endfacet
  facet normal -2.314543e-001 -9.532298e-001  1.943755e-001
    outer loop
      vertex -6.274036e+002 -4.867900e+001  1.188268e+002
      vertex -6.359875e+002 -4.737507e+001  1.150000e+002
      vertex -6.275181e+002 -4.943155e+001  1.150000e+002
    endloop
  endfacet
  facet normal  0.000000e+000  0.000000e+000  1.000000e+000
    outer loop
      vertex -6.157162e+002  3.976995e+001  1.250000e+002
      vertex -6.235573e+002  3.984151e+001  1.250000e+002
      vertex -6.080398e+002  3.817006e+001  1.250000e+002
    endloop
  endfacet
  facet normal  0.000000e+000  0.000000e+000  1.000000e+000
    outer loop
      vertex -6.080398e+002  3.817006e+001  1.250000e+002
      vertex -6.235573e+002  3.984151e+001  1.250000e+002
      vertex -6.312616e+002  3.838198e+001  1.250000e+002
    endloop
  endfacet
  facet normal  0.000000e+000  0.000000e+000  1.000000e+000
    outer loop
      vertex -6.080398e+002  3.817006e+001  1.250000e+002
      vertex -6.312616e+002  3.838198e+001  1.250000e+002
      vertex -6.008230e+002  3.510330e+001  1.250000e+002
    endloop
  endfacet
  facet normal  0.000000e+000  0.000000e+000  9.999999e-001
    outer loop
      vertex -6.008230e+002  3.510330e+001  1.250000e+002
      vertex -6.312616e+002  3.838198e+001  1.250000e+002
      vertex -6.385331e+002  3.544746e+001  1.250000e+002
    endloop
  endfacet
  facet normal  0.000000e+000  0.000000e+000  1.000000e+000
    outer loop
      vertex -6.008230e+002  3.510330e+001  1.250000e+002
      vertex -6.385331e+002  3.544746e+001  1.250000e+002
      vertex -5.943431e+002  3.068755e+001  1.250000e+002
    endloop
  endfacet
  facet normal  0.000000e+000  0.000000e+000  1.000000e+000
    outer loop
      vertex -5.943431e+002  3.068755e+001  1.250000e+002
      vertex -6.385331e+002  3.544746e+001  1.250000e+002
      vertex -6.450925e+002  3.115071e+001  1.250000e+002
    endloop
  endfacet
  facet normal  0.000000e+000  0.000000e+000  1.000000e+000
    outer loop
      vertex -5.943431e+002  3.068755e+001  1.250000e+002
      vertex -6.450925e+002  3.115071e+001  1.250000e+002
      vertex -5.888493e+002  2.509249e+001  1.250000e+002
    endloop
  endfacet
  facet normal  0.000000e+000  0.000000e+000  9.999999e-001
    outer loop
      vertex -5.888493e+002  2.509249e+001  1.250000e+002
      vertex -6.450925e+002  3.115071e+001  1.250000e+002
      vertex -6.506876e+002  2.565685e+001  1.250000e+002
    endloop
  endfacet
  facet normal  0.000000e+000  0.000000e+000  1.000000e+000
    outer loop
      vertex -5.888493e+002  2.509249e+001  1.250000e+002
      vertex -6.506876e+002  2.565685e+001  1.250000e+002
      vertex -5.845526e+002  1.853315e+001  1.250000e+002
    endloop
  endfacet
  facet normal  0.000000e+000  0.000000e+000  1.000000e+000
    outer loop
      vertex -5.845526e+002  1.853315e+001  1.250000e+002
      vertex -6.506876e+002  2.565685e+001  1.250000e+002
      vertex -6.551033e+002  1.917702e+001  1.250000e+002
    endloop
  endfacet
  facet normal  0.000000e+000  0.000000e+000  1.000000e+000
    outer loop
      vertex -5.845526e+002  1.853315e+001  1.250000e+002
      vertex -6.551033e+002  1.917702e+001  1.250000e+002
      vertex -5.816180e+002  1.126158e+001  1.250000e+002
    endloop
  endfacet
  facet normal  0.000000e+000  0.000000e+000  1.000000e+000
    outer loop
      vertex -5.816180e+002  1.126158e+001  1.250000e+002
      vertex -6.551033e+002  1.917702e+001  1.250000e+002
      vertex -6.581700e+002  1.196023e+001  1.250000e+002
    endloop
  endfacet
  facet normal  0.000000e+000  0.000000e+000  1.000000e+000
    outer loop
      vertex -5.816180e+002  1.126158e+001  1.250000e+002
      vertex -6.581700e+002  1.196023e+001  1.250000e+002
      vertex -5.801585e+002  3.557239e+000  1.250000e+002
    endloop
  endfacet
  facet normal  0.000000e+000  0.000000e+000  1.000000e+000
    outer loop
      vertex -5.801585e+002  3.557239e+000  1.250000e+002
      vertex -6.581700e+002  1.196023e+001  1.250000e+002
      vertex -6.597700e+002  4.283805e+000  1.250000e+002
    endloop
  endfacet
  facet normal  0.000000e+000  0.000000e+000  1.000000e+000
    outer loop
      vertex -5.801585e+002  3.557239e+000  1.250000e+002
      vertex -6.597700e+002  4.283805e+000  1.250000e+002
      vertex -5.802300e+002 -4.283805e+000  1.250000e+002
    endloop
  endfacet
  facet normal  0.000000e+000  0.000000e+000  1.000000e+000
    outer loop
      vertex -5.802300e+002 -4.283805e+000  1.250000e+002
      vertex -6.597700e+002  4.283805e+000  1.250000e+002
      vertex -6.598415e+002 -3.557239e+000  1.250000e+002
    endloop
  endfacet
  facet normal  0.000000e+000  0.000000e+000  1.000000e+000
    outer loop
      vertex -5.802300e+002 -4.283805e+000  1.250000e+002
      vertex -6.598415e+002 -3.557239e+000  1.250000e+002
      vertex -5.818300e+002 -1.196023e+001  1.250000e+002
    endloop
  endfacet
  facet normal  0.000000e+000  0.000000e+000  1.000000e+000
    outer loop
      vertex -5.818300e+002 -1.196023e+001  1.250000e+002
      vertex -6.598415e+002 -3.557239e+000  1.250000e+002
      vertex -6.583820e+002 -1.126158e+001  1.250000e+002
    endloop
  endfacet
  facet normal  0.000000e+000  0.000000e+000  1.000000e+000
    outer loop
      vertex -5.818300e+002 -1.196023e+001  1.250000e+002
      vertex -6.583820e+002 -1.126158e+001  1.250000e+002
      vertex -5.848967e+002 -1.917702e+001  1.250000e+002
    endloop
  endfacet
  facet normal  0.000000e+000  0.000000e+000  1.000000e+000
    outer loop
      vertex -5.848967e+002 -1.917702e+001  1.250000e+002
      vertex -6.583820e+002 -1.126158e+001  1.250000e+002
      vertex -6.554474e+002 -1.853315e+001  1.250000e+002
    endloop
  endfacet
  facet normal  0.000000e+000  0.000000e+000  1.000000e+000
    outer loop
      vertex -5.848967e+002 -1.917702e+001  1.250000e+002
      vertex -6.554474e+002 -1.853315e+001  1.250000e+002
      vertex -5.893124e+002 -2.565685e+001  1.250000e+002
    endloop
  endfacet
  facet normal  0.000000e+000  0.000000e+000  1.000000e+000
    outer loop
      vertex -5.893124e+002 -2.565685e+001  1.250000e+002
      vertex -6.554474e+002 -1.853315e+001  1.250000e+002
      vertex -6.511507e+002 -2.509249e+001  1.250000e+002
    endloop
  endfacet
  facet normal  0.000000e+000  0.000000e+000  9.999999e-001
    outer loop
      vertex -5.893124e+002 -2.565685e+001  1.250000e+002
      vertex -6.511507e+002 -2.509249e+001  1.250000e+002
      vertex -5.949075e+002 -3.115071e+001  1.250000e+002
    endloop
  endfacet
  facet normal  0.000000e+000  0.000000e+000  1.000000e+000
    outer loop
      vertex -5.949075e+002 -3.115071e+001  1.250000e+002
      vertex -6.511507e+002 -2.509249e+001  1.250000e+002
      vertex -6.456569e+002 -3.068755e+001  1.250000e+002
    endloop
  endfacet
  facet normal  0.000000e+000  0.000000e+000  1.000000e+000
    outer loop
      vertex -5.949075e+002 -3.115071e+001  1.250000e+002
      vertex -6.456569e+002 -3.068755e+001  1.250000e+002
      vertex -6.014669e+002 -3.544746e+001  1.250000e+002
    endloop
  endfacet
  facet normal  0.000000e+000  0.000000e+000  1.000000e+000
    outer loop
      vertex -6.014669e+002 -3.544746e+001  1.250000e+002
      vertex -6.456569e+002 -3.068755e+001  1.250000e+002
      vertex -6.391770e+002 -3.510330e+001  1.250000e+002
    endloop
  endfacet
  facet normal  0.000000e+000  0.000000e+000  9.999999e-001
    outer loop
      vertex -6.014669e+002 -3.544746e+001  1.250000e+002
      vertex -6.391770e+002 -3.510330e+001  1.250000e+002
      vertex -6.087384e+002 -3.838198e+001  1.250000e+002
    endloop
  endfacet
  facet normal  0.000000e+000  0.000000e+000  1.000000e+000
    outer loop
      vertex -6.087384e+002 -3.838198e+001  1.250000e+002
      vertex -6.391770e+002 -3.510330e+001  1.250000e+002
      vertex -6.319602e+002 -3.817006e+001  1.250000e+002
    endloop
  endfacet
  facet normal  0.000000e+000  0.000000e+000  1.000000e+000
    outer loop
      vertex -6.087384e+002 -3.838198e+001  1.250000e+002
      vertex -6.319602e+002 -3.817006e+001  1.250000e+002
      vertex -6.164427e+002 -3.984151e+001  1.250000e+002
    endloop
  endfacet
  facet normal  0.000000e+000  0.000000e+000  1.000000e+000
    outer loop
      vertex -6.164427e+002 -3.984151e+001  1.250000e+002
      vertex -6.319602e+002 -3.817006e+001  1.250000e+002
      vertex -6.242838e+002 -3.976995e+001  1.250000e+002
    endloop
  endfacet
  facet normal  1.080979e-001  1.586275e-001 -9.814031e-001
    outer loop
      vertex -5.926287e+002  3.422870e+001  7.612047e-001
      vertex -5.943431e+002  3.068755e+001  0.000000e+000
      vertex -6.008230e+002  3.510330e+001  0.000000e+000
    endloop
  endfacet
  facet normal -7.507443e-002 -1.766679e-001 -9.814032e-001
    outer loop
      vertex -6.319602e+002 -3.817006e+001  0.000000e+000
      vertex -6.340137e+002 -4.152599e+001  7.612047e-001
      vertex -6.391770e+002 -3.510330e+001  0.000000e+000
    endloop
  endfacet
  facet normal  1.348789e-001  1.324388e-001 -9.819713e-001
    outer loop
      vertex -5.943431e+002  3.068755e+001  0.000000e+000
      vertex -5.871008e+002  2.895572e+001  7.612047e-001
      vertex -5.888493e+002  2.509249e+001  0.000000e+000
    endloop
  endfacet
  facet normal  1.565333e-001  1.025384e-001 -9.823356e-001
    outer loop
      vertex -5.888493e+002  2.509249e+001  0.000000e+000
      vertex -5.825725e+002  2.280293e+001  7.612047e-001
      vertex -5.845526e+002  1.853315e+001  0.000000e+000
    endloop
  endfacet
  facet normal  1.726585e-001  6.967796e-002 -9.825141e-001
    outer loop
      vertex -5.845526e+002  1.853315e+001  0.000000e+000
      vertex -5.791814e+002  1.595728e+001  7.612047e-001
      vertex -5.816180e+002  1.126158e+001  0.000000e+000
    endloop
  endfacet
  facet normal  1.829344e-001  3.465565e-002 -9.825141e-001
    outer loop
      vertex -5.816180e+002  1.126158e+001  0.000000e+000
      vertex -5.770306e+002  8.626783e+000  7.612047e-001
      vertex -5.801585e+002  3.557239e+000  0.000000e+000
    endloop
  endfacet
  facet normal  1.871191e-001 -1.707073e-003 -9.823357e-001
    outer loop
      vertex -5.801585e+002  3.557239e+000  0.000000e+000
      vertex -5.761854e+002  1.034164e+000  7.612047e-001
      vertex -5.802300e+002 -4.283805e+000  0.000000e+000
    endloop
  endfacet
  facet normal  1.850555e-001 -3.856915e-002 -9.819708e-001
    outer loop
      vertex -5.802300e+002 -4.283805e+000  0.000000e+000
      vertex -5.766714e+002 -6.589879e+000  7.612047e-001
      vertex -5.818300e+002 -1.196023e+001  0.000000e+000
    endloop
  endfacet
  facet normal  1.766675e-001 -7.507324e-002 -9.814034e-001
    outer loop
      vertex -5.818300e+002 -1.196023e+001  0.000000e+000
      vertex -5.784740e+002 -1.401369e+001  7.612047e-001
      vertex -5.848967e+002 -1.917702e+001  0.000000e+000
    endloop
  endfacet
  facet normal  1.586272e-001 -1.080987e-001 -9.814031e-001
    outer loop
      vertex -5.848967e+002 -1.917702e+001  0.000000e+000
      vertex -5.857713e+002 -2.737129e+001  7.612047e-001
      vertex -5.893124e+002 -2.565685e+001  0.000000e+000
    endloop
  endfacet
  facet normal  1.324396e-001 -1.348801e-001 -9.819711e-001
    outer loop
      vertex -5.893124e+002 -2.565685e+001  0.000000e+000
      vertex -5.910443e+002 -3.289921e+001  7.612047e-001
      vertex -5.949075e+002 -3.115071e+001  0.000000e+000
    endloop
  endfacet
  facet normal  1.025385e-001 -1.565331e-001 -9.823356e-001
    outer loop
      vertex -5.949075e+002 -3.115071e+001  0.000000e+000
      vertex -5.971971e+002 -3.742750e+001  7.612047e-001
      vertex -6.014669e+002 -3.544746e+001  0.000000e+000
    endloop
  endfacet
  facet normal  6.967919e-002 -1.726601e-001 -9.825138e-001
    outer loop
      vertex -6.014669e+002 -3.544746e+001  0.000000e+000
      vertex -6.040427e+002 -4.081858e+001  7.612047e-001
      vertex -6.087384e+002 -3.838198e+001  0.000000e+000
    endloop
  endfacet
  facet normal  3.465581e-002 -1.829364e-001 -9.825138e-001
    outer loop
      vertex -6.087384e+002 -3.838198e+001  0.000000e+000
      vertex -6.113732e+002 -4.296941e+001  7.612047e-001
      vertex -6.164427e+002 -3.984151e+001  0.000000e+000
    endloop
  endfacet
  facet normal -1.707711e-003 -1.871198e-001 -9.823356e-001
    outer loop
      vertex -6.164427e+002 -3.984151e+001  0.000000e+000
      vertex -6.189658e+002 -4.381463e+001  7.612047e-001
      vertex -6.242838e+002 -3.976995e+001  0.000000e+000
    endloop
  endfacet
  facet normal -3.856864e-002 -1.850546e-001 -9.819711e-001
    outer loop
      vertex -6.242838e+002 -3.976995e+001  0.000000e+000
      vertex -6.265899e+002 -4.332857e+001  7.612047e-001
      vertex -6.319602e+002 -3.817006e+001  0.000000e+000
    endloop
  endfacet
  facet normal -7.854046e-002 -1.793642e-001 -9.806426e-001
    outer loop
      vertex -6.391770e+002 -3.510330e+001  0.000000e+000
      vertex -6.340137e+002 -4.152599e+001  7.612047e-001
      vertex -6.410117e+002 -3.846167e+001  7.612047e-001
    endloop
  endfacet
  facet normal -2.234337e-001 -5.102593e-001 -8.304895e-001
    outer loop
      vertex -6.410117e+002 -3.846167e+001  7.612047e-001
      vertex -6.340137e+002 -4.152599e+001  7.612047e-001
      vertex -6.350510e+002 -4.459991e+001  2.928932e+000
    endloop
  endfacet
  facet normal -2.234345e-001 -5.102599e-001 -8.304889e-001
    outer loop
      vertex -6.410117e+002 -3.846167e+001  7.612047e-001
      vertex -6.350510e+002 -4.459991e+001  2.928932e+000
      vertex -6.425671e+002 -4.130875e+001  2.928932e+000
    endloop
  endfacet
  facet normal -3.339048e-001 -7.625422e-001 -5.541090e-001
    outer loop
      vertex -6.425671e+002 -4.130875e+001  2.928932e+000
      vertex -6.350510e+002 -4.459991e+001  2.928932e+000
      vertex -6.357442e+002 -4.665383e+001  6.173166e+000
    endloop
  endfacet
  facet normal -3.339082e-001 -7.625439e-001 -5.541047e-001
    outer loop
      vertex -6.425671e+002 -4.130875e+001  2.928932e+000
      vertex -6.357442e+002 -4.665383e+001  6.173166e+000
      vertex -6.436063e+002 -4.321111e+001  6.173166e+000
    endloop
  endfacet
  facet normal -3.934664e-001 -8.985567e-001 -1.943708e-001
    outer loop
      vertex -6.436063e+002 -4.321111e+001  6.173166e+000
      vertex -6.357442e+002 -4.665383e+001  6.173166e+000
      vertex -6.359875e+002 -4.737507e+001  1.000000e+001
    endloop
  endfacet
  facet normal -3.934646e-001 -8.985568e-001 -1.943745e-001
    outer loop
      vertex -6.436063e+002 -4.321111e+001  6.173166e+000
      vertex -6.359875e+002 -4.737507e+001  1.000000e+001
      vertex -6.439713e+002 -4.387913e+001  1.000000e+001
    endloop
  endfacet
  facet normal  1.084940e-001  1.630002e-001 -9.806427e-001
    outer loop
      vertex -6.008230e+002  3.510330e+001  0.000000e+000
      vertex -5.989883e+002  3.846167e+001  7.612047e-001
      vertex -5.926287e+002  3.422870e+001  7.612047e-001
    endloop
  endfacet
  facet normal  3.086472e-001  4.637082e-001 -8.304888e-001
    outer loop
      vertex -5.926287e+002  3.422870e+001  7.612047e-001
      vertex -5.989883e+002  3.846167e+001  7.612047e-001
      vertex -5.974329e+002  4.130875e+001  2.928932e+000
    endloop
  endfacet
  facet normal  3.086472e-001  4.637081e-001 -8.304888e-001
    outer loop
      vertex -5.926287e+002  3.422870e+001  7.612047e-001
      vertex -5.974329e+002  4.130875e+001  2.928932e+000
      vertex -5.906026e+002  3.676244e+001  2.928932e+000
    endloop
  endfacet
  facet normal  4.612500e-001  6.929770e-001 -5.541041e-001
    outer loop
      vertex -5.906026e+002  3.676244e+001  2.928932e+000
      vertex -5.974329e+002  4.130875e+001  2.928932e+000
      vertex -5.963937e+002  4.321111e+001  6.173166e+000
    endloop
  endfacet
  facet normal  4.612479e-001  6.929764e-001 -5.541066e-001
    outer loop
      vertex -5.906026e+002  3.676244e+001  2.928932e+000
      vertex -5.963937e+002  4.321111e+001  6.173166e+000
      vertex -5.892488e+002  3.845544e+001  6.173166e+000
    endloop
  endfacet
  facet normal  5.435197e-001  8.165812e-001 -1.943741e-001
    outer loop
      vertex -5.892488e+002  3.845544e+001  6.173166e+000
      vertex -5.963937e+002  4.321111e+001  6.173166e+000
      vertex -5.960287e+002  4.387913e+001  1.000000e+001
    endloop
  endfacet
  facet normal  5.435182e-001  8.165815e-001 -1.943771e-001
    outer loop
      vertex -5.892488e+002  3.845544e+001  6.173166e+000
      vertex -5.960287e+002  4.387913e+001  1.000000e+001
      vertex -5.887734e+002  3.904994e+001  1.000000e+001
    endloop
  endfacet
  facet normal  1.374581e-001  1.441047e-001 -9.799689e-001
    outer loop
      vertex -5.943431e+002  3.068755e+001  0.000000e+000
      vertex -5.926287e+002  3.422870e+001  7.612047e-001
      vertex -5.871008e+002  2.895572e+001  7.612047e-001
    endloop
  endfacet
  facet normal  3.844783e-001  4.030693e-001 -8.304887e-001
    outer loop
      vertex -5.871008e+002  2.895572e+001  7.612047e-001
      vertex -5.926287e+002  3.422870e+001  7.612047e-001
      vertex -5.906026e+002  3.676244e+001  2.928932e+000
    endloop
  endfacet
  facet normal  3.844800e-001  4.030697e-001 -8.304878e-001
    outer loop
      vertex -5.871008e+002  2.895572e+001  7.612047e-001
      vertex -5.906026e+002  3.676244e+001  2.928932e+000
      vertex -5.846655e+002  3.109913e+001  2.928932e+000
    endloop
  endfacet
  facet normal  5.745736e-001  6.023544e-001 -5.541067e-001
    outer loop
      vertex -5.846655e+002  3.109913e+001  2.928932e+000
      vertex -5.906026e+002  3.676244e+001  2.928932e+000
      vertex -5.892488e+002  3.845544e+001  6.173166e+000
    endloop
  endfacet
  facet normal  5.745715e-001  6.023542e-001 -5.541092e-001
    outer loop
      vertex -5.846655e+002  3.109913e+001  2.928932e+000
      vertex -5.892488e+002  3.845544e+001  6.173166e+000
      vertex -5.830382e+002  3.253132e+001  6.173166e+000
    endloop
  endfacet
  facet normal  6.770577e-001  7.097960e-001 -1.943773e-001
    outer loop
      vertex -5.830382e+002  3.253132e+001  6.173166e+000
      vertex -5.892488e+002  3.845544e+001  6.173166e+000
      vertex -5.887734e+002  3.904994e+001  1.000000e+001
    endloop
  endfacet
  facet normal  6.770583e-001  7.097958e-001 -1.943761e-001
    outer loop
      vertex -5.830382e+002  3.253132e+001  6.173166e+000
      vertex -5.887734e+002  3.904994e+001  1.000000e+001
      vertex -5.824668e+002  3.303423e+001  1.000000e+001
    endloop
  endfacet
  facet normal  1.623728e-001  1.195013e-001 -9.794664e-001
    outer loop
      vertex -5.888493e+002  2.509249e+001  0.000000e+000
      vertex -5.871008e+002  2.895572e+001  7.612047e-001
      vertex -5.825725e+002  2.280293e+001  7.612047e-001
    endloop
  endfacet
  facet normal  4.486332e-001  3.301799e-001 -8.304874e-001
    outer loop
      vertex -5.825725e+002  2.280293e+001  7.612047e-001
      vertex -5.871008e+002  2.895572e+001  7.612047e-001
      vertex -5.846655e+002  3.109913e+001  2.928932e+000
    endloop
  endfacet
  facet normal  4.486262e-001  3.301792e-001 -8.304916e-001
    outer loop
      vertex -5.825725e+002  2.280293e+001  7.612047e-001
      vertex -5.846655e+002  3.109913e+001  2.928932e+000
      vertex -5.798019e+002  2.449089e+001  2.928932e+000
    endloop
  endfacet
  facet normal  6.704399e-001  4.934294e-001 -5.541098e-001
    outer loop
      vertex -5.798019e+002  2.449089e+001  2.928932e+000
      vertex -5.846655e+002  3.109913e+001  2.928932e+000
      vertex -5.830382e+002  3.253132e+001  6.173166e+000
    endloop
  endfacet
  facet normal  6.704447e-001  4.934291e-001 -5.541044e-001
    outer loop
      vertex -5.798019e+002  2.449089e+001  2.928932e+000
      vertex -5.830382e+002  3.253132e+001  6.173166e+000
      vertex -5.779507e+002  2.561875e+001  6.173166e+000
    endloop
  endfacet
  facet normal  7.900289e-001  5.814399e-001 -1.943763e-001
    outer loop
      vertex -5.779507e+002  2.561875e+001  6.173166e+000
      vertex -5.830382e+002  3.253132e+001  6.173166e+000
      vertex -5.824668e+002  3.303423e+001  1.000000e+001
    endloop
  endfacet
  facet normal  7.900319e-001  5.814380e-001 -1.943694e-001
    outer loop
      vertex -5.779507e+002  2.561875e+001  6.173166e+000
      vertex -5.824668e+002  3.303423e+001  1.000000e+001
      vertex -5.773007e+002  2.601480e+001  1.000000e+001
    endloop
  endfacet
  facet normal  1.820048e-001  9.015936e-002 -9.791555e-001
    outer loop
      vertex -5.845526e+002  1.853315e+001  0.000000e+000
      vertex -5.825725e+002  2.280293e+001  7.612047e-001
      vertex -5.791814e+002  1.595728e+001  7.612047e-001
    endloop
  endfacet
  facet normal  4.991447e-001  2.472603e-001 -8.304921e-001
    outer loop
      vertex -5.791814e+002  1.595728e+001  7.612047e-001
      vertex -5.825725e+002  2.280293e+001  7.612047e-001
      vertex -5.798019e+002  2.449089e+001  2.928932e+000
    endloop
  endfacet
  facet normal  4.991502e-001  2.472598e-001 -8.304887e-001
    outer loop
      vertex -5.791814e+002  1.595728e+001  7.612047e-001
      vertex -5.798019e+002  2.449089e+001  2.928932e+000
      vertex -5.761599e+002  1.713850e+001  2.928932e+000
    endloop
  endfacet
  facet normal  7.459424e-001  3.695112e-001 -5.541040e-001
    outer loop
      vertex -5.761599e+002  1.713850e+001  2.928932e+000
      vertex -5.798019e+002  2.449089e+001  2.928932e+000
      vertex -5.779507e+002  2.561875e+001  6.173166e+000
    endloop
  endfacet
  facet normal  7.459428e-001  3.695112e-001 -5.541039e-001
    outer loop
      vertex -5.761599e+002  1.713850e+001  2.928932e+000
      vertex -5.779507e+002  2.561875e+001  6.173166e+000
      vertex -5.741409e+002  1.792777e+001  6.173166e+000
    endloop
  endfacet
  facet normal  8.789941e-001  4.354197e-001 -1.943686e-001
    outer loop
      vertex -5.741409e+002  1.792777e+001  6.173166e+000
      vertex -5.779507e+002  2.561875e+001  6.173166e+000
      vertex -5.773007e+002  2.601480e+001  1.000000e+001
    endloop
  endfacet
  facet normal  8.789940e-001  4.354198e-001 -1.943688e-001
    outer loop
      vertex -5.741409e+002  1.792777e+001  6.173166e+000
      vertex -5.773007e+002  2.601480e+001  1.000000e+001
      vertex -5.734320e+002  1.820492e+001  1.000000e+001
    endloop
  endfacet
  facet normal  1.953803e-001  5.732591e-002 -9.790506e-001
    outer loop
      vertex -5.816180e+002  1.126158e+001  0.000000e+000
      vertex -5.791814e+002  1.595728e+001  7.612047e-001
      vertex -5.770306e+002  8.626783e+000  7.612047e-001
    endloop
  endfacet
  facet normal  5.345033e-001  1.568269e-001 -8.304887e-001
    outer loop
      vertex -5.770306e+002  8.626783e+000  7.612047e-001
      vertex -5.791814e+002  1.595728e+001  7.612047e-001
      vertex -5.761599e+002  1.713850e+001  2.928932e+000
    endloop
  endfacet
  facet normal  5.345073e-001  1.568259e-001 -8.304863e-001
    outer loop
      vertex -5.770306e+002  8.626783e+000  7.612047e-001
      vertex -5.761599e+002  1.713850e+001  2.928932e+000
      vertex -5.738499e+002  9.265371e+000  2.928932e+000
    endloop
  endfacet
  facet normal  7.987762e-001  2.343630e-001 -5.541034e-001
    outer loop
      vertex -5.738499e+002  9.265371e+000  2.928932e+000
      vertex -5.761599e+002  1.713850e+001  2.928932e+000
      vertex -5.741409e+002  1.792777e+001  6.173166e+000
    endloop
  endfacet
  facet normal  7.987676e-001  2.343668e-001 -5.541142e-001
    outer loop
      vertex -5.738499e+002  9.265371e+000  2.928932e+000
      vertex -5.741409e+002  1.792777e+001  6.173166e+000
      vertex -5.717245e+002  9.692062e+000  6.173166e+000
    endloop
  endfacet
  facet normal  9.412491e-001  2.761724e-001 -1.943683e-001
    outer loop
      vertex -5.717245e+002  9.692062e+000  6.173166e+000
      vertex -5.741409e+002  1.792777e+001  6.173166e+000
      vertex -5.734320e+002  1.820492e+001  1.000000e+001
    endloop
  endfacet
  facet normal  9.412493e-001  2.761721e-001 -1.943676e-001
    outer loop
      vertex -5.717245e+002  9.692062e+000  6.173166e+000
      vertex -5.734320e+002  1.820492e+001  1.000000e+001
      vertex -5.709782e+002  9.841896e+000  1.000000e+001
    endloop
  endfacet
  facet normal  2.018642e-001  2.247164e-002 -9.791557e-001
    outer loop
      vertex -5.801585e+002  3.557239e+000  0.000000e+000
      vertex -5.770306e+002  8.626783e+000  7.612047e-001
      vertex -5.761854e+002  1.034164e+000  7.612047e-001
    endloop
  endfacet
  facet normal  5.536196e-001  6.162925e-002 -8.304861e-001
    outer loop
      vertex -5.761854e+002  1.034164e+000  7.612047e-001
      vertex -5.770306e+002  8.626783e+000  7.612047e-001
      vertex -5.738499e+002  9.265371e+000  2.928932e+000
    endloop
  endfacet
  facet normal  5.536128e-001  6.163231e-002 -8.304904e-001
    outer loop
      vertex -5.761854e+002  1.034164e+000  7.612047e-001
      vertex -5.738499e+002  9.265371e+000  2.928932e+000
      vertex -5.729420e+002  1.110716e+000  2.928932e+000
    endloop
  endfacet
  facet normal  8.273292e-001  9.210445e-002 -5.541147e-001
    outer loop
      vertex -5.729420e+002  1.110716e+000  2.928932e+000
      vertex -5.738499e+002  9.265371e+000  2.928932e+000
      vertex -5.717245e+002  9.692062e+000  6.173166e+000
    endloop
  endfacet
  facet normal  8.273367e-001  9.209947e-002 -5.541044e-001
    outer loop
      vertex -5.729420e+002  1.110716e+000  2.928932e+000
      vertex -5.717245e+002  9.692062e+000  6.173166e+000
      vertex -5.707749e+002  1.161867e+000  6.173166e+000
    endloop
  endfacet
  facet normal  9.749067e-001  1.085270e-001 -1.943673e-001
    outer loop
      vertex -5.707749e+002  1.161867e+000  6.173166e+000
      vertex -5.717245e+002  9.692062e+000  6.173166e+000
      vertex -5.709782e+002  9.841896e+000  1.000000e+001
    endloop
  endfacet
  facet normal  9.749050e-001  1.085302e-001 -1.943745e-001
    outer loop
      vertex -5.707749e+002  1.161867e+000  6.173166e+000
      vertex -5.709782e+002  9.841896e+000  1.000000e+001
      vertex -5.700139e+002  1.179829e+000  1.000000e+001
    endloop
  endfacet
  facet normal  2.012008e-001 -1.282791e-002 -9.794660e-001
    outer loop
      vertex -5.802300e+002 -4.283805e+000  0.000000e+000
      vertex -5.761854e+002  1.034164e+000  7.612047e-001
      vertex -5.766714e+002 -6.589879e+000  7.612047e-001
    endloop
  endfacet
  facet normal  5.559042e-001 -3.544263e-002 -8.304904e-001
    outer loop
      vertex -5.766714e+002 -6.589879e+000  7.612047e-001
      vertex -5.761854e+002  1.034164e+000  7.612047e-001
      vertex -5.729420e+002  1.110716e+000  2.928932e+000
    endloop
  endfacet
  facet normal  5.559074e-001 -3.544479e-002 -8.304883e-001
    outer loop
      vertex -5.766714e+002 -6.589879e+000  7.612047e-001
      vertex -5.729420e+002  1.110716e+000  2.928932e+000
      vertex -5.734641e+002 -7.077687e+000  2.928932e+000
    endloop
  endfacet
  facet normal  8.307604e-001 -5.296949e-002 -5.541041e-001
    outer loop
      vertex -5.734641e+002 -7.077687e+000  2.928932e+000
      vertex -5.729420e+002  1.110716e+000  2.928932e+000
      vertex -5.707749e+002  1.161867e+000  6.173166e+000
    endloop
  endfacet
  facet normal  8.307542e-001 -5.296360e-002 -5.541140e-001
    outer loop
      vertex -5.734641e+002 -7.077687e+000  2.928932e+000
      vertex -5.707749e+002  1.161867e+000  6.173166e+000
      vertex -5.713210e+002 -7.403630e+000  6.173166e+000
    endloop
  endfacet
  facet normal  9.789400e-001 -6.241098e-002 -1.943745e-001
    outer loop
      vertex -5.713210e+002 -7.403630e+000  6.173166e+000
      vertex -5.707749e+002  1.161867e+000  6.173166e+000
      vertex -5.700139e+002  1.179829e+000  1.000000e+001
    endloop
  endfacet
  facet normal  9.789391e-001 -6.240875e-002 -1.943792e-001
    outer loop
      vertex -5.713210e+002 -7.403630e+000  6.173166e+000
      vertex -5.700139e+002  1.179829e+000  1.000000e+001
      vertex -5.705684e+002 -7.518086e+000  1.000000e+001
    endloop
  endfacet
  facet normal  1.935263e-001 -4.698947e-002 -9.799692e-001
    outer loop
      vertex -5.818300e+002 -1.196023e+001  0.000000e+000
      vertex -5.766714e+002 -6.589879e+000  7.612047e-001
      vertex -5.784740e+002 -1.401369e+001  7.612047e-001
    endloop
  endfacet
  facet normal  5.413083e-001 -1.314333e-001 -8.304882e-001
    outer loop
      vertex -5.784740e+002 -1.401369e+001  7.612047e-001
      vertex -5.766714e+002 -6.589879e+000  7.612047e-001
      vertex -5.734641e+002 -7.077687e+000  2.928932e+000
    endloop
  endfacet
  facet normal  5.413075e-001 -1.314325e-001 -8.304889e-001
    outer loop
      vertex -5.784740e+002 -1.401369e+001  7.612047e-001
      vertex -5.734641e+002 -7.077687e+000  2.928932e+000
      vertex -5.754001e+002 -1.505104e+001  2.928932e+000
    endloop
  endfacet
  facet normal  8.089370e-001 -1.964144e-001 -5.541139e-001
    outer loop
      vertex -5.754001e+002 -1.505104e+001  2.928932e+000
      vertex -5.734641e+002 -7.077687e+000  2.928932e+000
      vertex -5.713210e+002 -7.403630e+000  6.173166e+000
    endloop
  endfacet
  facet normal  8.089438e-001 -1.964236e-001 -5.541008e-001
    outer loop
      vertex -5.754001e+002 -1.505104e+001  2.928932e+000
      vertex -5.713210e+002 -7.403630e+000  6.173166e+000
      vertex -5.733462e+002 -1.574417e+001  6.173166e+000
    endloop
  endfacet
  facet normal  9.532282e-001 -2.314580e-001 -1.943791e-001
    outer loop
      vertex -5.733462e+002 -1.574417e+001  6.173166e+000
      vertex -5.713210e+002 -7.403630e+000  6.173166e+000
      vertex -5.705684e+002 -7.518086e+000  1.000000e+001
    endloop
  endfacet
  facet normal  9.532282e-001 -2.314582e-001 -1.943785e-001
    outer loop
      vertex -5.733462e+002 -1.574417e+001  6.173166e+000
      vertex -5.705684e+002 -7.518086e+000  1.000000e+001
      vertex -5.726249e+002 -1.598757e+001  1.000000e+001
    endloop
  endfacet
  facet normal  1.793656e-001 -7.854170e-002 -9.806422e-001
    outer loop
      vertex -5.848967e+002 -1.917702e+001  0.000000e+000
      vertex -5.784740e+002 -1.401369e+001  7.612047e-001
      vertex -5.815383e+002 -2.101170e+001  7.612047e-001
    endloop
  endfacet
  facet normal  5.102594e-001 -2.234354e-001 -8.304890e-001
    outer loop
      vertex -5.815383e+002 -2.101170e+001  7.612047e-001
      vertex -5.784740e+002 -1.401369e+001  7.612047e-001
      vertex -5.754001e+002 -1.505104e+001  2.928932e+000
    endloop
  endfacet
  facet normal  5.102575e-001 -2.234327e-001 -8.304909e-001
    outer loop
      vertex -5.815383e+002 -2.101170e+001  7.612047e-001
      vertex -5.754001e+002 -1.505104e+001  2.928932e+000
      vertex -5.786912e+002 -2.256707e+001  2.928932e+000
    endloop
  endfacet
  facet normal  7.625476e-001 -3.339061e-001 -5.541010e-001
    outer loop
      vertex -5.786912e+002 -2.256707e+001  2.928932e+000
      vertex -5.754001e+002 -1.505104e+001  2.928932e+000
      vertex -5.733462e+002 -1.574417e+001  6.173166e+000
    endloop
  endfacet
  facet normal  7.625467e-001 -3.339043e-001 -5.541034e-001
    outer loop
      vertex -5.786912e+002 -2.256707e+001  2.928932e+000
      vertex -5.733462e+002 -1.574417e+001  6.173166e+000
      vertex -5.767889e+002 -2.360634e+001  6.173166e+000
    endloop
  endfacet
  facet normal  8.985575e-001 -3.934608e-001 -1.943784e-001
    outer loop
      vertex -5.767889e+002 -2.360634e+001  6.173166e+000
      vertex -5.733462e+002 -1.574417e+001  6.173166e+000
      vertex -5.726249e+002 -1.598757e+001  1.000000e+001
    endloop
  endfacet
  facet normal  8.985575e-001 -3.934609e-001 -1.943782e-001
    outer loop
      vertex -5.767889e+002 -2.360634e+001  6.173166e+000
      vertex -5.726249e+002 -1.598757e+001  1.000000e+001
      vertex -5.761208e+002 -2.397128e+001  1.000000e+001
    endloop
  endfacet
  facet normal  1.630020e-001 -1.084950e-001 -9.806423e-001
    outer loop
      vertex -5.848967e+002 -1.917702e+001  0.000000e+000
      vertex -5.815383e+002 -2.101170e+001  7.612047e-001
      vertex -5.857713e+002 -2.737129e+001  7.612047e-001
    endloop
  endfacet
  facet normal  4.637060e-001 -3.086451e-001 -8.304908e-001
    outer loop
      vertex -5.857713e+002 -2.737129e+001  7.612047e-001
      vertex -5.815383e+002 -2.101170e+001  7.612047e-001
      vertex -5.786912e+002 -2.256707e+001  2.928932e+000
    endloop
  endfacet
  facet normal  4.637067e-001 -3.086464e-001 -8.304899e-001
    outer loop
      vertex -5.857713e+002 -2.737129e+001  7.612047e-001
      vertex -5.786912e+002 -2.256707e+001  2.928932e+000
      vertex -5.832375e+002 -2.939742e+001  2.928932e+000
    endloop
  endfacet
  facet normal  6.929770e-001 -4.612504e-001 -5.541037e-001
    outer loop
      vertex -5.832375e+002 -2.939742e+001  2.928932e+000
      vertex -5.786912e+002 -2.256707e+001  2.928932e+000
      vertex -5.767889e+002 -2.360634e+001  6.173166e+000
    endloop
  endfacet
  facet normal  6.929765e-001 -4.612484e-001 -5.541061e-001
    outer loop
      vertex -5.832375e+002 -2.939742e+001  2.928932e+000
      vertex -5.767889e+002 -2.360634e+001  6.173166e+000
      vertex -5.815446e+002 -3.075123e+001  6.173166e+000
    endloop
  endfacet
  facet normal  8.165804e-001 -5.435197e-001 -1.943780e-001
    outer loop
      vertex -5.815446e+002 -3.075123e+001  6.173166e+000
      vertex -5.767889e+002 -2.360634e+001  6.173166e+000
      vertex -5.761208e+002 -2.397128e+001  1.000000e+001
    endloop
  endfacet
  facet normal  8.165798e-001 -5.435224e-001 -1.943725e-001
    outer loop
      vertex -5.815446e+002 -3.075123e+001  6.173166e+000
      vertex -5.761208e+002 -2.397128e+001  1.000000e+001
      vertex -5.809501e+002 -3.122663e+001  1.000000e+001
    endloop
  endfacet
  facet normal  1.441042e-001 -1.374591e-001 -9.799690e-001
    outer loop
      vertex -5.893124e+002 -2.565685e+001  0.000000e+000
      vertex -5.857713e+002 -2.737129e+001  7.612047e-001
      vertex -5.910443e+002 -3.289921e+001  7.612047e-001
    endloop
  endfacet
  facet normal  4.030662e-001 -3.844795e-001 -8.304898e-001
    outer loop
      vertex -5.910443e+002 -3.289921e+001  7.612047e-001
      vertex -5.857713e+002 -2.737129e+001  7.612047e-001
      vertex -5.832375e+002 -2.939742e+001  2.928932e+000
    endloop
  endfacet
  facet normal  4.030660e-001 -3.844789e-001 -8.304901e-001
    outer loop
      vertex -5.910443e+002 -3.289921e+001  7.612047e-001
      vertex -5.832375e+002 -2.939742e+001  2.928932e+000
      vertex -5.889009e+002 -3.533453e+001  2.928932e+000
    endloop
  endfacet
  facet normal  6.023530e-001 -5.745758e-001 -5.541059e-001
    outer loop
      vertex -5.889009e+002 -3.533453e+001  2.928932e+000
      vertex -5.832375e+002 -2.939742e+001  2.928932e+000
      vertex -5.815446e+002 -3.075123e+001  6.173166e+000
    endloop
  endfacet
  facet normal  6.023529e-001 -5.745750e-001 -5.541070e-001
    outer loop
      vertex -5.889009e+002 -3.533453e+001  2.928932e+000
      vertex -5.815446e+002 -3.075123e+001  6.173166e+000
      vertex -5.874687e+002 -3.696177e+001  6.173166e+000
    endloop
  endfacet
  facet normal  7.097939e-001 -6.770611e-001 -1.943729e-001
    outer loop
      vertex -5.874687e+002 -3.696177e+001  6.173166e+000
      vertex -5.815446e+002 -3.075123e+001  6.173166e+000
      vertex -5.809501e+002 -3.122663e+001  1.000000e+001
    endloop
  endfacet
  facet normal  7.097948e-001 -6.770588e-001 -1.943782e-001
    outer loop
      vertex -5.874687e+002 -3.696177e+001  6.173166e+000
      vertex -5.809501e+002 -3.122663e+001  1.000000e+001
      vertex -5.869658e+002 -3.753318e+001  1.000000e+001
    endloop
  endfacet
  facet normal  1.195027e-001 -1.623730e-001 -9.794662e-001
    outer loop
      vertex -5.949075e+002 -3.115071e+001  0.000000e+000
      vertex -5.910443e+002 -3.289921e+001  7.612047e-001
      vertex -5.971971e+002 -3.742750e+001  7.612047e-001
    endloop
  endfacet
  facet normal  3.301801e-001 -4.486287e-001 -8.304899e-001
    outer loop
      vertex -5.971971e+002 -3.742750e+001  7.612047e-001
      vertex -5.910443e+002 -3.289921e+001  7.612047e-001
      vertex -5.889009e+002 -3.533453e+001  2.928932e+000
    endloop
  endfacet
  facet normal  3.301800e-001 -4.486277e-001 -8.304904e-001
    outer loop
      vertex -5.971971e+002 -3.742750e+001  7.612047e-001
      vertex -5.889009e+002 -3.533453e+001  2.928932e+000
      vertex -5.955091e+002 -4.019803e+001  2.928932e+000
    endloop
  endfacet
  facet normal  4.934301e-001 -6.704417e-001 -5.541069e-001
    outer loop
      vertex -5.955091e+002 -4.019803e+001  2.928932e+000
      vertex -5.889009e+002 -3.533453e+001  2.928932e+000
      vertex -5.874687e+002 -3.696177e+001  6.173166e+000
    endloop
  endfacet
  facet normal  4.934301e-001 -6.704419e-001 -5.541067e-001
    outer loop
      vertex -5.955091e+002 -4.019803e+001  2.928932e+000
      vertex -5.874687e+002 -3.696177e+001  6.173166e+000
      vertex -5.943812e+002 -4.204924e+001  6.173166e+000
    endloop
  endfacet
  facet normal  5.814419e-001 -7.900268e-001 -1.943778e-001
    outer loop
      vertex -5.943812e+002 -4.204924e+001  6.173166e+000
      vertex -5.874687e+002 -3.696177e+001  6.173166e+000
      vertex -5.869658e+002 -3.753318e+001  1.000000e+001
    endloop
  endfacet
  facet normal  5.814418e-001 -7.900273e-001 -1.943769e-001
    outer loop
      vertex -5.943812e+002 -4.204924e+001  6.173166e+000
      vertex -5.869658e+002 -3.753318e+001  1.000000e+001
      vertex -5.939852e+002 -4.269930e+001  1.000000e+001
    endloop
  endfacet
  facet normal  9.015898e-002 -1.820058e-001 -9.791554e-001
    outer loop
      vertex -6.014669e+002 -3.544746e+001  0.000000e+000
      vertex -5.971971e+002 -3.742750e+001  7.612047e-001
      vertex -6.040427e+002 -4.081858e+001  7.612047e-001
    endloop
  endfacet
  facet normal  2.472596e-001 -4.991481e-001 -8.304902e-001
    outer loop
      vertex -6.040427e+002 -4.081858e+001  7.612047e-001
      vertex -5.971971e+002 -3.742750e+001  7.612047e-001
      vertex -5.955091e+002 -4.019803e+001  2.928932e+000
    endloop
  endfacet
  facet normal  2.472594e-001 -4.991503e-001 -8.304889e-001
    outer loop
      vertex -6.040427e+002 -4.081858e+001  7.612047e-001
      vertex -5.955091e+002 -4.019803e+001  2.928932e+000
      vertex -6.028615e+002 -4.384013e+001  2.928932e+000
    endloop
  endfacet
  facet normal  3.695099e-001 -7.459413e-001 -5.541065e-001
    outer loop
      vertex -6.028615e+002 -4.384013e+001  2.928932e+000
      vertex -5.955091e+002 -4.019803e+001  2.928932e+000
      vertex -5.943812e+002 -4.204924e+001  6.173166e+000
    endloop
  endfacet
  facet normal  3.695105e-001 -7.459389e-001 -5.541093e-001
    outer loop
      vertex -6.028615e+002 -4.384013e+001  2.928932e+000
      vertex -5.943812e+002 -4.204924e+001  6.173166e+000
      vertex -6.020722e+002 -4.585907e+001  6.173166e+000
    endloop
  endfacet
  facet normal  4.354201e-001 -8.789921e-001 -1.943768e-001
    outer loop
      vertex -6.020722e+002 -4.585907e+001  6.173166e+000
      vertex -5.943812e+002 -4.204924e+001  6.173166e+000
      vertex -5.939852e+002 -4.269930e+001  1.000000e+001
    endloop
  endfacet
  facet normal  4.354181e-001 -8.789945e-001 -1.943706e-001
    outer loop
      vertex -6.020722e+002 -4.585907e+001  6.173166e+000
      vertex -5.939852e+002 -4.269930e+001  1.000000e+001
      vertex -6.017951e+002 -4.656802e+001  1.000000e+001
    endloop
  endfacet
  facet normal  5.732681e-002 -1.953829e-001 -9.790501e-001
    outer loop
      vertex -6.087384e+002 -3.838198e+001  0.000000e+000
      vertex -6.040427e+002 -4.081858e+001  7.612047e-001
      vertex -6.113732e+002 -4.296941e+001  7.612047e-001
    endloop
  endfacet
  facet normal  1.568272e-001 -5.345030e-001 -8.304888e-001
    outer loop
      vertex -6.113732e+002 -4.296941e+001  7.612047e-001
      vertex -6.040427e+002 -4.081858e+001  7.612047e-001
      vertex -6.028615e+002 -4.384013e+001  2.928932e+000
    endloop
  endfacet
  facet normal  1.568277e-001 -5.345013e-001 -8.304899e-001
    outer loop
      vertex -6.113732e+002 -4.296941e+001  7.612047e-001
      vertex -6.028615e+002 -4.384013e+001  2.928932e+000
      vertex -6.107346e+002 -4.615017e+001  2.928932e+000
    endloop
  endfacet
  facet normal  2.343671e-001 -7.987717e-001 -5.541082e-001
    outer loop
      vertex -6.107346e+002 -4.615017e+001  2.928932e+000
      vertex -6.028615e+002 -4.384013e+001  2.928932e+000
      vertex -6.020722e+002 -4.585907e+001  6.173166e+000
    endloop
  endfacet
  facet normal  2.343663e-001 -7.987733e-001 -5.541061e-001
    outer loop
      vertex -6.107346e+002 -4.615017e+001  2.928932e+000
      vertex -6.020722e+002 -4.585907e+001  6.173166e+000
      vertex -6.103079e+002 -4.827549e+001  6.173166e+000
    endloop
  endfacet
  facet normal  2.761698e-001 -9.412489e-001 -1.943727e-001
    outer loop
      vertex -6.103079e+002 -4.827549e+001  6.173166e+000
      vertex -6.020722e+002 -4.585907e+001  6.173166e+000
      vertex -6.017951e+002 -4.656802e+001  1.000000e+001
    endloop
  endfacet
  facet normal  2.761711e-001 -9.412478e-001 -1.943762e-001
    outer loop
      vertex -6.103079e+002 -4.827549e+001  6.173166e+000
      vertex -6.017951e+002 -4.656802e+001  1.000000e+001
      vertex -6.101581e+002 -4.902180e+001  1.000000e+001
    endloop
  endfacet
  facet normal  2.247219e-002 -2.018656e-001 -9.791554e-001
    outer loop
      vertex -6.164427e+002 -3.984151e+001  0.000000e+000
      vertex -6.113732e+002 -4.296941e+001  7.612047e-001
      vertex -6.189658e+002 -4.381463e+001  7.612047e-001
    endloop
  endfacet
  facet normal  6.162973e-002 -5.536141e-001 -8.304896e-001
    outer loop
      vertex -6.189658e+002 -4.381463e+001  7.612047e-001
      vertex -6.113732e+002 -4.296941e+001  7.612047e-001
      vertex -6.107346e+002 -4.615017e+001  2.928932e+000
    endloop
  endfacet
  facet normal  6.162917e-002 -5.536155e-001 -8.304889e-001
    outer loop
      vertex -6.189658e+002 -4.381463e+001  7.612047e-001
      vertex -6.107346e+002 -4.615017e+001  2.928932e+000
      vertex -6.188893e+002 -4.705796e+001  2.928932e+000
    endloop
  endfacet
  facet normal  9.210004e-002 -8.273356e-001 -5.541059e-001
    outer loop
      vertex -6.188893e+002 -4.705796e+001  2.928932e+000
      vertex -6.107346e+002 -4.615017e+001  2.928932e+000
      vertex -6.103079e+002 -4.827549e+001  6.173166e+000
    endloop
  endfacet
  facet normal  9.210024e-002 -8.273353e-001 -5.541064e-001
    outer loop
      vertex -6.188893e+002 -4.705796e+001  2.928932e+000
      vertex -6.103079e+002 -4.827549e+001  6.173166e+000
      vertex -6.188381e+002 -4.922509e+001  6.173166e+000
    endloop
  endfacet
  facet normal  1.085279e-001 -9.749050e-001 -1.943759e-001
    outer loop
      vertex -6.188381e+002 -4.922509e+001  6.173166e+000
      vertex -6.103079e+002 -4.827549e+001  6.173166e+000
      vertex -6.101581e+002 -4.902180e+001  1.000000e+001
    endloop
  endfacet
  facet normal  1.085275e-001 -9.749051e-001 -1.943749e-001
    outer loop
      vertex -6.188381e+002 -4.922509e+001  6.173166e+000
      vertex -6.101581e+002 -4.902180e+001  1.000000e+001
      vertex -6.188202e+002 -4.998608e+001  1.000000e+001
    endloop
  endfacet
  facet normal -1.282727e-002 -2.011999e-001 -9.794662e-001
    outer loop
      vertex -6.242838e+002 -3.976995e+001  0.000000e+000
      vertex -6.189658e+002 -4.381463e+001  7.612047e-001
      vertex -6.265899e+002 -4.332857e+001  7.612047e-001
    endloop
  endfacet
  facet normal -3.544118e-002 -5.559063e-001 -8.304890e-001
    outer loop
      vertex -6.265899e+002 -4.332857e+001  7.612047e-001
      vertex -6.189658e+002 -4.381463e+001  7.612047e-001
      vertex -6.188893e+002 -4.705796e+001  2.928932e+000
    endloop
  endfacet
  facet normal -3.544104e-002 -5.559061e-001 -8.304892e-001
    outer loop
      vertex -6.265899e+002 -4.332857e+001  7.612047e-001
      vertex -6.188893e+002 -4.705796e+001  2.928932e+000
      vertex -6.270777e+002 -4.653592e+001  2.928932e+000
    endloop
  endfacet
  facet normal -5.296393e-002 -8.307592e-001 -5.541064e-001
    outer loop
      vertex -6.270777e+002 -4.653592e+001  2.928932e+000
      vertex -6.188893e+002 -4.705796e+001  2.928932e+000
      vertex -6.188381e+002 -4.922509e+001  6.173166e+000
    endloop
  endfacet
  facet normal -5.296436e-002 -8.307597e-001 -5.541058e-001
    outer loop
      vertex -6.270777e+002 -4.653592e+001  2.928932e+000
      vertex -6.188381e+002 -4.922509e+001  6.173166e+000
      vertex -6.274036e+002 -4.867900e+001  6.173166e+000
    endloop
  endfacet
  facet normal -6.241145e-002 -9.789397e-001 -1.943757e-001
    outer loop
      vertex -6.274036e+002 -4.867900e+001  6.173166e+000
      vertex -6.188381e+002 -4.922509e+001  6.173166e+000
      vertex -6.188202e+002 -4.998608e+001  1.000000e+001
    endloop
  endfacet
  facet normal -6.241121e-002 -9.789396e-001 -1.943762e-001
    outer loop
      vertex -6.274036e+002 -4.867900e+001  6.173166e+000
      vertex -6.188202e+002 -4.998608e+001  1.000000e+001
      vertex -6.275181e+002 -4.943155e+001  1.000000e+001
    endloop
  endfacet
  facet normal -4.699060e-002 -1.935268e-001 -9.799690e-001
    outer loop
      vertex -6.319602e+002 -3.817006e+001  0.000000e+000
      vertex -6.265899e+002 -4.332857e+001  7.612047e-001
      vertex -6.340137e+002 -4.152599e+001  7.612047e-001
    endloop
  endfacet
  facet normal -1.314356e-001 -5.413066e-001 -8.304890e-001
    outer loop
      vertex -6.340137e+002 -4.152599e+001  7.612047e-001
      vertex -6.265899e+002 -4.332857e+001  7.612047e-001
      vertex -6.270777e+002 -4.653592e+001  2.928932e+000
    endloop
  endfacet
  facet normal -1.314351e-001 -5.413060e-001 -8.304894e-001
    outer loop
      vertex -6.340137e+002 -4.152599e+001  7.612047e-001
      vertex -6.270777e+002 -4.653592e+001  2.928932e+000
      vertex -6.350510e+002 -4.459991e+001  2.928932e+000
    endloop
  endfacet
  facet normal -1.964200e-001 -8.089417e-001 -5.541052e-001
    outer loop
      vertex -6.350510e+002 -4.459991e+001  2.928932e+000
      vertex -6.270777e+002 -4.653592e+001  2.928932e+000
      vertex -6.274036e+002 -4.867900e+001  6.173166e+000
    endloop
  endfacet
  facet normal -1.964182e-001 -8.089404e-001 -5.541077e-001
    outer loop
      vertex -6.350510e+002 -4.459991e+001  2.928932e+000
      vertex -6.274036e+002 -4.867900e+001  6.173166e+000
      vertex -6.357442e+002 -4.665383e+001  6.173166e+000
    endloop
  endfacet
  facet normal -2.314531e-001 -9.532301e-001 -1.943755e-001
    outer loop
      vertex -6.357442e+002 -4.665383e+001  6.173166e+000
      vertex -6.274036e+002 -4.867900e+001  6.173166e+000
      vertex -6.275181e+002 -4.943155e+001  1.000000e+001
    endloop
  endfacet
  facet normal -2.314545e-001 -9.532303e-001 -1.943728e-001
    outer loop
      vertex -6.357442e+002 -4.665383e+001  6.173166e+000
      vertex -6.275181e+002 -4.943155e+001  1.000000e+001
      vertex -6.359875e+002 -4.737507e+001  1.000000e+001
    endloop
  endfacet
  facet normal -1.080979e-001 -1.586275e-001 -9.814031e-001
    outer loop
      vertex -6.473713e+002 -3.422870e+001  7.612047e-001
      vertex -6.456569e+002 -3.068755e+001  0.000000e+000
      vertex -6.391770e+002 -3.510330e+001  0.000000e+000
    endloop
  endfacet
  facet normal  7.507443e-002  1.766679e-001 -9.814032e-001
    outer loop
      vertex -6.080398e+002  3.817006e+001  0.000000e+000
      vertex -6.059863e+002  4.152599e+001  7.612047e-001
      vertex -6.008230e+002  3.510330e+001  0.000000e+000
    endloop
  endfacet
  facet normal -1.348789e-001 -1.324388e-001 -9.819713e-001
    outer loop
      vertex -6.456569e+002 -3.068755e+001  0.000000e+000
      vertex -6.528992e+002 -2.895572e+001  7.612047e-001
      vertex -6.511507e+002 -2.509249e+001  0.000000e+000
    endloop
  endfacet
  facet normal -1.565333e-001 -1.025384e-001 -9.823356e-001
    outer loop
      vertex -6.511507e+002 -2.509249e+001  0.000000e+000
      vertex -6.574275e+002 -2.280293e+001  7.612047e-001
      vertex -6.554474e+002 -1.853315e+001  0.000000e+000
    endloop
  endfacet
  facet normal -1.726585e-001 -6.967796e-002 -9.825141e-001
    outer loop
      vertex -6.554474e+002 -1.853315e+001  0.000000e+000
      vertex -6.608186e+002 -1.595728e+001  7.612047e-001
      vertex -6.583820e+002 -1.126158e+001  0.000000e+000
    endloop
  endfacet
  facet normal -1.829344e-001 -3.465565e-002 -9.825141e-001
    outer loop
      vertex -6.583820e+002 -1.126158e+001  0.000000e+000
      vertex -6.629694e+002 -8.626783e+000  7.612047e-001
      vertex -6.598415e+002 -3.557239e+000  0.000000e+000
    endloop
  endfacet
  facet normal -1.871191e-001  1.707073e-003 -9.823357e-001
    outer loop
      vertex -6.598415e+002 -3.557239e+000  0.000000e+000
      vertex -6.638146e+002 -1.034164e+000  7.612047e-001
      vertex -6.597700e+002  4.283805e+000  0.000000e+000
    endloop
  endfacet
  facet normal -1.850555e-001  3.856915e-002 -9.819708e-001
    outer loop
      vertex -6.597700e+002  4.283805e+000  0.000000e+000
      vertex -6.633286e+002  6.589879e+000  7.612047e-001
      vertex -6.581700e+002  1.196023e+001  0.000000e+000
    endloop
  endfacet
  facet normal -1.766675e-001  7.507324e-002 -9.814034e-001
    outer loop
      vertex -6.581700e+002  1.196023e+001  0.000000e+000
      vertex -6.615260e+002  1.401369e+001  7.612047e-001
      vertex -6.551033e+002  1.917702e+001  0.000000e+000
    endloop
  endfacet
  facet normal -1.586272e-001  1.080987e-001 -9.814031e-001
    outer loop
      vertex -6.551033e+002  1.917702e+001  0.000000e+000
      vertex -6.542287e+002  2.737129e+001  7.612047e-001
      vertex -6.506876e+002  2.565685e+001  0.000000e+000
    endloop
  endfacet
  facet normal -1.324396e-001  1.348801e-001 -9.819711e-001
    outer loop
      vertex -6.506876e+002  2.565685e+001  0.000000e+000
      vertex -6.489557e+002  3.289921e+001  7.612047e-001
      vertex -6.450925e+002  3.115071e+001  0.000000e+000
    endloop
  endfacet
  facet normal -1.025385e-001  1.565331e-001 -9.823356e-001
    outer loop
      vertex -6.450925e+002  3.115071e+001  0.000000e+000
      vertex -6.428029e+002  3.742750e+001  7.612047e-001
      vertex -6.385331e+002  3.544746e+001  0.000000e+000
    endloop
  endfacet
  facet normal -6.967919e-002  1.726601e-001 -9.825138e-001
    outer loop
      vertex -6.385331e+002  3.544746e+001  0.000000e+000
      vertex -6.359573e+002  4.081858e+001  7.612047e-001
      vertex -6.312616e+002  3.838198e+001  0.000000e+000
    endloop
  endfacet
  facet normal -3.465581e-002  1.829364e-001 -9.825138e-001
    outer loop
      vertex -6.312616e+002  3.838198e+001  0.000000e+000
      vertex -6.286268e+002  4.296941e+001  7.612047e-001
      vertex -6.235573e+002  3.984151e+001  0.000000e+000
    endloop
  endfacet
  facet normal  1.707711e-003  1.871198e-001 -9.823356e-001
    outer loop
      vertex -6.235573e+002  3.984151e+001  0.000000e+000
      vertex -6.210342e+002  4.381463e+001  7.612047e-001
      vertex -6.157162e+002  3.976995e+001  0.000000e+000
    endloop
  endfacet
  facet normal  3.856864e-002  1.850546e-001 -9.819711e-001
    outer loop
      vertex -6.157162e+002  3.976995e+001  0.000000e+000
      vertex -6.134101e+002  4.332857e+001  7.612047e-001
      vertex -6.080398e+002  3.817006e+001  0.000000e+000
    endloop
  endfacet
  facet normal  7.854046e-002  1.793642e-001 -9.806426e-001
    outer loop
      vertex -6.008230e+002  3.510330e+001  0.000000e+000
      vertex -6.059863e+002  4.152599e+001  7.612047e-001
      vertex -5.989883e+002  3.846167e+001  7.612047e-001
    endloop
  endfacet
  facet normal  2.234337e-001  5.102593e-001 -8.304895e-001
    outer loop
      vertex -5.989883e+002  3.846167e+001  7.612047e-001
      vertex -6.059863e+002  4.152599e+001  7.612047e-001
      vertex -6.049490e+002  4.459991e+001  2.928932e+000
    endloop
  endfacet
  facet normal  2.234345e-001  5.102599e-001 -8.304889e-001
    outer loop
      vertex -5.989883e+002  3.846167e+001  7.612047e-001
      vertex -6.049490e+002  4.459991e+001  2.928932e+000
      vertex -5.974329e+002  4.130875e+001  2.928932e+000
    endloop
  endfacet
  facet normal  3.339048e-001  7.625422e-001 -5.541090e-001
    outer loop
      vertex -5.974329e+002  4.130875e+001  2.928932e+000
      vertex -6.049490e+002  4.459991e+001  2.928932e+000
      vertex -6.042558e+002  4.665383e+001  6.173166e+000
    endloop
  endfacet
  facet normal  3.339082e-001  7.625439e-001 -5.541047e-001
    outer loop
      vertex -5.974329e+002  4.130875e+001  2.928932e+000
      vertex -6.042558e+002  4.665383e+001  6.173166e+000
      vertex -5.963937e+002  4.321111e+001  6.173166e+000
    endloop
  endfacet
  facet normal  3.934664e-001  8.985567e-001 -1.943708e-001
    outer loop
      vertex -5.963937e+002  4.321111e+001  6.173166e+000
      vertex -6.042558e+002  4.665383e+001  6.173166e+000
      vertex -6.040125e+002  4.737507e+001  1.000000e+001
    endloop
  endfacet
  facet normal  3.934646e-001  8.985568e-001 -1.943745e-001
    outer loop
      vertex -5.963937e+002  4.321111e+001  6.173166e+000
      vertex -6.040125e+002  4.737507e+001  1.000000e+001
      vertex -5.960287e+002  4.387913e+001  1.000000e+001
    endloop
  endfacet
  facet normal -1.084940e-001 -1.630002e-001 -9.806427e-001
    outer loop
      vertex -6.391770e+002 -3.510330e+001  0.000000e+000
      vertex -6.410117e+002 -3.846167e+001  7.612047e-001
      vertex -6.473713e+002 -3.422870e+001  7.612047e-001
    endloop
  endfacet
  facet normal -3.086472e-001 -4.637082e-001 -8.304888e-001
    outer loop
      vertex -6.473713e+002 -3.422870e+001  7.612047e-001
      vertex -6.410117e+002 -3.846167e+001  7.612047e-001
      vertex -6.425671e+002 -4.130875e+001  2.928932e+000
    endloop
  endfacet
  facet normal -3.086472e-001 -4.637081e-001 -8.304888e-001
    outer loop
      vertex -6.473713e+002 -3.422870e+001  7.612047e-001
      vertex -6.425671e+002 -4.130875e+001  2.928932e+000
      vertex -6.493974e+002 -3.676244e+001  2.928932e+000
    endloop
  endfacet
  facet normal -4.612500e-001 -6.929770e-001 -5.541041e-001
    outer loop
      vertex -6.493974e+002 -3.676244e+001  2.928932e+000
      vertex -6.425671e+002 -4.130875e+001  2.928932e+000
      vertex -6.436063e+002 -4.321111e+001  6.173166e+000
    endloop
  endfacet
  facet normal -4.612479e-001 -6.929764e-001 -5.541066e-001
    outer loop
      vertex -6.493974e+002 -3.676244e+001  2.928932e+000
      vertex -6.436063e+002 -4.321111e+001  6.173166e+000
      vertex -6.507512e+002 -3.845544e+001  6.173166e+000
    endloop
  endfacet
  facet normal -5.435197e-001 -8.165812e-001 -1.943741e-001
    outer loop
      vertex -6.507512e+002 -3.845544e+001  6.173166e+000
      vertex -6.436063e+002 -4.321111e+001  6.173166e+000
      vertex -6.439713e+002 -4.387913e+001  1.000000e+001
    endloop
  endfacet
  facet normal -5.435182e-001 -8.165815e-001 -1.943771e-001
    outer loop
      vertex -6.507512e+002 -3.845544e+001  6.173166e+000
      vertex -6.439713e+002 -4.387913e+001  1.000000e+001
      vertex -6.512266e+002 -3.904994e+001  1.000000e+001
    endloop
  endfacet
  facet normal -1.374581e-001 -1.441047e-001 -9.799689e-001
    outer loop
      vertex -6.456569e+002 -3.068755e+001  0.000000e+000
      vertex -6.473713e+002 -3.422870e+001  7.612047e-001
      vertex -6.528992e+002 -2.895572e+001  7.612047e-001
    endloop
  endfacet
  facet normal -3.844783e-001 -4.030693e-001 -8.304887e-001
    outer loop
      vertex -6.528992e+002 -2.895572e+001  7.612047e-001
      vertex -6.473713e+002 -3.422870e+001  7.612047e-001
      vertex -6.493974e+002 -3.676244e+001  2.928932e+000
    endloop
  endfacet
  facet normal -3.844800e-001 -4.030697e-001 -8.304878e-001
    outer loop
      vertex -6.528992e+002 -2.895572e+001  7.612047e-001
      vertex -6.493974e+002 -3.676244e+001  2.928932e+000
      vertex -6.553345e+002 -3.109913e+001  2.928932e+000
    endloop
  endfacet
  facet normal -5.745736e-001 -6.023544e-001 -5.541067e-001
    outer loop
      vertex -6.553345e+002 -3.109913e+001  2.928932e+000
      vertex -6.493974e+002 -3.676244e+001  2.928932e+000
      vertex -6.507512e+002 -3.845544e+001  6.173166e+000
    endloop
  endfacet
  facet normal -5.745715e-001 -6.023542e-001 -5.541092e-001
    outer loop
      vertex -6.553345e+002 -3.109913e+001  2.928932e+000
      vertex -6.507512e+002 -3.845544e+001  6.173166e+000
      vertex -6.569618e+002 -3.253132e+001  6.173166e+000
    endloop
  endfacet
  facet normal -6.770577e-001 -7.097960e-001 -1.943773e-001
    outer loop
      vertex -6.569618e+002 -3.253132e+001  6.173166e+000
      vertex -6.507512e+002 -3.845544e+001  6.173166e+000
      vertex -6.512266e+002 -3.904994e+001  1.000000e+001
    endloop
  endfacet
  facet normal -6.770583e-001 -7.097958e-001 -1.943761e-001
    outer loop
      vertex -6.569618e+002 -3.253132e+001  6.173166e+000
      vertex -6.512266e+002 -3.904994e+001  1.000000e+001
      vertex -6.575332e+002 -3.303423e+001  1.000000e+001
    endloop
  endfacet
  facet normal -1.623728e-001 -1.195013e-001 -9.794664e-001
    outer loop
      vertex -6.511507e+002 -2.509249e+001  0.000000e+000
      vertex -6.528992e+002 -2.895572e+001  7.612047e-001
      vertex -6.574275e+002 -2.280293e+001  7.612047e-001
    endloop
  endfacet
  facet normal -4.486332e-001 -3.301799e-001 -8.304874e-001
    outer loop
      vertex -6.574275e+002 -2.280293e+001  7.612047e-001
      vertex -6.528992e+002 -2.895572e+001  7.612047e-001
      vertex -6.553345e+002 -3.109913e+001  2.928932e+000
    endloop
  endfacet
  facet normal -4.486262e-001 -3.301792e-001 -8.304916e-001
    outer loop
      vertex -6.574275e+002 -2.280293e+001  7.612047e-001
      vertex -6.553345e+002 -3.109913e+001  2.928932e+000
      vertex -6.601981e+002 -2.449089e+001  2.928932e+000
    endloop
  endfacet
  facet normal -6.704399e-001 -4.934294e-001 -5.541098e-001
    outer loop
      vertex -6.601981e+002 -2.449089e+001  2.928932e+000
      vertex -6.553345e+002 -3.109913e+001  2.928932e+000
      vertex -6.569618e+002 -3.253132e+001  6.173166e+000
    endloop
  endfacet
  facet normal -6.704447e-001 -4.934291e-001 -5.541044e-001
    outer loop
      vertex -6.601981e+002 -2.449089e+001  2.928932e+000
      vertex -6.569618e+002 -3.253132e+001  6.173166e+000
      vertex -6.620493e+002 -2.561875e+001  6.173166e+000
    endloop
  endfacet
  facet normal -7.900289e-001 -5.814399e-001 -1.943763e-001
    outer loop
      vertex -6.620493e+002 -2.561875e+001  6.173166e+000
      vertex -6.569618e+002 -3.253132e+001  6.173166e+000
      vertex -6.575332e+002 -3.303423e+001  1.000000e+001
    endloop
  endfacet
  facet normal -7.900319e-001 -5.814380e-001 -1.943694e-001
    outer loop
      vertex -6.620493e+002 -2.561875e+001  6.173166e+000
      vertex -6.575332e+002 -3.303423e+001  1.000000e+001
      vertex -6.626993e+002 -2.601480e+001  1.000000e+001
    endloop
  endfacet
  facet normal -1.820048e-001 -9.015936e-002 -9.791555e-001
    outer loop
      vertex -6.554474e+002 -1.853315e+001  0.000000e+000
      vertex -6.574275e+002 -2.280293e+001  7.612047e-001
      vertex -6.608186e+002 -1.595728e+001  7.612047e-001
    endloop
  endfacet
  facet normal -4.991447e-001 -2.472603e-001 -8.304921e-001
    outer loop
      vertex -6.608186e+002 -1.595728e+001  7.612047e-001
      vertex -6.574275e+002 -2.280293e+001  7.612047e-001
      vertex -6.601981e+002 -2.449089e+001  2.928932e+000
    endloop
  endfacet
  facet normal -4.991502e-001 -2.472598e-001 -8.304887e-001
    outer loop
      vertex -6.608186e+002 -1.595728e+001  7.612047e-001
      vertex -6.601981e+002 -2.449089e+001  2.928932e+000
      vertex -6.638401e+002 -1.713850e+001  2.928932e+000
    endloop
  endfacet
  facet normal -7.459424e-001 -3.695112e-001 -5.541040e-001
    outer loop
      vertex -6.638401e+002 -1.713850e+001  2.928932e+000
      vertex -6.601981e+002 -2.449089e+001  2.928932e+000
      vertex -6.620493e+002 -2.561875e+001  6.173166e+000
    endloop
  endfacet
  facet normal -7.459428e-001 -3.695112e-001 -5.541039e-001
    outer loop
      vertex -6.638401e+002 -1.713850e+001  2.928932e+000
      vertex -6.620493e+002 -2.561875e+001  6.173166e+000
      vertex -6.658591e+002 -1.792777e+001  6.173166e+000
    endloop
  endfacet
  facet normal -8.789941e-001 -4.354197e-001 -1.943686e-001
    outer loop
      vertex -6.658591e+002 -1.792777e+001  6.173166e+000
      vertex -6.620493e+002 -2.561875e+001  6.173166e+000
      vertex -6.626993e+002 -2.601480e+001  1.000000e+001
    endloop
  endfacet
  facet normal -8.789940e-001 -4.354198e-001 -1.943688e-001
    outer loop
      vertex -6.658591e+002 -1.792777e+001  6.173166e+000
      vertex -6.626993e+002 -2.601480e+001  1.000000e+001
      vertex -6.665680e+002 -1.820492e+001  1.000000e+001
    endloop
  endfacet
  facet normal -1.953803e-001 -5.732591e-002 -9.790506e-001
    outer loop
      vertex -6.583820e+002 -1.126158e+001  0.000000e+000
      vertex -6.608186e+002 -1.595728e+001  7.612047e-001
      vertex -6.629694e+002 -8.626783e+000  7.612047e-001
    endloop
  endfacet
  facet normal -5.345033e-001 -1.568269e-001 -8.304887e-001
    outer loop
      vertex -6.629694e+002 -8.626783e+000  7.612047e-001
      vertex -6.608186e+002 -1.595728e+001  7.612047e-001
      vertex -6.638401e+002 -1.713850e+001  2.928932e+000
    endloop
  endfacet
  facet normal -5.345073e-001 -1.568259e-001 -8.304863e-001
    outer loop
      vertex -6.629694e+002 -8.626783e+000  7.612047e-001
      vertex -6.638401e+002 -1.713850e+001  2.928932e+000
      vertex -6.661501e+002 -9.265371e+000  2.928932e+000
    endloop
  endfacet
  facet normal -7.987762e-001 -2.343630e-001 -5.541034e-001
    outer loop
      vertex -6.661501e+002 -9.265371e+000  2.928932e+000
      vertex -6.638401e+002 -1.713850e+001  2.928932e+000
      vertex -6.658591e+002 -1.792777e+001  6.173166e+000
    endloop
  endfacet
  facet normal -7.987676e-001 -2.343668e-001 -5.541142e-001
    outer loop
      vertex -6.661501e+002 -9.265371e+000  2.928932e+000
      vertex -6.658591e+002 -1.792777e+001  6.173166e+000
      vertex -6.682755e+002 -9.692062e+000  6.173166e+000
    endloop
  endfacet
  facet normal -9.412491e-001 -2.761724e-001 -1.943683e-001
    outer loop
      vertex -6.682755e+002 -9.692062e+000  6.173166e+000
      vertex -6.658591e+002 -1.792777e+001  6.173166e+000
      vertex -6.665680e+002 -1.820492e+001  1.000000e+001
    endloop
  endfacet
  facet normal -9.412493e-001 -2.761721e-001 -1.943676e-001
    outer loop
      vertex -6.682755e+002 -9.692062e+000  6.173166e+000
      vertex -6.665680e+002 -1.820492e+001  1.000000e+001
      vertex -6.690218e+002 -9.841896e+000  1.000000e+001
    endloop
  endfacet
  facet normal -2.018642e-001 -2.247164e-002 -9.791557e-001
    outer loop
      vertex -6.598415e+002 -3.557239e+000  0.000000e+000
      vertex -6.629694e+002 -8.626783e+000  7.612047e-001
      vertex -6.638146e+002 -1.034164e+000  7.612047e-001
    endloop
  endfacet
  facet normal -5.536196e-001 -6.162925e-002 -8.304861e-001
    outer loop
      vertex -6.638146e+002 -1.034164e+000  7.612047e-001
      vertex -6.629694e+002 -8.626783e+000  7.612047e-001
      vertex -6.661501e+002 -9.265371e+000  2.928932e+000
    endloop
  endfacet
  facet normal -5.536128e-001 -6.163231e-002 -8.304904e-001
    outer loop
      vertex -6.638146e+002 -1.034164e+000  7.612047e-001
      vertex -6.661501e+002 -9.265371e+000  2.928932e+000
      vertex -6.670580e+002 -1.110716e+000  2.928932e+000
    endloop
  endfacet
  facet normal -8.273292e-001 -9.210445e-002 -5.541147e-001
    outer loop
      vertex -6.670580e+002 -1.110716e+000  2.928932e+000
      vertex -6.661501e+002 -9.265371e+000  2.928932e+000
      vertex -6.682755e+002 -9.692062e+000  6.173166e+000
    endloop
  endfacet
  facet normal -8.273367e-001 -9.209947e-002 -5.541044e-001
    outer loop
      vertex -6.670580e+002 -1.110716e+000  2.928932e+000
      vertex -6.682755e+002 -9.692062e+000  6.173166e+000
      vertex -6.692251e+002 -1.161867e+000  6.173166e+000
    endloop
  endfacet
  facet normal -9.749067e-001 -1.085270e-001 -1.943673e-001
    outer loop
      vertex -6.692251e+002 -1.161867e+000  6.173166e+000
      vertex -6.682755e+002 -9.692062e+000  6.173166e+000
      vertex -6.690218e+002 -9.841896e+000  1.000000e+001
    endloop
  endfacet
  facet normal -9.749050e-001 -1.085302e-001 -1.943745e-001
    outer loop
      vertex -6.692251e+002 -1.161867e+000  6.173166e+000
      vertex -6.690218e+002 -9.841896e+000  1.000000e+001
      vertex -6.699861e+002 -1.179829e+000  1.000000e+001
    endloop
  endfacet
  facet normal -2.012008e-001  1.282791e-002 -9.794660e-001
    outer loop
      vertex -6.597700e+002  4.283805e+000  0.000000e+000
      vertex -6.638146e+002 -1.034164e+000  7.612047e-001
      vertex -6.633286e+002  6.589879e+000  7.612047e-001
    endloop
  endfacet
  facet normal -5.559042e-001  3.544263e-002 -8.304904e-001
    outer loop
      vertex -6.633286e+002  6.589879e+000  7.612047e-001
      vertex -6.638146e+002 -1.034164e+000  7.612047e-001
      vertex -6.670580e+002 -1.110716e+000  2.928932e+000
    endloop
  endfacet
  facet normal -5.559074e-001  3.544479e-002 -8.304883e-001
    outer loop
      vertex -6.633286e+002  6.589879e+000  7.612047e-001
      vertex -6.670580e+002 -1.110716e+000  2.928932e+000
      vertex -6.665359e+002  7.077687e+000  2.928932e+000
    endloop
  endfacet
  facet normal -8.307604e-001  5.296949e-002 -5.541041e-001
    outer loop
      vertex -6.665359e+002  7.077687e+000  2.928932e+000
      vertex -6.670580e+002 -1.110716e+000  2.928932e+000
      vertex -6.692251e+002 -1.161867e+000  6.173166e+000
    endloop
  endfacet
  facet normal -8.307542e-001  5.296360e-002 -5.541140e-001
    outer loop
      vertex -6.665359e+002  7.077687e+000  2.928932e+000
      vertex -6.692251e+002 -1.161867e+000  6.173166e+000
      vertex -6.686790e+002  7.403630e+000  6.173166e+000
    endloop
  endfacet
  facet normal -9.789400e-001  6.241098e-002 -1.943745e-001
    outer loop
      vertex -6.686790e+002  7.403630e+000  6.173166e+000
      vertex -6.692251e+002 -1.161867e+000  6.173166e+000
      vertex -6.699861e+002 -1.179829e+000  1.000000e+001
    endloop
  endfacet
  facet normal -9.789391e-001  6.240875e-002 -1.943792e-001
    outer loop
      vertex -6.686790e+002  7.403630e+000  6.173166e+000
      vertex -6.699861e+002 -1.179829e+000  1.000000e+001
      vertex -6.694316e+002  7.518086e+000  1.000000e+001
    endloop
  endfacet
  facet normal -1.935263e-001  4.698947e-002 -9.799692e-001
    outer loop
      vertex -6.581700e+002  1.196023e+001  0.000000e+000
      vertex -6.633286e+002  6.589879e+000  7.612047e-001
      vertex -6.615260e+002  1.401369e+001  7.612047e-001
    endloop
  endfacet
  facet normal -5.413083e-001  1.314333e-001 -8.304882e-001
    outer loop
      vertex -6.615260e+002  1.401369e+001  7.612047e-001
      vertex -6.633286e+002  6.589879e+000  7.612047e-001
      vertex -6.665359e+002  7.077687e+000  2.928932e+000
    endloop
  endfacet
  facet normal -5.413075e-001  1.314325e-001 -8.304889e-001
    outer loop
      vertex -6.615260e+002  1.401369e+001  7.612047e-001
      vertex -6.665359e+002  7.077687e+000  2.928932e+000
      vertex -6.645999e+002  1.505104e+001  2.928932e+000
    endloop
  endfacet
  facet normal -8.089370e-001  1.964144e-001 -5.541139e-001
    outer loop
      vertex -6.645999e+002  1.505104e+001  2.928932e+000
      vertex -6.665359e+002  7.077687e+000  2.928932e+000
      vertex -6.686790e+002  7.403630e+000  6.173166e+000
    endloop
  endfacet
  facet normal -8.089438e-001  1.964236e-001 -5.541008e-001
    outer loop
      vertex -6.645999e+002  1.505104e+001  2.928932e+000
      vertex -6.686790e+002  7.403630e+000  6.173166e+000
      vertex -6.666538e+002  1.574417e+001  6.173166e+000
    endloop
  endfacet
  facet normal -9.532282e-001  2.314580e-001 -1.943791e-001
    outer loop
      vertex -6.666538e+002  1.574417e+001  6.173166e+000
      vertex -6.686790e+002  7.403630e+000  6.173166e+000
      vertex -6.694316e+002  7.518086e+000  1.000000e+001
    endloop
  endfacet
  facet normal -9.532282e-001  2.314582e-001 -1.943785e-001
    outer loop
      vertex -6.666538e+002  1.574417e+001  6.173166e+000
      vertex -6.694316e+002  7.518086e+000  1.000000e+001
      vertex -6.673751e+002  1.598757e+001  1.000000e+001
    endloop
  endfacet
  facet normal -1.793656e-001  7.854170e-002 -9.806422e-001
    outer loop
      vertex -6.551033e+002  1.917702e+001  0.000000e+000
      vertex -6.615260e+002  1.401369e+001  7.612047e-001
      vertex -6.584617e+002  2.101170e+001  7.612047e-001
    endloop
  endfacet
  facet normal -5.102594e-001  2.234354e-001 -8.304890e-001
    outer loop
      vertex -6.584617e+002  2.101170e+001  7.612047e-001
      vertex -6.615260e+002  1.401369e+001  7.612047e-001
      vertex -6.645999e+002  1.505104e+001  2.928932e+000
    endloop
  endfacet
  facet normal -5.102575e-001  2.234327e-001 -8.304909e-001
    outer loop
      vertex -6.584617e+002  2.101170e+001  7.612047e-001
      vertex -6.645999e+002  1.505104e+001  2.928932e+000
      vertex -6.613088e+002  2.256707e+001  2.928932e+000
    endloop
  endfacet
  facet normal -7.625476e-001  3.339061e-001 -5.541010e-001
    outer loop
      vertex -6.613088e+002  2.256707e+001  2.928932e+000
      vertex -6.645999e+002  1.505104e+001  2.928932e+000
      vertex -6.666538e+002  1.574417e+001  6.173166e+000
    endloop
  endfacet
  facet normal -7.625467e-001  3.339043e-001 -5.541034e-001
    outer loop
      vertex -6.613088e+002  2.256707e+001  2.928932e+000
      vertex -6.666538e+002  1.574417e+001  6.173166e+000
      vertex -6.632111e+002  2.360634e+001  6.173166e+000
    endloop
  endfacet
  facet normal -8.985575e-001  3.934608e-001 -1.943784e-001
    outer loop
      vertex -6.632111e+002  2.360634e+001  6.173166e+000
      vertex -6.666538e+002  1.574417e+001  6.173166e+000
      vertex -6.673751e+002  1.598757e+001  1.000000e+001
    endloop
  endfacet
  facet normal -8.985575e-001  3.934609e-001 -1.943782e-001
    outer loop
      vertex -6.632111e+002  2.360634e+001  6.173166e+000
      vertex -6.673751e+002  1.598757e+001  1.000000e+001
      vertex -6.638792e+002  2.397128e+001  1.000000e+001
    endloop
  endfacet
  facet normal -1.630020e-001  1.084950e-001 -9.806423e-001
    outer loop
      vertex -6.551033e+002  1.917702e+001  0.000000e+000
      vertex -6.584617e+002  2.101170e+001  7.612047e-001
      vertex -6.542287e+002  2.737129e+001  7.612047e-001
    endloop
  endfacet
  facet normal -4.637060e-001  3.086451e-001 -8.304908e-001
    outer loop
      vertex -6.542287e+002  2.737129e+001  7.612047e-001
      vertex -6.584617e+002  2.101170e+001  7.612047e-001
      vertex -6.613088e+002  2.256707e+001  2.928932e+000
    endloop
  endfacet
  facet normal -4.637067e-001  3.086464e-001 -8.304899e-001
    outer loop
      vertex -6.542287e+002  2.737129e+001  7.612047e-001
      vertex -6.613088e+002  2.256707e+001  2.928932e+000
      vertex -6.567625e+002  2.939742e+001  2.928932e+000
    endloop
  endfacet
  facet normal -6.929770e-001  4.612504e-001 -5.541037e-001
    outer loop
      vertex -6.567625e+002  2.939742e+001  2.928932e+000
      vertex -6.613088e+002  2.256707e+001  2.928932e+000
      vertex -6.632111e+002  2.360634e+001  6.173166e+000
    endloop
  endfacet
  facet normal -6.929765e-001  4.612484e-001 -5.541061e-001
    outer loop
      vertex -6.567625e+002  2.939742e+001  2.928932e+000
      vertex -6.632111e+002  2.360634e+001  6.173166e+000
      vertex -6.584554e+002  3.075123e+001  6.173166e+000
    endloop
  endfacet
  facet normal -8.165804e-001  5.435197e-001 -1.943780e-001
    outer loop
      vertex -6.584554e+002  3.075123e+001  6.173166e+000
      vertex -6.632111e+002  2.360634e+001  6.173166e+000
      vertex -6.638792e+002  2.397128e+001  1.000000e+001
    endloop
  endfacet
  facet normal -8.165798e-001  5.435224e-001 -1.943725e-001
    outer loop
      vertex -6.584554e+002  3.075123e+001  6.173166e+000
      vertex -6.638792e+002  2.397128e+001  1.000000e+001
      vertex -6.590499e+002  3.122663e+001  1.000000e+001
    endloop
  endfacet
  facet normal -1.441042e-001  1.374591e-001 -9.799690e-001
    outer loop
      vertex -6.506876e+002  2.565685e+001  0.000000e+000
      vertex -6.542287e+002  2.737129e+001  7.612047e-001
      vertex -6.489557e+002  3.289921e+001  7.612047e-001
    endloop
  endfacet
  facet normal -4.030662e-001  3.844795e-001 -8.304898e-001
    outer loop
      vertex -6.489557e+002  3.289921e+001  7.612047e-001
      vertex -6.542287e+002  2.737129e+001  7.612047e-001
      vertex -6.567625e+002  2.939742e+001  2.928932e+000
    endloop
  endfacet
  facet normal -4.030660e-001  3.844789e-001 -8.304901e-001
    outer loop
      vertex -6.489557e+002  3.289921e+001  7.612047e-001
      vertex -6.567625e+002  2.939742e+001  2.928932e+000
      vertex -6.510991e+002  3.533453e+001  2.928932e+000
    endloop
  endfacet
  facet normal -6.023530e-001  5.745758e-001 -5.541059e-001
    outer loop
      vertex -6.510991e+002  3.533453e+001  2.928932e+000
      vertex -6.567625e+002  2.939742e+001  2.928932e+000
      vertex -6.584554e+002  3.075123e+001  6.173166e+000
    endloop
  endfacet
  facet normal -6.023529e-001  5.745750e-001 -5.541070e-001
    outer loop
      vertex -6.510991e+002  3.533453e+001  2.928932e+000
      vertex -6.584554e+002  3.075123e+001  6.173166e+000
      vertex -6.525313e+002  3.696177e+001  6.173166e+000
    endloop
  endfacet
  facet normal -7.097939e-001  6.770611e-001 -1.943729e-001
    outer loop
      vertex -6.525313e+002  3.696177e+001  6.173166e+000
      vertex -6.584554e+002  3.075123e+001  6.173166e+000
      vertex -6.590499e+002  3.122663e+001  1.000000e+001
    endloop
  endfacet
  facet normal -7.097948e-001  6.770588e-001 -1.943782e-001
    outer loop
      vertex -6.525313e+002  3.696177e+001  6.173166e+000
      vertex -6.590499e+002  3.122663e+001  1.000000e+001
      vertex -6.530342e+002  3.753318e+001  1.000000e+001
    endloop
  endfacet
  facet normal -1.195027e-001  1.623730e-001 -9.794662e-001
    outer loop
      vertex -6.450925e+002  3.115071e+001  0.000000e+000
      vertex -6.489557e+002  3.289921e+001  7.612047e-001
      vertex -6.428029e+002  3.742750e+001  7.612047e-001
    endloop
  endfacet
  facet normal -3.301801e-001  4.486287e-001 -8.304899e-001
    outer loop
      vertex -6.428029e+002  3.742750e+001  7.612047e-001
      vertex -6.489557e+002  3.289921e+001  7.612047e-001
      vertex -6.510991e+002  3.533453e+001  2.928932e+000
    endloop
  endfacet
  facet normal -3.301800e-001  4.486277e-001 -8.304904e-001
    outer loop
      vertex -6.428029e+002  3.742750e+001  7.612047e-001
      vertex -6.510991e+002  3.533453e+001  2.928932e+000
      vertex -6.444909e+002  4.019803e+001  2.928932e+000
    endloop
  endfacet
  facet normal -4.934301e-001  6.704417e-001 -5.541069e-001
    outer loop
      vertex -6.444909e+002  4.019803e+001  2.928932e+000
      vertex -6.510991e+002  3.533453e+001  2.928932e+000
      vertex -6.525313e+002  3.696177e+001  6.173166e+000
    endloop
  endfacet
  facet normal -4.934301e-001  6.704419e-001 -5.541067e-001
    outer loop
      vertex -6.444909e+002  4.019803e+001  2.928932e+000
      vertex -6.525313e+002  3.696177e+001  6.173166e+000
      vertex -6.456188e+002  4.204924e+001  6.173166e+000
    endloop
  endfacet
  facet normal -5.814419e-001  7.900268e-001 -1.943778e-001
    outer loop
      vertex -6.456188e+002  4.204924e+001  6.173166e+000
      vertex -6.525313e+002  3.696177e+001  6.173166e+000
      vertex -6.530342e+002  3.753318e+001  1.000000e+001
    endloop
  endfacet
  facet normal -5.814418e-001  7.900273e-001 -1.943769e-001
    outer loop
      vertex -6.456188e+002  4.204924e+001  6.173166e+000
      vertex -6.530342e+002  3.753318e+001  1.000000e+001
      vertex -6.460148e+002  4.269930e+001  1.000000e+001
    endloop
  endfacet
  facet normal -9.015898e-002  1.820058e-001 -9.791554e-001
    outer loop
      vertex -6.385331e+002  3.544746e+001  0.000000e+000
      vertex -6.428029e+002  3.742750e+001  7.612047e-001
      vertex -6.359573e+002  4.081858e+001  7.612047e-001
    endloop
  endfacet
  facet normal -2.472596e-001  4.991481e-001 -8.304902e-001
    outer loop
      vertex -6.359573e+002  4.081858e+001  7.612047e-001
      vertex -6.428029e+002  3.742750e+001  7.612047e-001
      vertex -6.444909e+002  4.019803e+001  2.928932e+000
    endloop
  endfacet
  facet normal -2.472594e-001  4.991503e-001 -8.304889e-001
    outer loop
      vertex -6.359573e+002  4.081858e+001  7.612047e-001
      vertex -6.444909e+002  4.019803e+001  2.928932e+000
      vertex -6.371385e+002  4.384013e+001  2.928932e+000
    endloop
  endfacet
  facet normal -3.695099e-001  7.459413e-001 -5.541065e-001
    outer loop
      vertex -6.371385e+002  4.384013e+001  2.928932e+000
      vertex -6.444909e+002  4.019803e+001  2.928932e+000
      vertex -6.456188e+002  4.204924e+001  6.173166e+000
    endloop
  endfacet
  facet normal -3.695105e-001  7.459389e-001 -5.541093e-001
    outer loop
      vertex -6.371385e+002  4.384013e+001  2.928932e+000
      vertex -6.456188e+002  4.204924e+001  6.173166e+000
      vertex -6.379278e+002  4.585907e+001  6.173166e+000
    endloop
  endfacet
  facet normal -4.354201e-001  8.789921e-001 -1.943768e-001
    outer loop
      vertex -6.379278e+002  4.585907e+001  6.173166e+000
      vertex -6.456188e+002  4.204924e+001  6.173166e+000
      vertex -6.460148e+002  4.269930e+001  1.000000e+001
    endloop
  endfacet
  facet normal -4.354181e-001  8.789945e-001 -1.943706e-001
    outer loop
      vertex -6.379278e+002  4.585907e+001  6.173166e+000
      vertex -6.460148e+002  4.269930e+001  1.000000e+001
      vertex -6.382049e+002  4.656802e+001  1.000000e+001
    endloop
  endfacet
  facet normal -5.732681e-002  1.953829e-001 -9.790501e-001
    outer loop
      vertex -6.312616e+002  3.838198e+001  0.000000e+000
      vertex -6.359573e+002  4.081858e+001  7.612047e-001
      vertex -6.286268e+002  4.296941e+001  7.612047e-001
    endloop
  endfacet
  facet normal -1.568272e-001  5.345030e-001 -8.304888e-001
    outer loop
      vertex -6.286268e+002  4.296941e+001  7.612047e-001
      vertex -6.359573e+002  4.081858e+001  7.612047e-001
      vertex -6.371385e+002  4.384013e+001  2.928932e+000
    endloop
  endfacet
  facet normal -1.568277e-001  5.345013e-001 -8.304899e-001
    outer loop
      vertex -6.286268e+002  4.296941e+001  7.612047e-001
      vertex -6.371385e+002  4.384013e+001  2.928932e+000
      vertex -6.292654e+002  4.615017e+001  2.928932e+000
    endloop
  endfacet
  facet normal -2.343671e-001  7.987717e-001 -5.541082e-001
    outer loop
      vertex -6.292654e+002  4.615017e+001  2.928932e+000
      vertex -6.371385e+002  4.384013e+001  2.928932e+000
      vertex -6.379278e+002  4.585907e+001  6.173166e+000
    endloop
  endfacet
  facet normal -2.343663e-001  7.987733e-001 -5.541061e-001
    outer loop
      vertex -6.292654e+002  4.615017e+001  2.928932e+000
      vertex -6.379278e+002  4.585907e+001  6.173166e+000
      vertex -6.296921e+002  4.827549e+001  6.173166e+000
    endloop
  endfacet
  facet normal -2.761698e-001  9.412489e-001 -1.943727e-001
    outer loop
      vertex -6.296921e+002  4.827549e+001  6.173166e+000
      vertex -6.379278e+002  4.585907e+001  6.173166e+000
      vertex -6.382049e+002  4.656802e+001  1.000000e+001
    endloop
  endfacet
  facet normal -2.761711e-001  9.412478e-001 -1.943762e-001
    outer loop
      vertex -6.296921e+002  4.827549e+001  6.173166e+000
      vertex -6.382049e+002  4.656802e+001  1.000000e+001
      vertex -6.298419e+002  4.902180e+001  1.000000e+001
    endloop
  endfacet
  facet normal -2.247219e-002  2.018656e-001 -9.791554e-001
    outer loop
      vertex -6.235573e+002  3.984151e+001  0.000000e+000
      vertex -6.286268e+002  4.296941e+001  7.612047e-001
      vertex -6.210342e+002  4.381463e+001  7.612047e-001
    endloop
  endfacet
  facet normal -6.162973e-002  5.536141e-001 -8.304896e-001
    outer loop
      vertex -6.210342e+002  4.381463e+001  7.612047e-001
      vertex -6.286268e+002  4.296941e+001  7.612047e-001
      vertex -6.292654e+002  4.615017e+001  2.928932e+000
    endloop
  endfacet
  facet normal -6.162917e-002  5.536155e-001 -8.304889e-001
    outer loop
      vertex -6.210342e+002  4.381463e+001  7.612047e-001
      vertex -6.292654e+002  4.615017e+001  2.928932e+000
      vertex -6.211107e+002  4.705796e+001  2.928932e+000
    endloop
  endfacet
  facet normal -9.210004e-002  8.273356e-001 -5.541059e-001
    outer loop
      vertex -6.211107e+002  4.705796e+001  2.928932e+000
      vertex -6.292654e+002  4.615017e+001  2.928932e+000
      vertex -6.296921e+002  4.827549e+001  6.173166e+000
    endloop
  endfacet
  facet normal -9.210024e-002  8.273353e-001 -5.541064e-001
    outer loop
      vertex -6.211107e+002  4.705796e+001  2.928932e+000
      vertex -6.296921e+002  4.827549e+001  6.173166e+000
      vertex -6.211619e+002  4.922509e+001  6.173166e+000
    endloop
  endfacet
  facet normal -1.085279e-001  9.749050e-001 -1.943759e-001
    outer loop
      vertex -6.211619e+002  4.922509e+001  6.173166e+000
      vertex -6.296921e+002  4.827549e+001  6.173166e+000
      vertex -6.298419e+002  4.902180e+001  1.000000e+001
    endloop
  endfacet
  facet normal -1.085275e-001  9.749051e-001 -1.943749e-001
    outer loop
      vertex -6.211619e+002  4.922509e+001  6.173166e+000
      vertex -6.298419e+002  4.902180e+001  1.000000e+001
      vertex -6.211798e+002  4.998608e+001  1.000000e+001
    endloop
  endfacet
  facet normal  1.282727e-002  2.011999e-001 -9.794662e-001
    outer loop
      vertex -6.157162e+002  3.976995e+001  0.000000e+000
      vertex -6.210342e+002  4.381463e+001  7.612047e-001
      vertex -6.134101e+002  4.332857e+001  7.612047e-001
    endloop
  endfacet
  facet normal  3.544118e-002  5.559063e-001 -8.304890e-001
    outer loop
      vertex -6.134101e+002  4.332857e+001  7.612047e-001
      vertex -6.210342e+002  4.381463e+001  7.612047e-001
      vertex -6.211107e+002  4.705796e+001  2.928932e+000
    endloop
  endfacet
  facet normal  3.544104e-002  5.559061e-001 -8.304892e-001
    outer loop
      vertex -6.134101e+002  4.332857e+001  7.612047e-001
      vertex -6.211107e+002  4.705796e+001  2.928932e+000
      vertex -6.129223e+002  4.653592e+001  2.928932e+000
    endloop
  endfacet
  facet normal  5.296393e-002  8.307592e-001 -5.541064e-001
    outer loop
      vertex -6.129223e+002  4.653592e+001  2.928932e+000
      vertex -6.211107e+002  4.705796e+001  2.928932e+000
      vertex -6.211619e+002  4.922509e+001  6.173166e+000
    endloop
  endfacet
  facet normal  5.296436e-002  8.307597e-001 -5.541058e-001
    outer loop
      vertex -6.129223e+002  4.653592e+001  2.928932e+000
      vertex -6.211619e+002  4.922509e+001  6.173166e+000
      vertex -6.125964e+002  4.867900e+001  6.173166e+000
    endloop
  endfacet
  facet normal  6.241145e-002  9.789397e-001 -1.943757e-001
    outer loop
      vertex -6.125964e+002  4.867900e+001  6.173166e+000
      vertex -6.211619e+002  4.922509e+001  6.173166e+000
      vertex -6.211798e+002  4.998608e+001  1.000000e+001
    endloop
  endfacet
  facet normal  6.241121e-002  9.789396e-001 -1.943762e-001
    outer loop
      vertex -6.125964e+002  4.867900e+001  6.173166e+000
      vertex -6.211798e+002  4.998608e+001  1.000000e+001
      vertex -6.124819e+002  4.943155e+001  1.000000e+001
    endloop
  endfacet
  facet normal  4.699060e-002  1.935268e-001 -9.799690e-001
    outer loop
      vertex -6.080398e+002  3.817006e+001  0.000000e+000
      vertex -6.134101e+002  4.332857e+001  7.612047e-001
      vertex -6.059863e+002  4.152599e+001  7.612047e-001
    endloop
  endfacet
  facet normal  1.314356e-001  5.413066e-001 -8.304890e-001
    outer loop
      vertex -6.059863e+002  4.152599e+001  7.612047e-001
      vertex -6.134101e+002  4.332857e+001  7.612047e-001
      vertex -6.129223e+002  4.653592e+001  2.928932e+000
    endloop
  endfacet
  facet normal  1.314351e-001  5.413060e-001 -8.304894e-001
    outer loop
      vertex -6.059863e+002  4.152599e+001  7.612047e-001
      vertex -6.129223e+002  4.653592e+001  2.928932e+000
      vertex -6.049490e+002  4.459991e+001  2.928932e+000
    endloop
  endfacet
  facet normal  1.964200e-001  8.089417e-001 -5.541052e-001
    outer loop
      vertex -6.049490e+002  4.459991e+001  2.928932e+000
      vertex -6.129223e+002  4.653592e+001  2.928932e+000
      vertex -6.125964e+002  4.867900e+001  6.173166e+000
    endloop
  endfacet
  facet normal  1.964182e-001  8.089404e-001 -5.541077e-001
    outer loop
      vertex -6.049490e+002  4.459991e+001  2.928932e+000
      vertex -6.125964e+002  4.867900e+001  6.173166e+000
      vertex -6.042558e+002  4.665383e+001  6.173166e+000
    endloop
  endfacet
  facet normal  2.314531e-001  9.532301e-001 -1.943755e-001
    outer loop
      vertex -6.042558e+002  4.665383e+001  6.173166e+000
      vertex -6.125964e+002  4.867900e+001  6.173166e+000
      vertex -6.124819e+002  4.943155e+001  1.000000e+001
    endloop
  endfacet
  facet normal  2.314545e-001  9.532303e-001 -1.943728e-001
    outer loop
      vertex -6.042558e+002  4.665383e+001  6.173166e+000
      vertex -6.124819e+002  4.943155e+001  1.000000e+001
      vertex -6.040125e+002  4.737507e+001  1.000000e+001
    endloop
  endfacet
  facet normal  0.000000e+000  0.000000e+000 -1.000000e+000
    outer loop
      vertex -5.801585e+002  3.557239e+000  0.000000e+000
      vertex -6.581700e+002  1.196023e+001  0.000000e+000
      vertex -5.816180e+002  1.126158e+001  0.000000e+000
    endloop
  endfacet
  facet normal  0.000000e+000  0.000000e+000 -1.000000e+000
    outer loop
      vertex -5.816180e+002  1.126158e+001  0.000000e+000
      vertex -6.581700e+002  1.196023e+001  0.000000e+000
      vertex -6.551033e+002  1.917702e+001  0.000000e+000
    endloop
  endfacet
  facet normal  0.000000e+000  0.000000e+000 -1.000000e+000
    outer loop
      vertex -5.816180e+002  1.126158e+001  0.000000e+000
      vertex -6.551033e+002  1.917702e+001  0.000000e+000
      vertex -5.845526e+002  1.853315e+001  0.000000e+000
    endloop
  endfacet
  facet normal  0.000000e+000  0.000000e+000 -1.000000e+000
    outer loop
      vertex -5.845526e+002  1.853315e+001  0.000000e+000
      vertex -6.551033e+002  1.917702e+001  0.000000e+000
      vertex -6.506876e+002  2.565685e+001  0.000000e+000
    endloop
  endfacet
  facet normal  0.000000e+000  0.000000e+000 -1.000000e+000
    outer loop
      vertex -5.845526e+002  1.853315e+001  0.000000e+000
      vertex -6.506876e+002  2.565685e+001  0.000000e+000
      vertex -5.888493e+002  2.509249e+001  0.000000e+000
    endloop
  endfacet
  facet normal  0.000000e+000  0.000000e+000 -9.999999e-001
    outer loop
      vertex -5.888493e+002  2.509249e+001  0.000000e+000
      vertex -6.506876e+002  2.565685e+001  0.000000e+000
      vertex -6.450925e+002  3.115071e+001  0.000000e+000
    endloop
  endfacet
  facet normal  0.000000e+000  0.000000e+000 -1.000000e+000
    outer loop
      vertex -5.888493e+002  2.509249e+001  0.000000e+000
      vertex -6.450925e+002  3.115071e+001  0.000000e+000
      vertex -5.943431e+002  3.068755e+001  0.000000e+000
    endloop
  endfacet
  facet normal  0.000000e+000  0.000000e+000 -1.000000e+000
    outer loop
      vertex -5.943431e+002  3.068755e+001  0.000000e+000
      vertex -6.450925e+002  3.115071e+001  0.000000e+000
      vertex -6.385331e+002  3.544746e+001  0.000000e+000
    endloop
  endfacet
  facet normal  0.000000e+000  0.000000e+000 -1.000000e+000
    outer loop
      vertex -5.943431e+002  3.068755e+001  0.000000e+000
      vertex -6.385331e+002  3.544746e+001  0.000000e+000
      vertex -6.008230e+002  3.510330e+001  0.000000e+000
    endloop
  endfacet
  facet normal  0.000000e+000  0.000000e+000 -9.999999e-001
    outer loop
      vertex -6.008230e+002  3.510330e+001  0.000000e+000
      vertex -6.385331e+002  3.544746e+001  0.000000e+000
      vertex -6.312616e+002  3.838198e+001  0.000000e+000
    endloop
  endfacet
  facet normal  0.000000e+000  0.000000e+000 -1.000000e+000
    outer loop
      vertex -6.008230e+002  3.510330e+001  0.000000e+000
      vertex -6.312616e+002  3.838198e+001  0.000000e+000
      vertex -6.080398e+002  3.817006e+001  0.000000e+000
    endloop
  endfacet
  facet normal  0.000000e+000  0.000000e+000 -1.000000e+000
    outer loop
      vertex -6.080398e+002  3.817006e+001  0.000000e+000
      vertex -6.312616e+002  3.838198e+001  0.000000e+000
      vertex -6.235573e+002  3.984151e+001  0.000000e+000
    endloop
  endfacet
  facet normal  0.000000e+000  0.000000e+000 -1.000000e+000
    outer loop
      vertex -6.080398e+002  3.817006e+001  0.000000e+000
      vertex -6.235573e+002  3.984151e+001  0.000000e+000
      vertex -6.157162e+002  3.976995e+001  0.000000e+000
    endloop
  endfacet
  facet normal  0.000000e+000  0.000000e+000 -1.000000e+000
    outer loop
      vertex -6.581700e+002  1.196023e+001  0.000000e+000
      vertex -5.801585e+002  3.557239e+000  0.000000e+000
      vertex -6.597700e+002  4.283805e+000  0.000000e+000
    endloop
  endfacet
  facet normal  0.000000e+000  0.000000e+000 -1.000000e+000
    outer loop
      vertex -6.597700e+002  4.283805e+000  0.000000e+000
      vertex -5.801585e+002  3.557239e+000  0.000000e+000
      vertex -5.802300e+002 -4.283805e+000  0.000000e+000
    endloop
  endfacet
  facet normal  0.000000e+000  0.000000e+000 -1.000000e+000
    outer loop
      vertex -6.597700e+002  4.283805e+000  0.000000e+000
      vertex -5.802300e+002 -4.283805e+000  0.000000e+000
      vertex -6.598415e+002 -3.557239e+000  0.000000e+000
    endloop
  endfacet
  facet normal  0.000000e+000  0.000000e+000 -1.000000e+000
    outer loop
      vertex -6.598415e+002 -3.557239e+000  0.000000e+000
      vertex -5.802300e+002 -4.283805e+000  0.000000e+000
      vertex -5.818300e+002 -1.196023e+001  0.000000e+000
    endloop
  endfacet
  facet normal  0.000000e+000  0.000000e+000 -1.000000e+000
    outer loop
      vertex -6.598415e+002 -3.557239e+000  0.000000e+000
      vertex -5.818300e+002 -1.196023e+001  0.000000e+000
      vertex -6.583820e+002 -1.126158e+001  0.000000e+000
    endloop
  endfacet
  facet normal  0.000000e+000  0.000000e+000 -1.000000e+000
    outer loop
      vertex -6.583820e+002 -1.126158e+001  0.000000e+000
      vertex -5.818300e+002 -1.196023e+001  0.000000e+000
      vertex -5.848967e+002 -1.917702e+001  0.000000e+000
    endloop
  endfacet
  facet normal  0.000000e+000  0.000000e+000 -1.000000e+000
    outer loop
      vertex -6.583820e+002 -1.126158e+001  0.000000e+000
      vertex -5.848967e+002 -1.917702e+001  0.000000e+000
      vertex -6.554474e+002 -1.853315e+001  0.000000e+000
    endloop
  endfacet
  facet normal  0.000000e+000  0.000000e+000 -1.000000e+000
    outer loop
      vertex -6.554474e+002 -1.853315e+001  0.000000e+000
      vertex -5.848967e+002 -1.917702e+001  0.000000e+000
      vertex -5.893124e+002 -2.565685e+001  0.000000e+000
    endloop
  endfacet
  facet normal  0.000000e+000  0.000000e+000 -1.000000e+000
    outer loop
      vertex -6.554474e+002 -1.853315e+001  0.000000e+000
      vertex -5.893124e+002 -2.565685e+001  0.000000e+000
      vertex -6.511507e+002 -2.509249e+001  0.000000e+000
    endloop
  endfacet
  facet normal  0.000000e+000  0.000000e+000 -9.999999e-001
    outer loop
      vertex -6.511507e+002 -2.509249e+001  0.000000e+000
      vertex -5.893124e+002 -2.565685e+001  0.000000e+000
      vertex -5.949075e+002 -3.115071e+001  0.000000e+000
    endloop
  endfacet
  facet normal  0.000000e+000  0.000000e+000 -1.000000e+000
    outer loop
      vertex -6.511507e+002 -2.509249e+001  0.000000e+000
      vertex -5.949075e+002 -3.115071e+001  0.000000e+000
      vertex -6.456569e+002 -3.068755e+001  0.000000e+000
    endloop
  endfacet
  facet normal  0.000000e+000  0.000000e+000 -1.000000e+000
    outer loop
      vertex -6.456569e+002 -3.068755e+001  0.000000e+000
      vertex -5.949075e+002 -3.115071e+001  0.000000e+000
      vertex -6.014669e+002 -3.544746e+001  0.000000e+000
    endloop
  endfacet
  facet normal  0.000000e+000  0.000000e+000 -1.000000e+000
    outer loop
      vertex -6.456569e+002 -3.068755e+001  0.000000e+000
      vertex -6.014669e+002 -3.544746e+001  0.000000e+000
      vertex -6.391770e+002 -3.510330e+001  0.000000e+000
    endloop
  endfacet
  facet normal  0.000000e+000  0.000000e+000 -9.999999e-001
    outer loop
      vertex -6.391770e+002 -3.510330e+001  0.000000e+000
      vertex -6.014669e+002 -3.544746e+001  0.000000e+000
      vertex -6.087384e+002 -3.838198e+001  0.000000e+000
    endloop
  endfacet
  facet normal  0.000000e+000  0.000000e+000 -1.000000e+000
    outer loop
      vertex -6.391770e+002 -3.510330e+001  0.000000e+000
      vertex -6.087384e+002 -3.838198e+001  0.000000e+000
      vertex -6.319602e+002 -3.817006e+001  0.000000e+000
    endloop
  endfacet
  facet normal  0.000000e+000  0.000000e+000 -1.000000e+000
    outer loop
      vertex -6.319602e+002 -3.817006e+001  0.000000e+000
      vertex -6.087384e+002 -3.838198e+001  0.000000e+000
      vertex -6.164427e+002 -3.984151e+001  0.000000e+000
    endloop
  endfacet
  facet normal  0.000000e+000  0.000000e+000 -1.000000e+000
    outer loop
      vertex -6.319602e+002 -3.817006e+001  0.000000e+000
      vertex -6.164427e+002 -3.984151e+001  0.000000e+000
      vertex -6.242838e+002 -3.976995e+001  0.000000e+000
    endloop
  endfacet
  facet normal  0.000000e+000  -0.000000e+000  1.000000e+000
    outer loop
      vertex -6.638792e+002  2.397128e+001  1.000000e+001
      vertex -6.374798e+002  2.438149e+001  1.000000e+001
      vertex -6.316161e+002  2.765981e+001  1.000000e+001
    endloop
  endfacet
  facet normal  0.000000e+000  -0.000000e+000  9.999999e-001
    outer loop
      vertex -6.001194e+002  2.246692e+001  1.000000e+001
      vertex -5.956185e+002  1.747979e+001  1.000000e+001
      vertex -5.734320e+002  1.820492e+001  1.000000e+001
    endloop
  endfacet
  facet normal  -0.000000e+000  -0.000000e+000  1.000000e+000
    outer loop
      vertex -6.575332e+002 -3.303423e+001  1.000000e+001
      vertex -6.512266e+002 -3.904994e+001  1.000000e+001
      vertex -6.439713e+002 -4.387913e+001  1.000000e+001
    endloop
  endfacet
  facet normal  -0.000000e+000  -0.000000e+000  1.000000e+000
    outer loop
      vertex -6.575332e+002 -3.303423e+001  1.000000e+001
      vertex -6.439713e+002 -4.387913e+001  1.000000e+001
      vertex -6.359875e+002 -4.737507e+001  1.000000e+001
    endloop
  endfacet
  facet normal  -0.000000e+000  -0.000000e+000  1.000000e+000
    outer loop
      vertex -6.575332e+002 -3.303423e+001  1.000000e+001
      vertex -6.359875e+002 -4.737507e+001  1.000000e+001
      vertex -6.275181e+002 -4.943155e+001  1.000000e+001
    endloop
  endfacet
  facet normal  0.000000e+000  -0.000000e+000  1.000000e+000
    outer loop
      vertex -6.148300e+002 -2.955116e+001  1.000000e+001
      vertex -6.101581e+002 -4.902180e+001  1.000000e+001
      vertex -6.017951e+002 -4.656802e+001  1.000000e+001
    endloop
  endfacet
  facet normal  0.000000e+000  -0.000000e+000  1.000000e+000
    outer loop
      vertex -6.148300e+002 -2.955116e+001  1.000000e+001
      vertex -6.017951e+002 -4.656802e+001  1.000000e+001
      vertex -5.939852e+002 -4.269930e+001  1.000000e+001
    endloop
  endfacet
  facet normal  0.000000e+000  -0.000000e+000  1.000000e+000
    outer loop
      vertex -6.148300e+002 -2.955116e+001  1.000000e+001
      vertex -5.939852e+002 -4.269930e+001  1.000000e+001
      vertex -5.869658e+002 -3.753318e+001  1.000000e+001
    endloop
  endfacet
  facet normal  0.000000e+000  -0.000000e+000  1.000000e+000
    outer loop
      vertex -6.148300e+002 -2.955116e+001  1.000000e+001
      vertex -5.869658e+002 -3.753318e+001  1.000000e+001
      vertex -5.809501e+002 -3.122663e+001  1.000000e+001
    endloop
  endfacet
  facet normal  0.000000e+000  0.000000e+000  9.999999e-001
    outer loop
      vertex -6.148300e+002 -2.955116e+001  1.000000e+001
      vertex -5.809501e+002 -3.122663e+001  1.000000e+001
      vertex -6.083839e+002 -2.765981e+001  1.000000e+001
    endloop
  endfacet
  facet normal  0.000000e+000  0.000000e+000  1.000000e+000
    outer loop
      vertex -6.590499e+002  3.122663e+001  1.000000e+001
      vertex -6.638792e+002  2.397128e+001  1.000000e+001
      vertex -6.316161e+002  2.765981e+001  1.000000e+001
    endloop
  endfacet
  facet normal  0.000000e+000  -0.000000e+000  9.999999e-001
    outer loop
      vertex -6.590499e+002  3.122663e+001  1.000000e+001
      vertex -6.316161e+002  2.765981e+001  1.000000e+001
      vertex -6.251700e+002  2.955116e+001  1.000000e+001
    endloop
  endfacet
  facet normal  0.000000e+000  0.000000e+000  1.000000e+000
    outer loop
      vertex -6.590499e+002  3.122663e+001  1.000000e+001
      vertex -6.251700e+002  2.955116e+001  1.000000e+001
      vertex -6.298419e+002  4.902180e+001  1.000000e+001
    endloop
  endfacet
  facet normal  0.000000e+000  0.000000e+000  1.000000e+000
    outer loop
      vertex -6.590499e+002  3.122663e+001  1.000000e+001
      vertex -6.298419e+002  4.902180e+001  1.000000e+001
      vertex -6.382049e+002  4.656802e+001  1.000000e+001
    endloop
  endfacet
  facet normal  0.000000e+000  0.000000e+000  1.000000e+000
    outer loop
      vertex -6.590499e+002  3.122663e+001  1.000000e+001
      vertex -6.382049e+002  4.656802e+001  1.000000e+001
      vertex -6.460148e+002  4.269930e+001  1.000000e+001
    endloop
  endfacet
  facet normal  0.000000e+000  0.000000e+000  1.000000e+000
    outer loop
      vertex -6.590499e+002  3.122663e+001  1.000000e+001
      vertex -6.460148e+002  4.269930e+001  1.000000e+001
      vertex -6.530342e+002  3.753318e+001  1.000000e+001
    endloop
  endfacet
  facet normal  0.000000e+000  0.000000e+000  1.000000e+000
    outer loop
      vertex -6.575332e+002 -3.303423e+001  1.000000e+001
      vertex -6.215353e+002 -2.996069e+001  1.000000e+001
      vertex -6.281638e+002 -2.886786e+001  1.000000e+001
    endloop
  endfacet
  facet normal  0.000000e+000  0.000000e+000  1.000000e+000
    outer loop
      vertex -6.575332e+002 -3.303423e+001  1.000000e+001
      vertex -6.281638e+002 -2.886786e+001  1.000000e+001
      vertex -6.343828e+002 -2.632748e+001  1.000000e+001
    endloop
  endfacet
  facet normal  0.000000e+000  0.000000e+000  1.000000e+000
    outer loop
      vertex -6.575332e+002 -3.303423e+001  1.000000e+001
      vertex -6.343828e+002 -2.632748e+001  1.000000e+001
      vertex -6.626993e+002 -2.601480e+001  1.000000e+001
    endloop
  endfacet
  facet normal  -0.000000e+000  -0.000000e+000  1.000000e+000
    outer loop
      vertex -6.184647e+002  2.996069e+001  1.000000e+001
      vertex -6.118362e+002  2.886786e+001  1.000000e+001
      vertex -5.773007e+002  2.601480e+001  1.000000e+001
    endloop
  endfacet
  facet normal  0.000000e+000  0.000000e+000  1.000000e+000
    outer loop
      vertex -6.184647e+002  2.996069e+001  1.000000e+001
      vertex -5.773007e+002  2.601480e+001  1.000000e+001
      vertex -5.824668e+002  3.303423e+001  1.000000e+001
    endloop
  endfacet
  facet normal  0.000000e+000  0.000000e+000  1.000000e+000
    outer loop
      vertex -6.184647e+002  2.996069e+001  1.000000e+001
      vertex -5.824668e+002  3.303423e+001  1.000000e+001
      vertex -5.887734e+002  3.904994e+001  1.000000e+001
    endloop
  endfacet
  facet normal  0.000000e+000  0.000000e+000  1.000000e+000
    outer loop
      vertex -6.184647e+002  2.996069e+001  1.000000e+001
      vertex -5.887734e+002  3.904994e+001  1.000000e+001
      vertex -5.960287e+002  4.387913e+001  1.000000e+001
    endloop
  endfacet
  facet normal  0.000000e+000  0.000000e+000  9.999999e-001
    outer loop
      vertex -6.184647e+002  2.996069e+001  1.000000e+001
      vertex -5.960287e+002  4.387913e+001  1.000000e+001
      vertex -6.040125e+002  4.737507e+001  1.000000e+001
    endloop
  endfacet
  facet normal  0.000000e+000  0.000000e+000  1.000000e+000
    outer loop
      vertex -6.184647e+002  2.996069e+001  1.000000e+001
      vertex -6.040125e+002  4.737507e+001  1.000000e+001
      vertex -6.124819e+002  4.943155e+001  1.000000e+001
    endloop
  endfacet
  facet normal  0.000000e+000  0.000000e+000  1.000000e+000
    outer loop
      vertex -6.184647e+002  2.996069e+001  1.000000e+001
      vertex -6.124819e+002  4.943155e+001  1.000000e+001
      vertex -6.211798e+002  4.998608e+001  1.000000e+001
    endloop
  endfacet
  facet normal  0.000000e+000  0.000000e+000  1.000000e+000
    outer loop
      vertex -6.184647e+002  2.996069e+001  1.000000e+001
      vertex -6.211798e+002  4.998608e+001  1.000000e+001
      vertex -6.298419e+002  4.902180e+001  1.000000e+001
    endloop
  endfacet
  facet normal  0.000000e+000  0.000000e+000  1.000000e+000
    outer loop
      vertex -6.184647e+002  2.996069e+001  1.000000e+001
      vertex -6.298419e+002  4.902180e+001  1.000000e+001
      vertex -6.251700e+002  2.955116e+001  1.000000e+001
    endloop
  endfacet
  facet normal  0.000000e+000  0.000000e+000  1.000000e+000
    outer loop
      vertex -6.101581e+002 -4.902180e+001  1.000000e+001
      vertex -6.148300e+002 -2.955116e+001  1.000000e+001
      vertex -6.188202e+002 -4.998608e+001  1.000000e+001
    endloop
  endfacet
  facet normal  0.000000e+000  -0.000000e+000  1.000000e+000
    outer loop
      vertex -6.188202e+002 -4.998608e+001  1.000000e+001
      vertex -6.148300e+002 -2.955116e+001  1.000000e+001
      vertex -6.215353e+002 -2.996069e+001  1.000000e+001
    endloop
  endfacet
  facet normal  0.000000e+000  0.000000e+000  1.000000e+000
    outer loop
      vertex -6.188202e+002 -4.998608e+001  1.000000e+001
      vertex -6.215353e+002 -2.996069e+001  1.000000e+001
      vertex -6.275181e+002 -4.943155e+001  1.000000e+001
    endloop
  endfacet
  facet normal  0.000000e+000  -0.000000e+000  1.000000e+000
    outer loop
      vertex -6.275181e+002 -4.943155e+001  1.000000e+001
      vertex -6.215353e+002 -2.996069e+001  1.000000e+001
      vertex -6.575332e+002 -3.303423e+001  1.000000e+001
    endloop
  endfacet
  facet normal  -0.000000e+000  0.000000e+000  1.000000e+000
    outer loop
      vertex -6.374798e+002  2.438149e+001  1.000000e+001
      vertex -6.638792e+002  2.397128e+001  1.000000e+001
      vertex -6.424669e+002  1.988058e+001  1.000000e+001
    endloop
  endfacet
  facet normal  0.000000e+000  0.000000e+000  1.000000e+000
    outer loop
      vertex -6.424669e+002  1.988058e+001  1.000000e+001
      vertex -6.638792e+002  2.397128e+001  1.000000e+001
      vertex -6.673751e+002  1.598757e+001  1.000000e+001
    endloop
  endfacet
  facet normal  -0.000000e+000  0.000000e+000  1.000000e+000
    outer loop
      vertex -6.424669e+002  1.988058e+001  1.000000e+001
      vertex -6.673751e+002  1.598757e+001  1.000000e+001
      vertex -6.463275e+002  1.438277e+001  1.000000e+001
    endloop
  endfacet
  facet normal  0.000000e+000  0.000000e+000  1.000000e+000
    outer loop
      vertex -6.463275e+002  1.438277e+001  1.000000e+001
      vertex -6.673751e+002  1.598757e+001  1.000000e+001
      vertex -6.488679e+002  8.163746e+000  1.000000e+001
    endloop
  endfacet
  facet normal  0.000000e+000  0.000000e+000  1.000000e+000
    outer loop
      vertex -6.488679e+002  8.163746e+000  1.000000e+001
      vertex -6.673751e+002  1.598757e+001  1.000000e+001
      vertex -6.694316e+002  7.518086e+000  1.000000e+001
    endloop
  endfacet
  facet normal  -0.000000e+000  0.000000e+000  1.000000e+000
    outer loop
      vertex -6.488679e+002  8.163746e+000  1.000000e+001
      vertex -6.694316e+002  7.518086e+000  1.000000e+001
      vertex -6.499607e+002  1.535360e+000  1.000000e+001
    endloop
  endfacet
  facet normal  0.000000e+000  0.000000e+000  1.000000e+000
    outer loop
      vertex -6.499607e+002  1.535360e+000  1.000000e+001
      vertex -6.694316e+002  7.518086e+000  1.000000e+001
      vertex -6.699861e+002 -1.179829e+000  1.000000e+001
    endloop
  endfacet
  facet normal  -0.000000e+000  0.000000e+000  1.000000e+000
    outer loop
      vertex -6.499607e+002  1.535360e+000  1.000000e+001
      vertex -6.699861e+002 -1.179829e+000  1.000000e+001
      vertex -6.495511e+002 -5.170014e+000  1.000000e+001
    endloop
  endfacet
  facet normal  0.000000e+000  0.000000e+000  1.000000e+000
    outer loop
      vertex -6.495511e+002 -5.170014e+000  1.000000e+001
      vertex -6.699861e+002 -1.179829e+000  1.000000e+001
      vertex -6.690218e+002 -9.841896e+000  1.000000e+001
    endloop
  endfacet
  facet normal  -0.000000e+000  0.000000e+000  1.000000e+000
    outer loop
      vertex -6.495511e+002 -5.170014e+000  1.000000e+001
      vertex -6.690218e+002 -9.841896e+000  1.000000e+001
      vertex -6.476598e+002 -1.161614e+001  1.000000e+001
    endloop
  endfacet
  facet normal  0.000000e+000  0.000000e+000  9.999999e-001
    outer loop
      vertex -6.476598e+002 -1.161614e+001  1.000000e+001
      vertex -6.690218e+002 -9.841896e+000  1.000000e+001
      vertex -6.443815e+002 -1.747979e+001  1.000000e+001
    endloop
  endfacet
  facet normal  0.000000e+000  0.000000e+000  9.999999e-001
    outer loop
      vertex -6.443815e+002 -1.747979e+001  1.000000e+001
      vertex -6.690218e+002 -9.841896e+000  1.000000e+001
      vertex -6.665680e+002 -1.820492e+001  1.000000e+001
    endloop
  endfacet
  facet normal  -0.000000e+000  0.000000e+000  9.999999e-001
    outer loop
      vertex -6.443815e+002 -1.747979e+001  1.000000e+001
      vertex -6.665680e+002 -1.820492e+001  1.000000e+001
      vertex -6.398806e+002 -2.246692e+001  1.000000e+001
    endloop
  endfacet
  facet normal  0.000000e+000  0.000000e+000  1.000000e+000
    outer loop
      vertex -6.398806e+002 -2.246692e+001  1.000000e+001
      vertex -6.665680e+002 -1.820492e+001  1.000000e+001
      vertex -6.626993e+002 -2.601480e+001  1.000000e+001
    endloop
  endfacet
  facet normal  -0.000000e+000  0.000000e+000  1.000000e+000
    outer loop
      vertex -6.398806e+002 -2.246692e+001  1.000000e+001
      vertex -6.626993e+002 -2.601480e+001  1.000000e+001
      vertex -6.343828e+002 -2.632748e+001  1.000000e+001
    endloop
  endfacet
  facet normal  0.000000e+000  0.000000e+000  1.000000e+000
    outer loop
      vertex -6.001194e+002  2.246692e+001  1.000000e+001
      vertex -5.734320e+002  1.820492e+001  1.000000e+001
      vertex -6.056172e+002  2.632748e+001  1.000000e+001
    endloop
  endfacet
  facet normal  0.000000e+000  0.000000e+000  1.000000e+000
    outer loop
      vertex -6.056172e+002  2.632748e+001  1.000000e+001
      vertex -5.734320e+002  1.820492e+001  1.000000e+001
      vertex -5.773007e+002  2.601480e+001  1.000000e+001
    endloop
  endfacet
  facet normal  0.000000e+000  0.000000e+000  1.000000e+000
    outer loop
      vertex -6.056172e+002  2.632748e+001  1.000000e+001
      vertex -5.773007e+002  2.601480e+001  1.000000e+001
      vertex -6.118362e+002  2.886786e+001  1.000000e+001
    endloop
  endfacet
  facet normal  -0.000000e+000  0.000000e+000  9.999999e-001
    outer loop
      vertex -5.734320e+002  1.820492e+001  1.000000e+001
      vertex -5.956185e+002  1.747979e+001  1.000000e+001
      vertex -5.709782e+002  9.841896e+000  1.000000e+001
    endloop
  endfacet
  facet normal  0.000000e+000  0.000000e+000  9.999999e-001
    outer loop
      vertex -5.709782e+002  9.841896e+000  1.000000e+001
      vertex -5.956185e+002  1.747979e+001  1.000000e+001
      vertex -5.923402e+002  1.161614e+001  1.000000e+001
    endloop
  endfacet
  facet normal  0.000000e+000  0.000000e+000  1.000000e+000
    outer loop
      vertex -5.709782e+002  9.841896e+000  1.000000e+001
      vertex -5.923402e+002  1.161614e+001  1.000000e+001
      vertex -5.700139e+002  1.179829e+000  1.000000e+001
    endloop
  endfacet
  facet normal  0.000000e+000  0.000000e+000  1.000000e+000
    outer loop
      vertex -5.700139e+002  1.179829e+000  1.000000e+001
      vertex -5.923402e+002  1.161614e+001  1.000000e+001
      vertex -5.904489e+002  5.170014e+000  1.000000e+001
    endloop
  endfacet
  facet normal  0.000000e+000  0.000000e+000  1.000000e+000
    outer loop
      vertex -5.700139e+002  1.179829e+000  1.000000e+001
      vertex -5.904489e+002  5.170014e+000  1.000000e+001
      vertex -5.900393e+002 -1.535360e+000  1.000000e+001
    endloop
  endfacet
  facet normal  -0.000000e+000  0.000000e+000  1.000000e+000
    outer loop
      vertex -5.700139e+002  1.179829e+000  1.000000e+001
      vertex -5.900393e+002 -1.535360e+000  1.000000e+001
      vertex -5.705684e+002 -7.518086e+000  1.000000e+001
    endloop
  endfacet
  facet normal  0.000000e+000  0.000000e+000  1.000000e+000
    outer loop
      vertex -5.705684e+002 -7.518086e+000  1.000000e+001
      vertex -5.900393e+002 -1.535360e+000  1.000000e+001
      vertex -5.911321e+002 -8.163746e+000  1.000000e+001
    endloop
  endfacet
  facet normal  -0.000000e+000  0.000000e+000  1.000000e+000
    outer loop
      vertex -5.705684e+002 -7.518086e+000  1.000000e+001
      vertex -5.911321e+002 -8.163746e+000  1.000000e+001
      vertex -5.726249e+002 -1.598757e+001  1.000000e+001
    endloop
  endfacet
  facet normal  0.000000e+000  0.000000e+000  1.000000e+000
    outer loop
      vertex -5.726249e+002 -1.598757e+001  1.000000e+001
      vertex -5.911321e+002 -8.163746e+000  1.000000e+001
      vertex -5.936725e+002 -1.438277e+001  1.000000e+001
    endloop
  endfacet
  facet normal  0.000000e+000  0.000000e+000  1.000000e+000
    outer loop
      vertex -5.726249e+002 -1.598757e+001  1.000000e+001
      vertex -5.936725e+002 -1.438277e+001  1.000000e+001
      vertex -5.761208e+002 -2.397128e+001  1.000000e+001
    endloop
  endfacet
  facet normal  0.000000e+000  0.000000e+000  1.000000e+000
    outer loop
      vertex -5.761208e+002 -2.397128e+001  1.000000e+001
      vertex -5.936725e+002 -1.438277e+001  1.000000e+001
      vertex -5.975331e+002 -1.988058e+001  1.000000e+001
    endloop
  endfacet
  facet normal  0.000000e+000  0.000000e+000  1.000000e+000
    outer loop
      vertex -5.761208e+002 -2.397128e+001  1.000000e+001
      vertex -5.975331e+002 -1.988058e+001  1.000000e+001
      vertex -6.025202e+002 -2.438149e+001  1.000000e+001
    endloop
  endfacet
  facet normal  0.000000e+000  0.000000e+000  1.000000e+000
    outer loop
      vertex -6.025202e+002 -2.438149e+001  1.000000e+001
      vertex -6.083839e+002 -2.765981e+001  1.000000e+001
      vertex -5.761208e+002 -2.397128e+001  1.000000e+001
    endloop
  endfacet
  facet normal  0.000000e+000  0.000000e+000  1.000000e+000
    outer loop
      vertex -5.761208e+002 -2.397128e+001  1.000000e+001
      vertex -6.083839e+002 -2.765981e+001  1.000000e+001
      vertex -5.809501e+002 -3.122663e+001  1.000000e+001
    endloop
  endfacet
  facet normal  -0.000000e+000  0.000000e+000 -1.000000e+000
    outer loop
      vertex -6.316161e+002  2.765981e+001  1.150000e+002
      vertex -6.374798e+002  2.438149e+001  1.150000e+002
      vertex -6.638792e+002  2.397128e+001  1.150000e+002
    endloop
  endfacet
  facet normal  0.000000e+000  0.000000e+000 -9.999999e-001
    outer loop
      vertex -5.734320e+002  1.820492e+001  1.150000e+002
      vertex -5.956185e+002  1.747979e+001  1.150000e+002
      vertex -6.001194e+002  2.246692e+001  1.150000e+002
    endloop
  endfacet
  facet normal  0.000000e+000  0.000000e+000 -1.000000e+000
    outer loop
      vertex -6.575332e+002 -3.303423e+001  1.150000e+002
      vertex -6.275181e+002 -4.943155e+001  1.150000e+002
      vertex -6.359875e+002 -4.737507e+001  1.150000e+002
    endloop
  endfacet
  facet normal  0.000000e+000  0.000000e+000 -1.000000e+000
    outer loop
      vertex -6.575332e+002 -3.303423e+001  1.150000e+002
      vertex -6.359875e+002 -4.737507e+001  1.150000e+002
      vertex -6.439713e+002 -4.387913e+001  1.150000e+002
    endloop
  endfacet
  facet normal  0.000000e+000  0.000000e+000 -1.000000e+000
    outer loop
      vertex -6.575332e+002 -3.303423e+001  1.150000e+002
      vertex -6.439713e+002 -4.387913e+001  1.150000e+002
      vertex -6.512266e+002 -3.904994e+001  1.150000e+002
    endloop
  endfacet
  facet normal  0.000000e+000  -0.000000e+000 -9.999999e-001
    outer loop
      vertex -6.148300e+002 -2.955116e+001  1.150000e+002
      vertex -6.083839e+002 -2.765981e+001  1.150000e+002
      vertex -5.809501e+002 -3.122663e+001  1.150000e+002
    endloop
  endfacet
  facet normal  -0.000000e+000  0.000000e+000 -1.000000e+000
    outer loop
      vertex -6.148300e+002 -2.955116e+001  1.150000e+002
      vertex -5.809501e+002 -3.122663e+001  1.150000e+002
      vertex -5.869658e+002 -3.753318e+001  1.150000e+002
    endloop
  endfacet
  facet normal  -0.000000e+000  0.000000e+000 -1.000000e+000
    outer loop
      vertex -6.148300e+002 -2.955116e+001  1.150000e+002
      vertex -5.869658e+002 -3.753318e+001  1.150000e+002
      vertex -5.939852e+002 -4.269930e+001  1.150000e+002
    endloop
  endfacet
  facet normal  -0.000000e+000  0.000000e+000 -1.000000e+000
    outer loop
      vertex -6.148300e+002 -2.955116e+001  1.150000e+002
      vertex -5.939852e+002 -4.269930e+001  1.150000e+002
      vertex -6.017951e+002 -4.656802e+001  1.150000e+002
    endloop
  endfacet
  facet normal  -0.000000e+000  0.000000e+000 -1.000000e+000
    outer loop
      vertex -6.148300e+002 -2.955116e+001  1.150000e+002
      vertex -6.017951e+002 -4.656802e+001  1.150000e+002
      vertex -6.101581e+002 -4.902180e+001  1.150000e+002
    endloop
  endfacet
  facet normal  0.000000e+000  -0.000000e+000 -1.000000e+000
    outer loop
      vertex -6.590499e+002  3.122663e+001  1.150000e+002
      vertex -6.530342e+002  3.753318e+001  1.150000e+002
      vertex -6.460148e+002  4.269930e+001  1.150000e+002
    endloop
  endfacet
  facet normal  0.000000e+000  -0.000000e+000 -1.000000e+000
    outer loop
      vertex -6.590499e+002  3.122663e+001  1.150000e+002
      vertex -6.460148e+002  4.269930e+001  1.150000e+002
      vertex -6.382049e+002  4.656802e+001  1.150000e+002
    endloop
  endfacet
  facet normal  0.000000e+000  -0.000000e+000 -1.000000e+000
    outer loop
      vertex -6.590499e+002  3.122663e+001  1.150000e+002
      vertex -6.382049e+002  4.656802e+001  1.150000e+002
      vertex -6.298419e+002  4.902180e+001  1.150000e+002
    endloop
  endfacet
  facet normal  0.000000e+000  -0.000000e+000 -1.000000e+000
    outer loop
      vertex -6.590499e+002  3.122663e+001  1.150000e+002
      vertex -6.298419e+002  4.902180e+001  1.150000e+002
      vertex -6.251700e+002  2.955116e+001  1.150000e+002
    endloop
  endfacet
  facet normal  -0.000000e+000  0.000000e+000 -9.999999e-001
    outer loop
      vertex -6.590499e+002  3.122663e+001  1.150000e+002
      vertex -6.251700e+002  2.955116e+001  1.150000e+002
      vertex -6.316161e+002  2.765981e+001  1.150000e+002
    endloop
  endfacet
  facet normal  -0.000000e+000  0.000000e+000 -1.000000e+000
    outer loop
      vertex -6.590499e+002  3.122663e+001  1.150000e+002
      vertex -6.316161e+002  2.765981e+001  1.150000e+002
      vertex -6.638792e+002  2.397128e+001  1.150000e+002
    endloop
  endfacet
  facet normal  0.000000e+000  0.000000e+000 -1.000000e+000
    outer loop
      vertex -6.575332e+002 -3.303423e+001  1.150000e+002
      vertex -6.626993e+002 -2.601480e+001  1.150000e+002
      vertex -6.343828e+002 -2.632748e+001  1.150000e+002
    endloop
  endfacet
  facet normal  0.000000e+000  -0.000000e+000 -1.000000e+000
    outer loop
      vertex -6.575332e+002 -3.303423e+001  1.150000e+002
      vertex -6.343828e+002 -2.632748e+001  1.150000e+002
      vertex -6.281638e+002 -2.886786e+001  1.150000e+002
    endloop
  endfacet
  facet normal  0.000000e+000  -0.000000e+000 -1.000000e+000
    outer loop
      vertex -6.575332e+002 -3.303423e+001  1.150000e+002
      vertex -6.281638e+002 -2.886786e+001  1.150000e+002
      vertex -6.215353e+002 -2.996069e+001  1.150000e+002
    endloop
  endfacet
  facet normal  0.000000e+000  0.000000e+000 -1.000000e+000
    outer loop
      vertex -6.184647e+002  2.996069e+001  1.150000e+002
      vertex -6.251700e+002  2.955116e+001  1.150000e+002
      vertex -6.298419e+002  4.902180e+001  1.150000e+002
    endloop
  endfacet
  facet normal  0.000000e+000  0.000000e+000 -1.000000e+000
    outer loop
      vertex -6.184647e+002  2.996069e+001  1.150000e+002
      vertex -6.298419e+002  4.902180e+001  1.150000e+002
      vertex -6.211798e+002  4.998608e+001  1.150000e+002
    endloop
  endfacet
  facet normal  0.000000e+000  0.000000e+000 -1.000000e+000
    outer loop
      vertex -6.184647e+002  2.996069e+001  1.150000e+002
      vertex -6.211798e+002  4.998608e+001  1.150000e+002
      vertex -6.124819e+002  4.943155e+001  1.150000e+002
    endloop
  endfacet
  facet normal  0.000000e+000  -0.000000e+000 -1.000000e+000
    outer loop
      vertex -6.184647e+002  2.996069e+001  1.150000e+002
      vertex -6.124819e+002  4.943155e+001  1.150000e+002
      vertex -6.040125e+002  4.737507e+001  1.150000e+002
    endloop
  endfacet
  facet normal  0.000000e+000  -0.000000e+000 -9.999999e-001
    outer loop
      vertex -6.184647e+002  2.996069e+001  1.150000e+002
      vertex -6.040125e+002  4.737507e+001  1.150000e+002
      vertex -5.960287e+002  4.387913e+001  1.150000e+002
    endloop
  endfacet
  facet normal  0.000000e+000  -0.000000e+000 -1.000000e+000
    outer loop
      vertex -6.184647e+002  2.996069e+001  1.150000e+002
      vertex -5.960287e+002  4.387913e+001  1.150000e+002
      vertex -5.887734e+002  3.904994e+001  1.150000e+002
    endloop
  endfacet
  facet normal  0.000000e+000  -0.000000e+000 -1.000000e+000
    outer loop
      vertex -6.184647e+002  2.996069e+001  1.150000e+002
      vertex -5.887734e+002  3.904994e+001  1.150000e+002
      vertex -5.824668e+002  3.303423e+001  1.150000e+002
    endloop
  endfacet
  facet normal  0.000000e+000  -0.000000e+000 -1.000000e+000
    outer loop
      vertex -6.184647e+002  2.996069e+001  1.150000e+002
      vertex -5.824668e+002  3.303423e+001  1.150000e+002
      vertex -5.773007e+002  2.601480e+001  1.150000e+002
    endloop
  endfacet
  facet normal  0.000000e+000  0.000000e+000 -1.000000e+000
    outer loop
      vertex -6.184647e+002  2.996069e+001  1.150000e+002
      vertex -5.773007e+002  2.601480e+001  1.150000e+002
      vertex -6.118362e+002  2.886786e+001  1.150000e+002
    endloop
  endfacet
  facet normal  0.000000e+000  0.000000e+000 -1.000000e+000
    outer loop
      vertex -6.101581e+002 -4.902180e+001  1.150000e+002
      vertex -6.188202e+002 -4.998608e+001  1.150000e+002
      vertex -6.148300e+002 -2.955116e+001  1.150000e+002
    endloop
  endfacet
  facet normal  0.000000e+000  0.000000e+000 -1.000000e+000
    outer loop
      vertex -6.148300e+002 -2.955116e+001  1.150000e+002
      vertex -6.188202e+002 -4.998608e+001  1.150000e+002
      vertex -6.215353e+002 -2.996069e+001  1.150000e+002
    endloop
  endfacet
  facet normal  0.000000e+000  0.000000e+000 -1.000000e+000
    outer loop
      vertex -6.188202e+002 -4.998608e+001  1.150000e+002
      vertex -6.275181e+002 -4.943155e+001  1.150000e+002
      vertex -6.215353e+002 -2.996069e+001  1.150000e+002
    endloop
  endfacet
  facet normal  0.000000e+000  0.000000e+000 -1.000000e+000
    outer loop
      vertex -6.215353e+002 -2.996069e+001  1.150000e+002
      vertex -6.275181e+002 -4.943155e+001  1.150000e+002
      vertex -6.575332e+002 -3.303423e+001  1.150000e+002
    endloop
  endfacet
  facet normal  0.000000e+000  0.000000e+000 -1.000000e+000
    outer loop
      vertex -6.463275e+002  1.438277e+001  1.150000e+002
      vertex -6.673751e+002  1.598757e+001  1.150000e+002
      vertex -6.424669e+002  1.988058e+001  1.150000e+002
    endloop
  endfacet
  facet normal  -0.000000e+000  0.000000e+000 -1.000000e+000
    outer loop
      vertex -6.424669e+002  1.988058e+001  1.150000e+002
      vertex -6.673751e+002  1.598757e+001  1.150000e+002
      vertex -6.638792e+002  2.397128e+001  1.150000e+002
    endloop
  endfacet
  facet normal  0.000000e+000  0.000000e+000 -1.000000e+000
    outer loop
      vertex -6.424669e+002  1.988058e+001  1.150000e+002
      vertex -6.638792e+002  2.397128e+001  1.150000e+002
      vertex -6.374798e+002  2.438149e+001  1.150000e+002
    endloop
  endfacet
  facet normal  0.000000e+000  0.000000e+000 -1.000000e+000
    outer loop
      vertex -6.476598e+002 -1.161614e+001  1.150000e+002
      vertex -6.690218e+002 -9.841896e+000  1.150000e+002
      vertex -6.495511e+002 -5.170014e+000  1.150000e+002
    endloop
  endfacet
  facet normal  -0.000000e+000  0.000000e+000 -1.000000e+000
    outer loop
      vertex -6.495511e+002 -5.170014e+000  1.150000e+002
      vertex -6.690218e+002 -9.841896e+000  1.150000e+002
      vertex -6.699861e+002 -1.179829e+000  1.150000e+002
    endloop
  endfacet
  facet normal  0.000000e+000  0.000000e+000 -1.000000e+000
    outer loop
      vertex -6.495511e+002 -5.170014e+000  1.150000e+002
      vertex -6.699861e+002 -1.179829e+000  1.150000e+002
      vertex -6.499607e+002  1.535360e+000  1.150000e+002
    endloop
  endfacet
  facet normal  -0.000000e+000  0.000000e+000 -1.000000e+000
    outer loop
      vertex -6.499607e+002  1.535360e+000  1.150000e+002
      vertex -6.699861e+002 -1.179829e+000  1.150000e+002
      vertex -6.694316e+002  7.518086e+000  1.150000e+002
    endloop
  endfacet
  facet normal  0.000000e+000  0.000000e+000 -1.000000e+000
    outer loop
      vertex -6.499607e+002  1.535360e+000  1.150000e+002
      vertex -6.694316e+002  7.518086e+000  1.150000e+002
      vertex -6.488679e+002  8.163746e+000  1.150000e+002
    endloop
  endfacet
  facet normal  -0.000000e+000  0.000000e+000 -1.000000e+000
    outer loop
      vertex -6.488679e+002  8.163746e+000  1.150000e+002
      vertex -6.694316e+002  7.518086e+000  1.150000e+002
      vertex -6.673751e+002  1.598757e+001  1.150000e+002
    endloop
  endfacet
  facet normal  0.000000e+000  0.000000e+000 -1.000000e+000
    outer loop
      vertex -6.488679e+002  8.163746e+000  1.150000e+002
      vertex -6.673751e+002  1.598757e+001  1.150000e+002
      vertex -6.463275e+002  1.438277e+001  1.150000e+002
    endloop
  endfacet
  facet normal  0.000000e+000  0.000000e+000 -1.000000e+000
    outer loop
      vertex -6.343828e+002 -2.632748e+001  1.150000e+002
      vertex -6.626993e+002 -2.601480e+001  1.150000e+002
      vertex -6.398806e+002 -2.246692e+001  1.150000e+002
    endloop
  endfacet
  facet normal  -0.000000e+000  0.000000e+000 -1.000000e+000
    outer loop
      vertex -6.398806e+002 -2.246692e+001  1.150000e+002
      vertex -6.626993e+002 -2.601480e+001  1.150000e+002
      vertex -6.665680e+002 -1.820492e+001  1.150000e+002
    endloop
  endfacet
  facet normal  0.000000e+000  0.000000e+000 -9.999999e-001
    outer loop
      vertex -6.398806e+002 -2.246692e+001  1.150000e+002
      vertex -6.665680e+002 -1.820492e+001  1.150000e+002
      vertex -6.443815e+002 -1.747979e+001  1.150000e+002
    endloop
  endfacet
  facet normal  -0.000000e+000  0.000000e+000 -9.999999e-001
    outer loop
      vertex -6.443815e+002 -1.747979e+001  1.150000e+002
      vertex -6.665680e+002 -1.820492e+001  1.150000e+002
      vertex -6.690218e+002 -9.841896e+000  1.150000e+002
    endloop
  endfacet
  facet normal  0.000000e+000  0.000000e+000 -9.999999e-001
    outer loop
      vertex -6.443815e+002 -1.747979e+001  1.150000e+002
      vertex -6.690218e+002 -9.841896e+000  1.150000e+002
      vertex -6.476598e+002 -1.161614e+001  1.150000e+002
    endloop
  endfacet
  facet normal  0.000000e+000  0.000000e+000 -1.000000e+000
    outer loop
      vertex -6.118362e+002  2.886786e+001  1.150000e+002
      vertex -5.773007e+002  2.601480e+001  1.150000e+002
      vertex -6.056172e+002  2.632748e+001  1.150000e+002
    endloop
  endfacet
  facet normal  0.000000e+000  0.000000e+000 -1.000000e+000
    outer loop
      vertex -6.056172e+002  2.632748e+001  1.150000e+002
      vertex -5.773007e+002  2.601480e+001  1.150000e+002
      vertex -5.734320e+002  1.820492e+001  1.150000e+002
    endloop
  endfacet
  facet normal  0.000000e+000  0.000000e+000 -1.000000e+000
    outer loop
      vertex -6.056172e+002  2.632748e+001  1.150000e+002
      vertex -5.734320e+002  1.820492e+001  1.150000e+002
      vertex -6.001194e+002  2.246692e+001  1.150000e+002
    endloop
  endfacet
  facet normal  0.000000e+000  0.000000e+000 -1.000000e+000
    outer loop
      vertex -5.900393e+002 -1.535360e+000  1.150000e+002
      vertex -5.904489e+002  5.170014e+000  1.150000e+002
      vertex -5.700139e+002  1.179829e+000  1.150000e+002
    endloop
  endfacet
  facet normal  0.000000e+000  0.000000e+000 -1.000000e+000
    outer loop
      vertex -5.700139e+002  1.179829e+000  1.150000e+002
      vertex -5.904489e+002  5.170014e+000  1.150000e+002
      vertex -5.923402e+002  1.161614e+001  1.150000e+002
    endloop
  endfacet
  facet normal  0.000000e+000  0.000000e+000 -1.000000e+000
    outer loop
      vertex -5.700139e+002  1.179829e+000  1.150000e+002
      vertex -5.923402e+002  1.161614e+001  1.150000e+002
      vertex -5.709782e+002  9.841896e+000  1.150000e+002
    endloop
  endfacet
  facet normal  0.000000e+000  0.000000e+000 -9.999999e-001
    outer loop
      vertex -5.709782e+002  9.841896e+000  1.150000e+002
      vertex -5.923402e+002  1.161614e+001  1.150000e+002
      vertex -5.956185e+002  1.747979e+001  1.150000e+002
    endloop
  endfacet
  facet normal  0.000000e+000  0.000000e+000 -9.999999e-001
    outer loop
      vertex -5.709782e+002  9.841896e+000  1.150000e+002
      vertex -5.956185e+002  1.747979e+001  1.150000e+002
      vertex -5.734320e+002  1.820492e+001  1.150000e+002
    endloop
  endfacet
  facet normal  0.000000e+000  -0.000000e+000 -1.000000e+000
    outer loop
      vertex -6.025202e+002 -2.438149e+001  1.150000e+002
      vertex -5.975331e+002 -1.988058e+001  1.150000e+002
      vertex -5.761208e+002 -2.397128e+001  1.150000e+002
    endloop
  endfacet
  facet normal  0.000000e+000  0.000000e+000 -1.000000e+000
    outer loop
      vertex -5.761208e+002 -2.397128e+001  1.150000e+002
      vertex -5.975331e+002 -1.988058e+001  1.150000e+002
      vertex -5.936725e+002 -1.438277e+001  1.150000e+002
    endloop
  endfacet
  facet normal  0.000000e+000  0.000000e+000 -1.000000e+000
    outer loop
      vertex -5.761208e+002 -2.397128e+001  1.150000e+002
      vertex -5.936725e+002 -1.438277e+001  1.150000e+002
      vertex -5.726249e+002 -1.598757e+001  1.150000e+002
    endloop
  endfacet
  facet normal  0.000000e+000  0.000000e+000 -1.000000e+000
    outer loop
      vertex -5.726249e+002 -1.598757e+001  1.150000e+002
      vertex -5.936725e+002 -1.438277e+001  1.150000e+002
      vertex -5.911321e+002 -8.163746e+000  1.150000e+002
    endloop
  endfacet
  facet normal  0.000000e+000  0.000000e+000 -1.000000e+000
    outer loop
      vertex -5.726249e+002 -1.598757e+001  1.150000e+002
      vertex -5.911321e+002 -8.163746e+000  1.150000e+002
      vertex -5.705684e+002 -7.518086e+000  1.150000e+002
    endloop
  endfacet
  facet normal  -0.000000e+000  0.000000e+000 -1.000000e+000
    outer loop
      vertex -5.705684e+002 -7.518086e+000  1.150000e+002
      vertex -5.911321e+002 -8.163746e+000  1.150000e+002
      vertex -5.900393e+002 -1.535360e+000  1.150000e+002
    endloop
  endfacet
  facet normal  0.000000e+000  0.000000e+000 -1.000000e+000
    outer loop
      vertex -5.705684e+002 -7.518086e+000  1.150000e+002
      vertex -5.900393e+002 -1.535360e+000  1.150000e+002
      vertex -5.700139e+002  1.179829e+000  1.150000e+002
    endloop
  endfacet
  facet normal  0.000000e+000  0.000000e+000 -1.000000e+000
    outer loop
      vertex -6.025202e+002 -2.438149e+001  1.150000e+002
      vertex -5.761208e+002 -2.397128e+001  1.150000e+002
      vertex -6.083839e+002 -2.765981e+001  1.150000e+002
    endloop
  endfacet
  facet normal  0.000000e+000  0.000000e+000 -1.000000e+000
    outer loop
      vertex -6.083839e+002 -2.765981e+001  1.150000e+002
      vertex -5.761208e+002 -2.397128e+001  1.150000e+002
      vertex -5.809501e+002 -3.122663e+001  1.150000e+002
    endloop
  endfacet
  facet normal  -0.000000e+000  0.000000e+000  1.000000e+000
    outer loop
      vertex -9.964427e+002  3.984151e+001  1.250000e+002
      vertex -1.004284e+003  3.976995e+001  1.250000e+002
      vertex -9.887384e+002  3.838198e+001  1.250000e+002
    endloop
  endfacet
  facet normal  0.000000e+000  0.000000e+000  1.000000e+000
    outer loop
      vertex -9.887384e+002  3.838198e+001  1.250000e+002
      vertex -1.004284e+003  3.976995e+001  1.250000e+002
      vertex -1.011960e+003  3.817006e+001  1.250000e+002
    endloop
  endfacet
  facet normal  -0.000000e+000  0.000000e+000  1.000000e+000
    outer loop
      vertex -9.887384e+002  3.838198e+001  1.250000e+002
      vertex -1.011960e+003  3.817006e+001  1.250000e+002
      vertex -9.814669e+002  3.544746e+001  1.250000e+002
    endloop
  endfacet
  facet normal  0.000000e+000  0.000000e+000  1.000000e+000
    outer loop
      vertex -9.814669e+002  3.544746e+001  1.250000e+002
      vertex -1.011960e+003  3.817006e+001  1.250000e+002
      vertex -1.019177e+003  3.510330e+001  1.250000e+002
    endloop
  endfacet
  facet normal  -0.000000e+000  0.000000e+000  9.999999e-001
    outer loop
      vertex -9.814669e+002  3.544746e+001  1.250000e+002
      vertex -1.019177e+003  3.510330e+001  1.250000e+002
      vertex -9.749075e+002  3.115071e+001  1.250000e+002
    endloop
  endfacet
  facet normal  0.000000e+000  0.000000e+000  1.000000e+000
    outer loop
      vertex -9.749075e+002  3.115071e+001  1.250000e+002
      vertex -1.019177e+003  3.510330e+001  1.250000e+002
      vertex -1.025657e+003  3.068755e+001  1.250000e+002
    endloop
  endfacet
  facet normal  -0.000000e+000  0.000000e+000  1.000000e+000
    outer loop
      vertex -9.749075e+002  3.115071e+001  1.250000e+002
      vertex -1.025657e+003  3.068755e+001  1.250000e+002
      vertex -9.693124e+002  2.565685e+001  1.250000e+002
    endloop
  endfacet
  facet normal  0.000000e+000  0.000000e+000  1.000000e+000
    outer loop
      vertex -9.693124e+002  2.565685e+001  1.250000e+002
      vertex -1.025657e+003  3.068755e+001  1.250000e+002
      vertex -1.031151e+003  2.509249e+001  1.250000e+002
    endloop
  endfacet
  facet normal  -0.000000e+000  0.000000e+000  1.000000e+000
    outer loop
      vertex -9.693124e+002  2.565685e+001  1.250000e+002
      vertex -1.031151e+003  2.509249e+001  1.250000e+002
      vertex -9.648967e+002  1.917702e+001  1.250000e+002
    endloop
  endfacet
  facet normal  0.000000e+000  0.000000e+000  1.000000e+000
    outer loop
      vertex -9.648967e+002  1.917702e+001  1.250000e+002
      vertex -1.031151e+003  2.509249e+001  1.250000e+002
      vertex -1.035448e+003  1.853315e+001  1.250000e+002
    endloop
  endfacet
  facet normal  -0.000000e+000  0.000000e+000  1.000000e+000
    outer loop
      vertex -9.648967e+002  1.917702e+001  1.250000e+002
      vertex -1.035448e+003  1.853315e+001  1.250000e+002
      vertex -9.618300e+002  1.196023e+001  1.250000e+002
    endloop
  endfacet
  facet normal  0.000000e+000  0.000000e+000  1.000000e+000
    outer loop
      vertex -9.618300e+002  1.196023e+001  1.250000e+002
      vertex -1.035448e+003  1.853315e+001  1.250000e+002
      vertex -1.038382e+003  1.126158e+001  1.250000e+002
    endloop
  endfacet
  facet normal  -0.000000e+000  0.000000e+000  1.000000e+000
    outer loop
      vertex -9.618300e+002  1.196023e+001  1.250000e+002
      vertex -1.038382e+003  1.126158e+001  1.250000e+002
      vertex -9.602300e+002  4.283805e+000  1.250000e+002
    endloop
  endfacet
  facet normal  0.000000e+000  0.000000e+000  1.000000e+000
    outer loop
      vertex -9.602300e+002  4.283805e+000  1.250000e+002
      vertex -1.038382e+003  1.126158e+001  1.250000e+002
      vertex -1.039842e+003  3.557239e+000  1.250000e+002
    endloop
  endfacet
  facet normal  -0.000000e+000  0.000000e+000  1.000000e+000
    outer loop
      vertex -9.602300e+002  4.283805e+000  1.250000e+002
      vertex -1.039842e+003  3.557239e+000  1.250000e+002
      vertex -9.601585e+002 -3.557239e+000  1.250000e+002
    endloop
  endfacet
  facet normal  0.000000e+000  0.000000e+000  1.000000e+000
    outer loop
      vertex -9.601585e+002 -3.557239e+000  1.250000e+002
      vertex -1.039842e+003  3.557239e+000  1.250000e+002
      vertex -1.039770e+003 -4.283805e+000  1.250000e+002
    endloop
  endfacet
  facet normal  -0.000000e+000  0.000000e+000  1.000000e+000
    outer loop
      vertex -9.601585e+002 -3.557239e+000  1.250000e+002
      vertex -1.039770e+003 -4.283805e+000  1.250000e+002
      vertex -9.616180e+002 -1.126158e+001  1.250000e+002
    endloop
  endfacet
  facet normal  0.000000e+000  0.000000e+000  1.000000e+000
    outer loop
      vertex -9.616180e+002 -1.126158e+001  1.250000e+002
      vertex -1.039770e+003 -4.283805e+000  1.250000e+002
      vertex -1.038170e+003 -1.196023e+001  1.250000e+002
    endloop
  endfacet
  facet normal  -0.000000e+000  0.000000e+000  1.000000e+000
    outer loop
      vertex -9.616180e+002 -1.126158e+001  1.250000e+002
      vertex -1.038170e+003 -1.196023e+001  1.250000e+002
      vertex -9.645526e+002 -1.853315e+001  1.250000e+002
    endloop
  endfacet
  facet normal  0.000000e+000  0.000000e+000  1.000000e+000
    outer loop
      vertex -9.645526e+002 -1.853315e+001  1.250000e+002
      vertex -1.038170e+003 -1.196023e+001  1.250000e+002
      vertex -1.035103e+003 -1.917702e+001  1.250000e+002
    endloop
  endfacet
  facet normal  -0.000000e+000  0.000000e+000  1.000000e+000
    outer loop
      vertex -9.645526e+002 -1.853315e+001  1.250000e+002
      vertex -1.035103e+003 -1.917702e+001  1.250000e+002
      vertex -9.688493e+002 -2.509249e+001  1.250000e+002
    endloop
  endfacet
  facet normal  0.000000e+000  0.000000e+000  1.000000e+000
    outer loop
      vertex -9.688493e+002 -2.509249e+001  1.250000e+002
      vertex -1.035103e+003 -1.917702e+001  1.250000e+002
      vertex -1.030688e+003 -2.565685e+001  1.250000e+002
    endloop
  endfacet
  facet normal  -0.000000e+000  0.000000e+000  1.000000e+000
    outer loop
      vertex -9.688493e+002 -2.509249e+001  1.250000e+002
      vertex -1.030688e+003 -2.565685e+001  1.250000e+002
      vertex -9.743431e+002 -3.068755e+001  1.250000e+002
    endloop
  endfacet
  facet normal  0.000000e+000  0.000000e+000  1.000000e+000
    outer loop
      vertex -9.743431e+002 -3.068755e+001  1.250000e+002
      vertex -1.030688e+003 -2.565685e+001  1.250000e+002
      vertex -1.025093e+003 -3.115071e+001  1.250000e+002
    endloop
  endfacet
  facet normal  -0.000000e+000  0.000000e+000  1.000000e+000
    outer loop
      vertex -9.743431e+002 -3.068755e+001  1.250000e+002
      vertex -1.025093e+003 -3.115071e+001  1.250000e+002
      vertex -9.808230e+002 -3.510330e+001  1.250000e+002
    endloop
  endfacet
  facet normal  0.000000e+000  0.000000e+000  1.000000e+000
    outer loop
      vertex -9.808230e+002 -3.510330e+001  1.250000e+002
      vertex -1.025093e+003 -3.115071e+001  1.250000e+002
      vertex -1.018533e+003 -3.544746e+001  1.250000e+002
    endloop
  endfacet
  facet normal  -0.000000e+000  0.000000e+000  1.000000e+000
    outer loop
      vertex -9.808230e+002 -3.510330e+001  1.250000e+002
      vertex -1.018533e+003 -3.544746e+001  1.250000e+002
      vertex -9.880398e+002 -3.817006e+001  1.250000e+002
    endloop
  endfacet
  facet normal  0.000000e+000  0.000000e+000  1.000000e+000
    outer loop
      vertex -9.880398e+002 -3.817006e+001  1.250000e+002
      vertex -1.018533e+003 -3.544746e+001  1.250000e+002
      vertex -1.011262e+003 -3.838198e+001  1.250000e+002
    endloop
  endfacet
  facet normal  -0.000000e+000  0.000000e+000  1.000000e+000
    outer loop
      vertex -9.880398e+002 -3.817006e+001  1.250000e+002
      vertex -1.011262e+003 -3.838198e+001  1.250000e+002
      vertex -9.957162e+002 -3.976995e+001  1.250000e+002
    endloop
  endfacet
  facet normal  0.000000e+000  0.000000e+000  1.000000e+000
    outer loop
      vertex -9.957162e+002 -3.976995e+001  1.250000e+002
      vertex -1.011262e+003 -3.838198e+001  1.250000e+002
      vertex -1.003557e+003 -3.984151e+001  1.250000e+002
    endloop
  endfacet
  facet normal  0.000000e+000  0.000000e+000 -9.999999e-001
    outer loop
      vertex -1.024381e+003  1.747979e+001  1.150000e+002
      vertex -1.046568e+003  1.820492e+001  1.150000e+002
      vertex -1.019881e+003  2.246692e+001  1.150000e+002
    endloop
  endfacet
  facet normal  0.000000e+000  0.000000e+000 -1.000000e+000
    outer loop
      vertex -9.526249e+002  1.598757e+001  1.150000e+002
      vertex -9.736725e+002  1.438277e+001  1.150000e+002
      vertex -9.775331e+002  1.988058e+001  1.150000e+002
    endloop
  endfacet
  facet normal  0.000000e+000  0.000000e+000 -1.000000e+000
    outer loop
      vertex -1.039050e+003 -3.122663e+001  1.150000e+002
      vertex -1.009842e+003 -4.902180e+001  1.150000e+002
      vertex -1.018205e+003 -4.656802e+001  1.150000e+002
    endloop
  endfacet
  facet normal  0.000000e+000  0.000000e+000 -1.000000e+000
    outer loop
      vertex -1.039050e+003 -3.122663e+001  1.150000e+002
      vertex -1.018205e+003 -4.656802e+001  1.150000e+002
      vertex -1.026015e+003 -4.269930e+001  1.150000e+002
    endloop
  endfacet
  facet normal  0.000000e+000  0.000000e+000 -9.999999e-001
    outer loop
      vertex -1.039050e+003 -3.122663e+001  1.150000e+002
      vertex -1.026015e+003 -4.269930e+001  1.150000e+002
      vertex -1.033034e+003 -3.753318e+001  1.150000e+002
    endloop
  endfacet
  facet normal  0.000000e+000  -0.000000e+000 -1.000000e+000
    outer loop
      vertex -9.984647e+002 -2.996069e+001  1.150000e+002
      vertex -9.918362e+002 -2.886786e+001  1.150000e+002
      vertex -9.624668e+002 -3.303423e+001  1.150000e+002
    endloop
  endfacet
  facet normal  -0.000000e+000  0.000000e+000 -1.000000e+000
    outer loop
      vertex -9.984647e+002 -2.996069e+001  1.150000e+002
      vertex -9.624668e+002 -3.303423e+001  1.150000e+002
      vertex -9.687734e+002 -3.904994e+001  1.150000e+002
    endloop
  endfacet
  facet normal  -0.000000e+000  0.000000e+000 -1.000000e+000
    outer loop
      vertex -9.984647e+002 -2.996069e+001  1.150000e+002
      vertex -9.687734e+002 -3.904994e+001  1.150000e+002
      vertex -9.760287e+002 -4.387913e+001  1.150000e+002
    endloop
  endfacet
  facet normal  -0.000000e+000  0.000000e+000 -9.999999e-001
    outer loop
      vertex -9.984647e+002 -2.996069e+001  1.150000e+002
      vertex -9.760287e+002 -4.387913e+001  1.150000e+002
      vertex -9.840125e+002 -4.737507e+001  1.150000e+002
    endloop
  endfacet
  facet normal  -0.000000e+000  0.000000e+000 -1.000000e+000
    outer loop
      vertex -9.984647e+002 -2.996069e+001  1.150000e+002
      vertex -9.840125e+002 -4.737507e+001  1.150000e+002
      vertex -9.924819e+002 -4.943155e+001  1.150000e+002
    endloop
  endfacet
  facet normal  0.000000e+000  0.000000e+000 -1.000000e+000
    outer loop
      vertex -9.948300e+002  2.955116e+001  1.150000e+002
      vertex -1.001535e+003  2.996069e+001  1.150000e+002
      vertex -9.988202e+002  4.998608e+001  1.150000e+002
    endloop
  endfacet
  facet normal  0.000000e+000  0.000000e+000 -1.000000e+000
    outer loop
      vertex -9.948300e+002  2.955116e+001  1.150000e+002
      vertex -9.988202e+002  4.998608e+001  1.150000e+002
      vertex -9.901581e+002  4.902180e+001  1.150000e+002
    endloop
  endfacet
  facet normal  0.000000e+000  -0.000000e+000 -1.000000e+000
    outer loop
      vertex -9.948300e+002  2.955116e+001  1.150000e+002
      vertex -9.901581e+002  4.902180e+001  1.150000e+002
      vertex -9.817951e+002  4.656802e+001  1.150000e+002
    endloop
  endfacet
  facet normal  0.000000e+000  -0.000000e+000 -1.000000e+000
    outer loop
      vertex -9.948300e+002  2.955116e+001  1.150000e+002
      vertex -9.817951e+002  4.656802e+001  1.150000e+002
      vertex -9.739852e+002  4.269930e+001  1.150000e+002
    endloop
  endfacet
  facet normal  0.000000e+000  -0.000000e+000 -1.000000e+000
    outer loop
      vertex -9.948300e+002  2.955116e+001  1.150000e+002
      vertex -9.739852e+002  4.269930e+001  1.150000e+002
      vertex -9.669658e+002  3.753318e+001  1.150000e+002
    endloop
  endfacet
  facet normal  0.000000e+000  -0.000000e+000 -1.000000e+000
    outer loop
      vertex -9.948300e+002  2.955116e+001  1.150000e+002
      vertex -9.669658e+002  3.753318e+001  1.150000e+002
      vertex -9.609501e+002  3.122663e+001  1.150000e+002
    endloop
  endfacet
  facet normal  0.000000e+000  -0.000000e+000 -1.000000e+000
    outer loop
      vertex -9.948300e+002  2.955116e+001  1.150000e+002
      vertex -9.609501e+002  3.122663e+001  1.150000e+002
      vertex -9.561208e+002  2.397128e+001  1.150000e+002
    endloop
  endfacet
  facet normal  0.000000e+000  0.000000e+000 -1.000000e+000
    outer loop
      vertex -9.948300e+002  2.955116e+001  1.150000e+002
      vertex -9.561208e+002  2.397128e+001  1.150000e+002
      vertex -9.883839e+002  2.765981e+001  1.150000e+002
    endloop
  endfacet
  facet normal  0.000000e+000  0.000000e+000 -1.000000e+000
    outer loop
      vertex -1.001535e+003  2.996069e+001  1.150000e+002
      vertex -1.037533e+003  3.303423e+001  1.150000e+002
      vertex -1.031227e+003  3.904994e+001  1.150000e+002
    endloop
  endfacet
  facet normal  0.000000e+000  0.000000e+000 -1.000000e+000
    outer loop
      vertex -1.001535e+003  2.996069e+001  1.150000e+002
      vertex -1.031227e+003  3.904994e+001  1.150000e+002
      vertex -1.023971e+003  4.387913e+001  1.150000e+002
    endloop
  endfacet
  facet normal  0.000000e+000  0.000000e+000 -9.999999e-001
    outer loop
      vertex -1.001535e+003  2.996069e+001  1.150000e+002
      vertex -1.023971e+003  4.387913e+001  1.150000e+002
      vertex -1.015988e+003  4.737507e+001  1.150000e+002
    endloop
  endfacet
  facet normal  0.000000e+000  0.000000e+000 -1.000000e+000
    outer loop
      vertex -1.001535e+003  2.996069e+001  1.150000e+002
      vertex -1.015988e+003  4.737507e+001  1.150000e+002
      vertex -1.007518e+003  4.943155e+001  1.150000e+002
    endloop
  endfacet
  facet normal  0.000000e+000  0.000000e+000 -1.000000e+000
    outer loop
      vertex -1.001535e+003  2.996069e+001  1.150000e+002
      vertex -1.007518e+003  4.943155e+001  1.150000e+002
      vertex -9.988202e+002  4.998608e+001  1.150000e+002
    endloop
  endfacet
  facet normal  0.000000e+000  -0.000000e+000 -1.000000e+000
    outer loop
      vertex -1.042699e+003  2.601480e+001  1.150000e+002
      vertex -1.037533e+003  3.303423e+001  1.150000e+002
      vertex -1.001535e+003  2.996069e+001  1.150000e+002
    endloop
  endfacet
  facet normal  0.000000e+000  0.000000e+000 -1.000000e+000
    outer loop
      vertex -1.042699e+003  2.601480e+001  1.150000e+002
      vertex -1.001535e+003  2.996069e+001  1.150000e+002
      vertex -1.008164e+003  2.886786e+001  1.150000e+002
    endloop
  endfacet
  facet normal  0.000000e+000  0.000000e+000 -1.000000e+000
    outer loop
      vertex -1.042699e+003  2.601480e+001  1.150000e+002
      vertex -1.008164e+003  2.886786e+001  1.150000e+002
      vertex -1.014383e+003  2.632748e+001  1.150000e+002
    endloop
  endfacet
  facet normal  0.000000e+000  0.000000e+000 -1.000000e+000
    outer loop
      vertex -1.042699e+003  2.601480e+001  1.150000e+002
      vertex -1.014383e+003  2.632748e+001  1.150000e+002
      vertex -1.019881e+003  2.246692e+001  1.150000e+002
    endloop
  endfacet
  facet normal  -0.000000e+000  0.000000e+000 -1.000000e+000
    outer loop
      vertex -1.042699e+003  2.601480e+001  1.150000e+002
      vertex -1.019881e+003  2.246692e+001  1.150000e+002
      vertex -1.046568e+003  1.820492e+001  1.150000e+002
    endloop
  endfacet
  facet normal  0.000000e+000  0.000000e+000 -9.999999e-001
    outer loop
      vertex -1.039050e+003 -3.122663e+001  1.150000e+002
      vertex -1.043879e+003 -2.397128e+001  1.150000e+002
      vertex -1.017480e+003 -2.438149e+001  1.150000e+002
    endloop
  endfacet
  facet normal  0.000000e+000  -0.000000e+000 -9.999999e-001
    outer loop
      vertex -1.039050e+003 -3.122663e+001  1.150000e+002
      vertex -1.017480e+003 -2.438149e+001  1.150000e+002
      vertex -1.011616e+003 -2.765981e+001  1.150000e+002
    endloop
  endfacet
  facet normal  0.000000e+000  -0.000000e+000 -9.999999e-001
    outer loop
      vertex -1.039050e+003 -3.122663e+001  1.150000e+002
      vertex -1.011616e+003 -2.765981e+001  1.150000e+002
      vertex -1.005170e+003 -2.955116e+001  1.150000e+002
    endloop
  endfacet
  facet normal  0.000000e+000  0.000000e+000 -1.000000e+000
    outer loop
      vertex -9.924819e+002 -4.943155e+001  1.150000e+002
      vertex -1.001180e+003 -4.998608e+001  1.150000e+002
      vertex -9.984647e+002 -2.996069e+001  1.150000e+002
    endloop
  endfacet
  facet normal  -0.000000e+000  0.000000e+000 -1.000000e+000
    outer loop
      vertex -9.984647e+002 -2.996069e+001  1.150000e+002
      vertex -1.001180e+003 -4.998608e+001  1.150000e+002
      vertex -1.005170e+003 -2.955116e+001  1.150000e+002
    endloop
  endfacet
  facet normal  0.000000e+000  0.000000e+000 -1.000000e+000
    outer loop
      vertex -1.001180e+003 -4.998608e+001  1.150000e+002
      vertex -1.009842e+003 -4.902180e+001  1.150000e+002
      vertex -1.005170e+003 -2.955116e+001  1.150000e+002
    endloop
  endfacet
  facet normal  0.000000e+000  0.000000e+000 -1.000000e+000
    outer loop
      vertex -1.005170e+003 -2.955116e+001  1.150000e+002
      vertex -1.009842e+003 -4.902180e+001  1.150000e+002
      vertex -1.039050e+003 -3.122663e+001  1.150000e+002
    endloop
  endfacet
  facet normal  0.000000e+000  0.000000e+000 -1.000000e+000
    outer loop
      vertex -1.029961e+003 -1.535360e+000  1.150000e+002
      vertex -1.049986e+003  1.179829e+000  1.150000e+002
      vertex -1.029551e+003  5.170014e+000  1.150000e+002
    endloop
  endfacet
  facet normal  -0.000000e+000  0.000000e+000 -1.000000e+000
    outer loop
      vertex -1.029551e+003  5.170014e+000  1.150000e+002
      vertex -1.049986e+003  1.179829e+000  1.150000e+002
      vertex -1.049022e+003  9.841896e+000  1.150000e+002
    endloop
  endfacet
  facet normal  0.000000e+000  0.000000e+000 -1.000000e+000
    outer loop
      vertex -1.029551e+003  5.170014e+000  1.150000e+002
      vertex -1.049022e+003  9.841896e+000  1.150000e+002
      vertex -1.027660e+003  1.161614e+001  1.150000e+002
    endloop
  endfacet
  facet normal  -0.000000e+000  0.000000e+000 -1.000000e+000
    outer loop
      vertex -1.027660e+003  1.161614e+001  1.150000e+002
      vertex -1.049022e+003  9.841896e+000  1.150000e+002
      vertex -1.046568e+003  1.820492e+001  1.150000e+002
    endloop
  endfacet
  facet normal  0.000000e+000  0.000000e+000 -1.000000e+000
    outer loop
      vertex -1.027660e+003  1.161614e+001  1.150000e+002
      vertex -1.046568e+003  1.820492e+001  1.150000e+002
      vertex -1.024381e+003  1.747979e+001  1.150000e+002
    endloop
  endfacet
  facet normal  0.000000e+000  0.000000e+000 -1.000000e+000
    outer loop
      vertex -1.017480e+003 -2.438149e+001  1.150000e+002
      vertex -1.043879e+003 -2.397128e+001  1.150000e+002
      vertex -1.022467e+003 -1.988058e+001  1.150000e+002
    endloop
  endfacet
  facet normal  -0.000000e+000  0.000000e+000 -1.000000e+000
    outer loop
      vertex -1.022467e+003 -1.988058e+001  1.150000e+002
      vertex -1.043879e+003 -2.397128e+001  1.150000e+002
      vertex -1.047375e+003 -1.598757e+001  1.150000e+002
    endloop
  endfacet
  facet normal  0.000000e+000  0.000000e+000 -1.000000e+000
    outer loop
      vertex -1.022467e+003 -1.988058e+001  1.150000e+002
      vertex -1.047375e+003 -1.598757e+001  1.150000e+002
      vertex -1.026328e+003 -1.438277e+001  1.150000e+002
    endloop
  endfacet
  facet normal  -0.000000e+000  0.000000e+000 -1.000000e+000
    outer loop
      vertex -1.026328e+003 -1.438277e+001  1.150000e+002
      vertex -1.047375e+003 -1.598757e+001  1.150000e+002
      vertex -1.049432e+003 -7.518086e+000  1.150000e+002
    endloop
  endfacet
  facet normal  0.000000e+000  0.000000e+000 -1.000000e+000
    outer loop
      vertex -1.026328e+003 -1.438277e+001  1.150000e+002
      vertex -1.049432e+003 -7.518086e+000  1.150000e+002
      vertex -1.028868e+003 -8.163746e+000  1.150000e+002
    endloop
  endfacet
  facet normal  0.000000e+000  0.000000e+000 -1.000000e+000
    outer loop
      vertex -1.028868e+003 -8.163746e+000  1.150000e+002
      vertex -1.049432e+003 -7.518086e+000  1.150000e+002
      vertex -1.049986e+003  1.179829e+000  1.150000e+002
    endloop
  endfacet
  facet normal  0.000000e+000  0.000000e+000 -1.000000e+000
    outer loop
      vertex -1.028868e+003 -8.163746e+000  1.150000e+002
      vertex -1.049986e+003  1.179829e+000  1.150000e+002
      vertex -1.029961e+003 -1.535360e+000  1.150000e+002
    endloop
  endfacet
  facet normal  0.000000e+000  0.000000e+000 -1.000000e+000
    outer loop
      vertex -9.883839e+002  2.765981e+001  1.150000e+002
      vertex -9.561208e+002  2.397128e+001  1.150000e+002
      vertex -9.825202e+002  2.438149e+001  1.150000e+002
    endloop
  endfacet
  facet normal  0.000000e+000  0.000000e+000 -1.000000e+000
    outer loop
      vertex -9.825202e+002  2.438149e+001  1.150000e+002
      vertex -9.561208e+002  2.397128e+001  1.150000e+002
      vertex -9.526249e+002  1.598757e+001  1.150000e+002
    endloop
  endfacet
  facet normal  0.000000e+000  0.000000e+000 -1.000000e+000
    outer loop
      vertex -9.825202e+002  2.438149e+001  1.150000e+002
      vertex -9.526249e+002  1.598757e+001  1.150000e+002
      vertex -9.775331e+002  1.988058e+001  1.150000e+002
    endloop
  endfacet
  facet normal  0.000000e+000  -0.000000e+000 -1.000000e+000
    outer loop
      vertex -9.723402e+002 -1.161614e+001  1.150000e+002
      vertex -9.704489e+002 -5.170014e+000  1.150000e+002
      vertex -9.509782e+002 -9.841896e+000  1.150000e+002
    endloop
  endfacet
  facet normal  0.000000e+000  0.000000e+000 -1.000000e+000
    outer loop
      vertex -9.509782e+002 -9.841896e+000  1.150000e+002
      vertex -9.704489e+002 -5.170014e+000  1.150000e+002
      vertex -9.700393e+002  1.535360e+000  1.150000e+002
    endloop
  endfacet
  facet normal  0.000000e+000  0.000000e+000 -1.000000e+000
    outer loop
      vertex -9.509782e+002 -9.841896e+000  1.150000e+002
      vertex -9.700393e+002  1.535360e+000  1.150000e+002
      vertex -9.500139e+002 -1.179829e+000  1.150000e+002
    endloop
  endfacet
  facet normal  0.000000e+000  0.000000e+000 -1.000000e+000
    outer loop
      vertex -9.500139e+002 -1.179829e+000  1.150000e+002
      vertex -9.700393e+002  1.535360e+000  1.150000e+002
      vertex -9.711321e+002  8.163746e+000  1.150000e+002
    endloop
  endfacet
  facet normal  0.000000e+000  0.000000e+000 -1.000000e+000
    outer loop
      vertex -9.500139e+002 -1.179829e+000  1.150000e+002
      vertex -9.711321e+002  8.163746e+000  1.150000e+002
      vertex -9.505684e+002  7.518086e+000  1.150000e+002
    endloop
  endfacet
  facet normal  0.000000e+000  0.000000e+000 -1.000000e+000
    outer loop
      vertex -9.505684e+002  7.518086e+000  1.150000e+002
      vertex -9.711321e+002  8.163746e+000  1.150000e+002
      vertex -9.736725e+002  1.438277e+001  1.150000e+002
    endloop
  endfacet
  facet normal  0.000000e+000  0.000000e+000 -1.000000e+000
    outer loop
      vertex -9.505684e+002  7.518086e+000  1.150000e+002
      vertex -9.736725e+002  1.438277e+001  1.150000e+002
      vertex -9.526249e+002  1.598757e+001  1.150000e+002
    endloop
  endfacet
  facet normal  0.000000e+000  -0.000000e+000 -1.000000e+000
    outer loop
      vertex -9.856172e+002 -2.632748e+001  1.150000e+002
      vertex -9.801194e+002 -2.246692e+001  1.150000e+002
      vertex -9.573007e+002 -2.601480e+001  1.150000e+002
    endloop
  endfacet
  facet normal  0.000000e+000  0.000000e+000 -1.000000e+000
    outer loop
      vertex -9.573007e+002 -2.601480e+001  1.150000e+002
      vertex -9.801194e+002 -2.246692e+001  1.150000e+002
      vertex -9.756185e+002 -1.747979e+001  1.150000e+002
    endloop
  endfacet
  facet normal  0.000000e+000  0.000000e+000 -1.000000e+000
    outer loop
      vertex -9.573007e+002 -2.601480e+001  1.150000e+002
      vertex -9.756185e+002 -1.747979e+001  1.150000e+002
      vertex -9.534320e+002 -1.820492e+001  1.150000e+002
    endloop
  endfacet
  facet normal  0.000000e+000  0.000000e+000 -1.000000e+000
    outer loop
      vertex -9.534320e+002 -1.820492e+001  1.150000e+002
      vertex -9.756185e+002 -1.747979e+001  1.150000e+002
      vertex -9.723402e+002 -1.161614e+001  1.150000e+002
    endloop
  endfacet
  facet normal  0.000000e+000  0.000000e+000 -1.000000e+000
    outer loop
      vertex -9.534320e+002 -1.820492e+001  1.150000e+002
      vertex -9.723402e+002 -1.161614e+001  1.150000e+002
      vertex -9.509782e+002 -9.841896e+000  1.150000e+002
    endloop
  endfacet
  facet normal  0.000000e+000  0.000000e+000 -1.000000e+000
    outer loop
      vertex -9.856172e+002 -2.632748e+001  1.150000e+002
      vertex -9.573007e+002 -2.601480e+001  1.150000e+002
      vertex -9.918362e+002 -2.886786e+001  1.150000e+002
    endloop
  endfacet
  facet normal  0.000000e+000  0.000000e+000 -1.000000e+000
    outer loop
      vertex -9.918362e+002 -2.886786e+001  1.150000e+002
      vertex -9.573007e+002 -2.601480e+001  1.150000e+002
      vertex -9.624668e+002 -3.303423e+001  1.150000e+002
    endloop
  endfacet
  facet normal -7.507471e-002  1.766686e-001  9.814031e-001
    outer loop
      vertex -1.019177e+003  3.510330e+001  1.250000e+002
      vertex -1.011960e+003  3.817006e+001  1.250000e+002
      vertex -1.014014e+003  4.152599e+001  1.242388e+002
    endloop
  endfacet
  facet normal  1.080983e-001 -1.586280e-001  9.814030e-001
    outer loop
      vertex -9.808230e+002 -3.510330e+001  1.250000e+002
      vertex -9.726287e+002 -3.422870e+001  1.242388e+002
      vertex -9.743431e+002 -3.068755e+001  1.250000e+002
    endloop
  endfacet
  facet normal  1.348794e-001 -1.324393e-001  9.819711e-001
    outer loop
      vertex -9.671008e+002 -2.895572e+001  1.242388e+002
      vertex -9.688493e+002 -2.509249e+001  1.250000e+002
      vertex -9.743431e+002 -3.068755e+001  1.250000e+002
    endloop
  endfacet
  facet normal  1.565338e-001 -1.025387e-001  9.823354e-001
    outer loop
      vertex -9.625725e+002 -2.280293e+001  1.242388e+002
      vertex -9.645526e+002 -1.853315e+001  1.250000e+002
      vertex -9.688493e+002 -2.509249e+001  1.250000e+002
    endloop
  endfacet
  facet normal  1.726591e-001 -6.967821e-002  9.825140e-001
    outer loop
      vertex -9.591814e+002 -1.595728e+001  1.242388e+002
      vertex -9.616180e+002 -1.126158e+001  1.250000e+002
      vertex -9.645526e+002 -1.853315e+001  1.250000e+002
    endloop
  endfacet
  facet normal  1.829351e-001 -3.465578e-002  9.825140e-001
    outer loop
      vertex -9.570306e+002 -8.626783e+000  1.242388e+002
      vertex -9.601585e+002 -3.557239e+000  1.250000e+002
      vertex -9.616180e+002 -1.126158e+001  1.250000e+002
    endloop
  endfacet
  facet normal  1.871198e-001  1.707079e-003  9.823356e-001
    outer loop
      vertex -9.561854e+002 -1.034164e+000  1.242388e+002
      vertex -9.602300e+002  4.283805e+000  1.250000e+002
      vertex -9.601585e+002 -3.557239e+000  1.250000e+002
    endloop
  endfacet
  facet normal  1.850562e-001  3.856930e-002  9.819707e-001
    outer loop
      vertex -9.566714e+002  6.589879e+000  1.242388e+002
      vertex -9.618300e+002  1.196023e+001  1.250000e+002
      vertex -9.602300e+002  4.283805e+000  1.250000e+002
    endloop
  endfacet
  facet normal  1.766682e-001  7.507353e-002  9.814032e-001
    outer loop
      vertex -9.584740e+002  1.401369e+001  1.242388e+002
      vertex -9.648967e+002  1.917702e+001  1.250000e+002
      vertex -9.618300e+002  1.196023e+001  1.250000e+002
    endloop
  endfacet
  facet normal  1.586278e-001  1.080991e-001  9.814030e-001
    outer loop
      vertex -9.657713e+002  2.737129e+001  1.242388e+002
      vertex -9.693124e+002  2.565685e+001  1.250000e+002
      vertex -9.648967e+002  1.917702e+001  1.250000e+002
    endloop
  endfacet
  facet normal  1.324401e-001  1.348806e-001  9.819710e-001
    outer loop
      vertex -9.710443e+002  3.289921e+001  1.242388e+002
      vertex -9.749075e+002  3.115071e+001  1.250000e+002
      vertex -9.693124e+002  2.565685e+001  1.250000e+002
    endloop
  endfacet
  facet normal  1.025389e-001  1.565336e-001  9.823354e-001
    outer loop
      vertex -9.771971e+002  3.742750e+001  1.242388e+002
      vertex -9.814669e+002  3.544746e+001  1.250000e+002
      vertex -9.749075e+002  3.115071e+001  1.250000e+002
    endloop
  endfacet
  facet normal  6.967945e-002  1.726608e-001  9.825137e-001
    outer loop
      vertex -9.840427e+002  4.081858e+001  1.242388e+002
      vertex -9.887384e+002  3.838198e+001  1.250000e+002
      vertex -9.814669e+002  3.544746e+001  1.250000e+002
    endloop
  endfacet
  facet normal  3.465594e-002  1.829370e-001  9.825135e-001
    outer loop
      vertex -9.913732e+002  4.296941e+001  1.242388e+002
      vertex -9.964427e+002  3.984151e+001  1.250000e+002
      vertex -9.887384e+002  3.838198e+001  1.250000e+002
    endloop
  endfacet
  facet normal -1.707718e-003  1.871205e-001  9.823354e-001
    outer loop
      vertex -9.989658e+002  4.381463e+001  1.242388e+002
      vertex -1.004284e+003  3.976995e+001  1.250000e+002
      vertex -9.964427e+002  3.984151e+001  1.250000e+002
    endloop
  endfacet
  facet normal -3.856878e-002  1.850552e-001  9.819710e-001
    outer loop
      vertex -1.006590e+003  4.332857e+001  1.242388e+002
      vertex -1.011960e+003  3.817006e+001  1.250000e+002
      vertex -1.004284e+003  3.976995e+001  1.250000e+002
    endloop
  endfacet
  facet normal -3.934649e-001  8.985574e-001  1.943708e-001
    outer loop
      vertex -1.015988e+003  4.737507e+001  1.150000e+002
      vertex -1.023971e+003  4.387913e+001  1.150000e+002
      vertex -1.015744e+003  4.665383e+001  1.188268e+002
    endloop
  endfacet
  facet normal -3.934661e-001  8.985560e-001  1.943745e-001
    outer loop
      vertex -1.015744e+003  4.665383e+001  1.188268e+002
      vertex -1.023971e+003  4.387913e+001  1.150000e+002
      vertex -1.023606e+003  4.321111e+001  1.188268e+002
    endloop
  endfacet
  facet normal -3.339070e-001  7.625412e-001  5.541092e-001
    outer loop
      vertex -1.015744e+003  4.665383e+001  1.188268e+002
      vertex -1.023606e+003  4.321111e+001  1.188268e+002
      vertex -1.015051e+003  4.459991e+001  1.220711e+002
    endloop
  endfacet
  facet normal -3.339060e-001  7.625449e-001  5.541047e-001
    outer loop
      vertex -1.015051e+003  4.459991e+001  1.220711e+002
      vertex -1.023606e+003  4.321111e+001  1.188268e+002
      vertex -1.022567e+003  4.130875e+001  1.220711e+002
    endloop
  endfacet
  facet normal -2.234340e-001  5.102587e-001  8.304898e-001
    outer loop
      vertex -1.015051e+003  4.459991e+001  1.220711e+002
      vertex -1.022567e+003  4.130875e+001  1.220711e+002
      vertex -1.014014e+003  4.152599e+001  1.242388e+002
    endloop
  endfacet
  facet normal -2.234338e-001  5.102596e-001  8.304892e-001
    outer loop
      vertex -1.014014e+003  4.152599e+001  1.242388e+002
      vertex -1.022567e+003  4.130875e+001  1.220711e+002
      vertex -1.021012e+003  3.846167e+001  1.242388e+002
    endloop
  endfacet
  facet normal -7.854076e-002  1.793648e-001  9.806424e-001
    outer loop
      vertex -1.014014e+003  4.152599e+001  1.242388e+002
      vertex -1.021012e+003  3.846167e+001  1.242388e+002
      vertex -1.019177e+003  3.510330e+001  1.250000e+002
    endloop
  endfacet
  facet normal  5.435186e-001 -8.165820e-001  1.943741e-001
    outer loop
      vertex -9.760287e+002 -4.387913e+001  1.150000e+002
      vertex -9.687734e+002 -3.904994e+001  1.150000e+002
      vertex -9.763937e+002 -4.321111e+001  1.188268e+002
    endloop
  endfacet
  facet normal  5.435194e-001 -8.165808e-001  1.943771e-001
    outer loop
      vertex -9.763937e+002 -4.321111e+001  1.188268e+002
      vertex -9.687734e+002 -3.904994e+001  1.150000e+002
      vertex -9.692488e+002 -3.845544e+001  1.188268e+002
    endloop
  endfacet
  facet normal  4.612487e-001 -6.929777e-001  5.541043e-001
    outer loop
      vertex -9.763937e+002 -4.321111e+001  1.188268e+002
      vertex -9.692488e+002 -3.845544e+001  1.188268e+002
      vertex -9.774329e+002 -4.130875e+001  1.220711e+002
    endloop
  endfacet
  facet normal  4.612489e-001 -6.929755e-001  5.541068e-001
    outer loop
      vertex -9.774329e+002 -4.130875e+001  1.220711e+002
      vertex -9.692488e+002 -3.845544e+001  1.188268e+002
      vertex -9.706026e+002 -3.676244e+001  1.220711e+002
    endloop
  endfacet
  facet normal  3.086469e-001 -4.637078e-001  8.304892e-001
    outer loop
      vertex -9.774329e+002 -4.130875e+001  1.220711e+002
      vertex -9.706026e+002 -3.676244e+001  1.220711e+002
      vertex -9.789883e+002 -3.846167e+001  1.242388e+002
    endloop
  endfacet
  facet normal  3.086469e-001 -4.637077e-001  8.304891e-001
    outer loop
      vertex -9.789883e+002 -3.846167e+001  1.242388e+002
      vertex -9.706026e+002 -3.676244e+001  1.220711e+002
      vertex -9.726287e+002 -3.422870e+001  1.242388e+002
    endloop
  endfacet
  facet normal  1.084944e-001 -1.630008e-001  9.806426e-001
    outer loop
      vertex -9.789883e+002 -3.846167e+001  1.242388e+002
      vertex -9.726287e+002 -3.422870e+001  1.242388e+002
      vertex -9.808230e+002 -3.510330e+001  1.250000e+002
    endloop
  endfacet
  facet normal  6.770582e-001 -7.097956e-001  1.943773e-001
    outer loop
      vertex -9.687734e+002 -3.904994e+001  1.150000e+002
      vertex -9.624668e+002 -3.303423e+001  1.150000e+002
      vertex -9.692488e+002 -3.845544e+001  1.188268e+002
    endloop
  endfacet
  facet normal  6.770578e-001 -7.097961e-001  1.943760e-001
    outer loop
      vertex -9.692488e+002 -3.845544e+001  1.188268e+002
      vertex -9.624668e+002 -3.303423e+001  1.150000e+002
      vertex -9.630382e+002 -3.253132e+001  1.188268e+002
    endloop
  endfacet
  facet normal  5.745725e-001 -6.023552e-001  5.541070e-001
    outer loop
      vertex -9.692488e+002 -3.845544e+001  1.188268e+002
      vertex -9.630382e+002 -3.253132e+001  1.188268e+002
      vertex -9.706026e+002 -3.676244e+001  1.220711e+002
    endloop
  endfacet
  facet normal  5.745724e-001 -6.023531e-001  5.541093e-001
    outer loop
      vertex -9.706026e+002 -3.676244e+001  1.220711e+002
      vertex -9.630382e+002 -3.253132e+001  1.188268e+002
      vertex -9.646655e+002 -3.109913e+001  1.220711e+002
    endloop
  endfacet
  facet normal  3.844786e-001 -4.030683e-001  8.304890e-001
    outer loop
      vertex -9.706026e+002 -3.676244e+001  1.220711e+002
      vertex -9.646655e+002 -3.109913e+001  1.220711e+002
      vertex -9.726287e+002 -3.422870e+001  1.242388e+002
    endloop
  endfacet
  facet normal  3.844790e-001 -4.030700e-001  8.304881e-001
    outer loop
      vertex -9.726287e+002 -3.422870e+001  1.242388e+002
      vertex -9.646655e+002 -3.109913e+001  1.220711e+002
      vertex -9.671008e+002 -2.895572e+001  1.242388e+002
    endloop
  endfacet
  facet normal  1.374586e-001 -1.441052e-001  9.799688e-001
    outer loop
      vertex -9.726287e+002 -3.422870e+001  1.242388e+002
      vertex -9.671008e+002 -2.895572e+001  1.242388e+002
      vertex -9.743431e+002 -3.068755e+001  1.250000e+002
    endloop
  endfacet
  facet normal  7.900308e-001 -5.814373e-001  1.943761e-001
    outer loop
      vertex -9.624668e+002 -3.303423e+001  1.150000e+002
      vertex -9.573007e+002 -2.601480e+001  1.150000e+002
      vertex -9.630382e+002 -3.253132e+001  1.188268e+002
    endloop
  endfacet
  facet normal  7.900300e-001 -5.814406e-001  1.943692e-001
    outer loop
      vertex -9.630382e+002 -3.253132e+001  1.188268e+002
      vertex -9.573007e+002 -2.601480e+001  1.150000e+002
      vertex -9.579507e+002 -2.561875e+001  1.188268e+002
    endloop
  endfacet
  facet normal  6.704417e-001 -4.934269e-001  5.541098e-001
    outer loop
      vertex -9.630382e+002 -3.253132e+001  1.188268e+002
      vertex -9.579507e+002 -2.561875e+001  1.188268e+002
      vertex -9.646655e+002 -3.109913e+001  1.220711e+002
    endloop
  endfacet
  facet normal  6.704428e-001 -4.934315e-001  5.541044e-001
    outer loop
      vertex -9.646655e+002 -3.109913e+001  1.220711e+002
      vertex -9.579507e+002 -2.561875e+001  1.188268e+002
      vertex -9.598019e+002 -2.449089e+001  1.220711e+002
    endloop
  endfacet
  facet normal  4.486305e-001 -3.301824e-001  8.304880e-001
    outer loop
      vertex -9.646655e+002 -3.109913e+001  1.220711e+002
      vertex -9.598019e+002 -2.449089e+001  1.220711e+002
      vertex -9.671008e+002 -2.895572e+001  1.242388e+002
    endloop
  endfacet
  facet normal  4.486277e-001 -3.301758e-001  8.304920e-001
    outer loop
      vertex -9.671008e+002 -2.895572e+001  1.242388e+002
      vertex -9.598019e+002 -2.449089e+001  1.220711e+002
      vertex -9.625725e+002 -2.280293e+001  1.242388e+002
    endloop
  endfacet
  facet normal  1.623734e-001 -1.195017e-001  9.794663e-001
    outer loop
      vertex -9.671008e+002 -2.895572e+001  1.242388e+002
      vertex -9.625725e+002 -2.280293e+001  1.242388e+002
      vertex -9.688493e+002 -2.509249e+001  1.250000e+002
    endloop
  endfacet
  facet normal  8.789940e-001 -4.354197e-001  1.943685e-001
    outer loop
      vertex -9.573007e+002 -2.601480e+001  1.150000e+002
      vertex -9.534320e+002 -1.820492e+001  1.150000e+002
      vertex -9.579507e+002 -2.561875e+001  1.188268e+002
    endloop
  endfacet
  facet normal  8.789940e-001 -4.354196e-001  1.943687e-001
    outer loop
      vertex -9.579507e+002 -2.561875e+001  1.188268e+002
      vertex -9.534320e+002 -1.820492e+001  1.150000e+002
      vertex -9.541409e+002 -1.792777e+001  1.188268e+002
    endloop
  endfacet
  facet normal  7.459425e-001 -3.695110e-001  5.541043e-001
    outer loop
      vertex -9.579507e+002 -2.561875e+001  1.188268e+002
      vertex -9.541409e+002 -1.792777e+001  1.188268e+002
      vertex -9.598019e+002 -2.449089e+001  1.220711e+002
    endloop
  endfacet
  facet normal  7.459425e-001 -3.695113e-001  5.541039e-001
    outer loop
      vertex -9.598019e+002 -2.449089e+001  1.220711e+002
      vertex -9.541409e+002 -1.792777e+001  1.188268e+002
      vertex -9.561599e+002 -1.713850e+001  1.220711e+002
    endloop
  endfacet
  facet normal  4.991456e-001 -2.472576e-001  8.304923e-001
    outer loop
      vertex -9.598019e+002 -2.449089e+001  1.220711e+002
      vertex -9.561599e+002 -1.713850e+001  1.220711e+002
      vertex -9.625725e+002 -2.280293e+001  1.242388e+002
    endloop
  endfacet
  facet normal  4.991486e-001 -2.472623e-001  8.304890e-001
    outer loop
      vertex -9.625725e+002 -2.280293e+001  1.242388e+002
      vertex -9.561599e+002 -1.713850e+001  1.220711e+002
      vertex -9.591814e+002 -1.595728e+001  1.242388e+002
    endloop
  endfacet
  facet normal  1.820055e-001 -9.015970e-002  9.791554e-001
    outer loop
      vertex -9.625725e+002 -2.280293e+001  1.242388e+002
      vertex -9.591814e+002 -1.595728e+001  1.242388e+002
      vertex -9.645526e+002 -1.853315e+001  1.250000e+002
    endloop
  endfacet
  facet normal  9.412491e-001 -2.761720e-001  1.943682e-001
    outer loop
      vertex -9.534320e+002 -1.820492e+001  1.150000e+002
      vertex -9.509782e+002 -9.841896e+000  1.150000e+002
      vertex -9.541409e+002 -1.792777e+001  1.188268e+002
    endloop
  endfacet
  facet normal  9.412492e-001 -2.761724e-001  1.943675e-001
    outer loop
      vertex -9.541409e+002 -1.792777e+001  1.188268e+002
      vertex -9.509782e+002 -9.841896e+000  1.150000e+002
      vertex -9.517245e+002 -9.692062e+000  1.188268e+002
    endloop
  endfacet
  facet normal  7.987742e-001 -2.343688e-001  5.541038e-001
    outer loop
      vertex -9.541409e+002 -1.792777e+001  1.188268e+002
      vertex -9.517245e+002 -9.692062e+000  1.188268e+002
      vertex -9.561599e+002 -1.713850e+001  1.220711e+002
    endloop
  endfacet
  facet normal  7.987691e-001 -2.343610e-001  5.541146e-001
    outer loop
      vertex -9.561599e+002 -1.713850e+001  1.220711e+002
      vertex -9.517245e+002 -9.692062e+000  1.188268e+002
      vertex -9.538499e+002 -9.265371e+000  1.220711e+002
    endloop
  endfacet
  facet normal  5.345036e-001 -1.568248e-001  8.304890e-001
    outer loop
      vertex -9.561599e+002 -1.713850e+001  1.220711e+002
      vertex -9.538499e+002 -9.265371e+000  1.220711e+002
      vertex -9.591814e+002 -1.595728e+001  1.242388e+002
    endloop
  endfacet
  facet normal  5.345064e-001 -1.568278e-001  8.304867e-001
    outer loop
      vertex -9.591814e+002 -1.595728e+001  1.242388e+002
      vertex -9.538499e+002 -9.265371e+000  1.220711e+002
      vertex -9.570306e+002 -8.626783e+000  1.242388e+002
    endloop
  endfacet
  facet normal  1.953811e-001 -5.732612e-002  9.790506e-001
    outer loop
      vertex -9.591814e+002 -1.595728e+001  1.242388e+002
      vertex -9.570306e+002 -8.626783e+000  1.242388e+002
      vertex -9.616180e+002 -1.126158e+001  1.250000e+002
    endloop
  endfacet
  facet normal  9.749063e-001 -1.085303e-001  1.943673e-001
    outer loop
      vertex -9.509782e+002 -9.841896e+000  1.150000e+002
      vertex -9.500139e+002 -1.179829e+000  1.150000e+002
      vertex -9.517245e+002 -9.692062e+000  1.188268e+002
    endloop
  endfacet
  facet normal  9.749054e-001 -1.085269e-001  1.943745e-001
    outer loop
      vertex -9.517245e+002 -9.692062e+000  1.188268e+002
      vertex -9.500139e+002 -1.179829e+000  1.150000e+002
      vertex -9.507749e+002 -1.161867e+000  1.188268e+002
    endloop
  endfacet
  facet normal  8.273299e-001 -9.209872e-002  5.541147e-001
    outer loop
      vertex -9.517245e+002 -9.692062e+000  1.188268e+002
      vertex -9.507749e+002 -1.161867e+000  1.188268e+002
      vertex -9.538499e+002 -9.265371e+000  1.220711e+002
    endloop
  endfacet
  facet normal  8.273361e-001 -9.210522e-002  5.541043e-001
    outer loop
      vertex -9.538499e+002 -9.265371e+000  1.220711e+002
      vertex -9.507749e+002 -1.161867e+000  1.188268e+002
      vertex -9.529420e+002 -1.110716e+000  1.220711e+002
    endloop
  endfacet
  facet normal  5.536185e-001 -6.163294e-002  8.304867e-001
    outer loop
      vertex -9.538499e+002 -9.265371e+000  1.220711e+002
      vertex -9.529420e+002 -1.110716e+000  1.220711e+002
      vertex -9.570306e+002 -8.626783e+000  1.242388e+002
    endloop
  endfacet
  facet normal  5.536126e-001 -6.162847e-002  8.304909e-001
    outer loop
      vertex -9.570306e+002 -8.626783e+000  1.242388e+002
      vertex -9.529420e+002 -1.110716e+000  1.220711e+002
      vertex -9.561854e+002 -1.034164e+000  1.242388e+002
    endloop
  endfacet
  facet normal  2.018649e-001 -2.247172e-002  9.791556e-001
    outer loop
      vertex -9.570306e+002 -8.626783e+000  1.242388e+002
      vertex -9.561854e+002 -1.034164e+000  1.242388e+002
      vertex -9.601585e+002 -3.557239e+000  1.250000e+002
    endloop
  endfacet
  facet normal  9.789402e-001  6.240881e-002  1.943744e-001
    outer loop
      vertex -9.500139e+002 -1.179829e+000  1.150000e+002
      vertex -9.505684e+002  7.518086e+000  1.150000e+002
      vertex -9.507749e+002 -1.161867e+000  1.188268e+002
    endloop
  endfacet
  facet normal  9.789391e-001  6.241092e-002  1.943792e-001
    outer loop
      vertex -9.507749e+002 -1.161867e+000  1.188268e+002
      vertex -9.505684e+002  7.518086e+000  1.150000e+002
      vertex -9.513210e+002  7.403630e+000  1.188268e+002
    endloop
  endfacet
  facet normal  8.307605e-001  5.296400e-002  5.541046e-001
    outer loop
      vertex -9.507749e+002 -1.161867e+000  1.188268e+002
      vertex -9.513210e+002  7.403630e+000  1.188268e+002
      vertex -9.529420e+002 -1.110716e+000  1.220711e+002
    endloop
  endfacet
  facet normal  8.307536e-001  5.296906e-002  5.541144e-001
    outer loop
      vertex -9.529420e+002 -1.110716e+000  1.220711e+002
      vertex -9.513210e+002  7.403630e+000  1.188268e+002
      vertex -9.534641e+002  7.077687e+000  1.220711e+002
    endloop
  endfacet
  facet normal  5.559037e-001  3.544456e-002  8.304908e-001
    outer loop
      vertex -9.529420e+002 -1.110716e+000  1.220711e+002
      vertex -9.534641e+002  7.077687e+000  1.220711e+002
      vertex -9.561854e+002 -1.034164e+000  1.242388e+002
    endloop
  endfacet
  facet normal  5.559071e-001  3.544281e-002  8.304884e-001
    outer loop
      vertex -9.561854e+002 -1.034164e+000  1.242388e+002
      vertex -9.534641e+002  7.077687e+000  1.220711e+002
      vertex -9.566714e+002  6.589879e+000  1.242388e+002
    endloop
  endfacet
  facet normal  2.012016e-001  1.282795e-002  9.794658e-001
    outer loop
      vertex -9.561854e+002 -1.034164e+000  1.242388e+002
      vertex -9.566714e+002  6.589879e+000  1.242388e+002
      vertex -9.602300e+002  4.283805e+000  1.250000e+002
    endloop
  endfacet
  facet normal  9.532281e-001  2.314582e-001  1.943790e-001
    outer loop
      vertex -9.505684e+002  7.518086e+000  1.150000e+002
      vertex -9.526249e+002  1.598757e+001  1.150000e+002
      vertex -9.513210e+002  7.403630e+000  1.188268e+002
    endloop
  endfacet
  facet normal  9.532283e-001  2.314580e-001  1.943784e-001
    outer loop
      vertex -9.513210e+002  7.403630e+000  1.188268e+002
      vertex -9.526249e+002  1.598757e+001  1.150000e+002
      vertex -9.533462e+002  1.574417e+001  1.188268e+002
    endloop
  endfacet
  facet normal  8.089353e-001  1.964215e-001  5.541138e-001
    outer loop
      vertex -9.513210e+002  7.403630e+000  1.188268e+002
      vertex -9.533462e+002  1.574417e+001  1.188268e+002
      vertex -9.534641e+002  7.077687e+000  1.220711e+002
    endloop
  endfacet
  facet normal  8.089455e-001  1.964165e-001  5.541007e-001
    outer loop
      vertex -9.534641e+002  7.077687e+000  1.220711e+002
      vertex -9.533462e+002  1.574417e+001  1.188268e+002
      vertex -9.554001e+002  1.505104e+001  1.220711e+002
    endloop
  endfacet
  facet normal  5.413079e-001  1.314325e-001  8.304885e-001
    outer loop
      vertex -9.534641e+002  7.077687e+000  1.220711e+002
      vertex -9.554001e+002  1.505104e+001  1.220711e+002
      vertex -9.566714e+002  6.589879e+000  1.242388e+002
    endloop
  endfacet
  facet normal  5.413068e-001  1.314329e-001  8.304892e-001
    outer loop
      vertex -9.566714e+002  6.589879e+000  1.242388e+002
      vertex -9.554001e+002  1.505104e+001  1.220711e+002
      vertex -9.584740e+002  1.401369e+001  1.242388e+002
    endloop
  endfacet
  facet normal  1.935270e-001  4.698965e-002  9.799691e-001
    outer loop
      vertex -9.566714e+002  6.589879e+000  1.242388e+002
      vertex -9.584740e+002  1.401369e+001  1.242388e+002
      vertex -9.618300e+002  1.196023e+001  1.250000e+002
    endloop
  endfacet
  facet normal  8.985575e-001  3.934609e-001  1.943783e-001
    outer loop
      vertex -9.526249e+002  1.598757e+001  1.150000e+002
      vertex -9.561208e+002  2.397128e+001  1.150000e+002
      vertex -9.533462e+002  1.574417e+001  1.188268e+002
    endloop
  endfacet
  facet normal  8.985576e-001  3.934608e-001  1.943781e-001
    outer loop
      vertex -9.533462e+002  1.574417e+001  1.188268e+002
      vertex -9.561208e+002  2.397128e+001  1.150000e+002
      vertex -9.567889e+002  2.360634e+001  1.188268e+002
    endloop
  endfacet
  facet normal  7.625479e-001  3.339048e-001  5.541013e-001
    outer loop
      vertex -9.533462e+002  1.574417e+001  1.188268e+002
      vertex -9.567889e+002  2.360634e+001  1.188268e+002
      vertex -9.554001e+002  1.505104e+001  1.220711e+002
    endloop
  endfacet
  facet normal  7.625459e-001  3.339053e-001  5.541036e-001
    outer loop
      vertex -9.554001e+002  1.505104e+001  1.220711e+002
      vertex -9.567889e+002  2.360634e+001  1.188268e+002
      vertex -9.586912e+002  2.256707e+001  1.220711e+002
    endloop
  endfacet
  facet normal  5.102595e-001  2.234336e-001  8.304893e-001
    outer loop
      vertex -9.554001e+002  1.505104e+001  1.220711e+002
      vertex -9.586912e+002  2.256707e+001  1.220711e+002
      vertex -9.584740e+002  1.401369e+001  1.242388e+002
    endloop
  endfacet
  facet normal  5.102563e-001  2.234340e-001  8.304913e-001
    outer loop
      vertex -9.584740e+002  1.401369e+001  1.242388e+002
      vertex -9.586912e+002  2.256707e+001  1.220711e+002
      vertex -9.615383e+002  2.101170e+001  1.242388e+002
    endloop
  endfacet
  facet normal  1.793663e-001  7.854197e-002  9.806420e-001
    outer loop
      vertex -9.584740e+002  1.401369e+001  1.242388e+002
      vertex -9.615383e+002  2.101170e+001  1.242388e+002
      vertex -9.648967e+002  1.917702e+001  1.250000e+002
    endloop
  endfacet
  facet normal  8.165789e-001  5.435218e-001  1.943779e-001
    outer loop
      vertex -9.561208e+002  2.397128e+001  1.150000e+002
      vertex -9.609501e+002  3.122663e+001  1.150000e+002
      vertex -9.567889e+002  2.360634e+001  1.188268e+002
    endloop
  endfacet
  facet normal  8.165813e-001  5.435204e-001  1.943724e-001
    outer loop
      vertex -9.567889e+002  2.360634e+001  1.188268e+002
      vertex -9.609501e+002  3.122663e+001  1.150000e+002
      vertex -9.615446e+002  3.075123e+001  1.188268e+002
    endloop
  endfacet
  facet normal  6.929776e-001  4.612492e-001  5.541039e-001
    outer loop
      vertex -9.567889e+002  2.360634e+001  1.188268e+002
      vertex -9.615446e+002  3.075123e+001  1.188268e+002
      vertex -9.586912e+002  2.256707e+001  1.220711e+002
    endloop
  endfacet
  facet normal  6.929755e-001  4.612494e-001  5.541062e-001
    outer loop
      vertex -9.586912e+002  2.256707e+001  1.220711e+002
      vertex -9.615446e+002  3.075123e+001  1.188268e+002
      vertex -9.632375e+002  2.939742e+001  1.220711e+002
    endloop
  endfacet
  facet normal  4.637053e-001  3.086455e-001  8.304911e-001
    outer loop
      vertex -9.586912e+002  2.256707e+001  1.220711e+002
      vertex -9.632375e+002  2.939742e+001  1.220711e+002
      vertex -9.615383e+002  2.101170e+001  1.242388e+002
    endloop
  endfacet
  facet normal  4.637067e-001  3.086455e-001  8.304902e-001
    outer loop
      vertex -9.615383e+002  2.101170e+001  1.242388e+002
      vertex -9.632375e+002  2.939742e+001  1.220711e+002
      vertex -9.657713e+002  2.737129e+001  1.242388e+002
    endloop
  endfacet
  facet normal  1.630026e-001  1.084954e-001  9.806422e-001
    outer loop
      vertex -9.615383e+002  2.101170e+001  1.242388e+002
      vertex -9.657713e+002  2.737129e+001  1.242388e+002
      vertex -9.648967e+002  1.917702e+001  1.250000e+002
    endloop
  endfacet
  facet normal  7.097956e-001  6.770595e-001  1.943729e-001
    outer loop
      vertex -9.609501e+002  3.122663e+001  1.150000e+002
      vertex -9.669658e+002  3.753318e+001  1.150000e+002
      vertex -9.615446e+002  3.075123e+001  1.188268e+002
    endloop
  endfacet
  facet normal  7.097931e-001  6.770604e-001  1.943782e-001
    outer loop
      vertex -9.615446e+002  3.075123e+001  1.188268e+002
      vertex -9.669658e+002  3.753318e+001  1.150000e+002
      vertex -9.674687e+002  3.696177e+001  1.188268e+002
    endloop
  endfacet
  facet normal  6.023533e-001  5.745754e-001  5.541061e-001
    outer loop
      vertex -9.615446e+002  3.075123e+001  1.188268e+002
      vertex -9.674687e+002  3.696177e+001  1.188268e+002
      vertex -9.632375e+002  2.939742e+001  1.220711e+002
    endloop
  endfacet
  facet normal  6.023524e-001  5.745752e-001  5.541072e-001
    outer loop
      vertex -9.632375e+002  2.939742e+001  1.220711e+002
      vertex -9.674687e+002  3.696177e+001  1.188268e+002
      vertex -9.689009e+002  3.533453e+001  1.220711e+002
    endloop
  endfacet
  facet normal  4.030660e-001  3.844788e-001  8.304901e-001
    outer loop
      vertex -9.632375e+002  2.939742e+001  1.220711e+002
      vertex -9.689009e+002  3.533453e+001  1.220711e+002
      vertex -9.657713e+002  2.737129e+001  1.242388e+002
    endloop
  endfacet
  facet normal  4.030655e-001  3.844788e-001  8.304905e-001
    outer loop
      vertex -9.657713e+002  2.737129e+001  1.242388e+002
      vertex -9.689009e+002  3.533453e+001  1.220711e+002
      vertex -9.710443e+002  3.289921e+001  1.242388e+002
    endloop
  endfacet
  facet normal  1.441047e-001  1.374595e-001  9.799687e-001
    outer loop
      vertex -9.657713e+002  2.737129e+001  1.242388e+002
      vertex -9.710443e+002  3.289921e+001  1.242388e+002
      vertex -9.693124e+002  2.565685e+001  1.250000e+002
    endloop
  endfacet
  facet normal  5.814416e-001  7.900271e-001  1.943777e-001
    outer loop
      vertex -9.669658e+002  3.753318e+001  1.150000e+002
      vertex -9.739852e+002  4.269930e+001  1.150000e+002
      vertex -9.674687e+002  3.696177e+001  1.188268e+002
    endloop
  endfacet
  facet normal  5.814421e-001  7.900271e-001  1.943769e-001
    outer loop
      vertex -9.674687e+002  3.696177e+001  1.188268e+002
      vertex -9.739852e+002  4.269930e+001  1.150000e+002
      vertex -9.743812e+002  4.204924e+001  1.188268e+002
    endloop
  endfacet
  facet normal  4.934300e-001  6.704417e-001  5.541071e-001
    outer loop
      vertex -9.674687e+002  3.696177e+001  1.188268e+002
      vertex -9.743812e+002  4.204924e+001  1.188268e+002
      vertex -9.689009e+002  3.533453e+001  1.220711e+002
    endloop
  endfacet
  facet normal  4.934301e-001  6.704417e-001  5.541069e-001
    outer loop
      vertex -9.689009e+002  3.533453e+001  1.220711e+002
      vertex -9.743812e+002  4.204924e+001  1.188268e+002
      vertex -9.755091e+002  4.019803e+001  1.220711e+002
    endloop
  endfacet
  facet normal  3.301801e-001  4.486279e-001  8.304902e-001
    outer loop
      vertex -9.689009e+002  3.533453e+001  1.220711e+002
      vertex -9.755091e+002  4.019803e+001  1.220711e+002
      vertex -9.710443e+002  3.289921e+001  1.242388e+002
    endloop
  endfacet
  facet normal  3.301793e-001  4.486276e-001  8.304908e-001
    outer loop
      vertex -9.710443e+002  3.289921e+001  1.242388e+002
      vertex -9.755091e+002  4.019803e+001  1.220711e+002
      vertex -9.771971e+002  3.742750e+001  1.242388e+002
    endloop
  endfacet
  facet normal  1.195031e-001  1.623736e-001  9.794661e-001
    outer loop
      vertex -9.710443e+002  3.289921e+001  1.242388e+002
      vertex -9.771971e+002  3.742750e+001  1.242388e+002
      vertex -9.749075e+002  3.115071e+001  1.250000e+002
    endloop
  endfacet
  facet normal  4.354175e-001  8.789933e-001  1.943767e-001
    outer loop
      vertex -9.739852e+002  4.269930e+001  1.150000e+002
      vertex -9.817951e+002  4.656802e+001  1.150000e+002
      vertex -9.743812e+002  4.204924e+001  1.188268e+002
    endloop
  endfacet
  facet normal  4.354207e-001  8.789932e-001  1.943705e-001
    outer loop
      vertex -9.743812e+002  4.204924e+001  1.188268e+002
      vertex -9.817951e+002  4.656802e+001  1.150000e+002
      vertex -9.820722e+002  4.585907e+001  1.188268e+002
    endloop
  endfacet
  facet normal  3.695112e-001  7.459404e-001  5.541067e-001
    outer loop
      vertex -9.743812e+002  4.204924e+001  1.188268e+002
      vertex -9.820722e+002  4.585907e+001  1.188268e+002
      vertex -9.755091e+002  4.019803e+001  1.220711e+002
    endloop
  endfacet
  facet normal  3.695090e-001  7.459394e-001  5.541096e-001
    outer loop
      vertex -9.755091e+002  4.019803e+001  1.220711e+002
      vertex -9.820722e+002  4.585907e+001  1.188268e+002
      vertex -9.828615e+002  4.384013e+001  1.220711e+002
    endloop
  endfacet
  facet normal  2.472583e-001  4.991482e-001  8.304905e-001
    outer loop
      vertex -9.755091e+002  4.019803e+001  1.220711e+002
      vertex -9.828615e+002  4.384013e+001  1.220711e+002
      vertex -9.771971e+002  3.742750e+001  1.242388e+002
    endloop
  endfacet
  facet normal  2.472602e-001  4.991494e-001  8.304891e-001
    outer loop
      vertex -9.771971e+002  3.742750e+001  1.242388e+002
      vertex -9.828615e+002  4.384013e+001  1.220711e+002
      vertex -9.840427e+002  4.081858e+001  1.242388e+002
    endloop
  endfacet
  facet normal  9.015931e-002  1.820065e-001  9.791552e-001
    outer loop
      vertex -9.771971e+002  3.742750e+001  1.242388e+002
      vertex -9.840427e+002  4.081858e+001  1.242388e+002
      vertex -9.814669e+002  3.544746e+001  1.250000e+002
    endloop
  endfacet
  facet normal  2.761713e-001  9.412484e-001  1.943727e-001
    outer loop
      vertex -9.817951e+002  4.656802e+001  1.150000e+002
      vertex -9.901581e+002  4.902180e+001  1.150000e+002
      vertex -9.820722e+002  4.585907e+001  1.188268e+002
    endloop
  endfacet
  facet normal  2.761696e-001  9.412482e-001  1.943762e-001
    outer loop
      vertex -9.820722e+002  4.585907e+001  1.188268e+002
      vertex -9.901581e+002  4.902180e+001  1.150000e+002
      vertex -9.903079e+002  4.827549e+001  1.188268e+002
    endloop
  endfacet
  facet normal  2.343659e-001  7.987719e-001  5.541083e-001
    outer loop
      vertex -9.820722e+002  4.585907e+001  1.188268e+002
      vertex -9.903079e+002  4.827549e+001  1.188268e+002
      vertex -9.828615e+002  4.384013e+001  1.220711e+002
    endloop
  endfacet
  facet normal  2.343674e-001  7.987729e-001  5.541062e-001
    outer loop
      vertex -9.828615e+002  4.384013e+001  1.220711e+002
      vertex -9.903079e+002  4.827549e+001  1.188268e+002
      vertex -9.907346e+002  4.615017e+001  1.220711e+002
    endloop
  endfacet
  facet normal  1.568279e-001  5.345023e-001  8.304893e-001
    outer loop
      vertex -9.828615e+002  4.384013e+001  1.220711e+002
      vertex -9.907346e+002  4.615017e+001  1.220711e+002
      vertex -9.840427e+002  4.081858e+001  1.242388e+002
    endloop
  endfacet
  facet normal  1.568266e-001  5.345010e-001  8.304902e-001
    outer loop
      vertex -9.840427e+002  4.081858e+001  1.242388e+002
      vertex -9.907346e+002  4.615017e+001  1.220711e+002
      vertex -9.913732e+002  4.296941e+001  1.242388e+002
    endloop
  endfacet
  facet normal  5.732703e-002  1.953836e-001  9.790500e-001
    outer loop
      vertex -9.840427e+002  4.081858e+001  1.242388e+002
      vertex -9.913732e+002  4.296941e+001  1.242388e+002
      vertex -9.887384e+002  3.838198e+001  1.250000e+002
    endloop
  endfacet
  facet normal  1.085275e-001  9.749051e-001  1.943759e-001
    outer loop
      vertex -9.901581e+002  4.902180e+001  1.150000e+002
      vertex -9.988202e+002  4.998608e+001  1.150000e+002
      vertex -9.903079e+002  4.827549e+001  1.188268e+002
    endloop
  endfacet
  facet normal  1.085279e-001  9.749052e-001  1.943749e-001
    outer loop
      vertex -9.903079e+002  4.827549e+001  1.188268e+002
      vertex -9.988202e+002  4.998608e+001  1.150000e+002
      vertex -9.988381e+002  4.922509e+001  1.188268e+002
    endloop
  endfacet
  facet normal  9.210026e-002  8.273355e-001  5.541061e-001
    outer loop
      vertex -9.903079e+002  4.827549e+001  1.188268e+002
      vertex -9.988381e+002  4.922509e+001  1.188268e+002
      vertex -9.907346e+002  4.615017e+001  1.220711e+002
    endloop
  endfacet
  facet normal  9.209999e-002  8.273352e-001  5.541065e-001
    outer loop
      vertex -9.907346e+002  4.615017e+001  1.220711e+002
      vertex -9.988381e+002  4.922509e+001  1.188268e+002
      vertex -9.988893e+002  4.705796e+001  1.220711e+002
    endloop
  endfacet
  facet normal  6.162898e-002  5.536138e-001  8.304899e-001
    outer loop
      vertex -9.907346e+002  4.615017e+001  1.220711e+002
      vertex -9.988893e+002  4.705796e+001  1.220711e+002
      vertex -9.913732e+002  4.296941e+001  1.242388e+002
    endloop
  endfacet
  facet normal  6.162981e-002  5.536149e-001  8.304892e-001
    outer loop
      vertex -9.913732e+002  4.296941e+001  1.242388e+002
      vertex -9.988893e+002  4.705796e+001  1.220711e+002
      vertex -9.989658e+002  4.381463e+001  1.242388e+002
    endloop
  endfacet
  facet normal  2.247227e-002  2.018663e-001  9.791553e-001
    outer loop
      vertex -9.913732e+002  4.296941e+001  1.242388e+002
      vertex -9.989658e+002  4.381463e+001  1.242388e+002
      vertex -9.964427e+002  3.984151e+001  1.250000e+002
    endloop
  endfacet
  facet normal -6.241121e-002  9.789397e-001  1.943756e-001
    outer loop
      vertex -9.988202e+002  4.998608e+001  1.150000e+002
      vertex -1.007518e+003  4.943155e+001  1.150000e+002
      vertex -9.988381e+002  4.922509e+001  1.188268e+002
    endloop
  endfacet
  facet normal -6.241144e-002  9.789396e-001  1.943761e-001
    outer loop
      vertex -9.988381e+002  4.922509e+001  1.188268e+002
      vertex -1.007518e+003  4.943155e+001  1.150000e+002
      vertex -1.007404e+003  4.867900e+001  1.188268e+002
    endloop
  endfacet
  facet normal -5.296431e-002  8.307590e-001  5.541066e-001
    outer loop
      vertex -9.988381e+002  4.922509e+001  1.188268e+002
      vertex -1.007404e+003  4.867900e+001  1.188268e+002
      vertex -9.988893e+002  4.705796e+001  1.220711e+002
    endloop
  endfacet
  facet normal -5.296395e-002  8.307595e-001  5.541059e-001
    outer loop
      vertex -9.988893e+002  4.705796e+001  1.220711e+002
      vertex -1.007404e+003  4.867900e+001  1.188268e+002
      vertex -1.007078e+003  4.653592e+001  1.220711e+002
    endloop
  endfacet
  facet normal -3.544102e-002  5.559059e-001  8.304894e-001
    outer loop
      vertex -9.988893e+002  4.705796e+001  1.220711e+002
      vertex -1.007078e+003  4.653592e+001  1.220711e+002
      vertex -9.989658e+002  4.381463e+001  1.242388e+002
    endloop
  endfacet
  facet normal -3.544113e-002  5.559055e-001  8.304895e-001
    outer loop
      vertex -9.989658e+002  4.381463e+001  1.242388e+002
      vertex -1.007078e+003  4.653592e+001  1.220711e+002
      vertex -1.006590e+003  4.332857e+001  1.242388e+002
    endloop
  endfacet
  facet normal -1.282732e-002  2.012007e-001  9.794661e-001
    outer loop
      vertex -9.989658e+002  4.381463e+001  1.242388e+002
      vertex -1.006590e+003  4.332857e+001  1.242388e+002
      vertex -1.004284e+003  3.976995e+001  1.250000e+002
    endloop
  endfacet
  facet normal -2.314543e-001  9.532298e-001  1.943755e-001
    outer loop
      vertex -1.007518e+003  4.943155e+001  1.150000e+002
      vertex -1.015988e+003  4.737507e+001  1.150000e+002
      vertex -1.007404e+003  4.867900e+001  1.188268e+002
    endloop
  endfacet
  facet normal -2.314533e-001  9.532306e-001  1.943727e-001
    outer loop
      vertex -1.007404e+003  4.867900e+001  1.188268e+002
      vertex -1.015988e+003  4.737507e+001  1.150000e+002
      vertex -1.015744e+003  4.665383e+001  1.188268e+002
    endloop
  endfacet
  facet normal -1.964186e-001  8.089418e-001  5.541055e-001
    outer loop
      vertex -1.007404e+003  4.867900e+001  1.188268e+002
      vertex -1.015744e+003  4.665383e+001  1.188268e+002
      vertex -1.007078e+003  4.653592e+001  1.220711e+002
    endloop
  endfacet
  facet normal -1.964196e-001  8.089399e-001  5.541079e-001
    outer loop
      vertex -1.007078e+003  4.653592e+001  1.220711e+002
      vertex -1.015744e+003  4.665383e+001  1.188268e+002
      vertex -1.015051e+003  4.459991e+001  1.220711e+002
    endloop
  endfacet
  facet normal -1.314351e-001  5.413061e-001  8.304893e-001
    outer loop
      vertex -1.007078e+003  4.653592e+001  1.220711e+002
      vertex -1.015051e+003  4.459991e+001  1.220711e+002
      vertex -1.006590e+003  4.332857e+001  1.242388e+002
    endloop
  endfacet
  facet normal -1.314353e-001  5.413054e-001  8.304898e-001
    outer loop
      vertex -1.006590e+003  4.332857e+001  1.242388e+002
      vertex -1.015051e+003  4.459991e+001  1.220711e+002
      vertex -1.014014e+003  4.152599e+001  1.242388e+002
    endloop
  endfacet
  facet normal -4.699077e-002  1.935276e-001  9.799689e-001
    outer loop
      vertex -1.006590e+003  4.332857e+001  1.242388e+002
      vertex -1.014014e+003  4.152599e+001  1.242388e+002
      vertex -1.011960e+003  3.817006e+001  1.250000e+002
    endloop
  endfacet
  facet normal  7.507471e-002 -1.766686e-001  9.814031e-001
    outer loop
      vertex -9.808230e+002 -3.510330e+001  1.250000e+002
      vertex -9.880398e+002 -3.817006e+001  1.250000e+002
      vertex -9.859863e+002 -4.152599e+001  1.242388e+002
    endloop
  endfacet
  facet normal -1.080974e-001  1.586267e-001  9.814034e-001
    outer loop
      vertex -1.019177e+003  3.510330e+001  1.250000e+002
      vertex -1.027371e+003  3.422870e+001  1.242388e+002
      vertex -1.025657e+003  3.068755e+001  1.250000e+002
    endloop
  endfacet
  facet normal -1.348813e-001  1.324426e-001  9.819704e-001
    outer loop
      vertex -1.032899e+003  2.895572e+001  1.242388e+002
      vertex -1.031151e+003  2.509249e+001  1.250000e+002
      vertex -1.025657e+003  3.068755e+001  1.250000e+002
    endloop
  endfacet
  facet normal -1.565358e-001  1.025400e-001  9.823351e-001
    outer loop
      vertex -1.037427e+003  2.280293e+001  1.242388e+002
      vertex -1.035448e+003  1.853315e+001  1.250000e+002
      vertex -1.031151e+003  2.509249e+001  1.250000e+002
    endloop
  endfacet
  facet normal -1.726606e-001  6.967739e-002  9.825138e-001
    outer loop
      vertex -1.040819e+003  1.595728e+001  1.242388e+002
      vertex -1.038382e+003  1.126158e+001  1.250000e+002
      vertex -1.035448e+003  1.853315e+001  1.250000e+002
    endloop
  endfacet
  facet normal -1.829386e-001  3.465789e-002  9.825132e-001
    outer loop
      vertex -1.042969e+003  8.626783e+000  1.242388e+002
      vertex -1.039842e+003  3.557239e+000  1.250000e+002
      vertex -1.038382e+003  1.126158e+001  1.250000e+002
    endloop
  endfacet
  facet normal -1.871236e-001 -1.710026e-003  9.823349e-001
    outer loop
      vertex -1.043815e+003  1.034164e+000  1.242388e+002
      vertex -1.039770e+003 -4.283805e+000  1.250000e+002
      vertex -1.039842e+003  3.557239e+000  1.250000e+002
    endloop
  endfacet
  facet normal -1.850516e-001 -3.856687e-002  9.819717e-001
    outer loop
      vertex -1.043329e+003 -6.589879e+000  1.242388e+002
      vertex -1.038170e+003 -1.196023e+001  1.250000e+002
      vertex -1.039770e+003 -4.283805e+000  1.250000e+002
    endloop
  endfacet
  facet normal -1.766674e-001 -7.507472e-002  9.814033e-001
    outer loop
      vertex -1.041526e+003 -1.401369e+001  1.242388e+002
      vertex -1.035103e+003 -1.917702e+001  1.250000e+002
      vertex -1.038170e+003 -1.196023e+001  1.250000e+002
    endloop
  endfacet
  facet normal -1.586238e-001 -1.080964e-001  9.814039e-001
    outer loop
      vertex -1.034229e+003 -2.737129e+001  1.242388e+002
      vertex -1.030688e+003 -2.565685e+001  1.250000e+002
      vertex -1.035103e+003 -1.917702e+001  1.250000e+002
    endloop
  endfacet
  facet normal -1.324424e-001 -1.348800e-001  9.819707e-001
    outer loop
      vertex -1.028956e+003 -3.289921e+001  1.242388e+002
      vertex -1.025093e+003 -3.115071e+001  1.250000e+002
      vertex -1.030688e+003 -2.565685e+001  1.250000e+002
    endloop
  endfacet
  facet normal -1.025385e-001 -1.565345e-001  9.823354e-001
    outer loop
      vertex -1.022803e+003 -3.742750e+001  1.242388e+002
      vertex -1.018533e+003 -3.544746e+001  1.250000e+002
      vertex -1.025093e+003 -3.115071e+001  1.250000e+002
    endloop
  endfacet
  facet normal -6.967945e-002 -1.726608e-001  9.825137e-001
    outer loop
      vertex -1.015957e+003 -4.081858e+001  1.242388e+002
      vertex -1.011262e+003 -3.838198e+001  1.250000e+002
      vertex -1.018533e+003 -3.544746e+001  1.250000e+002
    endloop
  endfacet
  facet normal -3.465594e-002 -1.829370e-001  9.825135e-001
    outer loop
      vertex -1.008627e+003 -4.296941e+001  1.242388e+002
      vertex -1.003557e+003 -3.984151e+001  1.250000e+002
      vertex -1.011262e+003 -3.838198e+001  1.250000e+002
    endloop
  endfacet
  facet normal  1.707718e-003 -1.871205e-001  9.823354e-001
    outer loop
      vertex -1.001034e+003 -4.381463e+001  1.242388e+002
      vertex -9.957162e+002 -3.976995e+001  1.250000e+002
      vertex -1.003557e+003 -3.984151e+001  1.250000e+002
    endloop
  endfacet
  facet normal  3.856878e-002 -1.850552e-001  9.819710e-001
    outer loop
      vertex -9.934101e+002 -4.332857e+001  1.242388e+002
      vertex -9.880398e+002 -3.817006e+001  1.250000e+002
      vertex -9.957162e+002 -3.976995e+001  1.250000e+002
    endloop
  endfacet
  facet normal  3.934649e-001 -8.985574e-001  1.943708e-001
    outer loop
      vertex -9.840125e+002 -4.737507e+001  1.150000e+002
      vertex -9.760287e+002 -4.387913e+001  1.150000e+002
      vertex -9.842558e+002 -4.665383e+001  1.188268e+002
    endloop
  endfacet
  facet normal  3.934661e-001 -8.985560e-001  1.943745e-001
    outer loop
      vertex -9.842558e+002 -4.665383e+001  1.188268e+002
      vertex -9.760287e+002 -4.387913e+001  1.150000e+002
      vertex -9.763937e+002 -4.321111e+001  1.188268e+002
    endloop
  endfacet
  facet normal  3.339070e-001 -7.625412e-001  5.541092e-001
    outer loop
      vertex -9.842558e+002 -4.665383e+001  1.188268e+002
      vertex -9.763937e+002 -4.321111e+001  1.188268e+002
      vertex -9.849490e+002 -4.459991e+001  1.220711e+002
    endloop
  endfacet
  facet normal  3.339060e-001 -7.625449e-001  5.541047e-001
    outer loop
      vertex -9.849490e+002 -4.459991e+001  1.220711e+002
      vertex -9.763937e+002 -4.321111e+001  1.188268e+002
      vertex -9.774329e+002 -4.130875e+001  1.220711e+002
    endloop
  endfacet
  facet normal  2.234340e-001 -5.102587e-001  8.304898e-001
    outer loop
      vertex -9.849490e+002 -4.459991e+001  1.220711e+002
      vertex -9.774329e+002 -4.130875e+001  1.220711e+002
      vertex -9.859863e+002 -4.152599e+001  1.242388e+002
    endloop
  endfacet
  facet normal  2.234338e-001 -5.102596e-001  8.304892e-001
    outer loop
      vertex -9.859863e+002 -4.152599e+001  1.242388e+002
      vertex -9.774329e+002 -4.130875e+001  1.220711e+002
      vertex -9.789883e+002 -3.846167e+001  1.242388e+002
    endloop
  endfacet
  facet normal  7.854076e-002 -1.793648e-001  9.806424e-001
    outer loop
      vertex -9.859863e+002 -4.152599e+001  1.242388e+002
      vertex -9.789883e+002 -3.846167e+001  1.242388e+002
      vertex -9.808230e+002 -3.510330e+001  1.250000e+002
    endloop
  endfacet
  facet normal -5.435154e-001  8.165842e-001  1.943741e-001
    outer loop
      vertex -1.023971e+003  4.387913e+001  1.150000e+002
      vertex -1.031227e+003  3.904994e+001  1.150000e+002
      vertex -1.023606e+003  4.321111e+001  1.188268e+002
    endloop
  endfacet
  facet normal -5.435185e-001  8.165794e-001  1.943854e-001
    outer loop
      vertex -1.023606e+003  4.321111e+001  1.188268e+002
      vertex -1.031227e+003  3.904994e+001  1.150000e+002
      vertex -1.030751e+003  3.845544e+001  1.188268e+002
    endloop
  endfacet
  facet normal -4.612487e-001  6.929777e-001  5.541043e-001
    outer loop
      vertex -1.023606e+003  4.321111e+001  1.188268e+002
      vertex -1.030751e+003  3.845544e+001  1.188268e+002
      vertex -1.022567e+003  4.130875e+001  1.220711e+002
    endloop
  endfacet
  facet normal -4.612483e-001  6.929808e-001  5.541006e-001
    outer loop
      vertex -1.022567e+003  4.130875e+001  1.220711e+002
      vertex -1.030751e+003  3.845544e+001  1.188268e+002
      vertex -1.029397e+003  3.676244e+001  1.220711e+002
    endloop
  endfacet
  facet normal -3.086449e-001  4.637089e-001  8.304892e-001
    outer loop
      vertex -1.022567e+003  4.130875e+001  1.220711e+002
      vertex -1.029397e+003  3.676244e+001  1.220711e+002
      vertex -1.021012e+003  3.846167e+001  1.242388e+002
    endloop
  endfacet
  facet normal -3.086449e-001  4.637092e-001  8.304890e-001
    outer loop
      vertex -1.021012e+003  3.846167e+001  1.242388e+002
      vertex -1.029397e+003  3.676244e+001  1.220711e+002
      vertex -1.027371e+003  3.422870e+001  1.242388e+002
    endloop
  endfacet
  facet normal -1.084936e-001  1.630012e-001  9.806426e-001
    outer loop
      vertex -1.021012e+003  3.846167e+001  1.242388e+002
      vertex -1.027371e+003  3.422870e+001  1.242388e+002
      vertex -1.019177e+003  3.510330e+001  1.250000e+002
    endloop
  endfacet
  facet normal -6.770602e-001  7.097909e-001  1.943876e-001
    outer loop
      vertex -1.031227e+003  3.904994e+001  1.150000e+002
      vertex -1.037533e+003  3.303423e+001  1.150000e+002
      vertex -1.030751e+003  3.845544e+001  1.188268e+002
    endloop
  endfacet
  facet normal -6.770578e-001  7.097961e-001  1.943760e-001
    outer loop
      vertex -1.030751e+003  3.845544e+001  1.188268e+002
      vertex -1.037533e+003  3.303423e+001  1.150000e+002
      vertex -1.036962e+003  3.253132e+001  1.188268e+002
    endloop
  endfacet
  facet normal -5.745760e-001  6.023589e-001  5.540994e-001
    outer loop
      vertex -1.030751e+003  3.845544e+001  1.188268e+002
      vertex -1.036962e+003  3.253132e+001  1.188268e+002
      vertex -1.029397e+003  3.676244e+001  1.220711e+002
    endloop
  endfacet
  facet normal -5.745758e-001  6.023567e-001  5.541019e-001
    outer loop
      vertex -1.029397e+003  3.676244e+001  1.220711e+002
      vertex -1.036962e+003  3.253132e+001  1.188268e+002
      vertex -1.035335e+003  3.109913e+001  1.220711e+002
    endloop
  endfacet
  facet normal -3.844786e-001  4.030683e-001  8.304890e-001
    outer loop
      vertex -1.029397e+003  3.676244e+001  1.220711e+002
      vertex -1.035335e+003  3.109913e+001  1.220711e+002
      vertex -1.027371e+003  3.422870e+001  1.242388e+002
    endloop
  endfacet
  facet normal -3.844763e-001  4.030583e-001  8.304950e-001
    outer loop
      vertex -1.027371e+003  3.422870e+001  1.242388e+002
      vertex -1.035335e+003  3.109913e+001  1.220711e+002
      vertex -1.032899e+003  2.895572e+001  1.242388e+002
    endloop
  endfacet
  facet normal -1.374592e-001  1.441026e-001  9.799691e-001
    outer loop
      vertex -1.027371e+003  3.422870e+001  1.242388e+002
      vertex -1.032899e+003  2.895572e+001  1.242388e+002
      vertex -1.025657e+003  3.068755e+001  1.250000e+002
    endloop
  endfacet
  facet normal -7.900275e-001  5.814418e-001  1.943763e-001
    outer loop
      vertex -1.037533e+003  3.303423e+001  1.150000e+002
      vertex -1.042699e+003  2.601480e+001  1.150000e+002
      vertex -1.036962e+003  3.253132e+001  1.188268e+002
    endloop
  endfacet
  facet normal -7.900295e-001  5.814333e-001  1.943936e-001
    outer loop
      vertex -1.036962e+003  3.253132e+001  1.188268e+002
      vertex -1.042699e+003  2.601480e+001  1.150000e+002
      vertex -1.042049e+003  2.561875e+001  1.188268e+002
    endloop
  endfacet
  facet normal -6.704494e-001  4.934267e-001  5.541009e-001
    outer loop
      vertex -1.036962e+003  3.253132e+001  1.188268e+002
      vertex -1.042049e+003  2.561875e+001  1.188268e+002
      vertex -1.035335e+003  3.109913e+001  1.220711e+002
    endloop
  endfacet
  facet normal -6.704485e-001  4.934233e-001  5.541049e-001
    outer loop
      vertex -1.035335e+003  3.109913e+001  1.220711e+002
      vertex -1.042049e+003  2.561875e+001  1.188268e+002
      vertex -1.040198e+003  2.449089e+001  1.220711e+002
    endloop
  endfacet
  facet normal -4.486254e-001  3.301703e-001  8.304955e-001
    outer loop
      vertex -1.035335e+003  3.109913e+001  1.220711e+002
      vertex -1.040198e+003  2.449089e+001  1.220711e+002
      vertex -1.032899e+003  2.895572e+001  1.242388e+002
    endloop
  endfacet
  facet normal -4.486305e-001  3.301823e-001  8.304880e-001
    outer loop
      vertex -1.032899e+003  2.895572e+001  1.242388e+002
      vertex -1.040198e+003  2.449089e+001  1.220711e+002
      vertex -1.037427e+003  2.280293e+001  1.242388e+002
    endloop
  endfacet
  facet normal -1.623762e-001  1.195054e-001  9.794654e-001
    outer loop
      vertex -1.032899e+003  2.895572e+001  1.242388e+002
      vertex -1.037427e+003  2.280293e+001  1.242388e+002
      vertex -1.031151e+003  2.509249e+001  1.250000e+002
    endloop
  endfacet
  facet normal -8.789920e-001  4.354119e-001  1.943953e-001
    outer loop
      vertex -1.042699e+003  2.601480e+001  1.150000e+002
      vertex -1.046568e+003  1.820492e+001  1.150000e+002
      vertex -1.042049e+003  2.561875e+001  1.188268e+002
    endloop
  endfacet
  facet normal -8.789916e-001  4.354185e-001  1.943823e-001
    outer loop
      vertex -1.042049e+003  2.561875e+001  1.188268e+002
      vertex -1.046568e+003  1.820492e+001  1.150000e+002
      vertex -1.045859e+003  1.792777e+001  1.188268e+002
    endloop
  endfacet
  facet normal -7.459425e-001  3.695110e-001  5.541043e-001
    outer loop
      vertex -1.042049e+003  2.561875e+001  1.188268e+002
      vertex -1.045859e+003  1.792777e+001  1.188268e+002
      vertex -1.040198e+003  2.449089e+001  1.220711e+002
    endloop
  endfacet
  facet normal -7.459425e-001  3.695113e-001  5.541039e-001
    outer loop
      vertex -1.040198e+003  2.449089e+001  1.220711e+002
      vertex -1.045859e+003  1.792777e+001  1.188268e+002
      vertex -1.043840e+003  1.713850e+001  1.220711e+002
    endloop
  endfacet
  facet normal -4.991514e-001  2.472604e-001  8.304878e-001
    outer loop
      vertex -1.040198e+003  2.449089e+001  1.220711e+002
      vertex -1.043840e+003  1.713850e+001  1.220711e+002
      vertex -1.037427e+003  2.280293e+001  1.242388e+002
    endloop
  endfacet
  facet normal -4.991545e-001  2.472652e-001  8.304847e-001
    outer loop
      vertex -1.037427e+003  2.280293e+001  1.242388e+002
      vertex -1.043840e+003  1.713850e+001  1.220711e+002
      vertex -1.040819e+003  1.595728e+001  1.242388e+002
    endloop
  endfacet
  facet normal -1.820081e-001  9.016099e-002  9.791548e-001
    outer loop
      vertex -1.037427e+003  2.280293e+001  1.242388e+002
      vertex -1.040819e+003  1.595728e+001  1.242388e+002
      vertex -1.035448e+003  1.853315e+001  1.250000e+002
    endloop
  endfacet
  facet normal -9.412446e-001  2.761776e-001  1.943828e-001
    outer loop
      vertex -1.046568e+003  1.820492e+001  1.150000e+002
      vertex -1.049022e+003  9.841896e+000  1.150000e+002
      vertex -1.045859e+003  1.792777e+001  1.188268e+002
    endloop
  endfacet
  facet normal -9.412446e-001  2.761780e-001  1.943818e-001
    outer loop
      vertex -1.045859e+003  1.792777e+001  1.188268e+002
      vertex -1.049022e+003  9.841896e+000  1.150000e+002
      vertex -1.048276e+003  9.692062e+000  1.188268e+002
    endloop
  endfacet
  facet normal -7.987725e-001  2.343742e-001  5.541040e-001
    outer loop
      vertex -1.045859e+003  1.792777e+001  1.188268e+002
      vertex -1.048276e+003  9.692062e+000  1.188268e+002
      vertex -1.043840e+003  1.713850e+001  1.220711e+002
    endloop
  endfacet
  facet normal -7.987676e-001  2.343667e-001  5.541144e-001
    outer loop
      vertex -1.043840e+003  1.713850e+001  1.220711e+002
      vertex -1.048276e+003  9.692062e+000  1.188268e+002
      vertex -1.046150e+003  9.265371e+000  1.220711e+002
    endloop
  endfacet
  facet normal -5.345089e-001  1.568305e-001  8.304844e-001
    outer loop
      vertex -1.043840e+003  1.713850e+001  1.220711e+002
      vertex -1.046150e+003  9.265371e+000  1.220711e+002
      vertex -1.040819e+003  1.595728e+001  1.242388e+002
    endloop
  endfacet
  facet normal -5.345007e-001  1.568217e-001  8.304914e-001
    outer loop
      vertex -1.040819e+003  1.595728e+001  1.242388e+002
      vertex -1.046150e+003  9.265371e+000  1.220711e+002
      vertex -1.042969e+003  8.626783e+000  1.242388e+002
    endloop
  endfacet
  facet normal -1.953830e-001  5.732507e-002  9.790502e-001
    outer loop
      vertex -1.040819e+003  1.595728e+001  1.242388e+002
      vertex -1.042969e+003  8.626783e+000  1.242388e+002
      vertex -1.038382e+003  1.126158e+001  1.250000e+002
    endloop
  endfacet
  facet normal -9.749043e-001  1.085232e-001  1.943821e-001
    outer loop
      vertex -1.049022e+003  9.841896e+000  1.150000e+002
      vertex -1.049986e+003  1.179829e+000  1.150000e+002
      vertex -1.048276e+003  9.692062e+000  1.188268e+002
    endloop
  endfacet
  facet normal -9.749054e-001  1.085269e-001  1.943745e-001
    outer loop
      vertex -1.048276e+003  9.692062e+000  1.188268e+002
      vertex -1.049986e+003  1.179829e+000  1.150000e+002
      vertex -1.049225e+003  1.161867e+000  1.188268e+002
    endloop
  endfacet
  facet normal -8.273299e-001  9.209872e-002  5.541147e-001
    outer loop
      vertex -1.048276e+003  9.692062e+000  1.188268e+002
      vertex -1.049225e+003  1.161867e+000  1.188268e+002
      vertex -1.046150e+003  9.265371e+000  1.220711e+002
    endloop
  endfacet
  facet normal -8.273361e-001  9.210522e-002  5.541043e-001
    outer loop
      vertex -1.046150e+003  9.265371e+000  1.220711e+002
      vertex -1.049225e+003  1.161867e+000  1.188268e+002
      vertex -1.047058e+003  1.110716e+000  1.220711e+002
    endloop
  endfacet
  facet normal -5.536113e-001  6.163214e-002  8.304914e-001
    outer loop
      vertex -1.046150e+003  9.265371e+000  1.220711e+002
      vertex -1.047058e+003  1.110716e+000  1.220711e+002
      vertex -1.042969e+003  8.626783e+000  1.242388e+002
    endloop
  endfacet
  facet normal -5.536054e-001  6.162767e-002  8.304957e-001
    outer loop
      vertex -1.042969e+003  8.626783e+000  1.242388e+002
      vertex -1.047058e+003  1.110716e+000  1.220711e+002
      vertex -1.043815e+003  1.034164e+000  1.242388e+002
    endloop
  endfacet
  facet normal -2.018713e-001  2.247243e-002  9.791542e-001
    outer loop
      vertex -1.042969e+003  8.626783e+000  1.242388e+002
      vertex -1.043815e+003  1.034164e+000  1.242388e+002
      vertex -1.039842e+003  3.557239e+000  1.250000e+002
    endloop
  endfacet
  facet normal -9.789397e-001 -6.241566e-002  1.943743e-001
    outer loop
      vertex -1.049986e+003  1.179829e+000  1.150000e+002
      vertex -1.049432e+003 -7.518086e+000  1.150000e+002
      vertex -1.049225e+003  1.161867e+000  1.188268e+002
    endloop
  endfacet
  facet normal -9.789386e-001 -6.241786e-002  1.943793e-001
    outer loop
      vertex -1.049225e+003  1.161867e+000  1.188268e+002
      vertex -1.049432e+003 -7.518086e+000  1.150000e+002
      vertex -1.048679e+003 -7.403630e+000  1.188268e+002
    endloop
  endfacet
  facet normal -8.307602e-001 -5.296990e-002  5.541043e-001
    outer loop
      vertex -1.049225e+003  1.161867e+000  1.188268e+002
      vertex -1.048679e+003 -7.403630e+000  1.188268e+002
      vertex -1.047058e+003  1.110716e+000  1.220711e+002
    endloop
  endfacet
  facet normal -8.307608e-001 -5.296952e-002  5.541036e-001
    outer loop
      vertex -1.047058e+003  1.110716e+000  1.220711e+002
      vertex -1.048679e+003 -7.403630e+000  1.188268e+002
      vertex -1.046536e+003 -7.077687e+000  1.220711e+002
    endloop
  endfacet
  facet normal -5.558964e-001 -3.544410e-002  8.304955e-001
    outer loop
      vertex -1.047058e+003  1.110716e+000  1.220711e+002
      vertex -1.046536e+003 -7.077687e+000  1.220711e+002
      vertex -1.043815e+003  1.034164e+000  1.242388e+002
    endloop
  endfacet
  facet normal -5.559154e-001 -3.543445e-002  8.304833e-001
    outer loop
      vertex -1.043815e+003  1.034164e+000  1.242388e+002
      vertex -1.046536e+003 -7.077687e+000  1.220711e+002
      vertex -1.043329e+003 -6.589879e+000  1.242388e+002
    endloop
  endfacet
  facet normal -2.011971e-001 -1.282445e-002  9.794667e-001
    outer loop
      vertex -1.043815e+003  1.034164e+000  1.242388e+002
      vertex -1.043329e+003 -6.589879e+000  1.242388e+002
      vertex -1.039770e+003 -4.283805e+000  1.250000e+002
    endloop
  endfacet
  facet normal -9.532312e-001 -2.314452e-001  1.943792e-001
    outer loop
      vertex -1.049432e+003 -7.518086e+000  1.150000e+002
      vertex -1.047375e+003 -1.598757e+001  1.150000e+002
      vertex -1.048679e+003 -7.403630e+000  1.188268e+002
    endloop
  endfacet
  facet normal -9.532271e-001 -2.314507e-001  1.943930e-001
    outer loop
      vertex -1.048679e+003 -7.403630e+000  1.188268e+002
      vertex -1.047375e+003 -1.598757e+001  1.150000e+002
      vertex -1.046654e+003 -1.574417e+001  1.188268e+002
    endloop
  endfacet
  facet normal -8.089435e-001 -1.964176e-001  5.541035e-001
    outer loop
      vertex -1.048679e+003 -7.403630e+000  1.188268e+002
      vertex -1.046654e+003 -1.574417e+001  1.188268e+002
      vertex -1.046536e+003 -7.077687e+000  1.220711e+002
    endloop
  endfacet
  facet normal -8.089373e-001 -1.964207e-001  5.541115e-001
    outer loop
      vertex -1.046536e+003 -7.077687e+000  1.220711e+002
      vertex -1.046654e+003 -1.574417e+001  1.188268e+002
      vertex -1.044600e+003 -1.505104e+001  1.220711e+002
    endloop
  endfacet
  facet normal -5.413141e-001 -1.314382e-001  8.304837e-001
    outer loop
      vertex -1.046536e+003 -7.077687e+000  1.220711e+002
      vertex -1.044600e+003 -1.505104e+001  1.220711e+002
      vertex -1.043329e+003 -6.589879e+000  1.242388e+002
    endloop
  endfacet
  facet normal -5.413124e-001 -1.314387e-001  8.304847e-001
    outer loop
      vertex -1.043329e+003 -6.589879e+000  1.242388e+002
      vertex -1.044600e+003 -1.505104e+001  1.220711e+002
      vertex -1.041526e+003 -1.401369e+001  1.242388e+002
    endloop
  endfacet
  facet normal -1.935262e-001 -4.699104e-002  9.799691e-001
    outer loop
      vertex -1.043329e+003 -6.589879e+000  1.242388e+002
      vertex -1.041526e+003 -1.401369e+001  1.242388e+002
      vertex -1.038170e+003 -1.196023e+001  1.250000e+002
    endloop
  endfacet
  facet normal -8.985525e-001 -3.934655e-001  1.943920e-001
    outer loop
      vertex -1.047375e+003 -1.598757e+001  1.150000e+002
      vertex -1.043879e+003 -2.397128e+001  1.150000e+002
      vertex -1.046654e+003 -1.574417e+001  1.188268e+002
    endloop
  endfacet
  facet normal -8.985525e-001 -3.934655e-001  1.943920e-001
    outer loop
      vertex -1.046654e+003 -1.574417e+001  1.188268e+002
      vertex -1.043879e+003 -2.397128e+001  1.150000e+002
      vertex -1.043211e+003 -2.360634e+001  1.188268e+002
    endloop
  endfacet
  facet normal -7.625398e-001 -3.339072e-001  5.541110e-001
    outer loop
      vertex -1.046654e+003 -1.574417e+001  1.188268e+002
      vertex -1.043211e+003 -2.360634e+001  1.188268e+002
      vertex -1.044600e+003 -1.505104e+001  1.220711e+002
    endloop
  endfacet
  facet normal -7.625459e-001 -3.339053e-001  5.541036e-001
    outer loop
      vertex -1.044600e+003 -1.505104e+001  1.220711e+002
      vertex -1.043211e+003 -2.360634e+001  1.188268e+002
      vertex -1.041309e+003 -2.256707e+001  1.220711e+002
    endloop
  endfacet
  facet normal -5.102656e-001 -2.234363e-001  8.304849e-001
    outer loop
      vertex -1.044600e+003 -1.505104e+001  1.220711e+002
      vertex -1.041309e+003 -2.256707e+001  1.220711e+002
      vertex -1.041526e+003 -1.401369e+001  1.242388e+002
    endloop
  endfacet
  facet normal -5.102624e-001 -2.234367e-001  8.304869e-001
    outer loop
      vertex -1.041526e+003 -1.401369e+001  1.242388e+002
      vertex -1.041309e+003 -2.256707e+001  1.220711e+002
      vertex -1.038462e+003 -2.101170e+001  1.242388e+002
    endloop
  endfacet
  facet normal -1.793638e-001 -7.854087e-002  9.806426e-001
    outer loop
      vertex -1.041526e+003 -1.401369e+001  1.242388e+002
      vertex -1.038462e+003 -2.101170e+001  1.242388e+002
      vertex -1.035103e+003 -1.917702e+001  1.250000e+002
    endloop
  endfacet
  facet normal -8.165769e-001 -5.435205e-001  1.943904e-001
    outer loop
      vertex -1.043879e+003 -2.397128e+001  1.150000e+002
      vertex -1.039050e+003 -3.122663e+001  1.150000e+002
      vertex -1.043211e+003 -2.360634e+001  1.188268e+002
    endloop
  endfacet
  facet normal -8.165846e-001 -5.435156e-001  1.943723e-001
    outer loop
      vertex -1.043211e+003 -2.360634e+001  1.188268e+002
      vertex -1.039050e+003 -3.122663e+001  1.150000e+002
      vertex -1.038455e+003 -3.075123e+001  1.188268e+002
    endloop
  endfacet
  facet normal -6.929802e-001 -4.612450e-001  5.541040e-001
    outer loop
      vertex -1.043211e+003 -2.360634e+001  1.188268e+002
      vertex -1.038455e+003 -3.075123e+001  1.188268e+002
      vertex -1.041309e+003 -2.256707e+001  1.220711e+002
    endloop
  endfacet
  facet normal -6.929786e-001 -4.612452e-001  5.541061e-001
    outer loop
      vertex -1.041309e+003 -2.256707e+001  1.220711e+002
      vertex -1.038455e+003 -3.075123e+001  1.188268e+002
      vertex -1.036762e+003 -2.939742e+001  1.220711e+002
    endloop
  endfacet
  facet normal -4.637120e-001 -3.086459e-001  8.304872e-001
    outer loop
      vertex -1.041309e+003 -2.256707e+001  1.220711e+002
      vertex -1.036762e+003 -2.939742e+001  1.220711e+002
      vertex -1.038462e+003 -2.101170e+001  1.242388e+002
    endloop
  endfacet
  facet normal -4.637140e-001 -3.086459e-001  8.304861e-001
    outer loop
      vertex -1.038462e+003 -2.101170e+001  1.242388e+002
      vertex -1.036762e+003 -2.939742e+001  1.220711e+002
      vertex -1.034229e+003 -2.737129e+001  1.242388e+002
    endloop
  endfacet
  facet normal -1.630011e-001 -1.084928e-001  9.806426e-001
    outer loop
      vertex -1.038462e+003 -2.101170e+001  1.242388e+002
      vertex -1.034229e+003 -2.737129e+001  1.242388e+002
      vertex -1.035103e+003 -1.917702e+001  1.250000e+002
    endloop
  endfacet
  facet normal -7.097921e-001 -6.770630e-001  1.943728e-001
    outer loop
      vertex -1.039050e+003 -3.122663e+001  1.150000e+002
      vertex -1.033034e+003 -3.753318e+001  1.150000e+002
      vertex -1.038455e+003 -3.075123e+001  1.188268e+002
    endloop
  endfacet
  facet normal -7.097997e-001 -6.770598e-001  1.943563e-001
    outer loop
      vertex -1.038455e+003 -3.075123e+001  1.188268e+002
      vertex -1.033034e+003 -3.753318e+001  1.150000e+002
      vertex -1.032531e+003 -3.696177e+001  1.188268e+002
    endloop
  endfacet
  facet normal -6.023563e-001 -5.745722e-001  5.541063e-001
    outer loop
      vertex -1.038455e+003 -3.075123e+001  1.188268e+002
      vertex -1.032531e+003 -3.696177e+001  1.188268e+002
      vertex -1.036762e+003 -2.939742e+001  1.220711e+002
    endloop
  endfacet
  facet normal -6.023487e-001 -5.745717e-001  5.541151e-001
    outer loop
      vertex -1.036762e+003 -2.939742e+001  1.220711e+002
      vertex -1.032531e+003 -3.696177e+001  1.188268e+002
      vertex -1.031099e+003 -3.533453e+001  1.220711e+002
    endloop
  endfacet
  facet normal -4.030699e-001 -3.844825e-001  8.304867e-001
    outer loop
      vertex -1.036762e+003 -2.939742e+001  1.220711e+002
      vertex -1.031099e+003 -3.533453e+001  1.220711e+002
      vertex -1.034229e+003 -2.737129e+001  1.242388e+002
    endloop
  endfacet
  facet normal -4.030631e-001 -3.844809e-001  8.304905e-001
    outer loop
      vertex -1.034229e+003 -2.737129e+001  1.242388e+002
      vertex -1.031099e+003 -3.533453e+001  1.220711e+002
      vertex -1.028956e+003 -3.289921e+001  1.242388e+002
    endloop
  endfacet
  facet normal -1.441009e-001 -1.374575e-001  9.799696e-001
    outer loop
      vertex -1.034229e+003 -2.737129e+001  1.242388e+002
      vertex -1.028956e+003 -3.289921e+001  1.242388e+002
      vertex -1.030688e+003 -2.565685e+001  1.250000e+002
    endloop
  endfacet
  facet normal -5.814437e-001 -7.900300e-001  1.943599e-001
    outer loop
      vertex -1.033034e+003 -3.753318e+001  1.150000e+002
      vertex -1.026015e+003 -4.269930e+001  1.150000e+002
      vertex -1.032531e+003 -3.696177e+001  1.188268e+002
    endloop
  endfacet
  facet normal -5.814398e-001 -7.900309e-001  1.943680e-001
    outer loop
      vertex -1.032531e+003 -3.696177e+001  1.188268e+002
      vertex -1.026015e+003 -4.269930e+001  1.150000e+002
      vertex -1.025619e+003 -4.204924e+001  1.188268e+002
    endloop
  endfacet
  facet normal -4.934246e-001 -6.704404e-001  5.541134e-001
    outer loop
      vertex -1.032531e+003 -3.696177e+001  1.188268e+002
      vertex -1.025619e+003 -4.204924e+001  1.188268e+002
      vertex -1.031099e+003 -3.533453e+001  1.220711e+002
    endloop
  endfacet
  facet normal -4.934246e-001 -6.704404e-001  5.541135e-001
    outer loop
      vertex -1.031099e+003 -3.533453e+001  1.220711e+002
      vertex -1.025619e+003 -4.204924e+001  1.188268e+002
      vertex -1.024491e+003 -4.019803e+001  1.220711e+002
    endloop
  endfacet
  facet normal -3.301782e-001 -4.486295e-001  8.304901e-001
    outer loop
      vertex -1.031099e+003 -3.533453e+001  1.220711e+002
      vertex -1.024491e+003 -4.019803e+001  1.220711e+002
      vertex -1.028956e+003 -3.289921e+001  1.242388e+002
    endloop
  endfacet
  facet normal -3.301818e-001 -4.486311e-001  8.304879e-001
    outer loop
      vertex -1.028956e+003 -3.289921e+001  1.242388e+002
      vertex -1.024491e+003 -4.019803e+001  1.220711e+002
      vertex -1.022803e+003 -3.742750e+001  1.242388e+002
    endloop
  endfacet
  facet normal -1.195043e-001 -1.623752e-001  9.794658e-001
    outer loop
      vertex -1.028956e+003 -3.289921e+001  1.242388e+002
      vertex -1.022803e+003 -3.742750e+001  1.242388e+002
      vertex -1.025093e+003 -3.115071e+001  1.250000e+002
    endloop
  endfacet
  facet normal -4.354208e-001 -8.789932e-001  1.943700e-001
    outer loop
      vertex -1.026015e+003 -4.269930e+001  1.150000e+002
      vertex -1.018205e+003 -4.656802e+001  1.150000e+002
      vertex -1.025619e+003 -4.204924e+001  1.188268e+002
    endloop
  endfacet
  facet normal -4.354207e-001 -8.789932e-001  1.943705e-001
    outer loop
      vertex -1.025619e+003 -4.204924e+001  1.188268e+002
      vertex -1.018205e+003 -4.656802e+001  1.150000e+002
      vertex -1.017928e+003 -4.585907e+001  1.188268e+002
    endloop
  endfacet
  facet normal -3.695098e-001 -7.459376e-001  5.541116e-001
    outer loop
      vertex -1.025619e+003 -4.204924e+001  1.188268e+002
      vertex -1.017928e+003 -4.585907e+001  1.188268e+002
      vertex -1.024491e+003 -4.019803e+001  1.220711e+002
    endloop
  endfacet
  facet normal -3.695115e-001 -7.459383e-001  5.541095e-001
    outer loop
      vertex -1.024491e+003 -4.019803e+001  1.220711e+002
      vertex -1.017928e+003 -4.585907e+001  1.188268e+002
      vertex -1.017138e+003 -4.384013e+001  1.220711e+002
    endloop
  endfacet
  facet normal -2.472614e-001 -4.991502e-001  8.304884e-001
    outer loop
      vertex -1.024491e+003 -4.019803e+001  1.220711e+002
      vertex -1.017138e+003 -4.384013e+001  1.220711e+002
      vertex -1.022803e+003 -3.742750e+001  1.242388e+002
    endloop
  endfacet
  facet normal -2.472602e-001 -4.991494e-001  8.304891e-001
    outer loop
      vertex -1.022803e+003 -3.742750e+001  1.242388e+002
      vertex -1.017138e+003 -4.384013e+001  1.220711e+002
      vertex -1.015957e+003 -4.081858e+001  1.242388e+002
    endloop
  endfacet
  facet normal -9.015931e-002 -1.820065e-001  9.791552e-001
    outer loop
      vertex -1.022803e+003 -3.742750e+001  1.242388e+002
      vertex -1.015957e+003 -4.081858e+001  1.242388e+002
      vertex -1.018533e+003 -3.544746e+001  1.250000e+002
    endloop
  endfacet
  facet normal -2.761713e-001 -9.412484e-001  1.943727e-001
    outer loop
      vertex -1.018205e+003 -4.656802e+001  1.150000e+002
      vertex -1.009842e+003 -4.902180e+001  1.150000e+002
      vertex -1.017928e+003 -4.585907e+001  1.188268e+002
    endloop
  endfacet
  facet normal -2.761696e-001 -9.412482e-001  1.943762e-001
    outer loop
      vertex -1.017928e+003 -4.585907e+001  1.188268e+002
      vertex -1.009842e+003 -4.902180e+001  1.150000e+002
      vertex -1.009692e+003 -4.827549e+001  1.188268e+002
    endloop
  endfacet
  facet normal -2.343659e-001 -7.987719e-001  5.541083e-001
    outer loop
      vertex -1.017928e+003 -4.585907e+001  1.188268e+002
      vertex -1.009692e+003 -4.827549e+001  1.188268e+002
      vertex -1.017138e+003 -4.384013e+001  1.220711e+002
    endloop
  endfacet
  facet normal -2.343674e-001 -7.987729e-001  5.541062e-001
    outer loop
      vertex -1.017138e+003 -4.384013e+001  1.220711e+002
      vertex -1.009692e+003 -4.827549e+001  1.188268e+002
      vertex -1.009265e+003 -4.615017e+001  1.220711e+002
    endloop
  endfacet
  facet normal -1.568279e-001 -5.345023e-001  8.304893e-001
    outer loop
      vertex -1.017138e+003 -4.384013e+001  1.220711e+002
      vertex -1.009265e+003 -4.615017e+001  1.220711e+002
      vertex -1.015957e+003 -4.081858e+001  1.242388e+002
    endloop
  endfacet
  facet normal -1.568266e-001 -5.345010e-001  8.304902e-001
    outer loop
      vertex -1.015957e+003 -4.081858e+001  1.242388e+002
      vertex -1.009265e+003 -4.615017e+001  1.220711e+002
      vertex -1.008627e+003 -4.296941e+001  1.242388e+002
    endloop
  endfacet
  facet normal -5.732703e-002 -1.953836e-001  9.790500e-001
    outer loop
      vertex -1.015957e+003 -4.081858e+001  1.242388e+002
      vertex -1.008627e+003 -4.296941e+001  1.242388e+002
      vertex -1.011262e+003 -3.838198e+001  1.250000e+002
    endloop
  endfacet
  facet normal -1.085275e-001 -9.749051e-001  1.943759e-001
    outer loop
      vertex -1.009842e+003 -4.902180e+001  1.150000e+002
      vertex -1.001180e+003 -4.998608e+001  1.150000e+002
      vertex -1.009692e+003 -4.827549e+001  1.188268e+002
    endloop
  endfacet
  facet normal -1.085279e-001 -9.749052e-001  1.943749e-001
    outer loop
      vertex -1.009692e+003 -4.827549e+001  1.188268e+002
      vertex -1.001180e+003 -4.998608e+001  1.150000e+002
      vertex -1.001162e+003 -4.922509e+001  1.188268e+002
    endloop
  endfacet
  facet normal -9.210026e-002 -8.273355e-001  5.541061e-001
    outer loop
      vertex -1.009692e+003 -4.827549e+001  1.188268e+002
      vertex -1.001162e+003 -4.922509e+001  1.188268e+002
      vertex -1.009265e+003 -4.615017e+001  1.220711e+002
    endloop
  endfacet
  facet normal -9.209999e-002 -8.273352e-001  5.541065e-001
    outer loop
      vertex -1.009265e+003 -4.615017e+001  1.220711e+002
      vertex -1.001162e+003 -4.922509e+001  1.188268e+002
      vertex -1.001111e+003 -4.705796e+001  1.220711e+002
    endloop
  endfacet
  facet normal -6.162898e-002 -5.536138e-001  8.304899e-001
    outer loop
      vertex -1.009265e+003 -4.615017e+001  1.220711e+002
      vertex -1.001111e+003 -4.705796e+001  1.220711e+002
      vertex -1.008627e+003 -4.296941e+001  1.242388e+002
    endloop
  endfacet
  facet normal -6.162981e-002 -5.536149e-001  8.304892e-001
    outer loop
      vertex -1.008627e+003 -4.296941e+001  1.242388e+002
      vertex -1.001111e+003 -4.705796e+001  1.220711e+002
      vertex -1.001034e+003 -4.381463e+001  1.242388e+002
    endloop
  endfacet
  facet normal -2.247227e-002 -2.018663e-001  9.791553e-001
    outer loop
      vertex -1.008627e+003 -4.296941e+001  1.242388e+002
      vertex -1.001034e+003 -4.381463e+001  1.242388e+002
      vertex -1.003557e+003 -3.984151e+001  1.250000e+002
    endloop
  endfacet
  facet normal  6.241121e-002 -9.789397e-001  1.943756e-001
    outer loop
      vertex -1.001180e+003 -4.998608e+001  1.150000e+002
      vertex -9.924819e+002 -4.943155e+001  1.150000e+002
      vertex -1.001162e+003 -4.922509e+001  1.188268e+002
    endloop
  endfacet
  facet normal  6.241144e-002 -9.789396e-001  1.943761e-001
    outer loop
      vertex -1.001162e+003 -4.922509e+001  1.188268e+002
      vertex -9.924819e+002 -4.943155e+001  1.150000e+002
      vertex -9.925964e+002 -4.867900e+001  1.188268e+002
    endloop
  endfacet
  facet normal  5.296431e-002 -8.307590e-001  5.541066e-001
    outer loop
      vertex -1.001162e+003 -4.922509e+001  1.188268e+002
      vertex -9.925964e+002 -4.867900e+001  1.188268e+002
      vertex -1.001111e+003 -4.705796e+001  1.220711e+002
    endloop
  endfacet
  facet normal  5.296395e-002 -8.307595e-001  5.541059e-001
    outer loop
      vertex -1.001111e+003 -4.705796e+001  1.220711e+002
      vertex -9.925964e+002 -4.867900e+001  1.188268e+002
      vertex -9.929223e+002 -4.653592e+001  1.220711e+002
    endloop
  endfacet
  facet normal  3.544102e-002 -5.559059e-001  8.304894e-001
    outer loop
      vertex -1.001111e+003 -4.705796e+001  1.220711e+002
      vertex -9.929223e+002 -4.653592e+001  1.220711e+002
      vertex -1.001034e+003 -4.381463e+001  1.242388e+002
    endloop
  endfacet
  facet normal  3.544113e-002 -5.559055e-001  8.304895e-001
    outer loop
      vertex -1.001034e+003 -4.381463e+001  1.242388e+002
      vertex -9.929223e+002 -4.653592e+001  1.220711e+002
      vertex -9.934101e+002 -4.332857e+001  1.242388e+002
    endloop
  endfacet
  facet normal  1.282732e-002 -2.012007e-001  9.794661e-001
    outer loop
      vertex -1.001034e+003 -4.381463e+001  1.242388e+002
      vertex -9.934101e+002 -4.332857e+001  1.242388e+002
      vertex -9.957162e+002 -3.976995e+001  1.250000e+002
    endloop
  endfacet
  facet normal  2.314543e-001 -9.532298e-001  1.943755e-001
    outer loop
      vertex -9.924819e+002 -4.943155e+001  1.150000e+002
      vertex -9.840125e+002 -4.737507e+001  1.150000e+002
      vertex -9.925964e+002 -4.867900e+001  1.188268e+002
    endloop
  endfacet
  facet normal  2.314533e-001 -9.532306e-001  1.943727e-001
    outer loop
      vertex -9.925964e+002 -4.867900e+001  1.188268e+002
      vertex -9.840125e+002 -4.737507e+001  1.150000e+002
      vertex -9.842558e+002 -4.665383e+001  1.188268e+002
    endloop
  endfacet
  facet normal  1.964186e-001 -8.089418e-001  5.541055e-001
    outer loop
      vertex -9.925964e+002 -4.867900e+001  1.188268e+002
      vertex -9.842558e+002 -4.665383e+001  1.188268e+002
      vertex -9.929223e+002 -4.653592e+001  1.220711e+002
    endloop
  endfacet
  facet normal  1.964196e-001 -8.089399e-001  5.541079e-001
    outer loop
      vertex -9.929223e+002 -4.653592e+001  1.220711e+002
      vertex -9.842558e+002 -4.665383e+001  1.188268e+002
      vertex -9.849490e+002 -4.459991e+001  1.220711e+002
    endloop
  endfacet
  facet normal  1.314351e-001 -5.413061e-001  8.304893e-001
    outer loop
      vertex -9.929223e+002 -4.653592e+001  1.220711e+002
      vertex -9.849490e+002 -4.459991e+001  1.220711e+002
      vertex -9.934101e+002 -4.332857e+001  1.242388e+002
    endloop
  endfacet
  facet normal  1.314353e-001 -5.413054e-001  8.304898e-001
    outer loop
      vertex -9.934101e+002 -4.332857e+001  1.242388e+002
      vertex -9.849490e+002 -4.459991e+001  1.220711e+002
      vertex -9.859863e+002 -4.152599e+001  1.242388e+002
    endloop
  endfacet
  facet normal  4.699077e-002 -1.935276e-001  9.799689e-001
    outer loop
      vertex -9.934101e+002 -4.332857e+001  1.242388e+002
      vertex -9.859863e+002 -4.152599e+001  1.242388e+002
      vertex -9.880398e+002 -3.817006e+001  1.250000e+002
    endloop
  endfacet
  facet normal  0.000000e+000  0.000000e+000 -1.000000e+000
    outer loop
      vertex -9.602300e+002  4.283805e+000  0.000000e+000
      vertex -1.038382e+003  1.126158e+001  0.000000e+000
      vertex -9.618300e+002  1.196023e+001  0.000000e+000
    endloop
  endfacet
  facet normal  -0.000000e+000  0.000000e+000 -1.000000e+000
    outer loop
      vertex -9.618300e+002  1.196023e+001  0.000000e+000
      vertex -1.038382e+003  1.126158e+001  0.000000e+000
      vertex -1.035448e+003  1.853315e+001  0.000000e+000
    endloop
  endfacet
  facet normal  0.000000e+000  0.000000e+000 -1.000000e+000
    outer loop
      vertex -9.618300e+002  1.196023e+001  0.000000e+000
      vertex -1.035448e+003  1.853315e+001  0.000000e+000
      vertex -9.648967e+002  1.917702e+001  0.000000e+000
    endloop
  endfacet
  facet normal  -0.000000e+000  0.000000e+000 -1.000000e+000
    outer loop
      vertex -9.648967e+002  1.917702e+001  0.000000e+000
      vertex -1.035448e+003  1.853315e+001  0.000000e+000
      vertex -1.031151e+003  2.509249e+001  0.000000e+000
    endloop
  endfacet
  facet normal  0.000000e+000  0.000000e+000 -1.000000e+000
    outer loop
      vertex -9.648967e+002  1.917702e+001  0.000000e+000
      vertex -1.031151e+003  2.509249e+001  0.000000e+000
      vertex -9.693124e+002  2.565685e+001  0.000000e+000
    endloop
  endfacet
  facet normal  -0.000000e+000  0.000000e+000 -1.000000e+000
    outer loop
      vertex -9.693124e+002  2.565685e+001  0.000000e+000
      vertex -1.031151e+003  2.509249e+001  0.000000e+000
      vertex -1.025657e+003  3.068755e+001  0.000000e+000
    endloop
  endfacet
  facet normal  0.000000e+000  0.000000e+000 -1.000000e+000
    outer loop
      vertex -9.693124e+002  2.565685e+001  0.000000e+000
      vertex -1.025657e+003  3.068755e+001  0.000000e+000
      vertex -9.749075e+002  3.115071e+001  0.000000e+000
    endloop
  endfacet
  facet normal  -0.000000e+000  0.000000e+000 -1.000000e+000
    outer loop
      vertex -9.749075e+002  3.115071e+001  0.000000e+000
      vertex -1.025657e+003  3.068755e+001  0.000000e+000
      vertex -1.019177e+003  3.510330e+001  0.000000e+000
    endloop
  endfacet
  facet normal  0.000000e+000  0.000000e+000 -9.999999e-001
    outer loop
      vertex -9.749075e+002  3.115071e+001  0.000000e+000
      vertex -1.019177e+003  3.510330e+001  0.000000e+000
      vertex -9.814669e+002  3.544746e+001  0.000000e+000
    endloop
  endfacet
  facet normal  -0.000000e+000  0.000000e+000 -1.000000e+000
    outer loop
      vertex -9.814669e+002  3.544746e+001  0.000000e+000
      vertex -1.019177e+003  3.510330e+001  0.000000e+000
      vertex -1.011960e+003  3.817006e+001  0.000000e+000
    endloop
  endfacet
  facet normal  0.000000e+000  0.000000e+000 -1.000000e+000
    outer loop
      vertex -9.814669e+002  3.544746e+001  0.000000e+000
      vertex -1.011960e+003  3.817006e+001  0.000000e+000
      vertex -9.887384e+002  3.838198e+001  0.000000e+000
    endloop
  endfacet
  facet normal  -0.000000e+000  0.000000e+000 -1.000000e+000
    outer loop
      vertex -9.887384e+002  3.838198e+001  0.000000e+000
      vertex -1.011960e+003  3.817006e+001  0.000000e+000
      vertex -1.004284e+003  3.976995e+001  0.000000e+000
    endloop
  endfacet
  facet normal  0.000000e+000  0.000000e+000 -1.000000e+000
    outer loop
      vertex -9.887384e+002  3.838198e+001  0.000000e+000
      vertex -1.004284e+003  3.976995e+001  0.000000e+000
      vertex -9.964427e+002  3.984151e+001  0.000000e+000
    endloop
  endfacet
  facet normal  -0.000000e+000  0.000000e+000 -1.000000e+000
    outer loop
      vertex -1.038382e+003  1.126158e+001  0.000000e+000
      vertex -9.602300e+002  4.283805e+000  0.000000e+000
      vertex -1.039842e+003  3.557239e+000  0.000000e+000
    endloop
  endfacet
  facet normal  0.000000e+000  0.000000e+000 -1.000000e+000
    outer loop
      vertex -1.039842e+003  3.557239e+000  0.000000e+000
      vertex -9.602300e+002  4.283805e+000  0.000000e+000
      vertex -9.601585e+002 -3.557239e+000  0.000000e+000
    endloop
  endfacet
  facet normal  -0.000000e+000  0.000000e+000 -1.000000e+000
    outer loop
      vertex -1.039842e+003  3.557239e+000  0.000000e+000
      vertex -9.601585e+002 -3.557239e+000  0.000000e+000
      vertex -1.039770e+003 -4.283805e+000  0.000000e+000
    endloop
  endfacet
  facet normal  0.000000e+000  0.000000e+000 -1.000000e+000
    outer loop
      vertex -1.039770e+003 -4.283805e+000  0.000000e+000
      vertex -9.601585e+002 -3.557239e+000  0.000000e+000
      vertex -9.616180e+002 -1.126158e+001  0.000000e+000
    endloop
  endfacet
  facet normal  -0.000000e+000  0.000000e+000 -1.000000e+000
    outer loop
      vertex -1.039770e+003 -4.283805e+000  0.000000e+000
      vertex -9.616180e+002 -1.126158e+001  0.000000e+000
      vertex -1.038170e+003 -1.196023e+001  0.000000e+000
    endloop
  endfacet
  facet normal  0.000000e+000  0.000000e+000 -1.000000e+000
    outer loop
      vertex -1.038170e+003 -1.196023e+001  0.000000e+000
      vertex -9.616180e+002 -1.126158e+001  0.000000e+000
      vertex -9.645526e+002 -1.853315e+001  0.000000e+000
    endloop
  endfacet
  facet normal  -0.000000e+000  0.000000e+000 -1.000000e+000
    outer loop
      vertex -1.038170e+003 -1.196023e+001  0.000000e+000
      vertex -9.645526e+002 -1.853315e+001  0.000000e+000
      vertex -1.035103e+003 -1.917702e+001  0.000000e+000
    endloop
  endfacet
  facet normal  0.000000e+000  0.000000e+000 -1.000000e+000
    outer loop
      vertex -1.035103e+003 -1.917702e+001  0.000000e+000
      vertex -9.645526e+002 -1.853315e+001  0.000000e+000
      vertex -9.688493e+002 -2.509249e+001  0.000000e+000
    endloop
  endfacet
  facet normal  -0.000000e+000  0.000000e+000 -1.000000e+000
    outer loop
      vertex -1.035103e+003 -1.917702e+001  0.000000e+000
      vertex -9.688493e+002 -2.509249e+001  0.000000e+000
      vertex -1.030688e+003 -2.565685e+001  0.000000e+000
    endloop
  endfacet
  facet normal  0.000000e+000  0.000000e+000 -1.000000e+000
    outer loop
      vertex -1.030688e+003 -2.565685e+001  0.000000e+000
      vertex -9.688493e+002 -2.509249e+001  0.000000e+000
      vertex -9.743431e+002 -3.068755e+001  0.000000e+000
    endloop
  endfacet
  facet normal  -0.000000e+000  0.000000e+000 -1.000000e+000
    outer loop
      vertex -1.030688e+003 -2.565685e+001  0.000000e+000
      vertex -9.743431e+002 -3.068755e+001  0.000000e+000
      vertex -1.025093e+003 -3.115071e+001  0.000000e+000
    endloop
  endfacet
  facet normal  0.000000e+000  0.000000e+000 -1.000000e+000
    outer loop
      vertex -1.025093e+003 -3.115071e+001  0.000000e+000
      vertex -9.743431e+002 -3.068755e+001  0.000000e+000
      vertex -9.808230e+002 -3.510330e+001  0.000000e+000
    endloop
  endfacet
  facet normal  -0.000000e+000  0.000000e+000 -1.000000e+000
    outer loop
      vertex -1.025093e+003 -3.115071e+001  0.000000e+000
      vertex -9.808230e+002 -3.510330e+001  0.000000e+000
      vertex -1.018533e+003 -3.544746e+001  0.000000e+000
    endloop
  endfacet
  facet normal  0.000000e+000  0.000000e+000 -1.000000e+000
    outer loop
      vertex -1.018533e+003 -3.544746e+001  0.000000e+000
      vertex -9.808230e+002 -3.510330e+001  0.000000e+000
      vertex -9.880398e+002 -3.817006e+001  0.000000e+000
    endloop
  endfacet
  facet normal  -0.000000e+000  0.000000e+000 -1.000000e+000
    outer loop
      vertex -1.018533e+003 -3.544746e+001  0.000000e+000
      vertex -9.880398e+002 -3.817006e+001  0.000000e+000
      vertex -1.011262e+003 -3.838198e+001  0.000000e+000
    endloop
  endfacet
  facet normal  0.000000e+000  0.000000e+000 -1.000000e+000
    outer loop
      vertex -1.011262e+003 -3.838198e+001  0.000000e+000
      vertex -9.880398e+002 -3.817006e+001  0.000000e+000
      vertex -9.957162e+002 -3.976995e+001  0.000000e+000
    endloop
  endfacet
  facet normal  -0.000000e+000  0.000000e+000 -1.000000e+000
    outer loop
      vertex -1.011262e+003 -3.838198e+001  0.000000e+000
      vertex -9.957162e+002 -3.976995e+001  0.000000e+000
      vertex -1.003557e+003 -3.984151e+001  0.000000e+000
    endloop
  endfacet
  facet normal  -0.000000e+000  0.000000e+000  9.999999e-001
    outer loop
      vertex -1.019881e+003  2.246692e+001  1.000000e+001
      vertex -1.046568e+003  1.820492e+001  1.000000e+001
      vertex -1.024381e+003  1.747979e+001  1.000000e+001
    endloop
  endfacet
  facet normal  0.000000e+000  -0.000000e+000  1.000000e+000
    outer loop
      vertex -9.775331e+002  1.988058e+001  1.000000e+001
      vertex -9.736725e+002  1.438277e+001  1.000000e+001
      vertex -9.526249e+002  1.598757e+001  1.000000e+001
    endloop
  endfacet
  facet normal  -0.000000e+000  -0.000000e+000  9.999999e-001
    outer loop
      vertex -1.039050e+003 -3.122663e+001  1.000000e+001
      vertex -1.033034e+003 -3.753318e+001  1.000000e+001
      vertex -1.026015e+003 -4.269930e+001  1.000000e+001
    endloop
  endfacet
  facet normal  -0.000000e+000  -0.000000e+000  1.000000e+000
    outer loop
      vertex -1.039050e+003 -3.122663e+001  1.000000e+001
      vertex -1.026015e+003 -4.269930e+001  1.000000e+001
      vertex -1.018205e+003 -4.656802e+001  1.000000e+001
    endloop
  endfacet
  facet normal  -0.000000e+000  -0.000000e+000  1.000000e+000
    outer loop
      vertex -1.039050e+003 -3.122663e+001  1.000000e+001
      vertex -1.018205e+003 -4.656802e+001  1.000000e+001
      vertex -1.009842e+003 -4.902180e+001  1.000000e+001
    endloop
  endfacet
  facet normal  0.000000e+000  -0.000000e+000  1.000000e+000
    outer loop
      vertex -9.984647e+002 -2.996069e+001  1.000000e+001
      vertex -9.924819e+002 -4.943155e+001  1.000000e+001
      vertex -9.840125e+002 -4.737507e+001  1.000000e+001
    endloop
  endfacet
  facet normal  0.000000e+000  -0.000000e+000  9.999999e-001
    outer loop
      vertex -9.984647e+002 -2.996069e+001  1.000000e+001
      vertex -9.840125e+002 -4.737507e+001  1.000000e+001
      vertex -9.760287e+002 -4.387913e+001  1.000000e+001
    endloop
  endfacet
  facet normal  0.000000e+000  -0.000000e+000  1.000000e+000
    outer loop
      vertex -9.984647e+002 -2.996069e+001  1.000000e+001
      vertex -9.760287e+002 -4.387913e+001  1.000000e+001
      vertex -9.687734e+002 -3.904994e+001  1.000000e+001
    endloop
  endfacet
  facet normal  0.000000e+000  -0.000000e+000  1.000000e+000
    outer loop
      vertex -9.984647e+002 -2.996069e+001  1.000000e+001
      vertex -9.687734e+002 -3.904994e+001  1.000000e+001
      vertex -9.624668e+002 -3.303423e+001  1.000000e+001
    endloop
  endfacet
  facet normal  0.000000e+000  0.000000e+000  1.000000e+000
    outer loop
      vertex -9.984647e+002 -2.996069e+001  1.000000e+001
      vertex -9.624668e+002 -3.303423e+001  1.000000e+001
      vertex -9.918362e+002 -2.886786e+001  1.000000e+001
    endloop
  endfacet
  facet normal  -0.000000e+000  -0.000000e+000  1.000000e+000
    outer loop
      vertex -9.948300e+002  2.955116e+001  1.000000e+001
      vertex -9.883839e+002  2.765981e+001  1.000000e+001
      vertex -9.561208e+002  2.397128e+001  1.000000e+001
    endloop
  endfacet
  facet normal  0.000000e+000  0.000000e+000  1.000000e+000
    outer loop
      vertex -9.948300e+002  2.955116e+001  1.000000e+001
      vertex -9.561208e+002  2.397128e+001  1.000000e+001
      vertex -9.609501e+002  3.122663e+001  1.000000e+001
    endloop
  endfacet
  facet normal  0.000000e+000  0.000000e+000  1.000000e+000
    outer loop
      vertex -9.948300e+002  2.955116e+001  1.000000e+001
      vertex -9.609501e+002  3.122663e+001  1.000000e+001
      vertex -9.669658e+002  3.753318e+001  1.000000e+001
    endloop
  endfacet
  facet normal  0.000000e+000  0.000000e+000  1.000000e+000
    outer loop
      vertex -9.948300e+002  2.955116e+001  1.000000e+001
      vertex -9.669658e+002  3.753318e+001  1.000000e+001
      vertex -9.739852e+002  4.269930e+001  1.000000e+001
    endloop
  endfacet
  facet normal  0.000000e+000  0.000000e+000  1.000000e+000
    outer loop
      vertex -9.948300e+002  2.955116e+001  1.000000e+001
      vertex -9.739852e+002  4.269930e+001  1.000000e+001
      vertex -9.817951e+002  4.656802e+001  1.000000e+001
    endloop
  endfacet
  facet normal  0.000000e+000  0.000000e+000  1.000000e+000
    outer loop
      vertex -9.948300e+002  2.955116e+001  1.000000e+001
      vertex -9.817951e+002  4.656802e+001  1.000000e+001
      vertex -9.901581e+002  4.902180e+001  1.000000e+001
    endloop
  endfacet
  facet normal  0.000000e+000  0.000000e+000  1.000000e+000
    outer loop
      vertex -9.948300e+002  2.955116e+001  1.000000e+001
      vertex -9.901581e+002  4.902180e+001  1.000000e+001
      vertex -9.988202e+002  4.998608e+001  1.000000e+001
    endloop
  endfacet
  facet normal  0.000000e+000  0.000000e+000  1.000000e+000
    outer loop
      vertex -9.948300e+002  2.955116e+001  1.000000e+001
      vertex -9.988202e+002  4.998608e+001  1.000000e+001
      vertex -1.001535e+003  2.996069e+001  1.000000e+001
    endloop
  endfacet
  facet normal  0.000000e+000  0.000000e+000  1.000000e+000
    outer loop
      vertex -1.001535e+003  2.996069e+001  1.000000e+001
      vertex -9.988202e+002  4.998608e+001  1.000000e+001
      vertex -1.007518e+003  4.943155e+001  1.000000e+001
    endloop
  endfacet
  facet normal  0.000000e+000  0.000000e+000  1.000000e+000
    outer loop
      vertex -1.001535e+003  2.996069e+001  1.000000e+001
      vertex -1.007518e+003  4.943155e+001  1.000000e+001
      vertex -1.015988e+003  4.737507e+001  1.000000e+001
    endloop
  endfacet
  facet normal  0.000000e+000  0.000000e+000  9.999999e-001
    outer loop
      vertex -1.001535e+003  2.996069e+001  1.000000e+001
      vertex -1.015988e+003  4.737507e+001  1.000000e+001
      vertex -1.023971e+003  4.387913e+001  1.000000e+001
    endloop
  endfacet
  facet normal  0.000000e+000  0.000000e+000  1.000000e+000
    outer loop
      vertex -1.001535e+003  2.996069e+001  1.000000e+001
      vertex -1.023971e+003  4.387913e+001  1.000000e+001
      vertex -1.031227e+003  3.904994e+001  1.000000e+001
    endloop
  endfacet
  facet normal  0.000000e+000  0.000000e+000  1.000000e+000
    outer loop
      vertex -1.001535e+003  2.996069e+001  1.000000e+001
      vertex -1.031227e+003  3.904994e+001  1.000000e+001
      vertex -1.037533e+003  3.303423e+001  1.000000e+001
    endloop
  endfacet
  facet normal  0.000000e+000  0.000000e+000  1.000000e+000
    outer loop
      vertex -1.042699e+003  2.601480e+001  1.000000e+001
      vertex -1.046568e+003  1.820492e+001  1.000000e+001
      vertex -1.019881e+003  2.246692e+001  1.000000e+001
    endloop
  endfacet
  facet normal  0.000000e+000  -0.000000e+000  1.000000e+000
    outer loop
      vertex -1.042699e+003  2.601480e+001  1.000000e+001
      vertex -1.019881e+003  2.246692e+001  1.000000e+001
      vertex -1.014383e+003  2.632748e+001  1.000000e+001
    endloop
  endfacet
  facet normal  0.000000e+000  -0.000000e+000  1.000000e+000
    outer loop
      vertex -1.042699e+003  2.601480e+001  1.000000e+001
      vertex -1.014383e+003  2.632748e+001  1.000000e+001
      vertex -1.008164e+003  2.886786e+001  1.000000e+001
    endloop
  endfacet
  facet normal  0.000000e+000  -0.000000e+000  1.000000e+000
    outer loop
      vertex -1.042699e+003  2.601480e+001  1.000000e+001
      vertex -1.008164e+003  2.886786e+001  1.000000e+001
      vertex -1.001535e+003  2.996069e+001  1.000000e+001
    endloop
  endfacet
  facet normal  0.000000e+000  0.000000e+000  1.000000e+000
    outer loop
      vertex -1.042699e+003  2.601480e+001  1.000000e+001
      vertex -1.001535e+003  2.996069e+001  1.000000e+001
      vertex -1.037533e+003  3.303423e+001  1.000000e+001
    endloop
  endfacet
  facet normal  0.000000e+000  0.000000e+000  9.999999e-001
    outer loop
      vertex -1.039050e+003 -3.122663e+001  1.000000e+001
      vertex -1.005170e+003 -2.955116e+001  1.000000e+001
      vertex -1.011616e+003 -2.765981e+001  1.000000e+001
    endloop
  endfacet
  facet normal  0.000000e+000  0.000000e+000  9.999999e-001
    outer loop
      vertex -1.039050e+003 -3.122663e+001  1.000000e+001
      vertex -1.011616e+003 -2.765981e+001  1.000000e+001
      vertex -1.017480e+003 -2.438149e+001  1.000000e+001
    endloop
  endfacet
  facet normal  0.000000e+000  0.000000e+000  9.999999e-001
    outer loop
      vertex -1.039050e+003 -3.122663e+001  1.000000e+001
      vertex -1.017480e+003 -2.438149e+001  1.000000e+001
      vertex -1.043879e+003 -2.397128e+001  1.000000e+001
    endloop
  endfacet
  facet normal  0.000000e+000  0.000000e+000  1.000000e+000
    outer loop
      vertex -9.924819e+002 -4.943155e+001  1.000000e+001
      vertex -9.984647e+002 -2.996069e+001  1.000000e+001
      vertex -1.001180e+003 -4.998608e+001  1.000000e+001
    endloop
  endfacet
  facet normal  0.000000e+000  -0.000000e+000  1.000000e+000
    outer loop
      vertex -1.001180e+003 -4.998608e+001  1.000000e+001
      vertex -9.984647e+002 -2.996069e+001  1.000000e+001
      vertex -1.005170e+003 -2.955116e+001  1.000000e+001
    endloop
  endfacet
  facet normal  0.000000e+000  0.000000e+000  1.000000e+000
    outer loop
      vertex -1.001180e+003 -4.998608e+001  1.000000e+001
      vertex -1.005170e+003 -2.955116e+001  1.000000e+001
      vertex -1.009842e+003 -4.902180e+001  1.000000e+001
    endloop
  endfacet
  facet normal  0.000000e+000  -0.000000e+000  1.000000e+000
    outer loop
      vertex -1.009842e+003 -4.902180e+001  1.000000e+001
      vertex -1.005170e+003 -2.955116e+001  1.000000e+001
      vertex -1.039050e+003 -3.122663e+001  1.000000e+001
    endloop
  endfacet
  facet normal  0.000000e+000  0.000000e+000  1.000000e+000
    outer loop
      vertex -1.024381e+003  1.747979e+001  1.000000e+001
      vertex -1.046568e+003  1.820492e+001  1.000000e+001
      vertex -1.027660e+003  1.161614e+001  1.000000e+001
    endloop
  endfacet
  facet normal  0.000000e+000  0.000000e+000  1.000000e+000
    outer loop
      vertex -1.027660e+003  1.161614e+001  1.000000e+001
      vertex -1.046568e+003  1.820492e+001  1.000000e+001
      vertex -1.049022e+003  9.841896e+000  1.000000e+001
    endloop
  endfacet
  facet normal  -0.000000e+000  0.000000e+000  1.000000e+000
    outer loop
      vertex -1.027660e+003  1.161614e+001  1.000000e+001
      vertex -1.049022e+003  9.841896e+000  1.000000e+001
      vertex -1.029551e+003  5.170014e+000  1.000000e+001
    endloop
  endfacet
  facet normal  0.000000e+000  0.000000e+000  1.000000e+000
    outer loop
      vertex -1.029551e+003  5.170014e+000  1.000000e+001
      vertex -1.049022e+003  9.841896e+000  1.000000e+001
      vertex -1.049986e+003  1.179829e+000  1.000000e+001
    endloop
  endfacet
  facet normal  -0.000000e+000  0.000000e+000  1.000000e+000
    outer loop
      vertex -1.029551e+003  5.170014e+000  1.000000e+001
      vertex -1.049986e+003  1.179829e+000  1.000000e+001
      vertex -1.029961e+003 -1.535360e+000  1.000000e+001
    endloop
  endfacet
  facet normal  0.000000e+000  0.000000e+000  1.000000e+000
    outer loop
      vertex -1.029961e+003 -1.535360e+000  1.000000e+001
      vertex -1.049986e+003  1.179829e+000  1.000000e+001
      vertex -1.028868e+003 -8.163746e+000  1.000000e+001
    endloop
  endfacet
  facet normal  0.000000e+000  0.000000e+000  1.000000e+000
    outer loop
      vertex -1.028868e+003 -8.163746e+000  1.000000e+001
      vertex -1.049986e+003  1.179829e+000  1.000000e+001
      vertex -1.049432e+003 -7.518086e+000  1.000000e+001
    endloop
  endfacet
  facet normal  0.000000e+000  0.000000e+000  1.000000e+000
    outer loop
      vertex -1.028868e+003 -8.163746e+000  1.000000e+001
      vertex -1.049432e+003 -7.518086e+000  1.000000e+001
      vertex -1.026328e+003 -1.438277e+001  1.000000e+001
    endloop
  endfacet
  facet normal  0.000000e+000  0.000000e+000  1.000000e+000
    outer loop
      vertex -1.026328e+003 -1.438277e+001  1.000000e+001
      vertex -1.049432e+003 -7.518086e+000  1.000000e+001
      vertex -1.047375e+003 -1.598757e+001  1.000000e+001
    endloop
  endfacet
  facet normal  -0.000000e+000  0.000000e+000  1.000000e+000
    outer loop
      vertex -1.026328e+003 -1.438277e+001  1.000000e+001
      vertex -1.047375e+003 -1.598757e+001  1.000000e+001
      vertex -1.022467e+003 -1.988058e+001  1.000000e+001
    endloop
  endfacet
  facet normal  0.000000e+000  0.000000e+000  1.000000e+000
    outer loop
      vertex -1.022467e+003 -1.988058e+001  1.000000e+001
      vertex -1.047375e+003 -1.598757e+001  1.000000e+001
      vertex -1.043879e+003 -2.397128e+001  1.000000e+001
    endloop
  endfacet
  facet normal  -0.000000e+000  0.000000e+000  1.000000e+000
    outer loop
      vertex -1.022467e+003 -1.988058e+001  1.000000e+001
      vertex -1.043879e+003 -2.397128e+001  1.000000e+001
      vertex -1.017480e+003 -2.438149e+001  1.000000e+001
    endloop
  endfacet
  facet normal  0.000000e+000  0.000000e+000  1.000000e+000
    outer loop
      vertex -9.775331e+002  1.988058e+001  1.000000e+001
      vertex -9.526249e+002  1.598757e+001  1.000000e+001
      vertex -9.825202e+002  2.438149e+001  1.000000e+001
    endloop
  endfacet
  facet normal  0.000000e+000  0.000000e+000  1.000000e+000
    outer loop
      vertex -9.825202e+002  2.438149e+001  1.000000e+001
      vertex -9.526249e+002  1.598757e+001  1.000000e+001
      vertex -9.561208e+002  2.397128e+001  1.000000e+001
    endloop
  endfacet
  facet normal  0.000000e+000  0.000000e+000  1.000000e+000
    outer loop
      vertex -9.825202e+002  2.438149e+001  1.000000e+001
      vertex -9.561208e+002  2.397128e+001  1.000000e+001
      vertex -9.883839e+002  2.765981e+001  1.000000e+001
    endloop
  endfacet
  facet normal  -0.000000e+000  0.000000e+000  1.000000e+000
    outer loop
      vertex -9.526249e+002  1.598757e+001  1.000000e+001
      vertex -9.736725e+002  1.438277e+001  1.000000e+001
      vertex -9.505684e+002  7.518086e+000  1.000000e+001
    endloop
  endfacet
  facet normal  0.000000e+000  0.000000e+000  1.000000e+000
    outer loop
      vertex -9.505684e+002  7.518086e+000  1.000000e+001
      vertex -9.736725e+002  1.438277e+001  1.000000e+001
      vertex -9.711321e+002  8.163746e+000  1.000000e+001
    endloop
  endfacet
  facet normal  0.000000e+000  0.000000e+000  1.000000e+000
    outer loop
      vertex -9.505684e+002  7.518086e+000  1.000000e+001
      vertex -9.711321e+002  8.163746e+000  1.000000e+001
      vertex -9.500139e+002 -1.179829e+000  1.000000e+001
    endloop
  endfacet
  facet normal  0.000000e+000  0.000000e+000  1.000000e+000
    outer loop
      vertex -9.500139e+002 -1.179829e+000  1.000000e+001
      vertex -9.711321e+002  8.163746e+000  1.000000e+001
      vertex -9.700393e+002  1.535360e+000  1.000000e+001
    endloop
  endfacet
  facet normal  0.000000e+000  0.000000e+000  1.000000e+000
    outer loop
      vertex -9.500139e+002 -1.179829e+000  1.000000e+001
      vertex -9.700393e+002  1.535360e+000  1.000000e+001
      vertex -9.509782e+002 -9.841896e+000  1.000000e+001
    endloop
  endfacet
  facet normal  0.000000e+000  0.000000e+000  1.000000e+000
    outer loop
      vertex -9.509782e+002 -9.841896e+000  1.000000e+001
      vertex -9.700393e+002  1.535360e+000  1.000000e+001
      vertex -9.704489e+002 -5.170014e+000  1.000000e+001
    endloop
  endfacet
  facet normal  0.000000e+000  0.000000e+000  1.000000e+000
    outer loop
      vertex -9.509782e+002 -9.841896e+000  1.000000e+001
      vertex -9.704489e+002 -5.170014e+000  1.000000e+001
      vertex -9.723402e+002 -1.161614e+001  1.000000e+001
    endloop
  endfacet
  facet normal  -0.000000e+000  0.000000e+000  1.000000e+000
    outer loop
      vertex -9.509782e+002 -9.841896e+000  1.000000e+001
      vertex -9.723402e+002 -1.161614e+001  1.000000e+001
      vertex -9.534320e+002 -1.820492e+001  1.000000e+001
    endloop
  endfacet
  facet normal  0.000000e+000  0.000000e+000  1.000000e+000
    outer loop
      vertex -9.534320e+002 -1.820492e+001  1.000000e+001
      vertex -9.723402e+002 -1.161614e+001  1.000000e+001
      vertex -9.756185e+002 -1.747979e+001  1.000000e+001
    endloop
  endfacet
  facet normal  0.000000e+000  0.000000e+000  1.000000e+000
    outer loop
      vertex -9.534320e+002 -1.820492e+001  1.000000e+001
      vertex -9.756185e+002 -1.747979e+001  1.000000e+001
      vertex -9.573007e+002 -2.601480e+001  1.000000e+001
    endloop
  endfacet
  facet normal  0.000000e+000  0.000000e+000  1.000000e+000
    outer loop
      vertex -9.573007e+002 -2.601480e+001  1.000000e+001
      vertex -9.756185e+002 -1.747979e+001  1.000000e+001
      vertex -9.801194e+002 -2.246692e+001  1.000000e+001
    endloop
  endfacet
  facet normal  0.000000e+000  0.000000e+000  1.000000e+000
    outer loop
      vertex -9.573007e+002 -2.601480e+001  1.000000e+001
      vertex -9.801194e+002 -2.246692e+001  1.000000e+001
      vertex -9.856172e+002 -2.632748e+001  1.000000e+001
    endloop
  endfacet
  facet normal  0.000000e+000  0.000000e+000  1.000000e+000
    outer loop
      vertex -9.856172e+002 -2.632748e+001  1.000000e+001
      vertex -9.918362e+002 -2.886786e+001  1.000000e+001
      vertex -9.573007e+002 -2.601480e+001  1.000000e+001
    endloop
  endfacet
  facet normal  0.000000e+000  0.000000e+000  1.000000e+000
    outer loop
      vertex -9.573007e+002 -2.601480e+001  1.000000e+001
      vertex -9.918362e+002 -2.886786e+001  1.000000e+001
      vertex -9.624668e+002 -3.303423e+001  1.000000e+001
    endloop
  endfacet
  facet normal -1.080970e-001  1.586261e-001 -9.814035e-001
    outer loop
      vertex -1.019177e+003  3.510330e+001  0.000000e+000
      vertex -1.025657e+003  3.068755e+001  0.000000e+000
      vertex -1.027371e+003  3.422870e+001  7.612047e-001
    endloop
  endfacet
  facet normal  7.507443e-002 -1.766679e-001 -9.814032e-001
    outer loop
      vertex -9.808230e+002 -3.510330e+001  0.000000e+000
      vertex -9.859863e+002 -4.152599e+001  7.612047e-001
      vertex -9.880398e+002 -3.817006e+001  0.000000e+000
    endloop
  endfacet
  facet normal -1.348808e-001  1.324421e-001 -9.819707e-001
    outer loop
      vertex -1.031151e+003  2.509249e+001  0.000000e+000
      vertex -1.032899e+003  2.895572e+001  7.612047e-001
      vertex -1.025657e+003  3.068755e+001  0.000000e+000
    endloop
  endfacet
  facet normal -1.565352e-001  1.025396e-001 -9.823352e-001
    outer loop
      vertex -1.035448e+003  1.853315e+001  0.000000e+000
      vertex -1.037427e+003  2.280293e+001  7.612047e-001
      vertex -1.031151e+003  2.509249e+001  0.000000e+000
    endloop
  endfacet
  facet normal -1.726600e-001  6.967713e-002 -9.825139e-001
    outer loop
      vertex -1.038382e+003  1.126158e+001  0.000000e+000
      vertex -1.040819e+003  1.595728e+001  7.612047e-001
      vertex -1.035448e+003  1.853315e+001  0.000000e+000
    endloop
  endfacet
  facet normal -1.829379e-001  3.465776e-002 -9.825134e-001
    outer loop
      vertex -1.039842e+003  3.557239e+000  0.000000e+000
      vertex -1.042969e+003  8.626783e+000  7.612047e-001
      vertex -1.038382e+003  1.126158e+001  0.000000e+000
    endloop
  endfacet
  facet normal -1.871229e-001 -1.710020e-003 -9.823350e-001
    outer loop
      vertex -1.039770e+003 -4.283805e+000  0.000000e+000
      vertex -1.043815e+003  1.034164e+000  7.612047e-001
      vertex -1.039842e+003  3.557239e+000  0.000000e+000
    endloop
  endfacet
  facet normal -1.850510e-001 -3.856673e-002 -9.819719e-001
    outer loop
      vertex -1.038170e+003 -1.196023e+001  0.000000e+000
      vertex -1.043329e+003 -6.589879e+000  7.612047e-001
      vertex -1.039770e+003 -4.283805e+000  0.000000e+000
    endloop
  endfacet
  facet normal -1.766668e-001 -7.507443e-002 -9.814034e-001
    outer loop
      vertex -1.035103e+003 -1.917702e+001  0.000000e+000
      vertex -1.041526e+003 -1.401369e+001  7.612047e-001
      vertex -1.038170e+003 -1.196023e+001  0.000000e+000
    endloop
  endfacet
  facet normal -1.586233e-001 -1.080960e-001 -9.814041e-001
    outer loop
      vertex -1.030688e+003 -2.565685e+001  0.000000e+000
      vertex -1.034229e+003 -2.737129e+001  7.612047e-001
      vertex -1.035103e+003 -1.917702e+001  0.000000e+000
    endloop
  endfacet
  facet normal -1.324419e-001 -1.348795e-001 -9.819708e-001
    outer loop
      vertex -1.025093e+003 -3.115071e+001  0.000000e+000
      vertex -1.028956e+003 -3.289921e+001  7.612047e-001
      vertex -1.030688e+003 -2.565685e+001  0.000000e+000
    endloop
  endfacet
  facet normal -1.025381e-001 -1.565339e-001 -9.823355e-001
    outer loop
      vertex -1.018533e+003 -3.544746e+001  0.000000e+000
      vertex -1.022803e+003 -3.742750e+001  7.612047e-001
      vertex -1.025093e+003 -3.115071e+001  0.000000e+000
    endloop
  endfacet
  facet normal -6.967919e-002 -1.726601e-001 -9.825138e-001
    outer loop
      vertex -1.011262e+003 -3.838198e+001  0.000000e+000
      vertex -1.015957e+003 -4.081858e+001  7.612047e-001
      vertex -1.018533e+003 -3.544746e+001  0.000000e+000
    endloop
  endfacet
  facet normal -3.465581e-002 -1.829364e-001 -9.825138e-001
    outer loop
      vertex -1.003557e+003 -3.984151e+001  0.000000e+000
      vertex -1.008627e+003 -4.296941e+001  7.612047e-001
      vertex -1.011262e+003 -3.838198e+001  0.000000e+000
    endloop
  endfacet
  facet normal  1.707711e-003 -1.871198e-001 -9.823356e-001
    outer loop
      vertex -9.957162e+002 -3.976995e+001  0.000000e+000
      vertex -1.001034e+003 -4.381463e+001  7.612047e-001
      vertex -1.003557e+003 -3.984151e+001  0.000000e+000
    endloop
  endfacet
  facet normal  3.856864e-002 -1.850546e-001 -9.819711e-001
    outer loop
      vertex -9.880398e+002 -3.817006e+001  0.000000e+000
      vertex -9.934101e+002 -4.332857e+001  7.612047e-001
      vertex -9.957162e+002 -3.976995e+001  0.000000e+000
    endloop
  endfacet
  facet normal  3.934646e-001 -8.985568e-001 -1.943745e-001
    outer loop
      vertex -9.760287e+002 -4.387913e+001  1.000000e+001
      vertex -9.840125e+002 -4.737507e+001  1.000000e+001
      vertex -9.763937e+002 -4.321111e+001  6.173166e+000
    endloop
  endfacet
  facet normal  3.934664e-001 -8.985567e-001 -1.943708e-001
    outer loop
      vertex -9.763937e+002 -4.321111e+001  6.173166e+000
      vertex -9.840125e+002 -4.737507e+001  1.000000e+001
      vertex -9.842558e+002 -4.665383e+001  6.173166e+000
    endloop
  endfacet
  facet normal  3.339082e-001 -7.625439e-001 -5.541047e-001
    outer loop
      vertex -9.763937e+002 -4.321111e+001  6.173166e+000
      vertex -9.842558e+002 -4.665383e+001  6.173166e+000
      vertex -9.774329e+002 -4.130875e+001  2.928932e+000
    endloop
  endfacet
  facet normal  3.339048e-001 -7.625422e-001 -5.541090e-001
    outer loop
      vertex -9.774329e+002 -4.130875e+001  2.928932e+000
      vertex -9.842558e+002 -4.665383e+001  6.173166e+000
      vertex -9.849490e+002 -4.459991e+001  2.928932e+000
    endloop
  endfacet
  facet normal  2.234345e-001 -5.102599e-001 -8.304889e-001
    outer loop
      vertex -9.774329e+002 -4.130875e+001  2.928932e+000
      vertex -9.849490e+002 -4.459991e+001  2.928932e+000
      vertex -9.789883e+002 -3.846167e+001  7.612047e-001
    endloop
  endfacet
  facet normal  2.234337e-001 -5.102593e-001 -8.304895e-001
    outer loop
      vertex -9.789883e+002 -3.846167e+001  7.612047e-001
      vertex -9.849490e+002 -4.459991e+001  2.928932e+000
      vertex -9.859863e+002 -4.152599e+001  7.612047e-001
    endloop
  endfacet
  facet normal  7.854046e-002 -1.793642e-001 -9.806426e-001
    outer loop
      vertex -9.789883e+002 -3.846167e+001  7.612047e-001
      vertex -9.859863e+002 -4.152599e+001  7.612047e-001
      vertex -9.808230e+002 -3.510330e+001  0.000000e+000
    endloop
  endfacet
  facet normal -5.435142e-001  8.165823e-001 -1.943854e-001
    outer loop
      vertex -1.031227e+003  3.904994e+001  1.000000e+001
      vertex -1.023971e+003  4.387913e+001  1.000000e+001
      vertex -1.030751e+003  3.845544e+001  6.173166e+000
    endloop
  endfacet
  facet normal -5.435197e-001  8.165812e-001 -1.943741e-001
    outer loop
      vertex -1.030751e+003  3.845544e+001  6.173166e+000
      vertex -1.023971e+003  4.387913e+001  1.000000e+001
      vertex -1.023606e+003  4.321111e+001  6.173166e+000
    endloop
  endfacet
  facet normal -4.612501e-001  6.929798e-001 -5.541006e-001
    outer loop
      vertex -1.030751e+003  3.845544e+001  6.173166e+000
      vertex -1.023606e+003  4.321111e+001  6.173166e+000
      vertex -1.029397e+003  3.676244e+001  2.928932e+000
    endloop
  endfacet
  facet normal -4.612471e-001  6.929788e-001 -5.541042e-001
    outer loop
      vertex -1.029397e+003  3.676244e+001  2.928932e+000
      vertex -1.023606e+003  4.321111e+001  6.173166e+000
      vertex -1.022567e+003  4.130875e+001  2.928932e+000
    endloop
  endfacet
  facet normal -3.086453e-001  4.637095e-001 -8.304887e-001
    outer loop
      vertex -1.029397e+003  3.676244e+001  2.928932e+000
      vertex -1.022567e+003  4.130875e+001  2.928932e+000
      vertex -1.027371e+003  3.422870e+001  7.612047e-001
    endloop
  endfacet
  facet normal -3.086451e-001  4.637094e-001 -8.304889e-001
    outer loop
      vertex -1.027371e+003  3.422870e+001  7.612047e-001
      vertex -1.022567e+003  4.130875e+001  2.928932e+000
      vertex -1.021012e+003  3.846167e+001  7.612047e-001
    endloop
  endfacet
  facet normal -1.084932e-001  1.630006e-001 -9.806427e-001
    outer loop
      vertex -1.027371e+003  3.422870e+001  7.612047e-001
      vertex -1.021012e+003  3.846167e+001  7.612047e-001
      vertex -1.019177e+003  3.510330e+001  0.000000e+000
    endloop
  endfacet
  facet normal -6.770617e-001  7.097924e-001 -1.943762e-001
    outer loop
      vertex -1.037533e+003  3.303423e+001  1.000000e+001
      vertex -1.031227e+003  3.904994e+001  1.000000e+001
      vertex -1.036962e+003  3.253132e+001  6.173166e+000
    endloop
  endfacet
  facet normal -6.770563e-001  7.097945e-001 -1.943877e-001
    outer loop
      vertex -1.036962e+003  3.253132e+001  6.173166e+000
      vertex -1.031227e+003  3.904994e+001  1.000000e+001
      vertex -1.030751e+003  3.845544e+001  6.173166e+000
    endloop
  endfacet
  facet normal -5.745749e-001  6.023577e-001 -5.541016e-001
    outer loop
      vertex -1.036962e+003  3.253132e+001  6.173166e+000
      vertex -1.030751e+003  3.845544e+001  6.173166e+000
      vertex -1.035335e+003  3.109913e+001  2.928932e+000
    endloop
  endfacet
  facet normal -5.745770e-001  6.023580e-001 -5.540992e-001
    outer loop
      vertex -1.035335e+003  3.109913e+001  2.928932e+000
      vertex -1.030751e+003  3.845544e+001  6.173166e+000
      vertex -1.029397e+003  3.676244e+001  2.928932e+000
    endloop
  endfacet
  facet normal -3.844731e-001  4.030625e-001 -8.304944e-001
    outer loop
      vertex -1.035335e+003  3.109913e+001  2.928932e+000
      vertex -1.029397e+003  3.676244e+001  2.928932e+000
      vertex -1.032899e+003  2.895572e+001  7.612047e-001
    endloop
  endfacet
  facet normal -3.844829e-001  4.030652e-001 -8.304885e-001
    outer loop
      vertex -1.032899e+003  2.895572e+001  7.612047e-001
      vertex -1.029397e+003  3.676244e+001  2.928932e+000
      vertex -1.027371e+003  3.422870e+001  7.612047e-001
    endloop
  endfacet
  facet normal -1.374587e-001  1.441021e-001 -9.799693e-001
    outer loop
      vertex -1.032899e+003  2.895572e+001  7.612047e-001
      vertex -1.027371e+003  3.422870e+001  7.612047e-001
      vertex -1.025657e+003  3.068755e+001  0.000000e+000
    endloop
  endfacet
  facet normal -7.900248e-001  5.814397e-001 -1.943935e-001
    outer loop
      vertex -1.042699e+003  2.601480e+001  1.000000e+001
      vertex -1.037533e+003  3.303423e+001  1.000000e+001
      vertex -1.042049e+003  2.561875e+001  6.173166e+000
    endloop
  endfacet
  facet normal -7.900321e-001  5.814353e-001 -1.943762e-001
    outer loop
      vertex -1.042049e+003  2.561875e+001  6.173166e+000
      vertex -1.037533e+003  3.303423e+001  1.000000e+001
      vertex -1.036962e+003  3.253132e+001  6.173166e+000
    endloop
  endfacet
  facet normal -6.704474e-001  4.934252e-001 -5.541046e-001
    outer loop
      vertex -1.042049e+003  2.561875e+001  6.173166e+000
      vertex -1.036962e+003  3.253132e+001  6.173166e+000
      vertex -1.040198e+003  2.449089e+001  2.928932e+000
    endloop
  endfacet
  facet normal -6.704507e-001  4.934250e-001 -5.541007e-001
    outer loop
      vertex -1.040198e+003  2.449089e+001  2.928932e+000
      vertex -1.036962e+003  3.253132e+001  6.173166e+000
      vertex -1.035335e+003  3.109913e+001  2.928932e+000
    endloop
  endfacet
  facet normal -4.486345e-001  3.301770e-001 -8.304879e-001
    outer loop
      vertex -1.040198e+003  2.449089e+001  2.928932e+000
      vertex -1.035335e+003  3.109913e+001  2.928932e+000
      vertex -1.037427e+003  2.280293e+001  7.612047e-001
    endloop
  endfacet
  facet normal -4.486215e-001  3.301757e-001 -8.304954e-001
    outer loop
      vertex -1.037427e+003  2.280293e+001  7.612047e-001
      vertex -1.035335e+003  3.109913e+001  2.928932e+000
      vertex -1.032899e+003  2.895572e+001  7.612047e-001
    endloop
  endfacet
  facet normal -1.623756e-001  1.195049e-001 -9.794655e-001
    outer loop
      vertex -1.037427e+003  2.280293e+001  7.612047e-001
      vertex -1.032899e+003  2.895572e+001  7.612047e-001
      vertex -1.031151e+003  2.509249e+001  0.000000e+000
    endloop
  endfacet
  facet normal -8.789943e-001  4.354130e-001 -1.943824e-001
    outer loop
      vertex -1.046568e+003  1.820492e+001  1.000000e+001
      vertex -1.042699e+003  2.601480e+001  1.000000e+001
      vertex -1.045859e+003  1.792777e+001  6.173166e+000
    endloop
  endfacet
  facet normal -8.789893e-001  4.354173e-001 -1.943955e-001
    outer loop
      vertex -1.045859e+003  1.792777e+001  6.173166e+000
      vertex -1.042699e+003  2.601480e+001  1.000000e+001
      vertex -1.042049e+003  2.561875e+001  6.173166e+000
    endloop
  endfacet
  facet normal -7.459428e-001  3.695112e-001 -5.541039e-001
    outer loop
      vertex -1.045859e+003  1.792777e+001  6.173166e+000
      vertex -1.042049e+003  2.561875e+001  6.173166e+000
      vertex -1.043840e+003  1.713850e+001  2.928932e+000
    endloop
  endfacet
  facet normal -7.459424e-001  3.695112e-001 -5.541040e-001
    outer loop
      vertex -1.043840e+003  1.713850e+001  2.928932e+000
      vertex -1.042049e+003  2.561875e+001  6.173166e+000
      vertex -1.040198e+003  2.449089e+001  2.928932e+000
    endloop
  endfacet
  facet normal -4.991560e-001  2.472627e-001 -8.304844e-001
    outer loop
      vertex -1.043840e+003  1.713850e+001  2.928932e+000
      vertex -1.040198e+003  2.449089e+001  2.928932e+000
      vertex -1.040819e+003  1.595728e+001  7.612047e-001
    endloop
  endfacet
  facet normal -4.991505e-001  2.472631e-001 -8.304877e-001
    outer loop
      vertex -1.040819e+003  1.595728e+001  7.612047e-001
      vertex -1.040198e+003  2.449089e+001  2.928932e+000
      vertex -1.037427e+003  2.280293e+001  7.612047e-001
    endloop
  endfacet
  facet normal -1.820074e-001  9.016065e-002 -9.791549e-001
    outer loop
      vertex -1.040819e+003  1.595728e+001  7.612047e-001
      vertex -1.037427e+003  2.280293e+001  7.612047e-001
      vertex -1.035448e+003  1.853315e+001  0.000000e+000
    endloop
  endfacet
  facet normal -9.412447e-001  2.761776e-001 -1.943819e-001
    outer loop
      vertex -1.049022e+003  9.841896e+000  1.000000e+001
      vertex -1.046568e+003  1.820492e+001  1.000000e+001
      vertex -1.048276e+003  9.692062e+000  6.173166e+000
    endloop
  endfacet
  facet normal -9.412444e-001  2.761780e-001 -1.943829e-001
    outer loop
      vertex -1.048276e+003  9.692062e+000  6.173166e+000
      vertex -1.046568e+003  1.820492e+001  1.000000e+001
      vertex -1.045859e+003  1.792777e+001  6.173166e+000
    endloop
  endfacet
  facet normal -7.987661e-001  2.343723e-001 -5.541139e-001
    outer loop
      vertex -1.048276e+003  9.692062e+000  6.173166e+000
      vertex -1.045859e+003  1.792777e+001  6.173166e+000
      vertex -1.046150e+003  9.265371e+000  2.928932e+000
    endloop
  endfacet
  facet normal -7.987744e-001  2.343687e-001 -5.541037e-001
    outer loop
      vertex -1.046150e+003  9.265371e+000  2.928932e+000
      vertex -1.045859e+003  1.792777e+001  6.173166e+000
      vertex -1.043840e+003  1.713850e+001  2.928932e+000
    endloop
  endfacet
  facet normal -5.344998e-001  1.568278e-001 -8.304909e-001
    outer loop
      vertex -1.046150e+003  9.265371e+000  2.928932e+000
      vertex -1.043840e+003  1.713850e+001  2.928932e+000
      vertex -1.042969e+003  8.626783e+000  7.612047e-001
    endloop
  endfacet
  facet normal -5.345114e-001  1.568248e-001 -8.304839e-001
    outer loop
      vertex -1.042969e+003  8.626783e+000  7.612047e-001
      vertex -1.043840e+003  1.713850e+001  2.928932e+000
      vertex -1.040819e+003  1.595728e+001  7.612047e-001
    endloop
  endfacet
  facet normal -1.953823e-001  5.732486e-002 -9.790505e-001
    outer loop
      vertex -1.042969e+003  8.626783e+000  7.612047e-001
      vertex -1.040819e+003  1.595728e+001  7.612047e-001
      vertex -1.038382e+003  1.126158e+001  0.000000e+000
    endloop
  endfacet
  facet normal -9.749057e-001  1.085234e-001 -1.943746e-001
    outer loop
      vertex -1.049986e+003  1.179829e+000  1.000000e+001
      vertex -1.049022e+003  9.841896e+000  1.000000e+001
      vertex -1.049225e+003  1.161867e+000  6.173166e+000
    endloop
  endfacet
  facet normal -9.749038e-001  1.085267e-001 -1.943822e-001
    outer loop
      vertex -1.049225e+003  1.161867e+000  6.173166e+000
      vertex -1.049022e+003  9.841896e+000  1.000000e+001
      vertex -1.048276e+003  9.692062e+000  6.173166e+000
    endloop
  endfacet
  facet normal -8.273367e-001  9.209947e-002 -5.541044e-001
    outer loop
      vertex -1.049225e+003  1.161867e+000  6.173166e+000
      vertex -1.048276e+003  9.692062e+000  6.173166e+000
      vertex -1.047058e+003  1.110716e+000  2.928932e+000
    endloop
  endfacet
  facet normal -8.273292e-001  9.210445e-002 -5.541147e-001
    outer loop
      vertex -1.047058e+003  1.110716e+000  2.928932e+000
      vertex -1.048276e+003  9.692062e+000  6.173166e+000
      vertex -1.046150e+003  9.265371e+000  2.928932e+000
    endloop
  endfacet
  facet normal -5.536057e-001  6.163151e-002 -8.304952e-001
    outer loop
      vertex -1.047058e+003  1.110716e+000  2.928932e+000
      vertex -1.046150e+003  9.265371e+000  2.928932e+000
      vertex -1.043815e+003  1.034164e+000  7.612047e-001
    endloop
  endfacet
  facet normal -5.536124e-001  6.162845e-002 -8.304909e-001
    outer loop
      vertex -1.043815e+003  1.034164e+000  7.612047e-001
      vertex -1.046150e+003  9.265371e+000  2.928932e+000
      vertex -1.042969e+003  8.626783e+000  7.612047e-001
    endloop
  endfacet
  facet normal -2.018706e-001  2.247235e-002 -9.791543e-001
    outer loop
      vertex -1.043815e+003  1.034164e+000  7.612047e-001
      vertex -1.042969e+003  8.626783e+000  7.612047e-001
      vertex -1.039842e+003  3.557239e+000  0.000000e+000
    endloop
  endfacet
  facet normal -9.789387e-001 -6.241559e-002 -1.943793e-001
    outer loop
      vertex -1.049432e+003 -7.518086e+000  1.000000e+001
      vertex -1.049986e+003  1.179829e+000  1.000000e+001
      vertex -1.048679e+003 -7.403630e+000  6.173166e+000
    endloop
  endfacet
  facet normal -9.789396e-001 -6.241792e-002 -1.943744e-001
    outer loop
      vertex -1.048679e+003 -7.403630e+000  6.173166e+000
      vertex -1.049986e+003  1.179829e+000  1.000000e+001
      vertex -1.049225e+003  1.161867e+000  6.173166e+000
    endloop
  endfacet
  facet normal -8.307610e-001 -5.296994e-002 -5.541034e-001
    outer loop
      vertex -1.048679e+003 -7.403630e+000  6.173166e+000
      vertex -1.049225e+003  1.161867e+000  6.173166e+000
      vertex -1.046536e+003 -7.077687e+000  2.928932e+000
    endloop
  endfacet
  facet normal -8.307604e-001 -5.296949e-002 -5.541041e-001
    outer loop
      vertex -1.046536e+003 -7.077687e+000  2.928932e+000
      vertex -1.049225e+003  1.161867e+000  6.173166e+000
      vertex -1.047058e+003  1.110716e+000  2.928932e+000
    endloop
  endfacet
  facet normal -5.559146e-001 -3.544525e-002 -8.304834e-001
    outer loop
      vertex -1.046536e+003 -7.077687e+000  2.928932e+000
      vertex -1.047058e+003  1.110716e+000  2.928932e+000
      vertex -1.043329e+003 -6.589879e+000  7.612047e-001
    endloop
  endfacet
  facet normal -5.558969e-001 -3.543327e-002 -8.304956e-001
    outer loop
      vertex -1.043329e+003 -6.589879e+000  7.612047e-001
      vertex -1.047058e+003  1.110716e+000  2.928932e+000
      vertex -1.043815e+003  1.034164e+000  7.612047e-001
    endloop
  endfacet
  facet normal -2.011964e-001 -1.282440e-002 -9.794670e-001
    outer loop
      vertex -1.043329e+003 -6.589879e+000  7.612047e-001
      vertex -1.043815e+003  1.034164e+000  7.612047e-001
      vertex -1.039770e+003 -4.283805e+000  0.000000e+000
    endloop
  endfacet
  facet normal -9.532287e-001 -2.314446e-001 -1.943929e-001
    outer loop
      vertex -1.047375e+003 -1.598757e+001  1.000000e+001
      vertex -1.049432e+003 -7.518086e+000  1.000000e+001
      vertex -1.046654e+003 -1.574417e+001  6.173166e+000
    endloop
  endfacet
  facet normal -9.532298e-001 -2.314514e-001 -1.943792e-001
    outer loop
      vertex -1.046654e+003 -1.574417e+001  6.173166e+000
      vertex -1.049432e+003 -7.518086e+000  1.000000e+001
      vertex -1.048679e+003 -7.403630e+000  6.173166e+000
    endloop
  endfacet
  facet normal -8.089385e-001 -1.964164e-001 -5.541112e-001
    outer loop
      vertex -1.046654e+003 -1.574417e+001  6.173166e+000
      vertex -1.048679e+003 -7.403630e+000  6.173166e+000
      vertex -1.044600e+003 -1.505104e+001  2.928932e+000
    endloop
  endfacet
  facet normal -8.089426e-001 -1.964220e-001 -5.541031e-001
    outer loop
      vertex -1.044600e+003 -1.505104e+001  2.928932e+000
      vertex -1.048679e+003 -7.403630e+000  6.173166e+000
      vertex -1.046536e+003 -7.077687e+000  2.928932e+000
    endloop
  endfacet
  facet normal -5.413132e-001 -1.314380e-001 -8.304843e-001
    outer loop
      vertex -1.044600e+003 -1.505104e+001  2.928932e+000
      vertex -1.046536e+003 -7.077687e+000  2.928932e+000
      vertex -1.041526e+003 -1.401369e+001  7.612047e-001
    endloop
  endfacet
  facet normal -5.413144e-001 -1.314392e-001 -8.304833e-001
    outer loop
      vertex -1.041526e+003 -1.401369e+001  7.612047e-001
      vertex -1.046536e+003 -7.077687e+000  2.928932e+000
      vertex -1.043329e+003 -6.589879e+000  7.612047e-001
    endloop
  endfacet
  facet normal -1.935254e-001 -4.699086e-002 -9.799693e-001
    outer loop
      vertex -1.041526e+003 -1.401369e+001  7.612047e-001
      vertex -1.043329e+003 -6.589879e+000  7.612047e-001
      vertex -1.038170e+003 -1.196023e+001  0.000000e+000
    endloop
  endfacet
  facet normal -8.985525e-001 -3.934655e-001 -1.943921e-001
    outer loop
      vertex -1.043879e+003 -2.397128e+001  1.000000e+001
      vertex -1.047375e+003 -1.598757e+001  1.000000e+001
      vertex -1.043211e+003 -2.360634e+001  6.173166e+000
    endloop
  endfacet
  facet normal -8.985525e-001 -3.934655e-001 -1.943921e-001
    outer loop
      vertex -1.043211e+003 -2.360634e+001  6.173166e+000
      vertex -1.047375e+003 -1.598757e+001  1.000000e+001
      vertex -1.046654e+003 -1.574417e+001  6.173166e+000
    endloop
  endfacet
  facet normal -7.625443e-001 -3.339092e-001 -5.541036e-001
    outer loop
      vertex -1.043211e+003 -2.360634e+001  6.173166e+000
      vertex -1.046654e+003 -1.574417e+001  6.173166e+000
      vertex -1.041309e+003 -2.256707e+001  2.928932e+000
    endloop
  endfacet
  facet normal -7.625415e-001 -3.339034e-001 -5.541110e-001
    outer loop
      vertex -1.041309e+003 -2.256707e+001  2.928932e+000
      vertex -1.046654e+003 -1.574417e+001  6.173166e+000
      vertex -1.044600e+003 -1.505104e+001  2.928932e+000
    endloop
  endfacet
  facet normal -5.102636e-001 -2.234354e-001 -8.304864e-001
    outer loop
      vertex -1.041309e+003 -2.256707e+001  2.928932e+000
      vertex -1.044600e+003 -1.505104e+001  2.928932e+000
      vertex -1.038462e+003 -2.101170e+001  7.612047e-001
    endloop
  endfacet
  facet normal -5.102655e-001 -2.234381e-001 -8.304845e-001
    outer loop
      vertex -1.038462e+003 -2.101170e+001  7.612047e-001
      vertex -1.044600e+003 -1.505104e+001  2.928932e+000
      vertex -1.041526e+003 -1.401369e+001  7.612047e-001
    endloop
  endfacet
  facet normal -1.793631e-001 -7.854058e-002 -9.806427e-001
    outer loop
      vertex -1.038462e+003 -2.101170e+001  7.612047e-001
      vertex -1.041526e+003 -1.401369e+001  7.612047e-001
      vertex -1.035103e+003 -1.917702e+001  0.000000e+000
    endloop
  endfacet
  facet normal -8.165798e-001 -5.435224e-001 -1.943725e-001
    outer loop
      vertex -1.039050e+003 -3.122663e+001  1.000000e+001
      vertex -1.043879e+003 -2.397128e+001  1.000000e+001
      vertex -1.038455e+003 -3.075123e+001  6.173166e+000
    endloop
  endfacet
  facet normal -8.165815e-001 -5.435135e-001 -1.943906e-001
    outer loop
      vertex -1.038455e+003 -3.075123e+001  6.173166e+000
      vertex -1.043879e+003 -2.397128e+001  1.000000e+001
      vertex -1.043211e+003 -2.360634e+001  6.173166e+000
    endloop
  endfacet
  facet normal -6.929793e-001 -4.612444e-001 -5.541059e-001
    outer loop
      vertex -1.038455e+003 -3.075123e+001  6.173166e+000
      vertex -1.043211e+003 -2.360634e+001  6.173166e+000
      vertex -1.036762e+003 -2.939742e+001  2.928932e+000
    endloop
  endfacet
  facet normal -6.929798e-001 -4.612460e-001 -5.541039e-001
    outer loop
      vertex -1.036762e+003 -2.939742e+001  2.928932e+000
      vertex -1.043211e+003 -2.360634e+001  6.173166e+000
      vertex -1.041309e+003 -2.256707e+001  2.928932e+000
    endloop
  endfacet
  facet normal -4.637138e-001 -3.086470e-001 -8.304858e-001
    outer loop
      vertex -1.036762e+003 -2.939742e+001  2.928932e+000
      vertex -1.041309e+003 -2.256707e+001  2.928932e+000
      vertex -1.034229e+003 -2.737129e+001  7.612047e-001
    endloop
  endfacet
  facet normal -4.637129e-001 -3.086452e-001 -8.304868e-001
    outer loop
      vertex -1.034229e+003 -2.737129e+001  7.612047e-001
      vertex -1.041309e+003 -2.256707e+001  2.928932e+000
      vertex -1.038462e+003 -2.101170e+001  7.612047e-001
    endloop
  endfacet
  facet normal -1.630005e-001 -1.084924e-001 -9.806427e-001
    outer loop
      vertex -1.034229e+003 -2.737129e+001  7.612047e-001
      vertex -1.038462e+003 -2.101170e+001  7.612047e-001
      vertex -1.035103e+003 -1.917702e+001  0.000000e+000
    endloop
  endfacet
  facet normal -7.097944e-001 -6.770653e-001 -1.943565e-001
    outer loop
      vertex -1.033034e+003 -3.753318e+001  1.000000e+001
      vertex -1.039050e+003 -3.122663e+001  1.000000e+001
      vertex -1.032531e+003 -3.696177e+001  6.173166e+000
    endloop
  endfacet
  facet normal -7.097973e-001 -6.770575e-001 -1.943730e-001
    outer loop
      vertex -1.032531e+003 -3.696177e+001  6.173166e+000
      vertex -1.039050e+003 -3.122663e+001  1.000000e+001
      vertex -1.038455e+003 -3.075123e+001  6.173166e+000
    endloop
  endfacet
  facet normal -6.023521e-001 -5.745683e-001 -5.541147e-001
    outer loop
      vertex -1.032531e+003 -3.696177e+001  6.173166e+000
      vertex -1.038455e+003 -3.075123e+001  6.173166e+000
      vertex -1.031099e+003 -3.533453e+001  2.928932e+000
    endloop
  endfacet
  facet normal -6.023530e-001 -5.745758e-001 -5.541059e-001
    outer loop
      vertex -1.031099e+003 -3.533453e+001  2.928932e+000
      vertex -1.038455e+003 -3.075123e+001  6.173166e+000
      vertex -1.036762e+003 -2.939742e+001  2.928932e+000
    endloop
  endfacet
  facet normal -4.030660e-001 -3.844789e-001 -8.304901e-001
    outer loop
      vertex -1.031099e+003 -3.533453e+001  2.928932e+000
      vertex -1.036762e+003 -2.939742e+001  2.928932e+000
      vertex -1.028956e+003 -3.289921e+001  7.612047e-001
    endloop
  endfacet
  facet normal -4.030679e-001 -3.844855e-001 -8.304861e-001
    outer loop
      vertex -1.028956e+003 -3.289921e+001  7.612047e-001
      vertex -1.036762e+003 -2.939742e+001  2.928932e+000
      vertex -1.034229e+003 -2.737129e+001  7.612047e-001
    endloop
  endfacet
  facet normal -1.441004e-001 -1.374570e-001 -9.799697e-001
    outer loop
      vertex -1.028956e+003 -3.289921e+001  7.612047e-001
      vertex -1.034229e+003 -2.737129e+001  7.612047e-001
      vertex -1.030688e+003 -2.565685e+001  0.000000e+000
    endloop
  endfacet
  facet normal -5.814428e-001 -7.900287e-001 -1.943680e-001
    outer loop
      vertex -1.026015e+003 -4.269930e+001  1.000000e+001
      vertex -1.033034e+003 -3.753318e+001  1.000000e+001
      vertex -1.025619e+003 -4.204924e+001  6.173166e+000
    endloop
  endfacet
  facet normal -5.814407e-001 -7.900322e-001 -1.943599e-001
    outer loop
      vertex -1.025619e+003 -4.204924e+001  6.173166e+000
      vertex -1.033034e+003 -3.753318e+001  1.000000e+001
      vertex -1.032531e+003 -3.696177e+001  6.173166e+000
    endloop
  endfacet
  facet normal -4.934248e-001 -6.704406e-001 -5.541134e-001
    outer loop
      vertex -1.025619e+003 -4.204924e+001  6.173166e+000
      vertex -1.032531e+003 -3.696177e+001  6.173166e+000
      vertex -1.024491e+003 -4.019803e+001  2.928932e+000
    endloop
  endfacet
  facet normal -4.934247e-001 -6.704406e-001 -5.541131e-001
    outer loop
      vertex -1.024491e+003 -4.019803e+001  2.928932e+000
      vertex -1.032531e+003 -3.696177e+001  6.173166e+000
      vertex -1.031099e+003 -3.533453e+001  2.928932e+000
    endloop
  endfacet
  facet normal -3.301804e-001 -4.486325e-001 -8.304875e-001
    outer loop
      vertex -1.024491e+003 -4.019803e+001  2.928932e+000
      vertex -1.031099e+003 -3.533453e+001  2.928932e+000
      vertex -1.022803e+003 -3.742750e+001  7.612047e-001
    endloop
  endfacet
  facet normal -3.301801e-001 -4.486287e-001 -8.304899e-001
    outer loop
      vertex -1.022803e+003 -3.742750e+001  7.612047e-001
      vertex -1.031099e+003 -3.533453e+001  2.928932e+000
      vertex -1.028956e+003 -3.289921e+001  7.612047e-001
    endloop
  endfacet
  facet normal -1.195038e-001 -1.623745e-001 -9.794658e-001
    outer loop
      vertex -1.022803e+003 -3.742750e+001  7.612047e-001
      vertex -1.028956e+003 -3.289921e+001  7.612047e-001
      vertex -1.025093e+003 -3.115071e+001  0.000000e+000
    endloop
  endfacet
  facet normal -4.354208e-001 -8.789930e-001 -1.943705e-001
    outer loop
      vertex -1.018205e+003 -4.656802e+001  1.000000e+001
      vertex -1.026015e+003 -4.269930e+001  1.000000e+001
      vertex -1.017928e+003 -4.585907e+001  6.173166e+000
    endloop
  endfacet
  facet normal -4.354206e-001 -8.789932e-001 -1.943701e-001
    outer loop
      vertex -1.017928e+003 -4.585907e+001  6.173166e+000
      vertex -1.026015e+003 -4.269930e+001  1.000000e+001
      vertex -1.025619e+003 -4.204924e+001  6.173166e+000
    endloop
  endfacet
  facet normal -3.695105e-001 -7.459389e-001 -5.541093e-001
    outer loop
      vertex -1.017928e+003 -4.585907e+001  6.173166e+000
      vertex -1.025619e+003 -4.204924e+001  6.173166e+000
      vertex -1.017138e+003 -4.384013e+001  2.928932e+000
    endloop
  endfacet
  facet normal -3.695109e-001 -7.459372e-001 -5.541114e-001
    outer loop
      vertex -1.017138e+003 -4.384013e+001  2.928932e+000
      vertex -1.025619e+003 -4.204924e+001  6.173166e+000
      vertex -1.024491e+003 -4.019803e+001  2.928932e+000
    endloop
  endfacet
  facet normal -2.472611e-001 -4.991497e-001 -8.304888e-001
    outer loop
      vertex -1.017138e+003 -4.384013e+001  2.928932e+000
      vertex -1.024491e+003 -4.019803e+001  2.928932e+000
      vertex -1.015957e+003 -4.081858e+001  7.612047e-001
    endloop
  endfacet
  facet normal -2.472610e-001 -4.991510e-001 -8.304880e-001
    outer loop
      vertex -1.015957e+003 -4.081858e+001  7.612047e-001
      vertex -1.024491e+003 -4.019803e+001  2.928932e+000
      vertex -1.022803e+003 -3.742750e+001  7.612047e-001
    endloop
  endfacet
  facet normal -9.015898e-002 -1.820058e-001 -9.791554e-001
    outer loop
      vertex -1.015957e+003 -4.081858e+001  7.612047e-001
      vertex -1.022803e+003 -3.742750e+001  7.612047e-001
      vertex -1.018533e+003 -3.544746e+001  0.000000e+000
    endloop
  endfacet
  facet normal -2.761711e-001 -9.412478e-001 -1.943762e-001
    outer loop
      vertex -1.009842e+003 -4.902180e+001  1.000000e+001
      vertex -1.018205e+003 -4.656802e+001  1.000000e+001
      vertex -1.009692e+003 -4.827549e+001  6.173166e+000
    endloop
  endfacet
  facet normal -2.761698e-001 -9.412489e-001 -1.943727e-001
    outer loop
      vertex -1.009692e+003 -4.827549e+001  6.173166e+000
      vertex -1.018205e+003 -4.656802e+001  1.000000e+001
      vertex -1.017928e+003 -4.585907e+001  6.173166e+000
    endloop
  endfacet
  facet normal -2.343663e-001 -7.987733e-001 -5.541061e-001
    outer loop
      vertex -1.009692e+003 -4.827549e+001  6.173166e+000
      vertex -1.017928e+003 -4.585907e+001  6.173166e+000
      vertex -1.009265e+003 -4.615017e+001  2.928932e+000
    endloop
  endfacet
  facet normal -2.343671e-001 -7.987717e-001 -5.541082e-001
    outer loop
      vertex -1.009265e+003 -4.615017e+001  2.928932e+000
      vertex -1.017928e+003 -4.585907e+001  6.173166e+000
      vertex -1.017138e+003 -4.384013e+001  2.928932e+000
    endloop
  endfacet
  facet normal -1.568277e-001 -5.345013e-001 -8.304899e-001
    outer loop
      vertex -1.009265e+003 -4.615017e+001  2.928932e+000
      vertex -1.017138e+003 -4.384013e+001  2.928932e+000
      vertex -1.008627e+003 -4.296941e+001  7.612047e-001
    endloop
  endfacet
  facet normal -1.568272e-001 -5.345030e-001 -8.304888e-001
    outer loop
      vertex -1.008627e+003 -4.296941e+001  7.612047e-001
      vertex -1.017138e+003 -4.384013e+001  2.928932e+000
      vertex -1.015957e+003 -4.081858e+001  7.612047e-001
    endloop
  endfacet
  facet normal -5.732681e-002 -1.953829e-001 -9.790501e-001
    outer loop
      vertex -1.008627e+003 -4.296941e+001  7.612047e-001
      vertex -1.015957e+003 -4.081858e+001  7.612047e-001
      vertex -1.011262e+003 -3.838198e+001  0.000000e+000
    endloop
  endfacet
  facet normal -1.085275e-001 -9.749051e-001 -1.943749e-001
    outer loop
      vertex -1.001180e+003 -4.998608e+001  1.000000e+001
      vertex -1.009842e+003 -4.902180e+001  1.000000e+001
      vertex -1.001162e+003 -4.922509e+001  6.173166e+000
    endloop
  endfacet
  facet normal -1.085279e-001 -9.749050e-001 -1.943759e-001
    outer loop
      vertex -1.001162e+003 -4.922509e+001  6.173166e+000
      vertex -1.009842e+003 -4.902180e+001  1.000000e+001
      vertex -1.009692e+003 -4.827549e+001  6.173166e+000
    endloop
  endfacet
  facet normal -9.210024e-002 -8.273353e-001 -5.541064e-001
    outer loop
      vertex -1.001162e+003 -4.922509e+001  6.173166e+000
      vertex -1.009692e+003 -4.827549e+001  6.173166e+000
      vertex -1.001111e+003 -4.705796e+001  2.928932e+000
    endloop
  endfacet
  facet normal -9.210004e-002 -8.273356e-001 -5.541059e-001
    outer loop
      vertex -1.001111e+003 -4.705796e+001  2.928932e+000
      vertex -1.009692e+003 -4.827549e+001  6.173166e+000
      vertex -1.009265e+003 -4.615017e+001  2.928932e+000
    endloop
  endfacet
  facet normal -6.162917e-002 -5.536155e-001 -8.304889e-001
    outer loop
      vertex -1.001111e+003 -4.705796e+001  2.928932e+000
      vertex -1.009265e+003 -4.615017e+001  2.928932e+000
      vertex -1.001034e+003 -4.381463e+001  7.612047e-001
    endloop
  endfacet
  facet normal -6.162973e-002 -5.536141e-001 -8.304896e-001
    outer loop
      vertex -1.001034e+003 -4.381463e+001  7.612047e-001
      vertex -1.009265e+003 -4.615017e+001  2.928932e+000
      vertex -1.008627e+003 -4.296941e+001  7.612047e-001
    endloop
  endfacet
  facet normal -2.247219e-002 -2.018656e-001 -9.791554e-001
    outer loop
      vertex -1.001034e+003 -4.381463e+001  7.612047e-001
      vertex -1.008627e+003 -4.296941e+001  7.612047e-001
      vertex -1.003557e+003 -3.984151e+001  0.000000e+000
    endloop
  endfacet
  facet normal  6.241121e-002 -9.789396e-001 -1.943762e-001
    outer loop
      vertex -9.924819e+002 -4.943155e+001  1.000000e+001
      vertex -1.001180e+003 -4.998608e+001  1.000000e+001
      vertex -9.925964e+002 -4.867900e+001  6.173166e+000
    endloop
  endfacet
  facet normal  6.241145e-002 -9.789397e-001 -1.943757e-001
    outer loop
      vertex -9.925964e+002 -4.867900e+001  6.173166e+000
      vertex -1.001180e+003 -4.998608e+001  1.000000e+001
      vertex -1.001162e+003 -4.922509e+001  6.173166e+000
    endloop
  endfacet
  facet normal  5.296436e-002 -8.307597e-001 -5.541058e-001
    outer loop
      vertex -9.925964e+002 -4.867900e+001  6.173166e+000
      vertex -1.001162e+003 -4.922509e+001  6.173166e+000
      vertex -9.929223e+002 -4.653592e+001  2.928932e+000
    endloop
  endfacet
  facet normal  5.296393e-002 -8.307592e-001 -5.541064e-001
    outer loop
      vertex -9.929223e+002 -4.653592e+001  2.928932e+000
      vertex -1.001162e+003 -4.922509e+001  6.173166e+000
      vertex -1.001111e+003 -4.705796e+001  2.928932e+000
    endloop
  endfacet
  facet normal  3.544104e-002 -5.559061e-001 -8.304892e-001
    outer loop
      vertex -9.929223e+002 -4.653592e+001  2.928932e+000
      vertex -1.001111e+003 -4.705796e+001  2.928932e+000
      vertex -9.934101e+002 -4.332857e+001  7.612047e-001
    endloop
  endfacet
  facet normal  3.544118e-002 -5.559063e-001 -8.304890e-001
    outer loop
      vertex -9.934101e+002 -4.332857e+001  7.612047e-001
      vertex -1.001111e+003 -4.705796e+001  2.928932e+000
      vertex -1.001034e+003 -4.381463e+001  7.612047e-001
    endloop
  endfacet
  facet normal  1.282727e-002 -2.011999e-001 -9.794662e-001
    outer loop
      vertex -9.934101e+002 -4.332857e+001  7.612047e-001
      vertex -1.001034e+003 -4.381463e+001  7.612047e-001
      vertex -9.957162e+002 -3.976995e+001  0.000000e+000
    endloop
  endfacet
  facet normal  2.314545e-001 -9.532303e-001 -1.943728e-001
    outer loop
      vertex -9.840125e+002 -4.737507e+001  1.000000e+001
      vertex -9.924819e+002 -4.943155e+001  1.000000e+001
      vertex -9.842558e+002 -4.665383e+001  6.173166e+000
    endloop
  endfacet
  facet normal  2.314531e-001 -9.532301e-001 -1.943755e-001
    outer loop
      vertex -9.842558e+002 -4.665383e+001  6.173166e+000
      vertex -9.924819e+002 -4.943155e+001  1.000000e+001
      vertex -9.925964e+002 -4.867900e+001  6.173166e+000
    endloop
  endfacet
  facet normal  1.964182e-001 -8.089404e-001 -5.541077e-001
    outer loop
      vertex -9.842558e+002 -4.665383e+001  6.173166e+000
      vertex -9.925964e+002 -4.867900e+001  6.173166e+000
      vertex -9.849490e+002 -4.459991e+001  2.928932e+000
    endloop
  endfacet
  facet normal  1.964200e-001 -8.089417e-001 -5.541052e-001
    outer loop
      vertex -9.849490e+002 -4.459991e+001  2.928932e+000
      vertex -9.925964e+002 -4.867900e+001  6.173166e+000
      vertex -9.929223e+002 -4.653592e+001  2.928932e+000
    endloop
  endfacet
  facet normal  1.314351e-001 -5.413060e-001 -8.304894e-001
    outer loop
      vertex -9.849490e+002 -4.459991e+001  2.928932e+000
      vertex -9.929223e+002 -4.653592e+001  2.928932e+000
      vertex -9.859863e+002 -4.152599e+001  7.612047e-001
    endloop
  endfacet
  facet normal  1.314356e-001 -5.413066e-001 -8.304890e-001
    outer loop
      vertex -9.859863e+002 -4.152599e+001  7.612047e-001
      vertex -9.929223e+002 -4.653592e+001  2.928932e+000
      vertex -9.934101e+002 -4.332857e+001  7.612047e-001
    endloop
  endfacet
  facet normal  4.699060e-002 -1.935268e-001 -9.799690e-001
    outer loop
      vertex -9.859863e+002 -4.152599e+001  7.612047e-001
      vertex -9.934101e+002 -4.332857e+001  7.612047e-001
      vertex -9.880398e+002 -3.817006e+001  0.000000e+000
    endloop
  endfacet
  facet normal  1.080979e-001 -1.586275e-001 -9.814031e-001
    outer loop
      vertex -9.808230e+002 -3.510330e+001  0.000000e+000
      vertex -9.743431e+002 -3.068755e+001  0.000000e+000
      vertex -9.726287e+002 -3.422870e+001  7.612047e-001
    endloop
  endfacet
  facet normal -7.507443e-002  1.766679e-001 -9.814032e-001
    outer loop
      vertex -1.019177e+003  3.510330e+001  0.000000e+000
      vertex -1.014014e+003  4.152599e+001  7.612047e-001
      vertex -1.011960e+003  3.817006e+001  0.000000e+000
    endloop
  endfacet
  facet normal  1.348789e-001 -1.324388e-001 -9.819713e-001
    outer loop
      vertex -9.688493e+002 -2.509249e+001  0.000000e+000
      vertex -9.671008e+002 -2.895572e+001  7.612047e-001
      vertex -9.743431e+002 -3.068755e+001  0.000000e+000
    endloop
  endfacet
  facet normal  1.565333e-001 -1.025384e-001 -9.823356e-001
    outer loop
      vertex -9.645526e+002 -1.853315e+001  0.000000e+000
      vertex -9.625725e+002 -2.280293e+001  7.612047e-001
      vertex -9.688493e+002 -2.509249e+001  0.000000e+000
    endloop
  endfacet
  facet normal  1.726585e-001 -6.967796e-002 -9.825141e-001
    outer loop
      vertex -9.616180e+002 -1.126158e+001  0.000000e+000
      vertex -9.591814e+002 -1.595728e+001  7.612047e-001
      vertex -9.645526e+002 -1.853315e+001  0.000000e+000
    endloop
  endfacet
  facet normal  1.829344e-001 -3.465565e-002 -9.825141e-001
    outer loop
      vertex -9.601585e+002 -3.557239e+000  0.000000e+000
      vertex -9.570306e+002 -8.626783e+000  7.612047e-001
      vertex -9.616180e+002 -1.126158e+001  0.000000e+000
    endloop
  endfacet
  facet normal  1.871191e-001  1.707073e-003 -9.823357e-001
    outer loop
      vertex -9.602300e+002  4.283805e+000  0.000000e+000
      vertex -9.561854e+002 -1.034164e+000  7.612047e-001
      vertex -9.601585e+002 -3.557239e+000  0.000000e+000
    endloop
  endfacet
  facet normal  1.850555e-001  3.856915e-002 -9.819708e-001
    outer loop
      vertex -9.618300e+002  1.196023e+001  0.000000e+000
      vertex -9.566714e+002  6.589879e+000  7.612047e-001
      vertex -9.602300e+002  4.283805e+000  0.000000e+000
    endloop
  endfacet
  facet normal  1.766675e-001  7.507324e-002 -9.814034e-001
    outer loop
      vertex -9.648967e+002  1.917702e+001  0.000000e+000
      vertex -9.584740e+002  1.401369e+001  7.612047e-001
      vertex -9.618300e+002  1.196023e+001  0.000000e+000
    endloop
  endfacet
  facet normal  1.586272e-001  1.080987e-001 -9.814031e-001
    outer loop
      vertex -9.693124e+002  2.565685e+001  0.000000e+000
      vertex -9.657713e+002  2.737129e+001  7.612047e-001
      vertex -9.648967e+002  1.917702e+001  0.000000e+000
    endloop
  endfacet
  facet normal  1.324396e-001  1.348801e-001 -9.819711e-001
    outer loop
      vertex -9.749075e+002  3.115071e+001  0.000000e+000
      vertex -9.710443e+002  3.289921e+001  7.612047e-001
      vertex -9.693124e+002  2.565685e+001  0.000000e+000
    endloop
  endfacet
  facet normal  1.025385e-001  1.565331e-001 -9.823356e-001
    outer loop
      vertex -9.814669e+002  3.544746e+001  0.000000e+000
      vertex -9.771971e+002  3.742750e+001  7.612047e-001
      vertex -9.749075e+002  3.115071e+001  0.000000e+000
    endloop
  endfacet
  facet normal  6.967919e-002  1.726601e-001 -9.825138e-001
    outer loop
      vertex -9.887384e+002  3.838198e+001  0.000000e+000
      vertex -9.840427e+002  4.081858e+001  7.612047e-001
      vertex -9.814669e+002  3.544746e+001  0.000000e+000
    endloop
  endfacet
  facet normal  3.465581e-002  1.829364e-001 -9.825138e-001
    outer loop
      vertex -9.964427e+002  3.984151e+001  0.000000e+000
      vertex -9.913732e+002  4.296941e+001  7.612047e-001
      vertex -9.887384e+002  3.838198e+001  0.000000e+000
    endloop
  endfacet
  facet normal -1.707711e-003  1.871198e-001 -9.823356e-001
    outer loop
      vertex -1.004284e+003  3.976995e+001  0.000000e+000
      vertex -9.989658e+002  4.381463e+001  7.612047e-001
      vertex -9.964427e+002  3.984151e+001  0.000000e+000
    endloop
  endfacet
  facet normal -3.856864e-002  1.850546e-001 -9.819711e-001
    outer loop
      vertex -1.011960e+003  3.817006e+001  0.000000e+000
      vertex -1.006590e+003  4.332857e+001  7.612047e-001
      vertex -1.004284e+003  3.976995e+001  0.000000e+000
    endloop
  endfacet
  facet normal -3.934646e-001  8.985568e-001 -1.943745e-001
    outer loop
      vertex -1.023971e+003  4.387913e+001  1.000000e+001
      vertex -1.015988e+003  4.737507e+001  1.000000e+001
      vertex -1.023606e+003  4.321111e+001  6.173166e+000
    endloop
  endfacet
  facet normal -3.934664e-001  8.985567e-001 -1.943708e-001
    outer loop
      vertex -1.023606e+003  4.321111e+001  6.173166e+000
      vertex -1.015988e+003  4.737507e+001  1.000000e+001
      vertex -1.015744e+003  4.665383e+001  6.173166e+000
    endloop
  endfacet
  facet normal -3.339082e-001  7.625439e-001 -5.541047e-001
    outer loop
      vertex -1.023606e+003  4.321111e+001  6.173166e+000
      vertex -1.015744e+003  4.665383e+001  6.173166e+000
      vertex -1.022567e+003  4.130875e+001  2.928932e+000
    endloop
  endfacet
  facet normal -3.339048e-001  7.625422e-001 -5.541090e-001
    outer loop
      vertex -1.022567e+003  4.130875e+001  2.928932e+000
      vertex -1.015744e+003  4.665383e+001  6.173166e+000
      vertex -1.015051e+003  4.459991e+001  2.928932e+000
    endloop
  endfacet
  facet normal -2.234345e-001  5.102599e-001 -8.304889e-001
    outer loop
      vertex -1.022567e+003  4.130875e+001  2.928932e+000
      vertex -1.015051e+003  4.459991e+001  2.928932e+000
      vertex -1.021012e+003  3.846167e+001  7.612047e-001
    endloop
  endfacet
  facet normal -2.234337e-001  5.102593e-001 -8.304895e-001
    outer loop
      vertex -1.021012e+003  3.846167e+001  7.612047e-001
      vertex -1.015051e+003  4.459991e+001  2.928932e+000
      vertex -1.014014e+003  4.152599e+001  7.612047e-001
    endloop
  endfacet
  facet normal -7.854046e-002  1.793642e-001 -9.806426e-001
    outer loop
      vertex -1.021012e+003  3.846167e+001  7.612047e-001
      vertex -1.014014e+003  4.152599e+001  7.612047e-001
      vertex -1.019177e+003  3.510330e+001  0.000000e+000
    endloop
  endfacet
  facet normal  5.435182e-001 -8.165815e-001 -1.943771e-001
    outer loop
      vertex -9.687734e+002 -3.904994e+001  1.000000e+001
      vertex -9.760287e+002 -4.387913e+001  1.000000e+001
      vertex -9.692488e+002 -3.845544e+001  6.173166e+000
    endloop
  endfacet
  facet normal  5.435197e-001 -8.165812e-001 -1.943741e-001
    outer loop
      vertex -9.692488e+002 -3.845544e+001  6.173166e+000
      vertex -9.760287e+002 -4.387913e+001  1.000000e+001
      vertex -9.763937e+002 -4.321111e+001  6.173166e+000
    endloop
  endfacet
  facet normal  4.612479e-001 -6.929764e-001 -5.541066e-001
    outer loop
      vertex -9.692488e+002 -3.845544e+001  6.173166e+000
      vertex -9.763937e+002 -4.321111e+001  6.173166e+000
      vertex -9.706026e+002 -3.676244e+001  2.928932e+000
    endloop
  endfacet
  facet normal  4.612500e-001 -6.929770e-001 -5.541041e-001
    outer loop
      vertex -9.706026e+002 -3.676244e+001  2.928932e+000
      vertex -9.763937e+002 -4.321111e+001  6.173166e+000
      vertex -9.774329e+002 -4.130875e+001  2.928932e+000
    endloop
  endfacet
  facet normal  3.086472e-001 -4.637081e-001 -8.304888e-001
    outer loop
      vertex -9.706026e+002 -3.676244e+001  2.928932e+000
      vertex -9.774329e+002 -4.130875e+001  2.928932e+000
      vertex -9.726287e+002 -3.422870e+001  7.612047e-001
    endloop
  endfacet
  facet normal  3.086472e-001 -4.637082e-001 -8.304888e-001
    outer loop
      vertex -9.726287e+002 -3.422870e+001  7.612047e-001
      vertex -9.774329e+002 -4.130875e+001  2.928932e+000
      vertex -9.789883e+002 -3.846167e+001  7.612047e-001
    endloop
  endfacet
  facet normal  1.084940e-001 -1.630002e-001 -9.806427e-001
    outer loop
      vertex -9.726287e+002 -3.422870e+001  7.612047e-001
      vertex -9.789883e+002 -3.846167e+001  7.612047e-001
      vertex -9.808230e+002 -3.510330e+001  0.000000e+000
    endloop
  endfacet
  facet normal  6.770583e-001 -7.097958e-001 -1.943761e-001
    outer loop
      vertex -9.624668e+002 -3.303423e+001  1.000000e+001
      vertex -9.687734e+002 -3.904994e+001  1.000000e+001
      vertex -9.630382e+002 -3.253132e+001  6.173166e+000
    endloop
  endfacet
  facet normal  6.770577e-001 -7.097960e-001 -1.943773e-001
    outer loop
      vertex -9.630382e+002 -3.253132e+001  6.173166e+000
      vertex -9.687734e+002 -3.904994e+001  1.000000e+001
      vertex -9.692488e+002 -3.845544e+001  6.173166e+000
    endloop
  endfacet
  facet normal  5.745715e-001 -6.023542e-001 -5.541092e-001
    outer loop
      vertex -9.630382e+002 -3.253132e+001  6.173166e+000
      vertex -9.692488e+002 -3.845544e+001  6.173166e+000
      vertex -9.646655e+002 -3.109913e+001  2.928932e+000
    endloop
  endfacet
  facet normal  5.745736e-001 -6.023544e-001 -5.541067e-001
    outer loop
      vertex -9.646655e+002 -3.109913e+001  2.928932e+000
      vertex -9.692488e+002 -3.845544e+001  6.173166e+000
      vertex -9.706026e+002 -3.676244e+001  2.928932e+000
    endloop
  endfacet
  facet normal  3.844800e-001 -4.030697e-001 -8.304878e-001
    outer loop
      vertex -9.646655e+002 -3.109913e+001  2.928932e+000
      vertex -9.706026e+002 -3.676244e+001  2.928932e+000
      vertex -9.671008e+002 -2.895572e+001  7.612047e-001
    endloop
  endfacet
  facet normal  3.844783e-001 -4.030693e-001 -8.304887e-001
    outer loop
      vertex -9.671008e+002 -2.895572e+001  7.612047e-001
      vertex -9.706026e+002 -3.676244e+001  2.928932e+000
      vertex -9.726287e+002 -3.422870e+001  7.612047e-001
    endloop
  endfacet
  facet normal  1.374581e-001 -1.441047e-001 -9.799689e-001
    outer loop
      vertex -9.671008e+002 -2.895572e+001  7.612047e-001
      vertex -9.726287e+002 -3.422870e+001  7.612047e-001
      vertex -9.743431e+002 -3.068755e+001  0.000000e+000
    endloop
  endfacet
  facet normal  7.900319e-001 -5.814380e-001 -1.943694e-001
    outer loop
      vertex -9.573007e+002 -2.601480e+001  1.000000e+001
      vertex -9.624668e+002 -3.303423e+001  1.000000e+001
      vertex -9.579507e+002 -2.561875e+001  6.173166e+000
    endloop
  endfacet
  facet normal  7.900289e-001 -5.814399e-001 -1.943763e-001
    outer loop
      vertex -9.579507e+002 -2.561875e+001  6.173166e+000
      vertex -9.624668e+002 -3.303423e+001  1.000000e+001
      vertex -9.630382e+002 -3.253132e+001  6.173166e+000
    endloop
  endfacet
  facet normal  6.704447e-001 -4.934291e-001 -5.541044e-001
    outer loop
      vertex -9.579507e+002 -2.561875e+001  6.173166e+000
      vertex -9.630382e+002 -3.253132e+001  6.173166e+000
      vertex -9.598019e+002 -2.449089e+001  2.928932e+000
    endloop
  endfacet
  facet normal  6.704399e-001 -4.934294e-001 -5.541098e-001
    outer loop
      vertex -9.598019e+002 -2.449089e+001  2.928932e+000
      vertex -9.630382e+002 -3.253132e+001  6.173166e+000
      vertex -9.646655e+002 -3.109913e+001  2.928932e+000
    endloop
  endfacet
  facet normal  4.486262e-001 -3.301792e-001 -8.304916e-001
    outer loop
      vertex -9.598019e+002 -2.449089e+001  2.928932e+000
      vertex -9.646655e+002 -3.109913e+001  2.928932e+000
      vertex -9.625725e+002 -2.280293e+001  7.612047e-001
    endloop
  endfacet
  facet normal  4.486332e-001 -3.301799e-001 -8.304874e-001
    outer loop
      vertex -9.625725e+002 -2.280293e+001  7.612047e-001
      vertex -9.646655e+002 -3.109913e+001  2.928932e+000
      vertex -9.671008e+002 -2.895572e+001  7.612047e-001
    endloop
  endfacet
  facet normal  1.623728e-001 -1.195013e-001 -9.794664e-001
    outer loop
      vertex -9.625725e+002 -2.280293e+001  7.612047e-001
      vertex -9.671008e+002 -2.895572e+001  7.612047e-001
      vertex -9.688493e+002 -2.509249e+001  0.000000e+000
    endloop
  endfacet
  facet normal  8.789940e-001 -4.354198e-001 -1.943688e-001
    outer loop
      vertex -9.534320e+002 -1.820492e+001  1.000000e+001
      vertex -9.573007e+002 -2.601480e+001  1.000000e+001
      vertex -9.541409e+002 -1.792777e+001  6.173166e+000
    endloop
  endfacet
  facet normal  8.789941e-001 -4.354197e-001 -1.943686e-001
    outer loop
      vertex -9.541409e+002 -1.792777e+001  6.173166e+000
      vertex -9.573007e+002 -2.601480e+001  1.000000e+001
      vertex -9.579507e+002 -2.561875e+001  6.173166e+000
    endloop
  endfacet
  facet normal  7.459428e-001 -3.695112e-001 -5.541039e-001
    outer loop
      vertex -9.541409e+002 -1.792777e+001  6.173166e+000
      vertex -9.579507e+002 -2.561875e+001  6.173166e+000
      vertex -9.561599e+002 -1.713850e+001  2.928932e+000
    endloop
  endfacet
  facet normal  7.459424e-001 -3.695112e-001 -5.541040e-001
    outer loop
      vertex -9.561599e+002 -1.713850e+001  2.928932e+000
      vertex -9.579507e+002 -2.561875e+001  6.173166e+000
      vertex -9.598019e+002 -2.449089e+001  2.928932e+000
    endloop
  endfacet
  facet normal  4.991502e-001 -2.472598e-001 -8.304887e-001
    outer loop
      vertex -9.561599e+002 -1.713850e+001  2.928932e+000
      vertex -9.598019e+002 -2.449089e+001  2.928932e+000
      vertex -9.591814e+002 -1.595728e+001  7.612047e-001
    endloop
  endfacet
  facet normal  4.991447e-001 -2.472603e-001 -8.304921e-001
    outer loop
      vertex -9.591814e+002 -1.595728e+001  7.612047e-001
      vertex -9.598019e+002 -2.449089e+001  2.928932e+000
      vertex -9.625725e+002 -2.280293e+001  7.612047e-001
    endloop
  endfacet
  facet normal  1.820048e-001 -9.015936e-002 -9.791555e-001
    outer loop
      vertex -9.591814e+002 -1.595728e+001  7.612047e-001
      vertex -9.625725e+002 -2.280293e+001  7.612047e-001
      vertex -9.645526e+002 -1.853315e+001  0.000000e+000
    endloop
  endfacet
  facet normal  9.412493e-001 -2.761721e-001 -1.943676e-001
    outer loop
      vertex -9.509782e+002 -9.841896e+000  1.000000e+001
      vertex -9.534320e+002 -1.820492e+001  1.000000e+001
      vertex -9.517245e+002 -9.692062e+000  6.173166e+000
    endloop
  endfacet
  facet normal  9.412491e-001 -2.761724e-001 -1.943683e-001
    outer loop
      vertex -9.517245e+002 -9.692062e+000  6.173166e+000
      vertex -9.534320e+002 -1.820492e+001  1.000000e+001
      vertex -9.541409e+002 -1.792777e+001  6.173166e+000
    endloop
  endfacet
  facet normal  7.987676e-001 -2.343668e-001 -5.541142e-001
    outer loop
      vertex -9.517245e+002 -9.692062e+000  6.173166e+000
      vertex -9.541409e+002 -1.792777e+001  6.173166e+000
      vertex -9.538499e+002 -9.265371e+000  2.928932e+000
    endloop
  endfacet
  facet normal  7.987762e-001 -2.343630e-001 -5.541034e-001
    outer loop
      vertex -9.538499e+002 -9.265371e+000  2.928932e+000
      vertex -9.541409e+002 -1.792777e+001  6.173166e+000
      vertex -9.561599e+002 -1.713850e+001  2.928932e+000
    endloop
  endfacet
  facet normal  5.345073e-001 -1.568259e-001 -8.304863e-001
    outer loop
      vertex -9.538499e+002 -9.265371e+000  2.928932e+000
      vertex -9.561599e+002 -1.713850e+001  2.928932e+000
      vertex -9.570306e+002 -8.626783e+000  7.612047e-001
    endloop
  endfacet
  facet normal  5.345033e-001 -1.568269e-001 -8.304887e-001
    outer loop
      vertex -9.570306e+002 -8.626783e+000  7.612047e-001
      vertex -9.561599e+002 -1.713850e+001  2.928932e+000
      vertex -9.591814e+002 -1.595728e+001  7.612047e-001
    endloop
  endfacet
  facet normal  1.953803e-001 -5.732591e-002 -9.790506e-001
    outer loop
      vertex -9.570306e+002 -8.626783e+000  7.612047e-001
      vertex -9.591814e+002 -1.595728e+001  7.612047e-001
      vertex -9.616180e+002 -1.126158e+001  0.000000e+000
    endloop
  endfacet
  facet normal  9.749050e-001 -1.085302e-001 -1.943745e-001
    outer loop
      vertex -9.500139e+002 -1.179829e+000  1.000000e+001
      vertex -9.509782e+002 -9.841896e+000  1.000000e+001
      vertex -9.507749e+002 -1.161867e+000  6.173166e+000
    endloop
  endfacet
  facet normal  9.749067e-001 -1.085270e-001 -1.943673e-001
    outer loop
      vertex -9.507749e+002 -1.161867e+000  6.173166e+000
      vertex -9.509782e+002 -9.841896e+000  1.000000e+001
      vertex -9.517245e+002 -9.692062e+000  6.173166e+000
    endloop
  endfacet
  facet normal  8.273367e-001 -9.209947e-002 -5.541044e-001
    outer loop
      vertex -9.507749e+002 -1.161867e+000  6.173166e+000
      vertex -9.517245e+002 -9.692062e+000  6.173166e+000
      vertex -9.529420e+002 -1.110716e+000  2.928932e+000
    endloop
  endfacet
  facet normal  8.273292e-001 -9.210445e-002 -5.541147e-001
    outer loop
      vertex -9.529420e+002 -1.110716e+000  2.928932e+000
      vertex -9.517245e+002 -9.692062e+000  6.173166e+000
      vertex -9.538499e+002 -9.265371e+000  2.928932e+000
    endloop
  endfacet
  facet normal  5.536128e-001 -6.163231e-002 -8.304904e-001
    outer loop
      vertex -9.529420e+002 -1.110716e+000  2.928932e+000
      vertex -9.538499e+002 -9.265371e+000  2.928932e+000
      vertex -9.561854e+002 -1.034164e+000  7.612047e-001
    endloop
  endfacet
  facet normal  5.536196e-001 -6.162925e-002 -8.304861e-001
    outer loop
      vertex -9.561854e+002 -1.034164e+000  7.612047e-001
      vertex -9.538499e+002 -9.265371e+000  2.928932e+000
      vertex -9.570306e+002 -8.626783e+000  7.612047e-001
    endloop
  endfacet
  facet normal  2.018642e-001 -2.247164e-002 -9.791557e-001
    outer loop
      vertex -9.561854e+002 -1.034164e+000  7.612047e-001
      vertex -9.570306e+002 -8.626783e+000  7.612047e-001
      vertex -9.601585e+002 -3.557239e+000  0.000000e+000
    endloop
  endfacet
  facet normal  9.789391e-001  6.240875e-002 -1.943792e-001
    outer loop
      vertex -9.505684e+002  7.518086e+000  1.000000e+001
      vertex -9.500139e+002 -1.179829e+000  1.000000e+001
      vertex -9.513210e+002  7.403630e+000  6.173166e+000
    endloop
  endfacet
  facet normal  9.789400e-001  6.241098e-002 -1.943745e-001
    outer loop
      vertex -9.513210e+002  7.403630e+000  6.173166e+000
      vertex -9.500139e+002 -1.179829e+000  1.000000e+001
      vertex -9.507749e+002 -1.161867e+000  6.173166e+000
    endloop
  endfacet
  facet normal  8.307542e-001  5.296360e-002 -5.541140e-001
    outer loop
      vertex -9.513210e+002  7.403630e+000  6.173166e+000
      vertex -9.507749e+002 -1.161867e+000  6.173166e+000
      vertex -9.534641e+002  7.077687e+000  2.928932e+000
    endloop
  endfacet
  facet normal  8.307604e-001  5.296949e-002 -5.541041e-001
    outer loop
      vertex -9.534641e+002  7.077687e+000  2.928932e+000
      vertex -9.507749e+002 -1.161867e+000  6.173166e+000
      vertex -9.529420e+002 -1.110716e+000  2.928932e+000
    endloop
  endfacet
  facet normal  5.559074e-001  3.544479e-002 -8.304883e-001
    outer loop
      vertex -9.534641e+002  7.077687e+000  2.928932e+000
      vertex -9.529420e+002 -1.110716e+000  2.928932e+000
      vertex -9.566714e+002  6.589879e+000  7.612047e-001
    endloop
  endfacet
  facet normal  5.559042e-001  3.544263e-002 -8.304904e-001
    outer loop
      vertex -9.566714e+002  6.589879e+000  7.612047e-001
      vertex -9.529420e+002 -1.110716e+000  2.928932e+000
      vertex -9.561854e+002 -1.034164e+000  7.612047e-001
    endloop
  endfacet
  facet normal  2.012008e-001  1.282791e-002 -9.794660e-001
    outer loop
      vertex -9.566714e+002  6.589879e+000  7.612047e-001
      vertex -9.561854e+002 -1.034164e+000  7.612047e-001
      vertex -9.602300e+002  4.283805e+000  0.000000e+000
    endloop
  endfacet
  facet normal  9.532282e-001  2.314582e-001 -1.943785e-001
    outer loop
      vertex -9.526249e+002  1.598757e+001  1.000000e+001
      vertex -9.505684e+002  7.518086e+000  1.000000e+001
      vertex -9.533462e+002  1.574417e+001  6.173166e+000
    endloop
  endfacet
  facet normal  9.532282e-001  2.314580e-001 -1.943791e-001
    outer loop
      vertex -9.533462e+002  1.574417e+001  6.173166e+000
      vertex -9.505684e+002  7.518086e+000  1.000000e+001
      vertex -9.513210e+002  7.403630e+000  6.173166e+000
    endloop
  endfacet
  facet normal  8.089438e-001  1.964236e-001 -5.541008e-001
    outer loop
      vertex -9.533462e+002  1.574417e+001  6.173166e+000
      vertex -9.513210e+002  7.403630e+000  6.173166e+000
      vertex -9.554001e+002  1.505104e+001  2.928932e+000
    endloop
  endfacet
  facet normal  8.089370e-001  1.964144e-001 -5.541139e-001
    outer loop
      vertex -9.554001e+002  1.505104e+001  2.928932e+000
      vertex -9.513210e+002  7.403630e+000  6.173166e+000
      vertex -9.534641e+002  7.077687e+000  2.928932e+000
    endloop
  endfacet
  facet normal  5.413075e-001  1.314325e-001 -8.304889e-001
    outer loop
      vertex -9.554001e+002  1.505104e+001  2.928932e+000
      vertex -9.534641e+002  7.077687e+000  2.928932e+000
      vertex -9.584740e+002  1.401369e+001  7.612047e-001
    endloop
  endfacet
  facet normal  5.413083e-001  1.314333e-001 -8.304882e-001
    outer loop
      vertex -9.584740e+002  1.401369e+001  7.612047e-001
      vertex -9.534641e+002  7.077687e+000  2.928932e+000
      vertex -9.566714e+002  6.589879e+000  7.612047e-001
    endloop
  endfacet
  facet normal  1.935263e-001  4.698947e-002 -9.799692e-001
    outer loop
      vertex -9.584740e+002  1.401369e+001  7.612047e-001
      vertex -9.566714e+002  6.589879e+000  7.612047e-001
      vertex -9.618300e+002  1.196023e+001  0.000000e+000
    endloop
  endfacet
  facet normal  8.985575e-001  3.934609e-001 -1.943782e-001
    outer loop
      vertex -9.561208e+002  2.397128e+001  1.000000e+001
      vertex -9.526249e+002  1.598757e+001  1.000000e+001
      vertex -9.567889e+002  2.360634e+001  6.173166e+000
    endloop
  endfacet
  facet normal  8.985575e-001  3.934608e-001 -1.943784e-001
    outer loop
      vertex -9.567889e+002  2.360634e+001  6.173166e+000
      vertex -9.526249e+002  1.598757e+001  1.000000e+001
      vertex -9.533462e+002  1.574417e+001  6.173166e+000
    endloop
  endfacet
  facet normal  7.625467e-001  3.339043e-001 -5.541034e-001
    outer loop
      vertex -9.567889e+002  2.360634e+001  6.173166e+000
      vertex -9.533462e+002  1.574417e+001  6.173166e+000
      vertex -9.586912e+002  2.256707e+001  2.928932e+000
    endloop
  endfacet
  facet normal  7.625476e-001  3.339061e-001 -5.541010e-001
    outer loop
      vertex -9.586912e+002  2.256707e+001  2.928932e+000
      vertex -9.533462e+002  1.574417e+001  6.173166e+000
      vertex -9.554001e+002  1.505104e+001  2.928932e+000
    endloop
  endfacet
  facet normal  5.102575e-001  2.234327e-001 -8.304909e-001
    outer loop
      vertex -9.586912e+002  2.256707e+001  2.928932e+000
      vertex -9.554001e+002  1.505104e+001  2.928932e+000
      vertex -9.615383e+002  2.101170e+001  7.612047e-001
    endloop
  endfacet
  facet normal  5.102594e-001  2.234354e-001 -8.304890e-001
    outer loop
      vertex -9.615383e+002  2.101170e+001  7.612047e-001
      vertex -9.554001e+002  1.505104e+001  2.928932e+000
      vertex -9.584740e+002  1.401369e+001  7.612047e-001
    endloop
  endfacet
  facet normal  1.793656e-001  7.854170e-002 -9.806422e-001
    outer loop
      vertex -9.615383e+002  2.101170e+001  7.612047e-001
      vertex -9.584740e+002  1.401369e+001  7.612047e-001
      vertex -9.648967e+002  1.917702e+001  0.000000e+000
    endloop
  endfacet
  facet normal  8.165798e-001  5.435224e-001 -1.943725e-001
    outer loop
      vertex -9.609501e+002  3.122663e+001  1.000000e+001
      vertex -9.561208e+002  2.397128e+001  1.000000e+001
      vertex -9.615446e+002  3.075123e+001  6.173166e+000
    endloop
  endfacet
  facet normal  8.165804e-001  5.435197e-001 -1.943780e-001
    outer loop
      vertex -9.615446e+002  3.075123e+001  6.173166e+000
      vertex -9.561208e+002  2.397128e+001  1.000000e+001
      vertex -9.567889e+002  2.360634e+001  6.173166e+000
    endloop
  endfacet
  facet normal  6.929765e-001  4.612484e-001 -5.541061e-001
    outer loop
      vertex -9.615446e+002  3.075123e+001  6.173166e+000
      vertex -9.567889e+002  2.360634e+001  6.173166e+000
      vertex -9.632375e+002  2.939742e+001  2.928932e+000
    endloop
  endfacet
  facet normal  6.929770e-001  4.612504e-001 -5.541037e-001
    outer loop
      vertex -9.632375e+002  2.939742e+001  2.928932e+000
      vertex -9.567889e+002  2.360634e+001  6.173166e+000
      vertex -9.586912e+002  2.256707e+001  2.928932e+000
    endloop
  endfacet
  facet normal  4.637067e-001  3.086464e-001 -8.304899e-001
    outer loop
      vertex -9.632375e+002  2.939742e+001  2.928932e+000
      vertex -9.586912e+002  2.256707e+001  2.928932e+000
      vertex -9.657713e+002  2.737129e+001  7.612047e-001
    endloop
  endfacet
  facet normal  4.637060e-001  3.086451e-001 -8.304908e-001
    outer loop
      vertex -9.657713e+002  2.737129e+001  7.612047e-001
      vertex -9.586912e+002  2.256707e+001  2.928932e+000
      vertex -9.615383e+002  2.101170e+001  7.612047e-001
    endloop
  endfacet
  facet normal  1.630020e-001  1.084950e-001 -9.806423e-001
    outer loop
      vertex -9.657713e+002  2.737129e+001  7.612047e-001
      vertex -9.615383e+002  2.101170e+001  7.612047e-001
      vertex -9.648967e+002  1.917702e+001  0.000000e+000
    endloop
  endfacet
  facet normal  7.097948e-001  6.770588e-001 -1.943782e-001
    outer loop
      vertex -9.669658e+002  3.753318e+001  1.000000e+001
      vertex -9.609501e+002  3.122663e+001  1.000000e+001
      vertex -9.674687e+002  3.696177e+001  6.173166e+000
    endloop
  endfacet
  facet normal  7.097939e-001  6.770611e-001 -1.943729e-001
    outer loop
      vertex -9.674687e+002  3.696177e+001  6.173166e+000
      vertex -9.609501e+002  3.122663e+001  1.000000e+001
      vertex -9.615446e+002  3.075123e+001  6.173166e+000
    endloop
  endfacet
  facet normal  6.023529e-001  5.745750e-001 -5.541070e-001
    outer loop
      vertex -9.674687e+002  3.696177e+001  6.173166e+000
      vertex -9.615446e+002  3.075123e+001  6.173166e+000
      vertex -9.689009e+002  3.533453e+001  2.928932e+000
    endloop
  endfacet
  facet normal  6.023530e-001  5.745758e-001 -5.541059e-001
    outer loop
      vertex -9.689009e+002  3.533453e+001  2.928932e+000
      vertex -9.615446e+002  3.075123e+001  6.173166e+000
      vertex -9.632375e+002  2.939742e+001  2.928932e+000
    endloop
  endfacet
  facet normal  4.030660e-001  3.844789e-001 -8.304901e-001
    outer loop
      vertex -9.689009e+002  3.533453e+001  2.928932e+000
      vertex -9.632375e+002  2.939742e+001  2.928932e+000
      vertex -9.710443e+002  3.289921e+001  7.612047e-001
    endloop
  endfacet
  facet normal  4.030662e-001  3.844795e-001 -8.304898e-001
    outer loop
      vertex -9.710443e+002  3.289921e+001  7.612047e-001
      vertex -9.632375e+002  2.939742e+001  2.928932e+000
      vertex -9.657713e+002  2.737129e+001  7.612047e-001
    endloop
  endfacet
  facet normal  1.441042e-001  1.374591e-001 -9.799690e-001
    outer loop
      vertex -9.710443e+002  3.289921e+001  7.612047e-001
      vertex -9.657713e+002  2.737129e+001  7.612047e-001
      vertex -9.693124e+002  2.565685e+001  0.000000e+000
    endloop
  endfacet
  facet normal  5.814418e-001  7.900273e-001 -1.943769e-001
    outer loop
      vertex -9.739852e+002  4.269930e+001  1.000000e+001
      vertex -9.669658e+002  3.753318e+001  1.000000e+001
      vertex -9.743812e+002  4.204924e+001  6.173166e+000
    endloop
  endfacet
  facet normal  5.814419e-001  7.900268e-001 -1.943778e-001
    outer loop
      vertex -9.743812e+002  4.204924e+001  6.173166e+000
      vertex -9.669658e+002  3.753318e+001  1.000000e+001
      vertex -9.674687e+002  3.696177e+001  6.173166e+000
    endloop
  endfacet
  facet normal  4.934301e-001  6.704419e-001 -5.541067e-001
    outer loop
      vertex -9.743812e+002  4.204924e+001  6.173166e+000
      vertex -9.674687e+002  3.696177e+001  6.173166e+000
      vertex -9.755091e+002  4.019803e+001  2.928932e+000
    endloop
  endfacet
  facet normal  4.934301e-001  6.704417e-001 -5.541069e-001
    outer loop
      vertex -9.755091e+002  4.019803e+001  2.928932e+000
      vertex -9.674687e+002  3.696177e+001  6.173166e+000
      vertex -9.689009e+002  3.533453e+001  2.928932e+000
    endloop
  endfacet
  facet normal  3.301800e-001  4.486277e-001 -8.304904e-001
    outer loop
      vertex -9.755091e+002  4.019803e+001  2.928932e+000
      vertex -9.689009e+002  3.533453e+001  2.928932e+000
      vertex -9.771971e+002  3.742750e+001  7.612047e-001
    endloop
  endfacet
  facet normal  3.301801e-001  4.486287e-001 -8.304899e-001
    outer loop
      vertex -9.771971e+002  3.742750e+001  7.612047e-001
      vertex -9.689009e+002  3.533453e+001  2.928932e+000
      vertex -9.710443e+002  3.289921e+001  7.612047e-001
    endloop
  endfacet
  facet normal  1.195027e-001  1.623730e-001 -9.794662e-001
    outer loop
      vertex -9.771971e+002  3.742750e+001  7.612047e-001
      vertex -9.710443e+002  3.289921e+001  7.612047e-001
      vertex -9.749075e+002  3.115071e+001  0.000000e+000
    endloop
  endfacet
  facet normal  4.354181e-001  8.789945e-001 -1.943706e-001
    outer loop
      vertex -9.817951e+002  4.656802e+001  1.000000e+001
      vertex -9.739852e+002  4.269930e+001  1.000000e+001
      vertex -9.820722e+002  4.585907e+001  6.173166e+000
    endloop
  endfacet
  facet normal  4.354201e-001  8.789921e-001 -1.943768e-001
    outer loop
      vertex -9.820722e+002  4.585907e+001  6.173166e+000
      vertex -9.739852e+002  4.269930e+001  1.000000e+001
      vertex -9.743812e+002  4.204924e+001  6.173166e+000
    endloop
  endfacet
  facet normal  3.695105e-001  7.459389e-001 -5.541093e-001
    outer loop
      vertex -9.820722e+002  4.585907e+001  6.173166e+000
      vertex -9.743812e+002  4.204924e+001  6.173166e+000
      vertex -9.828615e+002  4.384013e+001  2.928932e+000
    endloop
  endfacet
  facet normal  3.695099e-001  7.459413e-001 -5.541065e-001
    outer loop
      vertex -9.828615e+002  4.384013e+001  2.928932e+000
      vertex -9.743812e+002  4.204924e+001  6.173166e+000
      vertex -9.755091e+002  4.019803e+001  2.928932e+000
    endloop
  endfacet
  facet normal  2.472594e-001  4.991503e-001 -8.304889e-001
    outer loop
      vertex -9.828615e+002  4.384013e+001  2.928932e+000
      vertex -9.755091e+002  4.019803e+001  2.928932e+000
      vertex -9.840427e+002  4.081858e+001  7.612047e-001
    endloop
  endfacet
  facet normal  2.472596e-001  4.991481e-001 -8.304902e-001
    outer loop
      vertex -9.840427e+002  4.081858e+001  7.612047e-001
      vertex -9.755091e+002  4.019803e+001  2.928932e+000
      vertex -9.771971e+002  3.742750e+001  7.612047e-001
    endloop
  endfacet
  facet normal  9.015898e-002  1.820058e-001 -9.791554e-001
    outer loop
      vertex -9.840427e+002  4.081858e+001  7.612047e-001
      vertex -9.771971e+002  3.742750e+001  7.612047e-001
      vertex -9.814669e+002  3.544746e+001  0.000000e+000
    endloop
  endfacet
  facet normal  2.761711e-001  9.412478e-001 -1.943762e-001
    outer loop
      vertex -9.901581e+002  4.902180e+001  1.000000e+001
      vertex -9.817951e+002  4.656802e+001  1.000000e+001
      vertex -9.903079e+002  4.827549e+001  6.173166e+000
    endloop
  endfacet
  facet normal  2.761698e-001  9.412489e-001 -1.943727e-001
    outer loop
      vertex -9.903079e+002  4.827549e+001  6.173166e+000
      vertex -9.817951e+002  4.656802e+001  1.000000e+001
      vertex -9.820722e+002  4.585907e+001  6.173166e+000
    endloop
  endfacet
  facet normal  2.343663e-001  7.987733e-001 -5.541061e-001
    outer loop
      vertex -9.903079e+002  4.827549e+001  6.173166e+000
      vertex -9.820722e+002  4.585907e+001  6.173166e+000
      vertex -9.907346e+002  4.615017e+001  2.928932e+000
    endloop
  endfacet
  facet normal  2.343671e-001  7.987717e-001 -5.541082e-001
    outer loop
      vertex -9.907346e+002  4.615017e+001  2.928932e+000
      vertex -9.820722e+002  4.585907e+001  6.173166e+000
      vertex -9.828615e+002  4.384013e+001  2.928932e+000
    endloop
  endfacet
  facet normal  1.568277e-001  5.345013e-001 -8.304899e-001
    outer loop
      vertex -9.907346e+002  4.615017e+001  2.928932e+000
      vertex -9.828615e+002  4.384013e+001  2.928932e+000
      vertex -9.913732e+002  4.296941e+001  7.612047e-001
    endloop
  endfacet
  facet normal  1.568272e-001  5.345030e-001 -8.304888e-001
    outer loop
      vertex -9.913732e+002  4.296941e+001  7.612047e-001
      vertex -9.828615e+002  4.384013e+001  2.928932e+000
      vertex -9.840427e+002  4.081858e+001  7.612047e-001
    endloop
  endfacet
  facet normal  5.732681e-002  1.953829e-001 -9.790501e-001
    outer loop
      vertex -9.913732e+002  4.296941e+001  7.612047e-001
      vertex -9.840427e+002  4.081858e+001  7.612047e-001
      vertex -9.887384e+002  3.838198e+001  0.000000e+000
    endloop
  endfacet
  facet normal  1.085275e-001  9.749051e-001 -1.943749e-001
    outer loop
      vertex -9.988202e+002  4.998608e+001  1.000000e+001
      vertex -9.901581e+002  4.902180e+001  1.000000e+001
      vertex -9.988381e+002  4.922509e+001  6.173166e+000
    endloop
  endfacet
  facet normal  1.085279e-001  9.749050e-001 -1.943759e-001
    outer loop
      vertex -9.988381e+002  4.922509e+001  6.173166e+000
      vertex -9.901581e+002  4.902180e+001  1.000000e+001
      vertex -9.903079e+002  4.827549e+001  6.173166e+000
    endloop
  endfacet
  facet normal  9.210024e-002  8.273353e-001 -5.541064e-001
    outer loop
      vertex -9.988381e+002  4.922509e+001  6.173166e+000
      vertex -9.903079e+002  4.827549e+001  6.173166e+000
      vertex -9.988893e+002  4.705796e+001  2.928932e+000
    endloop
  endfacet
  facet normal  9.210004e-002  8.273356e-001 -5.541059e-001
    outer loop
      vertex -9.988893e+002  4.705796e+001  2.928932e+000
      vertex -9.903079e+002  4.827549e+001  6.173166e+000
      vertex -9.907346e+002  4.615017e+001  2.928932e+000
    endloop
  endfacet
  facet normal  6.162917e-002  5.536155e-001 -8.304889e-001
    outer loop
      vertex -9.988893e+002  4.705796e+001  2.928932e+000
      vertex -9.907346e+002  4.615017e+001  2.928932e+000
      vertex -9.989658e+002  4.381463e+001  7.612047e-001
    endloop
  endfacet
  facet normal  6.162973e-002  5.536141e-001 -8.304896e-001
    outer loop
      vertex -9.989658e+002  4.381463e+001  7.612047e-001
      vertex -9.907346e+002  4.615017e+001  2.928932e+000
      vertex -9.913732e+002  4.296941e+001  7.612047e-001
    endloop
  endfacet
  facet normal  2.247219e-002  2.018656e-001 -9.791554e-001
    outer loop
      vertex -9.989658e+002  4.381463e+001  7.612047e-001
      vertex -9.913732e+002  4.296941e+001  7.612047e-001
      vertex -9.964427e+002  3.984151e+001  0.000000e+000
    endloop
  endfacet
  facet normal -6.241121e-002  9.789396e-001 -1.943762e-001
    outer loop
      vertex -1.007518e+003  4.943155e+001  1.000000e+001
      vertex -9.988202e+002  4.998608e+001  1.000000e+001
      vertex -1.007404e+003  4.867900e+001  6.173166e+000
    endloop
  endfacet
  facet normal -6.241145e-002  9.789397e-001 -1.943757e-001
    outer loop
      vertex -1.007404e+003  4.867900e+001  6.173166e+000
      vertex -9.988202e+002  4.998608e+001  1.000000e+001
      vertex -9.988381e+002  4.922509e+001  6.173166e+000
    endloop
  endfacet
  facet normal -5.296436e-002  8.307597e-001 -5.541058e-001
    outer loop
      vertex -1.007404e+003  4.867900e+001  6.173166e+000
      vertex -9.988381e+002  4.922509e+001  6.173166e+000
      vertex -1.007078e+003  4.653592e+001  2.928932e+000
    endloop
  endfacet
  facet normal -5.296393e-002  8.307592e-001 -5.541064e-001
    outer loop
      vertex -1.007078e+003  4.653592e+001  2.928932e+000
      vertex -9.988381e+002  4.922509e+001  6.173166e+000
      vertex -9.988893e+002  4.705796e+001  2.928932e+000
    endloop
  endfacet
  facet normal -3.544104e-002  5.559061e-001 -8.304892e-001
    outer loop
      vertex -1.007078e+003  4.653592e+001  2.928932e+000
      vertex -9.988893e+002  4.705796e+001  2.928932e+000
      vertex -1.006590e+003  4.332857e+001  7.612047e-001
    endloop
  endfacet
  facet normal -3.544118e-002  5.559063e-001 -8.304890e-001
    outer loop
      vertex -1.006590e+003  4.332857e+001  7.612047e-001
      vertex -9.988893e+002  4.705796e+001  2.928932e+000
      vertex -9.989658e+002  4.381463e+001  7.612047e-001
    endloop
  endfacet
  facet normal -1.282727e-002  2.011999e-001 -9.794662e-001
    outer loop
      vertex -1.006590e+003  4.332857e+001  7.612047e-001
      vertex -9.989658e+002  4.381463e+001  7.612047e-001
      vertex -1.004284e+003  3.976995e+001  0.000000e+000
    endloop
  endfacet
  facet normal -2.314545e-001  9.532303e-001 -1.943728e-001
    outer loop
      vertex -1.015988e+003  4.737507e+001  1.000000e+001
      vertex -1.007518e+003  4.943155e+001  1.000000e+001
      vertex -1.015744e+003  4.665383e+001  6.173166e+000
    endloop
  endfacet
  facet normal -2.314531e-001  9.532301e-001 -1.943755e-001
    outer loop
      vertex -1.015744e+003  4.665383e+001  6.173166e+000
      vertex -1.007518e+003  4.943155e+001  1.000000e+001
      vertex -1.007404e+003  4.867900e+001  6.173166e+000
    endloop
  endfacet
  facet normal -1.964182e-001  8.089404e-001 -5.541077e-001
    outer loop
      vertex -1.015744e+003  4.665383e+001  6.173166e+000
      vertex -1.007404e+003  4.867900e+001  6.173166e+000
      vertex -1.015051e+003  4.459991e+001  2.928932e+000
    endloop
  endfacet
  facet normal -1.964200e-001  8.089417e-001 -5.541052e-001
    outer loop
      vertex -1.015051e+003  4.459991e+001  2.928932e+000
      vertex -1.007404e+003  4.867900e+001  6.173166e+000
      vertex -1.007078e+003  4.653592e+001  2.928932e+000
    endloop
  endfacet
  facet normal -1.314351e-001  5.413060e-001 -8.304894e-001
    outer loop
      vertex -1.015051e+003  4.459991e+001  2.928932e+000
      vertex -1.007078e+003  4.653592e+001  2.928932e+000
      vertex -1.014014e+003  4.152599e+001  7.612047e-001
    endloop
  endfacet
  facet normal -1.314356e-001  5.413066e-001 -8.304890e-001
    outer loop
      vertex -1.014014e+003  4.152599e+001  7.612047e-001
      vertex -1.007078e+003  4.653592e+001  2.928932e+000
      vertex -1.006590e+003  4.332857e+001  7.612047e-001
    endloop
  endfacet
  facet normal -4.699060e-002  1.935268e-001 -9.799690e-001
    outer loop
      vertex -1.014014e+003  4.152599e+001  7.612047e-001
      vertex -1.006590e+003  4.332857e+001  7.612047e-001
      vertex -1.011960e+003  3.817006e+001  0.000000e+000
    endloop
  endfacet
  facet normal  9.709416e-001  2.393166e-001  0.000000e+000
    outer loop
      vertex -9.098177e+002 -3.013417e+000  2.250000e+001
      vertex -9.083754e+002 -8.865122e+000  3.250000e+001
      vertex -9.083754e+002 -8.865122e+000  2.250000e+001
    endloop
  endfacet
  facet normal  8.854538e-001  4.647275e-001  -0.000000e+000
    outer loop
      vertex -9.083754e+002 -8.865122e+000  2.250000e+001
      vertex -9.083754e+002 -8.865122e+000  3.250000e+001
      vertex -9.055746e+002 -1.420162e+001  3.250000e+001
    endloop
  endfacet
  facet normal  8.854538e-001  4.647275e-001  0.000000e+000
    outer loop
      vertex -9.083754e+002 -8.865122e+000  2.250000e+001
      vertex -9.055746e+002 -1.420162e+001  3.250000e+001
      vertex -9.055746e+002 -1.420162e+001  2.250000e+001
    endloop
  endfacet
  facet normal  7.485115e-001  6.631218e-001  -0.000000e+000
    outer loop
      vertex -9.055746e+002 -1.420162e+001  2.250000e+001
      vertex -9.055746e+002 -1.420162e+001  3.250000e+001
      vertex -9.015781e+002 -1.871277e+001  3.250000e+001
    endloop
  endfacet
  facet normal  7.485115e-001  6.631218e-001  0.000000e+000
    outer loop
      vertex -9.055746e+002 -1.420162e+001  2.250000e+001
      vertex -9.015781e+002 -1.871277e+001  3.250000e+001
      vertex -9.015781e+002 -1.871277e+001  2.250000e+001
    endloop
  endfacet
  facet normal  5.680668e-001  8.229825e-001  -0.000000e+000
    outer loop
      vertex -9.015781e+002 -1.871277e+001  2.250000e+001
      vertex -9.015781e+002 -1.871277e+001  3.250000e+001
      vertex -8.966181e+002 -2.213640e+001  3.250000e+001
    endloop
  endfacet
  facet normal  5.680668e-001  8.229825e-001  0.000000e+000
    outer loop
      vertex -9.015781e+002 -1.871277e+001  2.250000e+001
      vertex -8.966181e+002 -2.213640e+001  3.250000e+001
      vertex -8.966181e+002 -2.213640e+001  2.250000e+001
    endloop
  endfacet
  facet normal  3.546048e-001  9.350163e-001  -0.000000e+000
    outer loop
      vertex -8.966181e+002 -2.213640e+001  2.250000e+001
      vertex -8.966181e+002 -2.213640e+001  3.250000e+001
      vertex -8.909829e+002 -2.427355e+001  3.250000e+001
    endloop
  endfacet
  facet normal  3.546048e-001  9.350163e-001  0.000000e+000
    outer loop
      vertex -8.966181e+002 -2.213640e+001  2.250000e+001
      vertex -8.909829e+002 -2.427355e+001  3.250000e+001
      vertex -8.909829e+002 -2.427355e+001  2.250000e+001
    endloop
  endfacet
  facet normal  1.205362e-001  9.927089e-001  -0.000000e+000
    outer loop
      vertex -8.909829e+002 -2.427355e+001  2.250000e+001
      vertex -8.909829e+002 -2.427355e+001  3.250000e+001
      vertex -8.850000e+002 -2.500000e+001  3.250000e+001
    endloop
  endfacet
  facet normal  1.205362e-001  9.927089e-001  0.000000e+000
    outer loop
      vertex -8.909829e+002 -2.427355e+001  2.250000e+001
      vertex -8.850000e+002 -2.500000e+001  3.250000e+001
      vertex -8.850000e+002 -2.500000e+001  2.250000e+001
    endloop
  endfacet
  facet normal  9.709416e-001  2.393166e-001  -0.000000e+000
    outer loop
      vertex -9.083754e+002 -8.865122e+000  3.250000e+001
      vertex -9.098177e+002 -3.013417e+000  2.250000e+001
      vertex -9.098177e+002 -3.013417e+000  3.250000e+001
    endloop
  endfacet
  facet normal  1.000000e+000  0.000000e+000  0.000000e+000
    outer loop
      vertex -9.098177e+002 -3.013417e+000  3.250000e+001
      vertex -9.098177e+002 -3.013417e+000  2.250000e+001
      vertex -9.098177e+002  3.013417e+000  2.250000e+001
    endloop
  endfacet
  facet normal  1.000000e+000  0.000000e+000  -0.000000e+000
    outer loop
      vertex -9.098177e+002 -3.013417e+000  3.250000e+001
      vertex -9.098177e+002  3.013417e+000  2.250000e+001
      vertex -9.098177e+002  3.013417e+000  3.250000e+001
    endloop
  endfacet
  facet normal  9.709416e-001 -2.393166e-001  0.000000e+000
    outer loop
      vertex -9.098177e+002  3.013417e+000  3.250000e+001
      vertex -9.098177e+002  3.013417e+000  2.250000e+001
      vertex -9.083754e+002  8.865122e+000  2.250000e+001
    endloop
  endfacet
  facet normal  9.709416e-001 -2.393166e-001  0.000000e+000
    outer loop
      vertex -9.098177e+002  3.013417e+000  3.250000e+001
      vertex -9.083754e+002  8.865122e+000  2.250000e+001
      vertex -9.083754e+002  8.865122e+000  3.250000e+001
    endloop
  endfacet
  facet normal  8.854538e-001 -4.647275e-001  0.000000e+000
    outer loop
      vertex -9.083754e+002  8.865122e+000  3.250000e+001
      vertex -9.083754e+002  8.865122e+000  2.250000e+001
      vertex -9.055746e+002  1.420162e+001  2.250000e+001
    endloop
  endfacet
  facet normal  8.854538e-001 -4.647275e-001  0.000000e+000
    outer loop
      vertex -9.083754e+002  8.865122e+000  3.250000e+001
      vertex -9.055746e+002  1.420162e+001  2.250000e+001
      vertex -9.055746e+002  1.420162e+001  3.250000e+001
    endloop
  endfacet
  facet normal  7.485115e-001 -6.631218e-001  0.000000e+000
    outer loop
      vertex -9.055746e+002  1.420162e+001  3.250000e+001
      vertex -9.055746e+002  1.420162e+001  2.250000e+001
      vertex -9.015781e+002  1.871277e+001  2.250000e+001
    endloop
  endfacet
  facet normal  7.485115e-001 -6.631218e-001  0.000000e+000
    outer loop
      vertex -9.055746e+002  1.420162e+001  3.250000e+001
      vertex -9.015781e+002  1.871277e+001  2.250000e+001
      vertex -9.015781e+002  1.871277e+001  3.250000e+001
    endloop
  endfacet
  facet normal  5.680668e-001 -8.229825e-001  0.000000e+000
    outer loop
      vertex -9.015781e+002  1.871277e+001  3.250000e+001
      vertex -9.015781e+002  1.871277e+001  2.250000e+001
      vertex -8.966181e+002  2.213640e+001  2.250000e+001
    endloop
  endfacet
  facet normal  5.680668e-001 -8.229825e-001  0.000000e+000
    outer loop
      vertex -9.015781e+002  1.871277e+001  3.250000e+001
      vertex -8.966181e+002  2.213640e+001  2.250000e+001
      vertex -8.966181e+002  2.213640e+001  3.250000e+001
    endloop
  endfacet
  facet normal  3.546048e-001 -9.350163e-001  0.000000e+000
    outer loop
      vertex -8.966181e+002  2.213640e+001  3.250000e+001
      vertex -8.966181e+002  2.213640e+001  2.250000e+001
      vertex -8.909829e+002  2.427355e+001  2.250000e+001
    endloop
  endfacet
  facet normal  3.546048e-001 -9.350163e-001  0.000000e+000
    outer loop
      vertex -8.966181e+002  2.213640e+001  3.250000e+001
      vertex -8.909829e+002  2.427355e+001  2.250000e+001
      vertex -8.909829e+002  2.427355e+001  3.250000e+001
    endloop
  endfacet
  facet normal  1.205362e-001 -9.927089e-001  0.000000e+000
    outer loop
      vertex -8.909829e+002  2.427355e+001  3.250000e+001
      vertex -8.909829e+002  2.427355e+001  2.250000e+001
      vertex -8.850000e+002  2.500000e+001  2.250000e+001
    endloop
  endfacet
  facet normal  1.205362e-001 -9.927089e-001  0.000000e+000
    outer loop
      vertex -8.909829e+002  2.427355e+001  3.250000e+001
      vertex -8.850000e+002  2.500000e+001  2.250000e+001
      vertex -8.850000e+002  2.500000e+001  3.250000e+001
    endloop
  endfacet
  facet normal  0.000000e+000  1.000000e+000  -0.000000e+000
    outer loop
      vertex -7.350000e+002 -2.500000e+001  3.250000e+001
      vertex -7.350000e+002 -2.500000e+001  2.250000e+001
      vertex -8.850000e+002 -2.500000e+001  3.250000e+001
    endloop
  endfacet
  facet normal  0.000000e+000  1.000000e+000  0.000000e+000
    outer loop
      vertex -8.850000e+002 -2.500000e+001  3.250000e+001
      vertex -7.350000e+002 -2.500000e+001  2.250000e+001
      vertex -8.850000e+002 -2.500000e+001  2.250000e+001
    endloop
  endfacet
  facet normal -9.709416e-001 -2.393166e-001  -0.000000e+000
    outer loop
      vertex -7.101823e+002  3.013417e+000  2.250000e+001
      vertex -7.116246e+002  8.865122e+000  3.250000e+001
      vertex -7.116246e+002  8.865122e+000  2.250000e+001
    endloop
  endfacet
  facet normal -8.854538e-001 -4.647275e-001  0.000000e+000
    outer loop
      vertex -7.116246e+002  8.865122e+000  2.250000e+001
      vertex -7.116246e+002  8.865122e+000  3.250000e+001
      vertex -7.144254e+002  1.420162e+001  3.250000e+001
    endloop
  endfacet
  facet normal -8.854538e-001 -4.647275e-001  -0.000000e+000
    outer loop
      vertex -7.116246e+002  8.865122e+000  2.250000e+001
      vertex -7.144254e+002  1.420162e+001  3.250000e+001
      vertex -7.144254e+002  1.420162e+001  2.250000e+001
    endloop
  endfacet
  facet normal -7.485115e-001 -6.631218e-001  0.000000e+000
    outer loop
      vertex -7.144254e+002  1.420162e+001  2.250000e+001
      vertex -7.144254e+002  1.420162e+001  3.250000e+001
      vertex -7.184219e+002  1.871277e+001  3.250000e+001
    endloop
  endfacet
  facet normal -7.485115e-001 -6.631218e-001  -0.000000e+000
    outer loop
      vertex -7.144254e+002  1.420162e+001  2.250000e+001
      vertex -7.184219e+002  1.871277e+001  3.250000e+001
      vertex -7.184219e+002  1.871277e+001  2.250000e+001
    endloop
  endfacet
  facet normal -5.680668e-001 -8.229825e-001  0.000000e+000
    outer loop
      vertex -7.184219e+002  1.871277e+001  2.250000e+001
      vertex -7.184219e+002  1.871277e+001  3.250000e+001
      vertex -7.233819e+002  2.213640e+001  3.250000e+001
    endloop
  endfacet
  facet normal -5.680668e-001 -8.229825e-001  -0.000000e+000
    outer loop
      vertex -7.184219e+002  1.871277e+001  2.250000e+001
      vertex -7.233819e+002  2.213640e+001  3.250000e+001
      vertex -7.233819e+002  2.213640e+001  2.250000e+001
    endloop
  endfacet
  facet normal -3.546048e-001 -9.350163e-001  0.000000e+000
    outer loop
      vertex -7.233819e+002  2.213640e+001  2.250000e+001
      vertex -7.233819e+002  2.213640e+001  3.250000e+001
      vertex -7.290171e+002  2.427355e+001  3.250000e+001
    endloop
  endfacet
  facet normal -3.546048e-001 -9.350163e-001  -0.000000e+000
    outer loop
      vertex -7.233819e+002  2.213640e+001  2.250000e+001
      vertex -7.290171e+002  2.427355e+001  3.250000e+001
      vertex -7.290171e+002  2.427355e+001  2.250000e+001
    endloop
  endfacet
  facet normal -1.205362e-001 -9.927089e-001  0.000000e+000
    outer loop
      vertex -7.290171e+002  2.427355e+001  2.250000e+001
      vertex -7.290171e+002  2.427355e+001  3.250000e+001
      vertex -7.350000e+002  2.500000e+001  3.250000e+001
    endloop
  endfacet
  facet normal -1.205362e-001 -9.927089e-001  -0.000000e+000
    outer loop
      vertex -7.290171e+002  2.427355e+001  2.250000e+001
      vertex -7.350000e+002  2.500000e+001  3.250000e+001
      vertex -7.350000e+002  2.500000e+001  2.250000e+001
    endloop
  endfacet
  facet normal -9.709416e-001 -2.393166e-001  0.000000e+000
    outer loop
      vertex -7.116246e+002  8.865122e+000  3.250000e+001
      vertex -7.101823e+002  3.013417e+000  2.250000e+001
      vertex -7.101823e+002  3.013417e+000  3.250000e+001
    endloop
  endfacet
  facet normal -1.000000e+000  0.000000e+000  -0.000000e+000
    outer loop
      vertex -7.101823e+002  3.013417e+000  3.250000e+001
      vertex -7.101823e+002  3.013417e+000  2.250000e+001
      vertex -7.101823e+002 -3.013417e+000  2.250000e+001
    endloop
  endfacet
  facet normal -1.000000e+000  0.000000e+000  0.000000e+000
    outer loop
      vertex -7.101823e+002  3.013417e+000  3.250000e+001
      vertex -7.101823e+002 -3.013417e+000  2.250000e+001
      vertex -7.101823e+002 -3.013417e+000  3.250000e+001
    endloop
  endfacet
  facet normal -9.709416e-001  2.393166e-001  0.000000e+000
    outer loop
      vertex -7.101823e+002 -3.013417e+000  3.250000e+001
      vertex -7.101823e+002 -3.013417e+000  2.250000e+001
      vertex -7.116246e+002 -8.865122e+000  2.250000e+001
    endloop
  endfacet
  facet normal -9.709416e-001  2.393166e-001  0.000000e+000
    outer loop
      vertex -7.101823e+002 -3.013417e+000  3.250000e+001
      vertex -7.116246e+002 -8.865122e+000  2.250000e+001
      vertex -7.116246e+002 -8.865122e+000  3.250000e+001
    endloop
  endfacet
  facet normal -8.854538e-001  4.647275e-001  0.000000e+000
    outer loop
      vertex -7.116246e+002 -8.865122e+000  3.250000e+001
      vertex -7.116246e+002 -8.865122e+000  2.250000e+001
      vertex -7.144254e+002 -1.420162e+001  2.250000e+001
    endloop
  endfacet
  facet normal -8.854538e-001  4.647275e-001  0.000000e+000
    outer loop
      vertex -7.116246e+002 -8.865122e+000  3.250000e+001
      vertex -7.144254e+002 -1.420162e+001  2.250000e+001
      vertex -7.144254e+002 -1.420162e+001  3.250000e+001
    endloop
  endfacet
  facet normal -7.485115e-001  6.631218e-001  0.000000e+000
    outer loop
      vertex -7.144254e+002 -1.420162e+001  3.250000e+001
      vertex -7.144254e+002 -1.420162e+001  2.250000e+001
      vertex -7.184219e+002 -1.871277e+001  2.250000e+001
    endloop
  endfacet
  facet normal -7.485115e-001  6.631218e-001  0.000000e+000
    outer loop
      vertex -7.144254e+002 -1.420162e+001  3.250000e+001
      vertex -7.184219e+002 -1.871277e+001  2.250000e+001
      vertex -7.184219e+002 -1.871277e+001  3.250000e+001
    endloop
  endfacet
  facet normal -5.680668e-001  8.229825e-001  0.000000e+000
    outer loop
      vertex -7.184219e+002 -1.871277e+001  3.250000e+001
      vertex -7.184219e+002 -1.871277e+001  2.250000e+001
      vertex -7.233819e+002 -2.213640e+001  2.250000e+001
    endloop
  endfacet
  facet normal -5.680668e-001  8.229825e-001  0.000000e+000
    outer loop
      vertex -7.184219e+002 -1.871277e+001  3.250000e+001
      vertex -7.233819e+002 -2.213640e+001  2.250000e+001
      vertex -7.233819e+002 -2.213640e+001  3.250000e+001
    endloop
  endfacet
  facet normal -3.546048e-001  9.350163e-001  0.000000e+000
    outer loop
      vertex -7.233819e+002 -2.213640e+001  3.250000e+001
      vertex -7.233819e+002 -2.213640e+001  2.250000e+001
      vertex -7.290171e+002 -2.427355e+001  2.250000e+001
    endloop
  endfacet
  facet normal -3.546048e-001  9.350163e-001  0.000000e+000
    outer loop
      vertex -7.233819e+002 -2.213640e+001  3.250000e+001
      vertex -7.290171e+002 -2.427355e+001  2.250000e+001
      vertex -7.290171e+002 -2.427355e+001  3.250000e+001
    endloop
  endfacet
  facet normal -1.205362e-001  9.927089e-001  0.000000e+000
    outer loop
      vertex -7.290171e+002 -2.427355e+001  3.250000e+001
      vertex -7.290171e+002 -2.427355e+001  2.250000e+001
      vertex -7.350000e+002 -2.500000e+001  2.250000e+001
    endloop
  endfacet
  facet normal -1.205362e-001  9.927089e-001  0.000000e+000
    outer loop
      vertex -7.290171e+002 -2.427355e+001  3.250000e+001
      vertex -7.350000e+002 -2.500000e+001  2.250000e+001
      vertex -7.350000e+002 -2.500000e+001  3.250000e+001
    endloop
  endfacet
  facet normal  0.000000e+000 -1.000000e+000  0.000000e+000
    outer loop
      vertex -8.850000e+002  2.500000e+001  3.250000e+001
      vertex -8.850000e+002  2.500000e+001  2.250000e+001
      vertex -7.350000e+002  2.500000e+001  3.250000e+001
    endloop
  endfacet
  facet normal  0.000000e+000 -1.000000e+000  -0.000000e+000
    outer loop
      vertex -7.350000e+002  2.500000e+001  3.250000e+001
      vertex -8.850000e+002  2.500000e+001  2.250000e+001
      vertex -7.350000e+002  2.500000e+001  2.250000e+001
    endloop
  endfacet
  facet normal  0.000000e+000  9.999999e-001  0.000000e+000
    outer loop
      vertex -1.000000e+003  4.000000e+001  3.250000e+001
      vertex -6.200000e+002  4.000000e+001  3.250000e+001
      vertex -1.000000e+003  4.000000e+001  2.250000e+001
    endloop
  endfacet
  facet normal  0.000000e+000  9.999999e-001  0.000000e+000
    outer loop
      vertex -1.000000e+003  4.000000e+001  2.250000e+001
      vertex -6.200000e+002  4.000000e+001  3.250000e+001
      vertex -6.200000e+002  4.000000e+001  2.250000e+001
    endloop
  endfacet
  facet normal  9.801747e-002  9.951847e-001  0.000000e+000
    outer loop
      vertex -6.200000e+002  4.000000e+001  2.250000e+001
      vertex -6.200000e+002  4.000000e+001  3.250000e+001
      vertex -6.121964e+002  3.923141e+001  2.250000e+001
    endloop
  endfacet
  facet normal  9.801747e-002  9.951847e-001  -0.000000e+000
    outer loop
      vertex -6.121964e+002  3.923141e+001  2.250000e+001
      vertex -6.200000e+002  4.000000e+001  3.250000e+001
      vertex -6.121964e+002  3.923141e+001  3.250000e+001
    endloop
  endfacet
  facet normal  2.902847e-001  9.569403e-001  0.000000e+000
    outer loop
      vertex -6.121964e+002  3.923141e+001  2.250000e+001
      vertex -6.121964e+002  3.923141e+001  3.250000e+001
      vertex -6.046927e+002  3.695518e+001  2.250000e+001
    endloop
  endfacet
  facet normal  2.902847e-001  9.569403e-001  -0.000000e+000
    outer loop
      vertex -6.046927e+002  3.695518e+001  2.250000e+001
      vertex -6.121964e+002  3.923141e+001  3.250000e+001
      vertex -6.046927e+002  3.695518e+001  3.250000e+001
    endloop
  endfacet
  facet normal  4.713937e-001  8.819230e-001  0.000000e+000
    outer loop
      vertex -6.046927e+002  3.695518e+001  2.250000e+001
      vertex -6.046927e+002  3.695518e+001  3.250000e+001
      vertex -5.977772e+002  3.325879e+001  2.250000e+001
    endloop
  endfacet
  facet normal  4.713937e-001  8.819230e-001  -0.000000e+000
    outer loop
      vertex -5.977772e+002  3.325879e+001  2.250000e+001
      vertex -6.046927e+002  3.695518e+001  3.250000e+001
      vertex -5.977772e+002  3.325879e+001  3.250000e+001
    endloop
  endfacet
  facet normal  6.343933e-001  7.730104e-001  0.000000e+000
    outer loop
      vertex -5.977772e+002  3.325879e+001  2.250000e+001
      vertex -5.977772e+002  3.325879e+001  3.250000e+001
      vertex -5.917157e+002  2.828427e+001  2.250000e+001
    endloop
  endfacet
  facet normal  6.343933e-001  7.730104e-001  -0.000000e+000
    outer loop
      vertex -5.917157e+002  2.828427e+001  2.250000e+001
      vertex -5.977772e+002  3.325879e+001  3.250000e+001
      vertex -5.917157e+002  2.828427e+001  3.250000e+001
    endloop
  endfacet
  facet normal  7.730121e-001  6.343913e-001  0.000000e+000
    outer loop
      vertex -5.917157e+002  2.828427e+001  2.250000e+001
      vertex -5.917157e+002  2.828427e+001  3.250000e+001
      vertex -5.867412e+002  2.222281e+001  2.250000e+001
    endloop
  endfacet
  facet normal  7.730121e-001  6.343913e-001  -0.000000e+000
    outer loop
      vertex -5.867412e+002  2.222281e+001  2.250000e+001
      vertex -5.917157e+002  2.828427e+001  3.250000e+001
      vertex -5.867412e+002  2.222281e+001  3.250000e+001
    endloop
  endfacet
  facet normal  8.819205e-001  4.713982e-001  0.000000e+000
    outer loop
      vertex -5.867412e+002  2.222281e+001  2.250000e+001
      vertex -5.867412e+002  2.222281e+001  3.250000e+001
      vertex -5.830448e+002  1.530734e+001  2.250000e+001
    endloop
  endfacet
  facet normal  8.819205e-001  4.713982e-001  -0.000000e+000
    outer loop
      vertex -5.830448e+002  1.530734e+001  2.250000e+001
      vertex -5.867412e+002  2.222281e+001  3.250000e+001
      vertex -5.830448e+002  1.530734e+001  3.250000e+001
    endloop
  endfacet
  facet normal  9.569420e-001  2.902793e-001  0.000000e+000
    outer loop
      vertex -5.830448e+002  1.530734e+001  2.250000e+001
      vertex -5.830448e+002  1.530734e+001  3.250000e+001
      vertex -5.807686e+002  7.803613e+000  2.250000e+001
    endloop
  endfacet
  facet normal  9.569420e-001  2.902793e-001  -0.000000e+000
    outer loop
      vertex -5.807686e+002  7.803613e+000  2.250000e+001
      vertex -5.830448e+002  1.530734e+001  3.250000e+001
      vertex -5.807686e+002  7.803613e+000  3.250000e+001
    endloop
  endfacet
  facet normal  9.951844e-001  9.802055e-002  0.000000e+000
    outer loop
      vertex -5.807686e+002  7.803613e+000  2.250000e+001
      vertex -5.807686e+002  7.803613e+000  3.250000e+001
      vertex -5.800000e+002 -9.796851e-015  2.250000e+001
    endloop
  endfacet
  facet normal  9.951844e-001  9.802055e-002  -0.000000e+000
    outer loop
      vertex -5.800000e+002 -9.796851e-015  2.250000e+001
      vertex -5.807686e+002  7.803613e+000  3.250000e+001
      vertex -5.800000e+002 -9.796851e-015  3.250000e+001
    endloop
  endfacet
  facet normal  9.951844e-001 -9.802055e-002  0.000000e+000
    outer loop
      vertex -5.800000e+002 -9.796851e-015  2.250000e+001
      vertex -5.800000e+002 -9.796851e-015  3.250000e+001
      vertex -5.807686e+002 -7.803613e+000  2.250000e+001
    endloop
  endfacet
  facet normal  9.951844e-001 -9.802055e-002  0.000000e+000
    outer loop
      vertex -5.807686e+002 -7.803613e+000  2.250000e+001
      vertex -5.800000e+002 -9.796851e-015  3.250000e+001
      vertex -5.807686e+002 -7.803613e+000  3.250000e+001
    endloop
  endfacet
  facet normal  9.569420e-001 -2.902793e-001  0.000000e+000
    outer loop
      vertex -5.807686e+002 -7.803613e+000  2.250000e+001
      vertex -5.807686e+002 -7.803613e+000  3.250000e+001
      vertex -5.830448e+002 -1.530734e+001  2.250000e+001
    endloop
  endfacet
  facet normal  9.569420e-001 -2.902793e-001  0.000000e+000
    outer loop
      vertex -5.830448e+002 -1.530734e+001  2.250000e+001
      vertex -5.807686e+002 -7.803613e+000  3.250000e+001
      vertex -5.830448e+002 -1.530734e+001  3.250000e+001
    endloop
  endfacet
  facet normal  8.819205e-001 -4.713982e-001  0.000000e+000
    outer loop
      vertex -5.830448e+002 -1.530734e+001  2.250000e+001
      vertex -5.830448e+002 -1.530734e+001  3.250000e+001
      vertex -5.867412e+002 -2.222281e+001  2.250000e+001
    endloop
  endfacet
  facet normal  8.819205e-001 -4.713982e-001  0.000000e+000
    outer loop
      vertex -5.867412e+002 -2.222281e+001  2.250000e+001
      vertex -5.830448e+002 -1.530734e+001  3.250000e+001
      vertex -5.867412e+002 -2.222281e+001  3.250000e+001
    endloop
  endfacet
  facet normal  7.730121e-001 -6.343913e-001  0.000000e+000
    outer loop
      vertex -5.867412e+002 -2.222281e+001  2.250000e+001
      vertex -5.867412e+002 -2.222281e+001  3.250000e+001
      vertex -5.917157e+002 -2.828427e+001  2.250000e+001
    endloop
  endfacet
  facet normal  7.730121e-001 -6.343913e-001  0.000000e+000
    outer loop
      vertex -5.917157e+002 -2.828427e+001  2.250000e+001
      vertex -5.867412e+002 -2.222281e+001  3.250000e+001
      vertex -5.917157e+002 -2.828427e+001  3.250000e+001
    endloop
  endfacet
  facet normal  6.343933e-001 -7.730104e-001  0.000000e+000
    outer loop
      vertex -5.917157e+002 -2.828427e+001  2.250000e+001
      vertex -5.917157e+002 -2.828427e+001  3.250000e+001
      vertex -5.977772e+002 -3.325879e+001  2.250000e+001
    endloop
  endfacet
  facet normal  6.343933e-001 -7.730104e-001  0.000000e+000
    outer loop
      vertex -5.977772e+002 -3.325879e+001  2.250000e+001
      vertex -5.917157e+002 -2.828427e+001  3.250000e+001
      vertex -5.977772e+002 -3.325879e+001  3.250000e+001
    endloop
  endfacet
  facet normal  4.713937e-001 -8.819230e-001  0.000000e+000
    outer loop
      vertex -5.977772e+002 -3.325879e+001  2.250000e+001
      vertex -5.977772e+002 -3.325879e+001  3.250000e+001
      vertex -6.046927e+002 -3.695518e+001  2.250000e+001
    endloop
  endfacet
  facet normal  4.713937e-001 -8.819230e-001  0.000000e+000
    outer loop
      vertex -6.046927e+002 -3.695518e+001  2.250000e+001
      vertex -5.977772e+002 -3.325879e+001  3.250000e+001
      vertex -6.046927e+002 -3.695518e+001  3.250000e+001
    endloop
  endfacet
  facet normal  2.902847e-001 -9.569403e-001  0.000000e+000
    outer loop
      vertex -6.046927e+002 -3.695518e+001  2.250000e+001
      vertex -6.046927e+002 -3.695518e+001  3.250000e+001
      vertex -6.121964e+002 -3.923141e+001  2.250000e+001
    endloop
  endfacet
  facet normal  2.902847e-001 -9.569403e-001  0.000000e+000
    outer loop
      vertex -6.121964e+002 -3.923141e+001  2.250000e+001
      vertex -6.046927e+002 -3.695518e+001  3.250000e+001
      vertex -6.121964e+002 -3.923141e+001  3.250000e+001
    endloop
  endfacet
  facet normal  9.801747e-002 -9.951847e-001  0.000000e+000
    outer loop
      vertex -6.121964e+002 -3.923141e+001  2.250000e+001
      vertex -6.121964e+002 -3.923141e+001  3.250000e+001
      vertex -6.200000e+002 -4.000000e+001  2.250000e+001
    endloop
  endfacet
  facet normal  9.801747e-002 -9.951847e-001  0.000000e+000
    outer loop
      vertex -6.200000e+002 -4.000000e+001  2.250000e+001
      vertex -6.121964e+002 -3.923141e+001  3.250000e+001
      vertex -6.200000e+002 -4.000000e+001  3.250000e+001
    endloop
  endfacet
  facet normal  0.000000e+000 -9.999999e-001  0.000000e+000
    outer loop
      vertex -6.200000e+002 -4.000000e+001  3.250000e+001
      vertex -1.000000e+003 -4.000000e+001  3.250000e+001
      vertex -6.200000e+002 -4.000000e+001  2.250000e+001
    endloop
  endfacet
  facet normal  0.000000e+000 -9.999999e-001  0.000000e+000
    outer loop
      vertex -6.200000e+002 -4.000000e+001  2.250000e+001
      vertex -1.000000e+003 -4.000000e+001  3.250000e+001
      vertex -1.000000e+003 -4.000000e+001  2.250000e+001
    endloop
  endfacet
  facet normal -9.801747e-002 -9.951847e-001  -0.000000e+000
    outer loop
      vertex -1.000000e+003 -4.000000e+001  2.250000e+001
      vertex -1.000000e+003 -4.000000e+001  3.250000e+001
      vertex -1.007804e+003 -3.923141e+001  2.250000e+001
    endloop
  endfacet
  facet normal -9.801747e-002 -9.951847e-001  0.000000e+000
    outer loop
      vertex -1.007804e+003 -3.923141e+001  2.250000e+001
      vertex -1.000000e+003 -4.000000e+001  3.250000e+001
      vertex -1.007804e+003 -3.923141e+001  3.250000e+001
    endloop
  endfacet
  facet normal -2.902847e-001 -9.569403e-001  -0.000000e+000
    outer loop
      vertex -1.007804e+003 -3.923141e+001  2.250000e+001
      vertex -1.007804e+003 -3.923141e+001  3.250000e+001
      vertex -1.015307e+003 -3.695518e+001  2.250000e+001
    endloop
  endfacet
  facet normal -2.902847e-001 -9.569403e-001  0.000000e+000
    outer loop
      vertex -1.015307e+003 -3.695518e+001  2.250000e+001
      vertex -1.007804e+003 -3.923141e+001  3.250000e+001
      vertex -1.015307e+003 -3.695518e+001  3.250000e+001
    endloop
  endfacet
  facet normal -4.713937e-001 -8.819230e-001  -0.000000e+000
    outer loop
      vertex -1.015307e+003 -3.695518e+001  2.250000e+001
      vertex -1.015307e+003 -3.695518e+001  3.250000e+001
      vertex -1.022223e+003 -3.325879e+001  2.250000e+001
    endloop
  endfacet
  facet normal -4.713937e-001 -8.819230e-001  0.000000e+000
    outer loop
      vertex -1.022223e+003 -3.325879e+001  2.250000e+001
      vertex -1.015307e+003 -3.695518e+001  3.250000e+001
      vertex -1.022223e+003 -3.325879e+001  3.250000e+001
    endloop
  endfacet
  facet normal -6.343933e-001 -7.730104e-001  -0.000000e+000
    outer loop
      vertex -1.022223e+003 -3.325879e+001  2.250000e+001
      vertex -1.022223e+003 -3.325879e+001  3.250000e+001
      vertex -1.028284e+003 -2.828427e+001  2.250000e+001
    endloop
  endfacet
  facet normal -6.343933e-001 -7.730104e-001  0.000000e+000
    outer loop
      vertex -1.028284e+003 -2.828427e+001  2.250000e+001
      vertex -1.022223e+003 -3.325879e+001  3.250000e+001
      vertex -1.028284e+003 -2.828427e+001  3.250000e+001
    endloop
  endfacet
  facet normal -7.730121e-001 -6.343913e-001  -0.000000e+000
    outer loop
      vertex -1.028284e+003 -2.828427e+001  2.250000e+001
      vertex -1.028284e+003 -2.828427e+001  3.250000e+001
      vertex -1.033259e+003 -2.222281e+001  2.250000e+001
    endloop
  endfacet
  facet normal -7.730121e-001 -6.343913e-001  0.000000e+000
    outer loop
      vertex -1.033259e+003 -2.222281e+001  2.250000e+001
      vertex -1.028284e+003 -2.828427e+001  3.250000e+001
      vertex -1.033259e+003 -2.222281e+001  3.250000e+001
    endloop
  endfacet
  facet normal -8.819205e-001 -4.713982e-001  -0.000000e+000
    outer loop
      vertex -1.033259e+003 -2.222281e+001  2.250000e+001
      vertex -1.033259e+003 -2.222281e+001  3.250000e+001
      vertex -1.036955e+003 -1.530734e+001  2.250000e+001
    endloop
  endfacet
  facet normal -8.819205e-001 -4.713982e-001  0.000000e+000
    outer loop
      vertex -1.036955e+003 -1.530734e+001  2.250000e+001
      vertex -1.033259e+003 -2.222281e+001  3.250000e+001
      vertex -1.036955e+003 -1.530734e+001  3.250000e+001
    endloop
  endfacet
  facet normal -9.569398e-001 -2.902865e-001  -0.000000e+000
    outer loop
      vertex -1.036955e+003 -1.530734e+001  2.250000e+001
      vertex -1.036955e+003 -1.530734e+001  3.250000e+001
      vertex -1.039231e+003 -7.803613e+000  2.250000e+001
    endloop
  endfacet
  facet normal -9.569398e-001 -2.902865e-001  0.000000e+000
    outer loop
      vertex -1.039231e+003 -7.803613e+000  2.250000e+001
      vertex -1.036955e+003 -1.530734e+001  3.250000e+001
      vertex -1.039231e+003 -7.803613e+000  3.250000e+001
    endloop
  endfacet
  facet normal -9.951851e-001 -9.801283e-002  -0.000000e+000
    outer loop
      vertex -1.039231e+003 -7.803613e+000  2.250000e+001
      vertex -1.039231e+003 -7.803613e+000  3.250000e+001
      vertex -1.040000e+003  4.898425e-015  2.250000e+001
    endloop
  endfacet
  facet normal -9.951851e-001 -9.801283e-002  0.000000e+000
    outer loop
      vertex -1.040000e+003  4.898425e-015  2.250000e+001
      vertex -1.039231e+003 -7.803613e+000  3.250000e+001
      vertex -1.040000e+003  4.898425e-015  3.250000e+001
    endloop
  endfacet
  facet normal -9.951851e-001  9.801283e-002  0.000000e+000
    outer loop
      vertex -1.040000e+003  4.898425e-015  2.250000e+001
      vertex -1.040000e+003  4.898425e-015  3.250000e+001
      vertex -1.039231e+003  7.803613e+000  2.250000e+001
    endloop
  endfacet
  facet normal -9.951851e-001  9.801283e-002  0.000000e+000
    outer loop
      vertex -1.039231e+003  7.803613e+000  2.250000e+001
      vertex -1.040000e+003  4.898425e-015  3.250000e+001
      vertex -1.039231e+003  7.803613e+000  3.250000e+001
    endloop
  endfacet
  facet normal -9.569398e-001  2.902865e-001  0.000000e+000
    outer loop
      vertex -1.039231e+003  7.803613e+000  2.250000e+001
      vertex -1.039231e+003  7.803613e+000  3.250000e+001
      vertex -1.036955e+003  1.530734e+001  2.250000e+001
    endloop
  endfacet
  facet normal -9.569398e-001  2.902865e-001  0.000000e+000
    outer loop
      vertex -1.036955e+003  1.530734e+001  2.250000e+001
      vertex -1.039231e+003  7.803613e+000  3.250000e+001
      vertex -1.036955e+003  1.530734e+001  3.250000e+001
    endloop
  endfacet
  facet normal -8.819205e-001  4.713982e-001  0.000000e+000
    outer loop
      vertex -1.036955e+003  1.530734e+001  2.250000e+001
      vertex -1.036955e+003  1.530734e+001  3.250000e+001
      vertex -1.033259e+003  2.222281e+001  2.250000e+001
    endloop
  endfacet
  facet normal -8.819205e-001  4.713982e-001  0.000000e+000
    outer loop
      vertex -1.033259e+003  2.222281e+001  2.250000e+001
      vertex -1.036955e+003  1.530734e+001  3.250000e+001
      vertex -1.033259e+003  2.222281e+001  3.250000e+001
    endloop
  endfacet
  facet normal -7.730121e-001  6.343913e-001  0.000000e+000
    outer loop
      vertex -1.033259e+003  2.222281e+001  2.250000e+001
      vertex -1.033259e+003  2.222281e+001  3.250000e+001
      vertex -1.028284e+003  2.828427e+001  2.250000e+001
    endloop
  endfacet
  facet normal -7.730121e-001  6.343913e-001  0.000000e+000
    outer loop
      vertex -1.028284e+003  2.828427e+001  2.250000e+001
      vertex -1.033259e+003  2.222281e+001  3.250000e+001
      vertex -1.028284e+003  2.828427e+001  3.250000e+001
    endloop
  endfacet
  facet normal -6.343933e-001  7.730104e-001  0.000000e+000
    outer loop
      vertex -1.028284e+003  2.828427e+001  2.250000e+001
      vertex -1.028284e+003  2.828427e+001  3.250000e+001
      vertex -1.022223e+003  3.325879e+001  2.250000e+001
    endloop
  endfacet
  facet normal -6.343933e-001  7.730104e-001  0.000000e+000
    outer loop
      vertex -1.022223e+003  3.325879e+001  2.250000e+001
      vertex -1.028284e+003  2.828427e+001  3.250000e+001
      vertex -1.022223e+003  3.325879e+001  3.250000e+001
    endloop
  endfacet
  facet normal -4.713937e-001  8.819230e-001  0.000000e+000
    outer loop
      vertex -1.022223e+003  3.325879e+001  2.250000e+001
      vertex -1.022223e+003  3.325879e+001  3.250000e+001
      vertex -1.015307e+003  3.695518e+001  2.250000e+001
    endloop
  endfacet
  facet normal -4.713937e-001  8.819230e-001  0.000000e+000
    outer loop
      vertex -1.015307e+003  3.695518e+001  2.250000e+001
      vertex -1.022223e+003  3.325879e+001  3.250000e+001
      vertex -1.015307e+003  3.695518e+001  3.250000e+001
    endloop
  endfacet
  facet normal -2.902847e-001  9.569403e-001  0.000000e+000
    outer loop
      vertex -1.015307e+003  3.695518e+001  2.250000e+001
      vertex -1.015307e+003  3.695518e+001  3.250000e+001
      vertex -1.007804e+003  3.923141e+001  2.250000e+001
    endloop
  endfacet
  facet normal -2.902847e-001  9.569403e-001  0.000000e+000
    outer loop
      vertex -1.007804e+003  3.923141e+001  2.250000e+001
      vertex -1.015307e+003  3.695518e+001  3.250000e+001
      vertex -1.007804e+003  3.923141e+001  3.250000e+001
    endloop
  endfacet
  facet normal -9.801747e-002  9.951847e-001  0.000000e+000
    outer loop
      vertex -1.007804e+003  3.923141e+001  2.250000e+001
      vertex -1.007804e+003  3.923141e+001  3.250000e+001
      vertex -1.000000e+003  4.000000e+001  2.250000e+001
    endloop
  endfacet
  facet normal -9.801747e-002  9.951847e-001  0.000000e+000
    outer loop
      vertex -1.000000e+003  4.000000e+001  2.250000e+001
      vertex -1.007804e+003  3.923141e+001  3.250000e+001
      vertex -1.000000e+003  4.000000e+001  3.250000e+001
    endloop
  endfacet
  facet normal  9.709416e-001  2.393166e-001  0.000000e+000
    outer loop
      vertex -9.098177e+002 -3.013417e+000  9.250000e+001
      vertex -9.083754e+002 -8.865122e+000  1.025000e+002
      vertex -9.083754e+002 -8.865122e+000  9.250000e+001
    endloop
  endfacet
  facet normal  8.854538e-001  4.647275e-001  -0.000000e+000
    outer loop
      vertex -9.083754e+002 -8.865122e+000  9.250000e+001
      vertex -9.083754e+002 -8.865122e+000  1.025000e+002
      vertex -9.055746e+002 -1.420162e+001  1.025000e+002
    endloop
  endfacet
  facet normal  8.854538e-001  4.647275e-001  0.000000e+000
    outer loop
      vertex -9.083754e+002 -8.865122e+000  9.250000e+001
      vertex -9.055746e+002 -1.420162e+001  1.025000e+002
      vertex -9.055746e+002 -1.420162e+001  9.250000e+001
    endloop
  endfacet
  facet normal  7.485115e-001  6.631218e-001  -0.000000e+000
    outer loop
      vertex -9.055746e+002 -1.420162e+001  9.250000e+001
      vertex -9.055746e+002 -1.420162e+001  1.025000e+002
      vertex -9.015781e+002 -1.871277e+001  1.025000e+002
    endloop
  endfacet
  facet normal  7.485115e-001  6.631218e-001  0.000000e+000
    outer loop
      vertex -9.055746e+002 -1.420162e+001  9.250000e+001
      vertex -9.015781e+002 -1.871277e+001  1.025000e+002
      vertex -9.015781e+002 -1.871277e+001  9.250000e+001
    endloop
  endfacet
  facet normal  5.680668e-001  8.229825e-001  -0.000000e+000
    outer loop
      vertex -9.015781e+002 -1.871277e+001  9.250000e+001
      vertex -9.015781e+002 -1.871277e+001  1.025000e+002
      vertex -8.966181e+002 -2.213640e+001  1.025000e+002
    endloop
  endfacet
  facet normal  5.680668e-001  8.229825e-001  0.000000e+000
    outer loop
      vertex -9.015781e+002 -1.871277e+001  9.250000e+001
      vertex -8.966181e+002 -2.213640e+001  1.025000e+002
      vertex -8.966181e+002 -2.213640e+001  9.250000e+001
    endloop
  endfacet
  facet normal  3.546048e-001  9.350163e-001  -0.000000e+000
    outer loop
      vertex -8.966181e+002 -2.213640e+001  9.250000e+001
      vertex -8.966181e+002 -2.213640e+001  1.025000e+002
      vertex -8.909829e+002 -2.427355e+001  1.025000e+002
    endloop
  endfacet
  facet normal  3.546048e-001  9.350163e-001  0.000000e+000
    outer loop
      vertex -8.966181e+002 -2.213640e+001  9.250000e+001
      vertex -8.909829e+002 -2.427355e+001  1.025000e+002
      vertex -8.909829e+002 -2.427355e+001  9.250000e+001
    endloop
  endfacet
  facet normal  1.205362e-001  9.927089e-001  -0.000000e+000
    outer loop
      vertex -8.909829e+002 -2.427355e+001  9.250000e+001
      vertex -8.909829e+002 -2.427355e+001  1.025000e+002
      vertex -8.850000e+002 -2.500000e+001  1.025000e+002
    endloop
  endfacet
  facet normal  1.205362e-001  9.927089e-001  0.000000e+000
    outer loop
      vertex -8.909829e+002 -2.427355e+001  9.250000e+001
      vertex -8.850000e+002 -2.500000e+001  1.025000e+002
      vertex -8.850000e+002 -2.500000e+001  9.250000e+001
    endloop
  endfacet
  facet normal  9.709416e-001  2.393166e-001  -0.000000e+000
    outer loop
      vertex -9.083754e+002 -8.865122e+000  1.025000e+002
      vertex -9.098177e+002 -3.013417e+000  9.250000e+001
      vertex -9.098177e+002 -3.013417e+000  1.025000e+002
    endloop
  endfacet
  facet normal  1.000000e+000  0.000000e+000  0.000000e+000
    outer loop
      vertex -9.098177e+002 -3.013417e+000  1.025000e+002
      vertex -9.098177e+002 -3.013417e+000  9.250000e+001
      vertex -9.098177e+002  3.013417e+000  9.250000e+001
    endloop
  endfacet
  facet normal  1.000000e+000  0.000000e+000  -0.000000e+000
    outer loop
      vertex -9.098177e+002 -3.013417e+000  1.025000e+002
      vertex -9.098177e+002  3.013417e+000  9.250000e+001
      vertex -9.098177e+002  3.013417e+000  1.025000e+002
    endloop
  endfacet
  facet normal  9.709416e-001 -2.393166e-001  0.000000e+000
    outer loop
      vertex -9.098177e+002  3.013417e+000  1.025000e+002
      vertex -9.098177e+002  3.013417e+000  9.250000e+001
      vertex -9.083754e+002  8.865122e+000  9.250000e+001
    endloop
  endfacet
  facet normal  9.709416e-001 -2.393166e-001  0.000000e+000
    outer loop
      vertex -9.098177e+002  3.013417e+000  1.025000e+002
      vertex -9.083754e+002  8.865122e+000  9.250000e+001
      vertex -9.083754e+002  8.865122e+000  1.025000e+002
    endloop
  endfacet
  facet normal  8.854538e-001 -4.647275e-001  0.000000e+000
    outer loop
      vertex -9.083754e+002  8.865122e+000  1.025000e+002
      vertex -9.083754e+002  8.865122e+000  9.250000e+001
      vertex -9.055746e+002  1.420162e+001  9.250000e+001
    endloop
  endfacet
  facet normal  8.854538e-001 -4.647275e-001  0.000000e+000
    outer loop
      vertex -9.083754e+002  8.865122e+000  1.025000e+002
      vertex -9.055746e+002  1.420162e+001  9.250000e+001
      vertex -9.055746e+002  1.420162e+001  1.025000e+002
    endloop
  endfacet
  facet normal  7.485115e-001 -6.631218e-001  0.000000e+000
    outer loop
      vertex -9.055746e+002  1.420162e+001  1.025000e+002
      vertex -9.055746e+002  1.420162e+001  9.250000e+001
      vertex -9.015781e+002  1.871277e+001  9.250000e+001
    endloop
  endfacet
  facet normal  7.485115e-001 -6.631218e-001  0.000000e+000
    outer loop
      vertex -9.055746e+002  1.420162e+001  1.025000e+002
      vertex -9.015781e+002  1.871277e+001  9.250000e+001
      vertex -9.015781e+002  1.871277e+001  1.025000e+002
    endloop
  endfacet
  facet normal  5.680668e-001 -8.229825e-001  0.000000e+000
    outer loop
      vertex -9.015781e+002  1.871277e+001  1.025000e+002
      vertex -9.015781e+002  1.871277e+001  9.250000e+001
      vertex -8.966181e+002  2.213640e+001  9.250000e+001
    endloop
  endfacet
  facet normal  5.680668e-001 -8.229825e-001  0.000000e+000
    outer loop
      vertex -9.015781e+002  1.871277e+001  1.025000e+002
      vertex -8.966181e+002  2.213640e+001  9.250000e+001
      vertex -8.966181e+002  2.213640e+001  1.025000e+002
    endloop
  endfacet
  facet normal  3.546048e-001 -9.350163e-001  0.000000e+000
    outer loop
      vertex -8.966181e+002  2.213640e+001  1.025000e+002
      vertex -8.966181e+002  2.213640e+001  9.250000e+001
      vertex -8.909829e+002  2.427355e+001  9.250000e+001
    endloop
  endfacet
  facet normal  3.546048e-001 -9.350163e-001  0.000000e+000
    outer loop
      vertex -8.966181e+002  2.213640e+001  1.025000e+002
      vertex -8.909829e+002  2.427355e+001  9.250000e+001
      vertex -8.909829e+002  2.427355e+001  1.025000e+002
    endloop
  endfacet
  facet normal  1.205362e-001 -9.927089e-001  0.000000e+000
    outer loop
      vertex -8.909829e+002  2.427355e+001  1.025000e+002
      vertex -8.909829e+002  2.427355e+001  9.250000e+001
      vertex -8.850000e+002  2.500000e+001  9.250000e+001
    endloop
  endfacet
  facet normal  1.205362e-001 -9.927089e-001  0.000000e+000
    outer loop
      vertex -8.909829e+002  2.427355e+001  1.025000e+002
      vertex -8.850000e+002  2.500000e+001  9.250000e+001
      vertex -8.850000e+002  2.500000e+001  1.025000e+002
    endloop
  endfacet
  facet normal  0.000000e+000  1.000000e+000  -0.000000e+000
    outer loop
      vertex -7.350000e+002 -2.500000e+001  1.025000e+002
      vertex -7.350000e+002 -2.500000e+001  9.250000e+001
      vertex -8.850000e+002 -2.500000e+001  1.025000e+002
    endloop
  endfacet
  facet normal  0.000000e+000  1.000000e+000  0.000000e+000
    outer loop
      vertex -8.850000e+002 -2.500000e+001  1.025000e+002
      vertex -7.350000e+002 -2.500000e+001  9.250000e+001
      vertex -8.850000e+002 -2.500000e+001  9.250000e+001
    endloop
  endfacet
  facet normal -9.709416e-001 -2.393166e-001  -0.000000e+000
    outer loop
      vertex -7.101823e+002  3.013417e+000  9.250000e+001
      vertex -7.116246e+002  8.865122e+000  1.025000e+002
      vertex -7.116246e+002  8.865122e+000  9.250000e+001
    endloop
  endfacet
  facet normal -8.854538e-001 -4.647275e-001  0.000000e+000
    outer loop
      vertex -7.116246e+002  8.865122e+000  9.250000e+001
      vertex -7.116246e+002  8.865122e+000  1.025000e+002
      vertex -7.144254e+002  1.420162e+001  1.025000e+002
    endloop
  endfacet
  facet normal -8.854538e-001 -4.647275e-001  -0.000000e+000
    outer loop
      vertex -7.116246e+002  8.865122e+000  9.250000e+001
      vertex -7.144254e+002  1.420162e+001  1.025000e+002
      vertex -7.144254e+002  1.420162e+001  9.250000e+001
    endloop
  endfacet
  facet normal -7.485115e-001 -6.631218e-001  0.000000e+000
    outer loop
      vertex -7.144254e+002  1.420162e+001  9.250000e+001
      vertex -7.144254e+002  1.420162e+001  1.025000e+002
      vertex -7.184219e+002  1.871277e+001  1.025000e+002
    endloop
  endfacet
  facet normal -7.485115e-001 -6.631218e-001  -0.000000e+000
    outer loop
      vertex -7.144254e+002  1.420162e+001  9.250000e+001
      vertex -7.184219e+002  1.871277e+001  1.025000e+002
      vertex -7.184219e+002  1.871277e+001  9.250000e+001
    endloop
  endfacet
  facet normal -5.680668e-001 -8.229825e-001  0.000000e+000
    outer loop
      vertex -7.184219e+002  1.871277e+001  9.250000e+001
      vertex -7.184219e+002  1.871277e+001  1.025000e+002
      vertex -7.233819e+002  2.213640e+001  1.025000e+002
    endloop
  endfacet
  facet normal -5.680668e-001 -8.229825e-001  -0.000000e+000
    outer loop
      vertex -7.184219e+002  1.871277e+001  9.250000e+001
      vertex -7.233819e+002  2.213640e+001  1.025000e+002
      vertex -7.233819e+002  2.213640e+001  9.250000e+001
    endloop
  endfacet
  facet normal -3.546048e-001 -9.350163e-001  0.000000e+000
    outer loop
      vertex -7.233819e+002  2.213640e+001  9.250000e+001
      vertex -7.233819e+002  2.213640e+001  1.025000e+002
      vertex -7.290171e+002  2.427355e+001  1.025000e+002
    endloop
  endfacet
  facet normal -3.546048e-001 -9.350163e-001  -0.000000e+000
    outer loop
      vertex -7.233819e+002  2.213640e+001  9.250000e+001
      vertex -7.290171e+002  2.427355e+001  1.025000e+002
      vertex -7.290171e+002  2.427355e+001  9.250000e+001
    endloop
  endfacet
  facet normal -1.205362e-001 -9.927089e-001  0.000000e+000
    outer loop
      vertex -7.290171e+002  2.427355e+001  9.250000e+001
      vertex -7.290171e+002  2.427355e+001  1.025000e+002
      vertex -7.350000e+002  2.500000e+001  1.025000e+002
    endloop
  endfacet
  facet normal -1.205362e-001 -9.927089e-001  -0.000000e+000
    outer loop
      vertex -7.290171e+002  2.427355e+001  9.250000e+001
      vertex -7.350000e+002  2.500000e+001  1.025000e+002
      vertex -7.350000e+002  2.500000e+001  9.250000e+001
    endloop
  endfacet
  facet normal -9.709416e-001 -2.393166e-001  0.000000e+000
    outer loop
      vertex -7.116246e+002  8.865122e+000  1.025000e+002
      vertex -7.101823e+002  3.013417e+000  9.250000e+001
      vertex -7.101823e+002  3.013417e+000  1.025000e+002
    endloop
  endfacet
  facet normal -1.000000e+000  0.000000e+000  -0.000000e+000
    outer loop
      vertex -7.101823e+002  3.013417e+000  1.025000e+002
      vertex -7.101823e+002  3.013417e+000  9.250000e+001
      vertex -7.101823e+002 -3.013417e+000  9.250000e+001
    endloop
  endfacet
  facet normal -1.000000e+000  0.000000e+000  0.000000e+000
    outer loop
      vertex -7.101823e+002  3.013417e+000  1.025000e+002
      vertex -7.101823e+002 -3.013417e+000  9.250000e+001
      vertex -7.101823e+002 -3.013417e+000  1.025000e+002
    endloop
  endfacet
  facet normal -9.709416e-001  2.393166e-001  0.000000e+000
    outer loop
      vertex -7.101823e+002 -3.013417e+000  1.025000e+002
      vertex -7.101823e+002 -3.013417e+000  9.250000e+001
      vertex -7.116246e+002 -8.865122e+000  9.250000e+001
    endloop
  endfacet
  facet normal -9.709416e-001  2.393166e-001  0.000000e+000
    outer loop
      vertex -7.101823e+002 -3.013417e+000  1.025000e+002
      vertex -7.116246e+002 -8.865122e+000  9.250000e+001
      vertex -7.116246e+002 -8.865122e+000  1.025000e+002
    endloop
  endfacet
  facet normal -8.854538e-001  4.647275e-001  0.000000e+000
    outer loop
      vertex -7.116246e+002 -8.865122e+000  1.025000e+002
      vertex -7.116246e+002 -8.865122e+000  9.250000e+001
      vertex -7.144254e+002 -1.420162e+001  9.250000e+001
    endloop
  endfacet
  facet normal -8.854538e-001  4.647275e-001  0.000000e+000
    outer loop
      vertex -7.116246e+002 -8.865122e+000  1.025000e+002
      vertex -7.144254e+002 -1.420162e+001  9.250000e+001
      vertex -7.144254e+002 -1.420162e+001  1.025000e+002
    endloop
  endfacet
  facet normal -7.485115e-001  6.631218e-001  0.000000e+000
    outer loop
      vertex -7.144254e+002 -1.420162e+001  1.025000e+002
      vertex -7.144254e+002 -1.420162e+001  9.250000e+001
      vertex -7.184219e+002 -1.871277e+001  9.250000e+001
    endloop
  endfacet
  facet normal -7.485115e-001  6.631218e-001  0.000000e+000
    outer loop
      vertex -7.144254e+002 -1.420162e+001  1.025000e+002
      vertex -7.184219e+002 -1.871277e+001  9.250000e+001
      vertex -7.184219e+002 -1.871277e+001  1.025000e+002
    endloop
  endfacet
  facet normal -5.680668e-001  8.229825e-001  0.000000e+000
    outer loop
      vertex -7.184219e+002 -1.871277e+001  1.025000e+002
      vertex -7.184219e+002 -1.871277e+001  9.250000e+001
      vertex -7.233819e+002 -2.213640e+001  9.250000e+001
    endloop
  endfacet
  facet normal -5.680668e-001  8.229825e-001  0.000000e+000
    outer loop
      vertex -7.184219e+002 -1.871277e+001  1.025000e+002
      vertex -7.233819e+002 -2.213640e+001  9.250000e+001
      vertex -7.233819e+002 -2.213640e+001  1.025000e+002
    endloop
  endfacet
  facet normal -3.546048e-001  9.350163e-001  0.000000e+000
    outer loop
      vertex -7.233819e+002 -2.213640e+001  1.025000e+002
      vertex -7.233819e+002 -2.213640e+001  9.250000e+001
      vertex -7.290171e+002 -2.427355e+001  9.250000e+001
    endloop
  endfacet
  facet normal -3.546048e-001  9.350163e-001  0.000000e+000
    outer loop
      vertex -7.233819e+002 -2.213640e+001  1.025000e+002
      vertex -7.290171e+002 -2.427355e+001  9.250000e+001
      vertex -7.290171e+002 -2.427355e+001  1.025000e+002
    endloop
  endfacet
  facet normal -1.205362e-001  9.927089e-001  0.000000e+000
    outer loop
      vertex -7.290171e+002 -2.427355e+001  1.025000e+002
      vertex -7.290171e+002 -2.427355e+001  9.250000e+001
      vertex -7.350000e+002 -2.500000e+001  9.250000e+001
    endloop
  endfacet
  facet normal -1.205362e-001  9.927089e-001  0.000000e+000
    outer loop
      vertex -7.290171e+002 -2.427355e+001  1.025000e+002
      vertex -7.350000e+002 -2.500000e+001  9.250000e+001
      vertex -7.350000e+002 -2.500000e+001  1.025000e+002
    endloop
  endfacet
  facet normal  0.000000e+000 -1.000000e+000  0.000000e+000
    outer loop
      vertex -8.850000e+002  2.500000e+001  1.025000e+002
      vertex -8.850000e+002  2.500000e+001  9.250000e+001
      vertex -7.350000e+002  2.500000e+001  1.025000e+002
    endloop
  endfacet
  facet normal  0.000000e+000 -1.000000e+000  -0.000000e+000
    outer loop
      vertex -7.350000e+002  2.500000e+001  1.025000e+002
      vertex -8.850000e+002  2.500000e+001  9.250000e+001
      vertex -7.350000e+002  2.500000e+001  9.250000e+001
    endloop
  endfacet
  facet normal  0.000000e+000  9.999999e-001  0.000000e+000
    outer loop
      vertex -1.000000e+003  4.000000e+001  1.025000e+002
      vertex -6.200000e+002  4.000000e+001  1.025000e+002
      vertex -1.000000e+003  4.000000e+001  9.250000e+001
    endloop
  endfacet
  facet normal  0.000000e+000  9.999999e-001  0.000000e+000
    outer loop
      vertex -1.000000e+003  4.000000e+001  9.250000e+001
      vertex -6.200000e+002  4.000000e+001  1.025000e+002
      vertex -6.200000e+002  4.000000e+001  9.250000e+001
    endloop
  endfacet
  facet normal  9.801747e-002  9.951847e-001  0.000000e+000
    outer loop
      vertex -6.200000e+002  4.000000e+001  9.250000e+001
      vertex -6.200000e+002  4.000000e+001  1.025000e+002
      vertex -6.121964e+002  3.923141e+001  9.250000e+001
    endloop
  endfacet
  facet normal  9.801747e-002  9.951847e-001  -0.000000e+000
    outer loop
      vertex -6.121964e+002  3.923141e+001  9.250000e+001
      vertex -6.200000e+002  4.000000e+001  1.025000e+002
      vertex -6.121964e+002  3.923141e+001  1.025000e+002
    endloop
  endfacet
  facet normal  2.902847e-001  9.569403e-001  0.000000e+000
    outer loop
      vertex -6.121964e+002  3.923141e+001  9.250000e+001
      vertex -6.121964e+002  3.923141e+001  1.025000e+002
      vertex -6.046927e+002  3.695518e+001  9.250000e+001
    endloop
  endfacet
  facet normal  2.902847e-001  9.569403e-001  -0.000000e+000
    outer loop
      vertex -6.046927e+002  3.695518e+001  9.250000e+001
      vertex -6.121964e+002  3.923141e+001  1.025000e+002
      vertex -6.046927e+002  3.695518e+001  1.025000e+002
    endloop
  endfacet
  facet normal  4.713937e-001  8.819230e-001  0.000000e+000
    outer loop
      vertex -6.046927e+002  3.695518e+001  9.250000e+001
      vertex -6.046927e+002  3.695518e+001  1.025000e+002
      vertex -5.977772e+002  3.325879e+001  9.250000e+001
    endloop
  endfacet
  facet normal  4.713937e-001  8.819230e-001  -0.000000e+000
    outer loop
      vertex -5.977772e+002  3.325879e+001  9.250000e+001
      vertex -6.046927e+002  3.695518e+001  1.025000e+002
      vertex -5.977772e+002  3.325879e+001  1.025000e+002
    endloop
  endfacet
  facet normal  6.343933e-001  7.730104e-001  0.000000e+000
    outer loop
      vertex -5.977772e+002  3.325879e+001  9.250000e+001
      vertex -5.977772e+002  3.325879e+001  1.025000e+002
      vertex -5.917157e+002  2.828427e+001  9.250000e+001
    endloop
  endfacet
  facet normal  6.343933e-001  7.730104e-001  -0.000000e+000
    outer loop
      vertex -5.917157e+002  2.828427e+001  9.250000e+001
      vertex -5.977772e+002  3.325879e+001  1.025000e+002
      vertex -5.917157e+002  2.828427e+001  1.025000e+002
    endloop
  endfacet
  facet normal  7.730121e-001  6.343913e-001  0.000000e+000
    outer loop
      vertex -5.917157e+002  2.828427e+001  9.250000e+001
      vertex -5.917157e+002  2.828427e+001  1.025000e+002
      vertex -5.867412e+002  2.222281e+001  9.250000e+001
    endloop
  endfacet
  facet normal  7.730121e-001  6.343913e-001  -0.000000e+000
    outer loop
      vertex -5.867412e+002  2.222281e+001  9.250000e+001
      vertex -5.917157e+002  2.828427e+001  1.025000e+002
      vertex -5.867412e+002  2.222281e+001  1.025000e+002
    endloop
  endfacet
  facet normal  8.819205e-001  4.713982e-001  0.000000e+000
    outer loop
      vertex -5.867412e+002  2.222281e+001  9.250000e+001
      vertex -5.867412e+002  2.222281e+001  1.025000e+002
      vertex -5.830448e+002  1.530734e+001  9.250000e+001
    endloop
  endfacet
  facet normal  8.819205e-001  4.713982e-001  -0.000000e+000
    outer loop
      vertex -5.830448e+002  1.530734e+001  9.250000e+001
      vertex -5.867412e+002  2.222281e+001  1.025000e+002
      vertex -5.830448e+002  1.530734e+001  1.025000e+002
    endloop
  endfacet
  facet normal  9.569420e-001  2.902793e-001  0.000000e+000
    outer loop
      vertex -5.830448e+002  1.530734e+001  9.250000e+001
      vertex -5.830448e+002  1.530734e+001  1.025000e+002
      vertex -5.807686e+002  7.803613e+000  9.250000e+001
    endloop
  endfacet
  facet normal  9.569420e-001  2.902793e-001  -0.000000e+000
    outer loop
      vertex -5.807686e+002  7.803613e+000  9.250000e+001
      vertex -5.830448e+002  1.530734e+001  1.025000e+002
      vertex -5.807686e+002  7.803613e+000  1.025000e+002
    endloop
  endfacet
  facet normal  9.951844e-001  9.802055e-002  0.000000e+000
    outer loop
      vertex -5.807686e+002  7.803613e+000  9.250000e+001
      vertex -5.807686e+002  7.803613e+000  1.025000e+002
      vertex -5.800000e+002 -9.796851e-015  9.250000e+001
    endloop
  endfacet
  facet normal  9.951844e-001  9.802055e-002  -0.000000e+000
    outer loop
      vertex -5.800000e+002 -9.796851e-015  9.250000e+001
      vertex -5.807686e+002  7.803613e+000  1.025000e+002
      vertex -5.800000e+002 -9.796851e-015  1.025000e+002
    endloop
  endfacet
  facet normal  9.951844e-001 -9.802055e-002  0.000000e+000
    outer loop
      vertex -5.800000e+002 -9.796851e-015  9.250000e+001
      vertex -5.800000e+002 -9.796851e-015  1.025000e+002
      vertex -5.807686e+002 -7.803613e+000  9.250000e+001
    endloop
  endfacet
  facet normal  9.951844e-001 -9.802055e-002  0.000000e+000
    outer loop
      vertex -5.807686e+002 -7.803613e+000  9.250000e+001
      vertex -5.800000e+002 -9.796851e-015  1.025000e+002
      vertex -5.807686e+002 -7.803613e+000  1.025000e+002
    endloop
  endfacet
  facet normal  9.569420e-001 -2.902793e-001  0.000000e+000
    outer loop
      vertex -5.807686e+002 -7.803613e+000  9.250000e+001
      vertex -5.807686e+002 -7.803613e+000  1.025000e+002
      vertex -5.830448e+002 -1.530734e+001  9.250000e+001
    endloop
  endfacet
  facet normal  9.569420e-001 -2.902793e-001  0.000000e+000
    outer loop
      vertex -5.830448e+002 -1.530734e+001  9.250000e+001
      vertex -5.807686e+002 -7.803613e+000  1.025000e+002
      vertex -5.830448e+002 -1.530734e+001  1.025000e+002
    endloop
  endfacet
  facet normal  8.819205e-001 -4.713982e-001  0.000000e+000
    outer loop
      vertex -5.830448e+002 -1.530734e+001  9.250000e+001
      vertex -5.830448e+002 -1.530734e+001  1.025000e+002
      vertex -5.867412e+002 -2.222281e+001  9.250000e+001
    endloop
  endfacet
  facet normal  8.819205e-001 -4.713982e-001  0.000000e+000
    outer loop
      vertex -5.867412e+002 -2.222281e+001  9.250000e+001
      vertex -5.830448e+002 -1.530734e+001  1.025000e+002
      vertex -5.867412e+002 -2.222281e+001  1.025000e+002
    endloop
  endfacet
  facet normal  7.730121e-001 -6.343913e-001  0.000000e+000
    outer loop
      vertex -5.867412e+002 -2.222281e+001  9.250000e+001
      vertex -5.867412e+002 -2.222281e+001  1.025000e+002
      vertex -5.917157e+002 -2.828427e+001  9.250000e+001
    endloop
  endfacet
  facet normal  7.730121e-001 -6.343913e-001  0.000000e+000
    outer loop
      vertex -5.917157e+002 -2.828427e+001  9.250000e+001
      vertex -5.867412e+002 -2.222281e+001  1.025000e+002
      vertex -5.917157e+002 -2.828427e+001  1.025000e+002
    endloop
  endfacet
  facet normal  6.343933e-001 -7.730104e-001  0.000000e+000
    outer loop
      vertex -5.917157e+002 -2.828427e+001  9.250000e+001
      vertex -5.917157e+002 -2.828427e+001  1.025000e+002
      vertex -5.977772e+002 -3.325879e+001  9.250000e+001
    endloop
  endfacet
  facet normal  6.343933e-001 -7.730104e-001  0.000000e+000
    outer loop
      vertex -5.977772e+002 -3.325879e+001  9.250000e+001
      vertex -5.917157e+002 -2.828427e+001  1.025000e+002
      vertex -5.977772e+002 -3.325879e+001  1.025000e+002
    endloop
  endfacet
  facet normal  4.713937e-001 -8.819230e-001  0.000000e+000
    outer loop
      vertex -5.977772e+002 -3.325879e+001  9.250000e+001
      vertex -5.977772e+002 -3.325879e+001  1.025000e+002
      vertex -6.046927e+002 -3.695518e+001  9.250000e+001
    endloop
  endfacet
  facet normal  4.713937e-001 -8.819230e-001  0.000000e+000
    outer loop
      vertex -6.046927e+002 -3.695518e+001  9.250000e+001
      vertex -5.977772e+002 -3.325879e+001  1.025000e+002
      vertex -6.046927e+002 -3.695518e+001  1.025000e+002
    endloop
  endfacet
  facet normal  2.902847e-001 -9.569403e-001  0.000000e+000
    outer loop
      vertex -6.046927e+002 -3.695518e+001  9.250000e+001
      vertex -6.046927e+002 -3.695518e+001  1.025000e+002
      vertex -6.121964e+002 -3.923141e+001  9.250000e+001
    endloop
  endfacet
  facet normal  2.902847e-001 -9.569403e-001  0.000000e+000
    outer loop
      vertex -6.121964e+002 -3.923141e+001  9.250000e+001
      vertex -6.046927e+002 -3.695518e+001  1.025000e+002
      vertex -6.121964e+002 -3.923141e+001  1.025000e+002
    endloop
  endfacet
  facet normal  9.801747e-002 -9.951847e-001  0.000000e+000
    outer loop
      vertex -6.121964e+002 -3.923141e+001  9.250000e+001
      vertex -6.121964e+002 -3.923141e+001  1.025000e+002
      vertex -6.200000e+002 -4.000000e+001  9.250000e+001
    endloop
  endfacet
  facet normal  9.801747e-002 -9.951847e-001  0.000000e+000
    outer loop
      vertex -6.200000e+002 -4.000000e+001  9.250000e+001
      vertex -6.121964e+002 -3.923141e+001  1.025000e+002
      vertex -6.200000e+002 -4.000000e+001  1.025000e+002
    endloop
  endfacet
  facet normal  0.000000e+000 -9.999999e-001  0.000000e+000
    outer loop
      vertex -6.200000e+002 -4.000000e+001  1.025000e+002
      vertex -1.000000e+003 -4.000000e+001  1.025000e+002
      vertex -6.200000e+002 -4.000000e+001  9.250000e+001
    endloop
  endfacet
  facet normal  0.000000e+000 -9.999999e-001  0.000000e+000
    outer loop
      vertex -6.200000e+002 -4.000000e+001  9.250000e+001
      vertex -1.000000e+003 -4.000000e+001  1.025000e+002
      vertex -1.000000e+003 -4.000000e+001  9.250000e+001
    endloop
  endfacet
  facet normal -9.801747e-002 -9.951847e-001  -0.000000e+000
    outer loop
      vertex -1.000000e+003 -4.000000e+001  9.250000e+001
      vertex -1.000000e+003 -4.000000e+001  1.025000e+002
      vertex -1.007804e+003 -3.923141e+001  9.250000e+001
    endloop
  endfacet
  facet normal -9.801747e-002 -9.951847e-001  0.000000e+000
    outer loop
      vertex -1.007804e+003 -3.923141e+001  9.250000e+001
      vertex -1.000000e+003 -4.000000e+001  1.025000e+002
      vertex -1.007804e+003 -3.923141e+001  1.025000e+002
    endloop
  endfacet
  facet normal -2.902847e-001 -9.569403e-001  -0.000000e+000
    outer loop
      vertex -1.007804e+003 -3.923141e+001  9.250000e+001
      vertex -1.007804e+003 -3.923141e+001  1.025000e+002
      vertex -1.015307e+003 -3.695518e+001  9.250000e+001
    endloop
  endfacet
  facet normal -2.902847e-001 -9.569403e-001  0.000000e+000
    outer loop
      vertex -1.015307e+003 -3.695518e+001  9.250000e+001
      vertex -1.007804e+003 -3.923141e+001  1.025000e+002
      vertex -1.015307e+003 -3.695518e+001  1.025000e+002
    endloop
  endfacet
  facet normal -4.713937e-001 -8.819230e-001  -0.000000e+000
    outer loop
      vertex -1.015307e+003 -3.695518e+001  9.250000e+001
      vertex -1.015307e+003 -3.695518e+001  1.025000e+002
      vertex -1.022223e+003 -3.325879e+001  9.250000e+001
    endloop
  endfacet
  facet normal -4.713937e-001 -8.819230e-001  0.000000e+000
    outer loop
      vertex -1.022223e+003 -3.325879e+001  9.250000e+001
      vertex -1.015307e+003 -3.695518e+001  1.025000e+002
      vertex -1.022223e+003 -3.325879e+001  1.025000e+002
    endloop
  endfacet
  facet normal -6.343933e-001 -7.730104e-001  -0.000000e+000
    outer loop
      vertex -1.022223e+003 -3.325879e+001  9.250000e+001
      vertex -1.022223e+003 -3.325879e+001  1.025000e+002
      vertex -1.028284e+003 -2.828427e+001  9.250000e+001
    endloop
  endfacet
  facet normal -6.343933e-001 -7.730104e-001  0.000000e+000
    outer loop
      vertex -1.028284e+003 -2.828427e+001  9.250000e+001
      vertex -1.022223e+003 -3.325879e+001  1.025000e+002
      vertex -1.028284e+003 -2.828427e+001  1.025000e+002
    endloop
  endfacet
  facet normal -7.730121e-001 -6.343913e-001  -0.000000e+000
    outer loop
      vertex -1.028284e+003 -2.828427e+001  9.250000e+001
      vertex -1.028284e+003 -2.828427e+001  1.025000e+002
      vertex -1.033259e+003 -2.222281e+001  9.250000e+001
    endloop
  endfacet
  facet normal -7.730121e-001 -6.343913e-001  0.000000e+000
    outer loop
      vertex -1.033259e+003 -2.222281e+001  9.250000e+001
      vertex -1.028284e+003 -2.828427e+001  1.025000e+002
      vertex -1.033259e+003 -2.222281e+001  1.025000e+002
    endloop
  endfacet
  facet normal -8.819205e-001 -4.713982e-001  -0.000000e+000
    outer loop
      vertex -1.033259e+003 -2.222281e+001  9.250000e+001
      vertex -1.033259e+003 -2.222281e+001  1.025000e+002
      vertex -1.036955e+003 -1.530734e+001  9.250000e+001
    endloop
  endfacet
  facet normal -8.819205e-001 -4.713982e-001  0.000000e+000
    outer loop
      vertex -1.036955e+003 -1.530734e+001  9.250000e+001
      vertex -1.033259e+003 -2.222281e+001  1.025000e+002
      vertex -1.036955e+003 -1.530734e+001  1.025000e+002
    endloop
  endfacet
  facet normal -9.569398e-001 -2.902865e-001  -0.000000e+000
    outer loop
      vertex -1.036955e+003 -1.530734e+001  9.250000e+001
      vertex -1.036955e+003 -1.530734e+001  1.025000e+002
      vertex -1.039231e+003 -7.803613e+000  9.250000e+001
    endloop
  endfacet
  facet normal -9.569398e-001 -2.902865e-001  0.000000e+000
    outer loop
      vertex -1.039231e+003 -7.803613e+000  9.250000e+001
      vertex -1.036955e+003 -1.530734e+001  1.025000e+002
      vertex -1.039231e+003 -7.803613e+000  1.025000e+002
    endloop
  endfacet
  facet normal -9.951851e-001 -9.801283e-002  -0.000000e+000
    outer loop
      vertex -1.039231e+003 -7.803613e+000  9.250000e+001
      vertex -1.039231e+003 -7.803613e+000  1.025000e+002
      vertex -1.040000e+003  4.898425e-015  9.250000e+001
    endloop
  endfacet
  facet normal -9.951851e-001 -9.801283e-002  0.000000e+000
    outer loop
      vertex -1.040000e+003  4.898425e-015  9.250000e+001
      vertex -1.039231e+003 -7.803613e+000  1.025000e+002
      vertex -1.040000e+003  4.898425e-015  1.025000e+002
    endloop
  endfacet
  facet normal -9.951851e-001  9.801283e-002  0.000000e+000
    outer loop
      vertex -1.040000e+003  4.898425e-015  9.250000e+001
      vertex -1.040000e+003  4.898425e-015  1.025000e+002
      vertex -1.039231e+003  7.803613e+000  9.250000e+001
    endloop
  endfacet
  facet normal -9.951851e-001  9.801283e-002  0.000000e+000
    outer loop
      vertex -1.039231e+003  7.803613e+000  9.250000e+001
      vertex -1.040000e+003  4.898425e-015  1.025000e+002
      vertex -1.039231e+003  7.803613e+000  1.025000e+002
    endloop
  endfacet
  facet normal -9.569398e-001  2.902865e-001  0.000000e+000
    outer loop
      vertex -1.039231e+003  7.803613e+000  9.250000e+001
      vertex -1.039231e+003  7.803613e+000  1.025000e+002
      vertex -1.036955e+003  1.530734e+001  9.250000e+001
    endloop
  endfacet
  facet normal -9.569398e-001  2.902865e-001  0.000000e+000
    outer loop
      vertex -1.036955e+003  1.530734e+001  9.250000e+001
      vertex -1.039231e+003  7.803613e+000  1.025000e+002
      vertex -1.036955e+003  1.530734e+001  1.025000e+002
    endloop
  endfacet
  facet normal -8.819205e-001  4.713982e-001  0.000000e+000
    outer loop
      vertex -1.036955e+003  1.530734e+001  9.250000e+001
      vertex -1.036955e+003  1.530734e+001  1.025000e+002
      vertex -1.033259e+003  2.222281e+001  9.250000e+001
    endloop
  endfacet
  facet normal -8.819205e-001  4.713982e-001  0.000000e+000
    outer loop
      vertex -1.033259e+003  2.222281e+001  9.250000e+001
      vertex -1.036955e+003  1.530734e+001  1.025000e+002
      vertex -1.033259e+003  2.222281e+001  1.025000e+002
    endloop
  endfacet
  facet normal -7.730121e-001  6.343913e-001  0.000000e+000
    outer loop
      vertex -1.033259e+003  2.222281e+001  9.250000e+001
      vertex -1.033259e+003  2.222281e+001  1.025000e+002
      vertex -1.028284e+003  2.828427e+001  9.250000e+001
    endloop
  endfacet
  facet normal -7.730121e-001  6.343913e-001  0.000000e+000
    outer loop
      vertex -1.028284e+003  2.828427e+001  9.250000e+001
      vertex -1.033259e+003  2.222281e+001  1.025000e+002
      vertex -1.028284e+003  2.828427e+001  1.025000e+002
    endloop
  endfacet
  facet normal -6.343933e-001  7.730104e-001  0.000000e+000
    outer loop
      vertex -1.028284e+003  2.828427e+001  9.250000e+001
      vertex -1.028284e+003  2.828427e+001  1.025000e+002
      vertex -1.022223e+003  3.325879e+001  9.250000e+001
    endloop
  endfacet
  facet normal -6.343933e-001  7.730104e-001  0.000000e+000
    outer loop
      vertex -1.022223e+003  3.325879e+001  9.250000e+001
      vertex -1.028284e+003  2.828427e+001  1.025000e+002
      vertex -1.022223e+003  3.325879e+001  1.025000e+002
    endloop
  endfacet
  facet normal -4.713937e-001  8.819230e-001  0.000000e+000
    outer loop
      vertex -1.022223e+003  3.325879e+001  9.250000e+001
      vertex -1.022223e+003  3.325879e+001  1.025000e+002
      vertex -1.015307e+003  3.695518e+001  9.250000e+001
    endloop
  endfacet
  facet normal -4.713937e-001  8.819230e-001  0.000000e+000
    outer loop
      vertex -1.015307e+003  3.695518e+001  9.250000e+001
      vertex -1.022223e+003  3.325879e+001  1.025000e+002
      vertex -1.015307e+003  3.695518e+001  1.025000e+002
    endloop
  endfacet
  facet normal -2.902847e-001  9.569403e-001  0.000000e+000
    outer loop
      vertex -1.015307e+003  3.695518e+001  9.250000e+001
      vertex -1.015307e+003  3.695518e+001  1.025000e+002
      vertex -1.007804e+003  3.923141e+001  9.250000e+001
    endloop
  endfacet
  facet normal -2.902847e-001  9.569403e-001  0.000000e+000
    outer loop
      vertex -1.007804e+003  3.923141e+001  9.250000e+001
      vertex -1.015307e+003  3.695518e+001  1.025000e+002
      vertex -1.007804e+003  3.923141e+001  1.025000e+002
    endloop
  endfacet
  facet normal -9.801747e-002  9.951847e-001  0.000000e+000
    outer loop
      vertex -1.007804e+003  3.923141e+001  9.250000e+001
      vertex -1.007804e+003  3.923141e+001  1.025000e+002
      vertex -1.000000e+003  4.000000e+001  9.250000e+001
    endloop
  endfacet
  facet normal -9.801747e-002  9.951847e-001  0.000000e+000
    outer loop
      vertex -1.000000e+003  4.000000e+001  9.250000e+001
      vertex -1.007804e+003  3.923141e+001  1.025000e+002
      vertex -1.000000e+003  4.000000e+001  1.025000e+002
    endloop
  endfacet
endsolid CATIA STL
