solid CATIA STL
  facet normal  8.532223e-003 -4.539264e-001 -8.909984e-001
    outer loop
      vertex -4.960000e+003 -4.991183e+003 -4.969865e+003
      vertex -4.940481e+003 -4.993853e+003 -4.968318e+003
      vertex -4.960000e+003 -4.995365e+003 -4.967734e+003
    endloop
  endfacet
  facet normal -2.306423e-003 -5.139495e-001 -8.578173e-001
    outer loop
      vertex -4.960000e+003 -4.991183e+003 -4.969865e+003
      vertex -4.941076e+003 -4.990842e+003 -4.970120e+003
      vertex -4.940481e+003 -4.993853e+003 -4.968318e+003
    endloop
  endfacet
  facet normal -9.022693e-004  9.699066e-001 -2.434754e-001
    outer loop
      vertex -4.942640e+003 -5.014199e+003 -4.977163e+003
      vertex -4.942877e+003 -5.014800e+003 -4.979556e+003
      vertex -4.960000e+003 -5.014266e+003 -4.977365e+003
    endloop
  endfacet
  facet normal  2.055082e-002  9.963951e-001 -8.230849e-002
    outer loop
      vertex -4.960000e+003 -5.014266e+003 -4.977365e+003
      vertex -4.942877e+003 -5.014800e+003 -4.979556e+003
      vertex -4.942959e+003 -5.015000e+003 -4.982000e+003
    endloop
  endfacet
  facet normal  0.000000e+000  9.876810e-001 -1.564808e-001
    outer loop
      vertex -4.960000e+003 -5.014266e+003 -4.977365e+003
      vertex -4.942959e+003 -5.015000e+003 -4.982000e+003
      vertex -4.960000e+003 -5.015000e+003 -4.982000e+003
    endloop
  endfacet
  facet normal -3.119498e-003  8.324426e-001 -5.541024e-001
    outer loop
      vertex -4.941750e+003 -5.011628e+003 -4.972524e+003
      vertex -4.942278e+003 -5.013221e+003 -4.974914e+003
      vertex -4.960000e+003 -5.012135e+003 -4.973183e+003
    endloop
  endfacet
  facet normal  1.694043e-002  9.159105e-001 -4.010251e-001
    outer loop
      vertex -4.960000e+003 -5.012135e+003 -4.973183e+003
      vertex -4.942278e+003 -5.013221e+003 -4.974914e+003
      vertex -4.942640e+003 -5.014199e+003 -4.977163e+003
    endloop
  endfacet
  facet normal  1.852475e-003  8.910292e-001 -4.539421e-001
    outer loop
      vertex -4.960000e+003 -5.012135e+003 -4.973183e+003
      vertex -4.942640e+003 -5.014199e+003 -4.977163e+003
      vertex -4.960000e+003 -5.014266e+003 -4.977365e+003
    endloop
  endfacet
  facet normal -3.189258e-003  5.670232e-001 -8.236957e-001
    outer loop
      vertex -4.940682e+003 -5.007307e+003 -4.968900e+003
      vertex -4.941188e+003 -5.009615e+003 -4.970487e+003
      vertex -4.960000e+003 -5.008817e+003 -4.969865e+003
    endloop
  endfacet
  facet normal  6.850449e-003  7.103075e-001 -7.038581e-001
    outer loop
      vertex -4.960000e+003 -5.008817e+003 -4.969865e+003
      vertex -4.941188e+003 -5.009615e+003 -4.970487e+003
      vertex -4.941750e+003 -5.011628e+003 -4.972524e+003
    endloop
  endfacet
  facet normal  5.883783e-003  7.070945e-001 -7.070945e-001
    outer loop
      vertex -4.960000e+003 -5.008817e+003 -4.969865e+003
      vertex -4.941750e+003 -5.011628e+003 -4.972524e+003
      vertex -4.960000e+003 -5.012135e+003 -4.973183e+003
    endloop
  endfacet
  facet normal -3.915402e-004  7.520159e-002 -9.971682e-001
    outer loop
      vertex -4.940000e+003 -4.999902e+003 -4.967000e+003
      vertex -4.940070e+003 -5.002350e+003 -4.967185e+003
      vertex -4.960000e+003 -5.000000e+003 -4.967000e+003
    endloop
  endfacet
  facet normal  1.869075e-002  2.350333e-001 -9.718075e-001
    outer loop
      vertex -4.960000e+003 -5.000000e+003 -4.967000e+003
      vertex -4.940070e+003 -5.002350e+003 -4.967185e+003
      vertex -4.940284e+003 -5.004728e+003 -4.967764e+003
    endloop
  endfacet
  facet normal -7.596439e-004  1.564807e-001 -9.876807e-001
    outer loop
      vertex -4.960000e+003 -5.000000e+003 -4.967000e+003
      vertex -4.940284e+003 -5.004728e+003 -4.967764e+003
      vertex -4.960000e+003 -5.004635e+003 -4.967734e+003
    endloop
  endfacet
  facet normal  5.034669e-004  4.029522e-001 -9.152209e-001
    outer loop
      vertex -4.960000e+003 -5.004635e+003 -4.967734e+003
      vertex -4.940284e+003 -5.004728e+003 -4.967764e+003
      vertex -4.940682e+003 -5.007307e+003 -4.968900e+003
    endloop
  endfacet
  facet normal  9.013670e-003  4.539244e-001 -8.909945e-001
    outer loop
      vertex -4.960000e+003 -5.004635e+003 -4.967734e+003
      vertex -4.940682e+003 -5.007307e+003 -4.968900e+003
      vertex -4.960000e+003 -5.008817e+003 -4.969865e+003
    endloop
  endfacet
  facet normal -4.073876e-003 -3.137832e-001 -9.494860e-001
    outer loop
      vertex -4.940481e+003 -4.993853e+003 -4.968318e+003
      vertex -4.940130e+003 -4.996800e+003 -4.967345e+003
      vertex -4.960000e+003 -4.995365e+003 -4.967734e+003
    endloop
  endfacet
  facet normal  1.152053e-002 -1.099649e-001 -9.938688e-001
    outer loop
      vertex -4.960000e+003 -4.995365e+003 -4.967734e+003
      vertex -4.940130e+003 -4.996800e+003 -4.967345e+003
      vertex -4.940000e+003 -4.999902e+003 -4.967000e+003
    endloop
  endfacet
  facet normal  7.399529e-004 -1.564808e-001 -9.876807e-001
    outer loop
      vertex -4.960000e+003 -4.995365e+003 -4.967734e+003
      vertex -4.940000e+003 -4.999902e+003 -4.967000e+003
      vertex -4.960000e+003 -5.000000e+003 -4.967000e+003
    endloop
  endfacet
  facet normal -2.831723e-003 -8.315108e-001 -5.555015e-001
    outer loop
      vertex -4.942262e+003 -4.986824e+003 -4.974831e+003
      vertex -4.941759e+003 -4.988343e+003 -4.972561e+003
      vertex -4.960000e+003 -4.987865e+003 -4.973183e+003
    endloop
  endfacet
  facet normal  6.159659e-003 -6.977940e-001 -7.162719e-001
    outer loop
      vertex -4.960000e+003 -4.987865e+003 -4.973183e+003
      vertex -4.941759e+003 -4.988343e+003 -4.972561e+003
      vertex -4.941076e+003 -4.990842e+003 -4.970120e+003
    endloop
  endfacet
  facet normal  3.211120e-003 -7.071031e-001 -7.071031e-001
    outer loop
      vertex -4.960000e+003 -4.987865e+003 -4.973183e+003
      vertex -4.941076e+003 -4.990842e+003 -4.970120e+003
      vertex -4.960000e+003 -4.991183e+003 -4.969865e+003
    endloop
  endfacet
  facet normal  0.000000e+000 -9.968968e-001 -7.871869e-002
    outer loop
      vertex -4.942959e+003 -4.985000e+003 -4.982000e+003
      vertex -4.942883e+003 -4.985186e+003 -4.979644e+003
      vertex -4.960000e+003 -4.985000e+003 -4.982000e+003
    endloop
  endfacet
  facet normal  2.193180e-002 -9.714925e-001 -2.360534e-001
    outer loop
      vertex -4.960000e+003 -4.985000e+003 -4.982000e+003
      vertex -4.942883e+003 -4.985186e+003 -4.979644e+003
      vertex -4.942665e+003 -4.985737e+003 -4.977355e+003
    endloop
  endfacet
  facet normal -7.876936e-005 -9.876810e-001 -1.564808e-001
    outer loop
      vertex -4.960000e+003 -4.985000e+003 -4.982000e+003
      vertex -4.942665e+003 -4.985737e+003 -4.977355e+003
      vertex -4.960000e+003 -4.985734e+003 -4.977365e+003
    endloop
  endfacet
  facet normal  6.760241e-005 -9.184504e-001 -3.955362e-001
    outer loop
      vertex -4.960000e+003 -4.985734e+003 -4.977365e+003
      vertex -4.942665e+003 -4.985737e+003 -4.977355e+003
      vertex -4.942262e+003 -4.986824e+003 -4.974831e+003
    endloop
  endfacet
  facet normal  1.009471e-002 -8.909854e-001 -4.539198e-001
    outer loop
      vertex -4.960000e+003 -4.985734e+003 -4.977365e+003
      vertex -4.942262e+003 -4.986824e+003 -4.974831e+003
      vertex -4.960000e+003 -4.987865e+003 -4.973183e+003
    endloop
  endfacet
  facet normal  8.532223e-003  4.539264e-001  8.909984e-001
    outer loop
      vertex -4.960000e+003 -5.008817e+003 -4.994135e+003
      vertex -4.940481e+003 -5.006147e+003 -4.995682e+003
      vertex -4.960000e+003 -5.004635e+003 -4.996266e+003
    endloop
  endfacet
  facet normal -2.306423e-003  5.139495e-001  8.578173e-001
    outer loop
      vertex -4.960000e+003 -5.008817e+003 -4.994135e+003
      vertex -4.941076e+003 -5.009158e+003 -4.993880e+003
      vertex -4.940481e+003 -5.006147e+003 -4.995682e+003
    endloop
  endfacet
  facet normal -9.022693e-004 -9.699066e-001  2.434754e-001
    outer loop
      vertex -4.942640e+003 -4.985801e+003 -4.986837e+003
      vertex -4.942877e+003 -4.985200e+003 -4.984444e+003
      vertex -4.960000e+003 -4.985734e+003 -4.986635e+003
    endloop
  endfacet
  facet normal  2.055082e-002 -9.963951e-001  8.230849e-002
    outer loop
      vertex -4.960000e+003 -4.985734e+003 -4.986635e+003
      vertex -4.942877e+003 -4.985200e+003 -4.984444e+003
      vertex -4.942959e+003 -4.985000e+003 -4.982000e+003
    endloop
  endfacet
  facet normal  0.000000e+000 -9.876810e-001  1.564808e-001
    outer loop
      vertex -4.960000e+003 -4.985734e+003 -4.986635e+003
      vertex -4.942959e+003 -4.985000e+003 -4.982000e+003
      vertex -4.960000e+003 -4.985000e+003 -4.982000e+003
    endloop
  endfacet
  facet normal -3.119498e-003 -8.324426e-001  5.541024e-001
    outer loop
      vertex -4.941750e+003 -4.988372e+003 -4.991476e+003
      vertex -4.942278e+003 -4.986779e+003 -4.989086e+003
      vertex -4.960000e+003 -4.987865e+003 -4.990817e+003
    endloop
  endfacet
  facet normal  1.694043e-002 -9.159105e-001  4.010251e-001
    outer loop
      vertex -4.960000e+003 -4.987865e+003 -4.990817e+003
      vertex -4.942278e+003 -4.986779e+003 -4.989086e+003
      vertex -4.942640e+003 -4.985801e+003 -4.986837e+003
    endloop
  endfacet
  facet normal  1.852475e-003 -8.910292e-001  4.539421e-001
    outer loop
      vertex -4.960000e+003 -4.987865e+003 -4.990817e+003
      vertex -4.942640e+003 -4.985801e+003 -4.986837e+003
      vertex -4.960000e+003 -4.985734e+003 -4.986635e+003
    endloop
  endfacet
  facet normal -3.189258e-003 -5.670232e-001  8.236957e-001
    outer loop
      vertex -4.940682e+003 -4.992693e+003 -4.995100e+003
      vertex -4.941188e+003 -4.990385e+003 -4.993513e+003
      vertex -4.960000e+003 -4.991183e+003 -4.994135e+003
    endloop
  endfacet
  facet normal  6.850449e-003 -7.103075e-001  7.038581e-001
    outer loop
      vertex -4.960000e+003 -4.991183e+003 -4.994135e+003
      vertex -4.941188e+003 -4.990385e+003 -4.993513e+003
      vertex -4.941750e+003 -4.988372e+003 -4.991476e+003
    endloop
  endfacet
  facet normal  5.883783e-003 -7.070945e-001  7.070945e-001
    outer loop
      vertex -4.960000e+003 -4.991183e+003 -4.994135e+003
      vertex -4.941750e+003 -4.988372e+003 -4.991476e+003
      vertex -4.960000e+003 -4.987865e+003 -4.990817e+003
    endloop
  endfacet
  facet normal -3.915402e-004 -7.520159e-002  9.971682e-001
    outer loop
      vertex -4.940000e+003 -5.000098e+003 -4.997000e+003
      vertex -4.940070e+003 -4.997650e+003 -4.996815e+003
      vertex -4.960000e+003 -5.000000e+003 -4.997000e+003
    endloop
  endfacet
  facet normal  1.869075e-002 -2.350333e-001  9.718075e-001
    outer loop
      vertex -4.960000e+003 -5.000000e+003 -4.997000e+003
      vertex -4.940070e+003 -4.997650e+003 -4.996815e+003
      vertex -4.940284e+003 -4.995272e+003 -4.996236e+003
    endloop
  endfacet
  facet normal -7.596439e-004 -1.564807e-001  9.876807e-001
    outer loop
      vertex -4.960000e+003 -5.000000e+003 -4.997000e+003
      vertex -4.940284e+003 -4.995272e+003 -4.996236e+003
      vertex -4.960000e+003 -4.995365e+003 -4.996266e+003
    endloop
  endfacet
  facet normal  5.034669e-004 -4.029522e-001  9.152209e-001
    outer loop
      vertex -4.960000e+003 -4.995365e+003 -4.996266e+003
      vertex -4.940284e+003 -4.995272e+003 -4.996236e+003
      vertex -4.940682e+003 -4.992693e+003 -4.995100e+003
    endloop
  endfacet
  facet normal  9.013670e-003 -4.539244e-001  8.909945e-001
    outer loop
      vertex -4.960000e+003 -4.995365e+003 -4.996266e+003
      vertex -4.940682e+003 -4.992693e+003 -4.995100e+003
      vertex -4.960000e+003 -4.991183e+003 -4.994135e+003
    endloop
  endfacet
  facet normal -4.073876e-003  3.137832e-001  9.494860e-001
    outer loop
      vertex -4.940481e+003 -5.006147e+003 -4.995682e+003
      vertex -4.940130e+003 -5.003200e+003 -4.996655e+003
      vertex -4.960000e+003 -5.004635e+003 -4.996266e+003
    endloop
  endfacet
  facet normal  1.152053e-002  1.099649e-001  9.938688e-001
    outer loop
      vertex -4.960000e+003 -5.004635e+003 -4.996266e+003
      vertex -4.940130e+003 -5.003200e+003 -4.996655e+003
      vertex -4.940000e+003 -5.000098e+003 -4.997000e+003
    endloop
  endfacet
  facet normal  7.399529e-004  1.564808e-001  9.876807e-001
    outer loop
      vertex -4.960000e+003 -5.004635e+003 -4.996266e+003
      vertex -4.940000e+003 -5.000098e+003 -4.997000e+003
      vertex -4.960000e+003 -5.000000e+003 -4.997000e+003
    endloop
  endfacet
  facet normal -2.831723e-003  8.315108e-001  5.555015e-001
    outer loop
      vertex -4.942262e+003 -5.013176e+003 -4.989169e+003
      vertex -4.941759e+003 -5.011657e+003 -4.991439e+003
      vertex -4.960000e+003 -5.012135e+003 -4.990817e+003
    endloop
  endfacet
  facet normal  6.159659e-003  6.977940e-001  7.162719e-001
    outer loop
      vertex -4.960000e+003 -5.012135e+003 -4.990817e+003
      vertex -4.941759e+003 -5.011657e+003 -4.991439e+003
      vertex -4.941076e+003 -5.009158e+003 -4.993880e+003
    endloop
  endfacet
  facet normal  3.211120e-003  7.071031e-001  7.071031e-001
    outer loop
      vertex -4.960000e+003 -5.012135e+003 -4.990817e+003
      vertex -4.941076e+003 -5.009158e+003 -4.993880e+003
      vertex -4.960000e+003 -5.008817e+003 -4.994135e+003
    endloop
  endfacet
  facet normal  0.000000e+000  9.968968e-001  7.871869e-002
    outer loop
      vertex -4.942959e+003 -5.015000e+003 -4.982000e+003
      vertex -4.942883e+003 -5.014814e+003 -4.984356e+003
      vertex -4.960000e+003 -5.015000e+003 -4.982000e+003
    endloop
  endfacet
  facet normal  2.193180e-002  9.714925e-001  2.360534e-001
    outer loop
      vertex -4.960000e+003 -5.015000e+003 -4.982000e+003
      vertex -4.942883e+003 -5.014814e+003 -4.984356e+003
      vertex -4.942665e+003 -5.014263e+003 -4.986645e+003
    endloop
  endfacet
  facet normal -7.876936e-005  9.876810e-001  1.564808e-001
    outer loop
      vertex -4.960000e+003 -5.015000e+003 -4.982000e+003
      vertex -4.942665e+003 -5.014263e+003 -4.986645e+003
      vertex -4.960000e+003 -5.014266e+003 -4.986635e+003
    endloop
  endfacet
  facet normal  6.760241e-005  9.184504e-001  3.955362e-001
    outer loop
      vertex -4.960000e+003 -5.014266e+003 -4.986635e+003
      vertex -4.942665e+003 -5.014263e+003 -4.986645e+003
      vertex -4.942262e+003 -5.013176e+003 -4.989169e+003
    endloop
  endfacet
  facet normal  1.009471e-002  8.909854e-001  4.539198e-001
    outer loop
      vertex -4.960000e+003 -5.014266e+003 -4.986635e+003
      vertex -4.942262e+003 -5.013176e+003 -4.989169e+003
      vertex -4.960000e+003 -5.012135e+003 -4.990817e+003
    endloop
  endfacet
  facet normal  1.207311e-001  9.926852e-001  0.000000e+000
    outer loop
      vertex -4.978537e+003 -4.960512e+003 -5.000000e+003
      vertex -4.970969e+003 -4.961432e+003 -4.982000e+003
      vertex -4.970969e+003 -4.961432e+003 -5.000000e+003
    endloop
  endfacet
  facet normal  9.300731e-001  3.673746e-001 -4.542115e-005
    outer loop
      vertex -4.942915e+003 -4.985107e+003 -5.000000e+003
      vertex -4.942877e+003 -4.985200e+003 -4.984444e+003
      vertex -4.942640e+003 -4.985801e+003 -4.986837e+003
    endloop
  endfacet
  facet normal  9.561167e-001  2.919533e-001 -2.457914e-002
    outer loop
      vertex -4.940736e+003 -4.992412e+003 -5.000000e+003
      vertex -4.941750e+003 -4.988372e+003 -4.991476e+003
      vertex -4.941188e+003 -4.990385e+003 -4.993513e+003
    endloop
  endfacet
  facet normal  9.769773e-001  2.133382e-001  1.438793e-003
    outer loop
      vertex -4.941188e+003 -4.990385e+003 -4.993513e+003
      vertex -4.940682e+003 -4.992693e+003 -4.995100e+003
      vertex -4.940736e+003 -4.992412e+003 -5.000000e+003
    endloop
  endfacet
  facet normal  9.995949e-001  2.844447e-002  9.257761e-004
    outer loop
      vertex -4.940070e+003 -4.997650e+003 -4.996815e+003
      vertex -4.940000e+003 -5.000098e+003 -4.997000e+003
      vertex -4.940000e+003 -5.000000e+003 -5.000000e+003
    endloop
  endfacet
  facet normal  9.816715e-001 -1.904952e-001  5.711861e-003
    outer loop
      vertex -4.940736e+003 -5.007588e+003 -5.000000e+003
      vertex -4.940481e+003 -5.006147e+003 -4.995682e+003
      vertex -4.941076e+003 -5.009158e+003 -4.993880e+003
    endloop
  endfacet
  facet normal  8.787898e-001  4.631234e-001  1.150882e-001
    outer loop
      vertex -4.941759e+003 -4.988343e+003 -4.972561e+003
      vertex -4.942262e+003 -4.986824e+003 -4.974831e+003
      vertex -4.940736e+003 -4.992412e+003 -4.964000e+003
    endloop
  endfacet
  facet normal  9.596757e-001  2.804934e-001  1.860322e-002
    outer loop
      vertex -4.941076e+003 -4.990842e+003 -4.970120e+003
      vertex -4.941759e+003 -4.988343e+003 -4.972561e+003
      vertex -4.940736e+003 -4.992412e+003 -4.964000e+003
    endloop
  endfacet
  facet normal  9.816715e-001  1.904952e-001 -5.711861e-003
    outer loop
      vertex -4.941076e+003 -4.990842e+003 -4.970120e+003
      vertex -4.940736e+003 -4.992412e+003 -4.964000e+003
      vertex -4.940481e+003 -4.993853e+003 -4.968318e+003
    endloop
  endfacet
  facet normal  9.940401e-001 -9.999636e-002  4.341711e-002
    outer loop
      vertex -4.940070e+003 -5.002350e+003 -4.967185e+003
      vertex -4.940736e+003 -5.007588e+003 -4.964000e+003
      vertex -4.940284e+003 -5.004728e+003 -4.967764e+003
    endloop
  endfacet
  facet normal  9.881608e-001 -1.534066e-001  2.124928e-003
    outer loop
      vertex -4.940736e+003 -5.007588e+003 -4.964000e+003
      vertex -4.940682e+003 -5.007307e+003 -4.968900e+003
      vertex -4.940284e+003 -5.004728e+003 -4.967764e+003
    endloop
  endfacet
  facet normal  9.580784e-001 -2.858033e-001 -2.005449e-002
    outer loop
      vertex -4.942915e+003 -5.014893e+003 -5.000000e+003
      vertex -4.940736e+003 -5.007588e+003 -5.000000e+003
      vertex -4.941076e+003 -5.009158e+003 -4.993880e+003
    endloop
  endfacet
  facet normal  9.586527e-001 -2.837127e-001 -2.218613e-002
    outer loop
      vertex -4.942915e+003 -5.014893e+003 -5.000000e+003
      vertex -4.941076e+003 -5.009158e+003 -4.993880e+003
      vertex -4.941759e+003 -5.011657e+003 -4.991439e+003
    endloop
  endfacet
  facet normal  9.465907e-001 -3.223830e-001 -5.940422e-003
    outer loop
      vertex -4.942915e+003 -5.014893e+003 -5.000000e+003
      vertex -4.941759e+003 -5.011657e+003 -4.991439e+003
      vertex -4.942262e+003 -5.013176e+003 -4.989169e+003
    endloop
  endfacet
  facet normal  9.368864e-001 -3.496324e-001 -1.035080e-003
    outer loop
      vertex -4.942915e+003 -5.014893e+003 -5.000000e+003
      vertex -4.942262e+003 -5.013176e+003 -4.989169e+003
      vertex -4.942665e+003 -5.014263e+003 -4.986645e+003
    endloop
  endfacet
  facet normal  9.297425e-001 -3.682103e-001 -2.444472e-005
    outer loop
      vertex -4.942915e+003 -5.014893e+003 -5.000000e+003
      vertex -4.942665e+003 -5.014263e+003 -4.986645e+003
      vertex -4.942883e+003 -5.014814e+003 -4.984356e+003
    endloop
  endfacet
  facet normal  9.263898e-001 -3.765661e-001  2.460671e-005
    outer loop
      vertex -4.942915e+003 -5.014893e+003 -5.000000e+003
      vertex -4.942883e+003 -5.014814e+003 -4.984356e+003
      vertex -4.942959e+003 -5.015000e+003 -4.982000e+003
    endloop
  endfacet
  facet normal  8.848123e-001 -4.659474e-001 -6.078930e-004
    outer loop
      vertex -4.942915e+003 -5.014893e+003 -5.000000e+003
      vertex -4.942959e+003 -5.015000e+003 -4.982000e+003
      vertex -4.946458e+003 -5.021644e+003 -4.982000e+003
    endloop
  endfacet
  facet normal  8.854802e-001 -4.646770e-001  0.000000e+000
    outer loop
      vertex -4.942915e+003 -5.014893e+003 -5.000000e+003
      vertex -4.946458e+003 -5.021644e+003 -4.982000e+003
      vertex -4.946458e+003 -5.021644e+003 -5.000000e+003
    endloop
  endfacet
  facet normal  9.581971e-001  2.858388e-001  1.243416e-002
    outer loop
      vertex -4.942915e+003 -4.985107e+003 -4.964000e+003
      vertex -4.940736e+003 -4.992412e+003 -4.964000e+003
      vertex -4.942262e+003 -4.986824e+003 -4.974831e+003
    endloop
  endfacet
  facet normal  9.368864e-001  3.496324e-001  1.035080e-003
    outer loop
      vertex -4.942915e+003 -4.985107e+003 -4.964000e+003
      vertex -4.942262e+003 -4.986824e+003 -4.974831e+003
      vertex -4.942665e+003 -4.985737e+003 -4.977355e+003
    endloop
  endfacet
  facet normal  9.297425e-001  3.682103e-001  2.444472e-005
    outer loop
      vertex -4.942915e+003 -4.985107e+003 -4.964000e+003
      vertex -4.942665e+003 -4.985737e+003 -4.977355e+003
      vertex -4.942883e+003 -4.985186e+003 -4.979644e+003
    endloop
  endfacet
  facet normal  9.263898e-001  3.765661e-001 -2.460671e-005
    outer loop
      vertex -4.942915e+003 -4.985107e+003 -4.964000e+003
      vertex -4.942883e+003 -4.985186e+003 -4.979644e+003
      vertex -4.942959e+003 -4.985000e+003 -4.982000e+003
    endloop
  endfacet
  facet normal  8.848123e-001  4.659474e-001  6.078930e-004
    outer loop
      vertex -4.942915e+003 -4.985107e+003 -4.964000e+003
      vertex -4.942959e+003 -4.985000e+003 -4.982000e+003
      vertex -4.946458e+003 -4.978356e+003 -4.982000e+003
    endloop
  endfacet
  facet normal  8.854802e-001  4.646770e-001  -0.000000e+000
    outer loop
      vertex -4.942915e+003 -4.985107e+003 -4.964000e+003
      vertex -4.946458e+003 -4.978356e+003 -4.982000e+003
      vertex -4.946458e+003 -4.978356e+003 -4.964000e+003
    endloop
  endfacet
  facet normal  9.941186e-001 -9.640519e-002  4.933914e-002
    outer loop
      vertex -4.940000e+003 -5.000000e+003 -4.964000e+003
      vertex -4.940736e+003 -5.007588e+003 -4.964000e+003
      vertex -4.940070e+003 -5.002350e+003 -4.967185e+003
    endloop
  endfacet
  facet normal  9.995949e-001 -2.844447e-002 -9.257761e-004
    outer loop
      vertex -4.940000e+003 -5.000000e+003 -4.964000e+003
      vertex -4.940070e+003 -5.002350e+003 -4.967185e+003
      vertex -4.940000e+003 -4.999902e+003 -4.967000e+003
    endloop
  endfacet
  facet normal  9.991173e-001  4.198488e-002  1.366473e-003
    outer loop
      vertex -4.940000e+003 -5.000000e+003 -4.964000e+003
      vertex -4.940000e+003 -4.999902e+003 -4.967000e+003
      vertex -4.940130e+003 -4.996800e+003 -4.967345e+003
    endloop
  endfacet
  facet normal  9.823372e-001  1.527978e-001  1.080109e-001
    outer loop
      vertex -4.940000e+003 -5.000000e+003 -4.964000e+003
      vertex -4.940130e+003 -4.996800e+003 -4.967345e+003
      vertex -4.940481e+003 -4.993853e+003 -4.968318e+003
    endloop
  endfacet
  facet normal  9.949830e-001  9.648902e-002  2.643260e-002
    outer loop
      vertex -4.940000e+003 -5.000000e+003 -4.964000e+003
      vertex -4.940481e+003 -4.993853e+003 -4.968318e+003
      vertex -4.940736e+003 -4.992412e+003 -4.964000e+003
    endloop
  endfacet
  facet normal  8.854802e-001 -4.646770e-001  0.000000e+000
    outer loop
      vertex -4.942915e+003 -5.014893e+003 -4.964000e+003
      vertex -4.946458e+003 -5.021644e+003 -4.964000e+003
      vertex -4.946458e+003 -5.021644e+003 -4.982000e+003
    endloop
  endfacet
  facet normal  8.848123e-001 -4.659474e-001  6.078930e-004
    outer loop
      vertex -4.942915e+003 -5.014893e+003 -4.964000e+003
      vertex -4.946458e+003 -5.021644e+003 -4.982000e+003
      vertex -4.942959e+003 -5.015000e+003 -4.982000e+003
    endloop
  endfacet
  facet normal  9.262137e-001 -3.769989e-001 -2.160570e-005
    outer loop
      vertex -4.942915e+003 -5.014893e+003 -4.964000e+003
      vertex -4.942959e+003 -5.015000e+003 -4.982000e+003
      vertex -4.942877e+003 -5.014800e+003 -4.979556e+003
    endloop
  endfacet
  facet normal  9.300731e-001 -3.673746e-001  4.542115e-005
    outer loop
      vertex -4.942915e+003 -5.014893e+003 -4.964000e+003
      vertex -4.942877e+003 -5.014800e+003 -4.979556e+003
      vertex -4.942640e+003 -5.014199e+003 -4.977163e+003
    endloop
  endfacet
  facet normal  9.370183e-001 -3.492784e-001  1.145059e-003
    outer loop
      vertex -4.942915e+003 -5.014893e+003 -4.964000e+003
      vertex -4.942640e+003 -5.014199e+003 -4.977163e+003
      vertex -4.942278e+003 -5.013221e+003 -4.974914e+003
    endloop
  endfacet
  facet normal  9.465553e-001 -3.224893e-001  5.806547e-003
    outer loop
      vertex -4.942915e+003 -5.014893e+003 -4.964000e+003
      vertex -4.942278e+003 -5.013221e+003 -4.974914e+003
      vertex -4.941750e+003 -5.011628e+003 -4.972524e+003
    endloop
  endfacet
  facet normal  9.573752e-001 -2.881228e-001  2.044626e-002
    outer loop
      vertex -4.942915e+003 -5.014893e+003 -4.964000e+003
      vertex -4.941750e+003 -5.011628e+003 -4.972524e+003
      vertex -4.941188e+003 -5.009615e+003 -4.970487e+003
    endloop
  endfacet
  facet normal  9.668455e-001 -2.495022e-001  5.439322e-002
    outer loop
      vertex -4.942915e+003 -5.014893e+003 -4.964000e+003
      vertex -4.941188e+003 -5.009615e+003 -4.970487e+003
      vertex -4.940682e+003 -5.007307e+003 -4.968900e+003
    endloop
  endfacet
  facet normal  9.582550e-001 -2.858560e-001 -5.808348e-003
    outer loop
      vertex -4.942915e+003 -5.014893e+003 -4.964000e+003
      vertex -4.940682e+003 -5.007307e+003 -4.968900e+003
      vertex -4.940736e+003 -5.007588e+003 -4.964000e+003
    endloop
  endfacet
  facet normal  7.797177e-001  6.261312e-001  -0.000000e+000
    outer loop
      vertex -4.946458e+003 -4.978356e+003 -4.964000e+003
      vertex -4.946458e+003 -4.978356e+003 -4.982000e+003
      vertex -4.951231e+003 -4.972412e+003 -4.964000e+003
    endloop
  endfacet
  facet normal  7.797177e-001  6.261312e-001  0.000000e+000
    outer loop
      vertex -4.951231e+003 -4.972412e+003 -4.964000e+003
      vertex -4.946458e+003 -4.978356e+003 -4.982000e+003
      vertex -4.951231e+003 -4.972412e+003 -4.982000e+003
    endloop
  endfacet
  facet normal  6.449913e-001  7.641898e-001  -0.000000e+000
    outer loop
      vertex -4.951231e+003 -4.972412e+003 -4.964000e+003
      vertex -4.951231e+003 -4.972412e+003 -4.982000e+003
      vertex -4.957057e+003 -4.967495e+003 -4.964000e+003
    endloop
  endfacet
  facet normal  6.449913e-001  7.641898e-001  0.000000e+000
    outer loop
      vertex -4.957057e+003 -4.967495e+003 -4.964000e+003
      vertex -4.951231e+003 -4.972412e+003 -4.982000e+003
      vertex -4.957057e+003 -4.967495e+003 -4.982000e+003
    endloop
  endfacet
  facet normal  4.860834e-001  8.739125e-001  -0.000000e+000
    outer loop
      vertex -4.957057e+003 -4.967495e+003 -4.964000e+003
      vertex -4.957057e+003 -4.967495e+003 -4.982000e+003
      vertex -4.963719e+003 -4.963790e+003 -4.964000e+003
    endloop
  endfacet
  facet normal  4.860834e-001  8.739125e-001  0.000000e+000
    outer loop
      vertex -4.963719e+003 -4.963790e+003 -4.964000e+003
      vertex -4.957057e+003 -4.967495e+003 -4.982000e+003
      vertex -4.963719e+003 -4.963790e+003 -4.982000e+003
    endloop
  endfacet
  facet normal  3.092251e-001  9.509888e-001  -0.000000e+000
    outer loop
      vertex -4.963719e+003 -4.963790e+003 -4.964000e+003
      vertex -4.963719e+003 -4.963790e+003 -4.982000e+003
      vertex -4.970969e+003 -4.961432e+003 -4.964000e+003
    endloop
  endfacet
  facet normal  3.092251e-001  9.509888e-001  0.000000e+000
    outer loop
      vertex -4.970969e+003 -4.961432e+003 -4.964000e+003
      vertex -4.963719e+003 -4.963790e+003 -4.982000e+003
      vertex -4.970969e+003 -4.961432e+003 -4.982000e+003
    endloop
  endfacet
  facet normal  1.207311e-001  9.926852e-001  -0.000000e+000
    outer loop
      vertex -4.970969e+003 -4.961432e+003 -4.964000e+003
      vertex -4.970969e+003 -4.961432e+003 -4.982000e+003
      vertex -4.978537e+003 -4.960512e+003 -4.964000e+003
    endloop
  endfacet
  facet normal  1.207311e-001  9.926852e-001  0.000000e+000
    outer loop
      vertex -4.978537e+003 -4.960512e+003 -4.964000e+003
      vertex -4.970969e+003 -4.961432e+003 -4.982000e+003
      vertex -4.978537e+003 -4.960512e+003 -5.000000e+003
    endloop
  endfacet
  facet normal  1.207311e-001 -9.926852e-001  0.000000e+000
    outer loop
      vertex -4.978537e+003 -5.039488e+003 -4.964000e+003
      vertex -4.978537e+003 -5.039488e+003 -5.000000e+003
      vertex -4.970969e+003 -5.038568e+003 -4.982000e+003
    endloop
  endfacet
  facet normal  1.207311e-001 -9.926852e-001  0.000000e+000
    outer loop
      vertex -4.970969e+003 -5.038568e+003 -4.982000e+003
      vertex -4.978537e+003 -5.039488e+003 -5.000000e+003
      vertex -4.970969e+003 -5.038568e+003 -5.000000e+003
    endloop
  endfacet
  facet normal  3.092251e-001 -9.509888e-001  0.000000e+000
    outer loop
      vertex -4.970969e+003 -5.038568e+003 -4.982000e+003
      vertex -4.970969e+003 -5.038568e+003 -5.000000e+003
      vertex -4.963719e+003 -5.036210e+003 -4.982000e+003
    endloop
  endfacet
  facet normal  3.092251e-001 -9.509888e-001  0.000000e+000
    outer loop
      vertex -4.963719e+003 -5.036210e+003 -4.982000e+003
      vertex -4.970969e+003 -5.038568e+003 -5.000000e+003
      vertex -4.963719e+003 -5.036210e+003 -5.000000e+003
    endloop
  endfacet
  facet normal  4.860834e-001 -8.739125e-001  0.000000e+000
    outer loop
      vertex -4.963719e+003 -5.036210e+003 -4.982000e+003
      vertex -4.963719e+003 -5.036210e+003 -5.000000e+003
      vertex -4.957057e+003 -5.032505e+003 -4.982000e+003
    endloop
  endfacet
  facet normal  4.860834e-001 -8.739125e-001  0.000000e+000
    outer loop
      vertex -4.957057e+003 -5.032505e+003 -4.982000e+003
      vertex -4.963719e+003 -5.036210e+003 -5.000000e+003
      vertex -4.957057e+003 -5.032505e+003 -5.000000e+003
    endloop
  endfacet
  facet normal  6.449913e-001 -7.641898e-001  0.000000e+000
    outer loop
      vertex -4.957057e+003 -5.032505e+003 -4.982000e+003
      vertex -4.957057e+003 -5.032505e+003 -5.000000e+003
      vertex -4.951231e+003 -5.027588e+003 -4.982000e+003
    endloop
  endfacet
  facet normal  6.449913e-001 -7.641898e-001  0.000000e+000
    outer loop
      vertex -4.951231e+003 -5.027588e+003 -4.982000e+003
      vertex -4.957057e+003 -5.032505e+003 -5.000000e+003
      vertex -4.951231e+003 -5.027588e+003 -5.000000e+003
    endloop
  endfacet
  facet normal  7.797177e-001 -6.261312e-001  0.000000e+000
    outer loop
      vertex -4.951231e+003 -5.027588e+003 -4.982000e+003
      vertex -4.951231e+003 -5.027588e+003 -5.000000e+003
      vertex -4.946458e+003 -5.021644e+003 -4.982000e+003
    endloop
  endfacet
  facet normal  7.797177e-001 -6.261312e-001  0.000000e+000
    outer loop
      vertex -4.946458e+003 -5.021644e+003 -4.982000e+003
      vertex -4.951231e+003 -5.027588e+003 -5.000000e+003
      vertex -4.946458e+003 -5.021644e+003 -5.000000e+003
    endloop
  endfacet
  facet normal  3.092251e-001  9.509888e-001  0.000000e+000
    outer loop
      vertex -4.970969e+003 -4.961432e+003 -5.000000e+003
      vertex -4.970969e+003 -4.961432e+003 -4.982000e+003
      vertex -4.963719e+003 -4.963790e+003 -5.000000e+003
    endloop
  endfacet
  facet normal  3.092251e-001  9.509888e-001  -0.000000e+000
    outer loop
      vertex -4.963719e+003 -4.963790e+003 -5.000000e+003
      vertex -4.970969e+003 -4.961432e+003 -4.982000e+003
      vertex -4.963719e+003 -4.963790e+003 -4.982000e+003
    endloop
  endfacet
  facet normal  4.860834e-001  8.739125e-001  0.000000e+000
    outer loop
      vertex -4.963719e+003 -4.963790e+003 -5.000000e+003
      vertex -4.963719e+003 -4.963790e+003 -4.982000e+003
      vertex -4.957057e+003 -4.967495e+003 -5.000000e+003
    endloop
  endfacet
  facet normal  4.860834e-001  8.739125e-001  -0.000000e+000
    outer loop
      vertex -4.957057e+003 -4.967495e+003 -5.000000e+003
      vertex -4.963719e+003 -4.963790e+003 -4.982000e+003
      vertex -4.957057e+003 -4.967495e+003 -4.982000e+003
    endloop
  endfacet
  facet normal  6.449913e-001  7.641898e-001  0.000000e+000
    outer loop
      vertex -4.957057e+003 -4.967495e+003 -5.000000e+003
      vertex -4.957057e+003 -4.967495e+003 -4.982000e+003
      vertex -4.951231e+003 -4.972412e+003 -5.000000e+003
    endloop
  endfacet
  facet normal  6.449913e-001  7.641898e-001  -0.000000e+000
    outer loop
      vertex -4.951231e+003 -4.972412e+003 -5.000000e+003
      vertex -4.957057e+003 -4.967495e+003 -4.982000e+003
      vertex -4.951231e+003 -4.972412e+003 -4.982000e+003
    endloop
  endfacet
  facet normal  7.797177e-001  6.261312e-001  0.000000e+000
    outer loop
      vertex -4.951231e+003 -4.972412e+003 -5.000000e+003
      vertex -4.951231e+003 -4.972412e+003 -4.982000e+003
      vertex -4.946458e+003 -4.978356e+003 -5.000000e+003
    endloop
  endfacet
  facet normal  7.797177e-001  6.261312e-001  -0.000000e+000
    outer loop
      vertex -4.946458e+003 -4.978356e+003 -5.000000e+003
      vertex -4.951231e+003 -4.972412e+003 -4.982000e+003
      vertex -4.946458e+003 -4.978356e+003 -4.982000e+003
    endloop
  endfacet
  facet normal  8.854802e-001  4.646770e-001  0.000000e+000
    outer loop
      vertex -4.946458e+003 -4.978356e+003 -5.000000e+003
      vertex -4.946458e+003 -4.978356e+003 -4.982000e+003
      vertex -4.942915e+003 -4.985107e+003 -5.000000e+003
    endloop
  endfacet
  facet normal  8.848123e-001  4.659474e-001 -6.078930e-004
    outer loop
      vertex -4.942915e+003 -4.985107e+003 -5.000000e+003
      vertex -4.946458e+003 -4.978356e+003 -4.982000e+003
      vertex -4.942959e+003 -4.985000e+003 -4.982000e+003
    endloop
  endfacet
  facet normal  9.262137e-001  3.769989e-001  2.160570e-005
    outer loop
      vertex -4.942915e+003 -4.985107e+003 -5.000000e+003
      vertex -4.942959e+003 -4.985000e+003 -4.982000e+003
      vertex -4.942877e+003 -4.985200e+003 -4.984444e+003
    endloop
  endfacet
  facet normal  8.778328e-001  4.647566e-001 -1.158051e-001
    outer loop
      vertex -4.941750e+003 -4.988372e+003 -4.991476e+003
      vertex -4.940736e+003 -4.992412e+003 -5.000000e+003
      vertex -4.942278e+003 -4.986779e+003 -4.989086e+003
    endloop
  endfacet
  facet normal  9.582009e-001  2.858399e-001 -1.210202e-002
    outer loop
      vertex -4.942278e+003 -4.986779e+003 -4.989086e+003
      vertex -4.940736e+003 -4.992412e+003 -5.000000e+003
      vertex -4.942915e+003 -4.985107e+003 -5.000000e+003
    endloop
  endfacet
  facet normal  9.370183e-001  3.492784e-001 -1.145059e-003
    outer loop
      vertex -4.942278e+003 -4.986779e+003 -4.989086e+003
      vertex -4.942915e+003 -4.985107e+003 -5.000000e+003
      vertex -4.942640e+003 -4.985801e+003 -4.986837e+003
    endloop
  endfacet
  facet normal  9.953160e-001  9.652131e-002 -5.469237e-003
    outer loop
      vertex -4.940736e+003 -4.992412e+003 -5.000000e+003
      vertex -4.940682e+003 -4.992693e+003 -4.995100e+003
      vertex -4.940000e+003 -5.000000e+003 -5.000000e+003
    endloop
  endfacet
  facet normal  9.350960e-001  2.533908e-001 -2.477674e-001
    outer loop
      vertex -4.940000e+003 -5.000000e+003 -5.000000e+003
      vertex -4.940682e+003 -4.992693e+003 -4.995100e+003
      vertex -4.940284e+003 -4.995272e+003 -4.996236e+003
    endloop
  endfacet
  facet normal  9.932793e-001  1.024638e-001 -5.382789e-002
    outer loop
      vertex -4.940000e+003 -5.000000e+003 -5.000000e+003
      vertex -4.940284e+003 -4.995272e+003 -4.996236e+003
      vertex -4.940070e+003 -4.997650e+003 -4.996815e+003
    endloop
  endfacet
  facet normal  9.953259e-001 -9.652228e-002 -3.141490e-003
    outer loop
      vertex -4.940000e+003 -5.000000e+003 -5.000000e+003
      vertex -4.940000e+003 -5.000098e+003 -4.997000e+003
      vertex -4.940736e+003 -5.007588e+003 -5.000000e+003
    endloop
  endfacet
  facet normal  9.925525e-001 -5.370877e-002 -1.093383e-001
    outer loop
      vertex -4.940736e+003 -5.007588e+003 -5.000000e+003
      vertex -4.940000e+003 -5.000098e+003 -4.997000e+003
      vertex -4.940130e+003 -5.003200e+003 -4.996655e+003
    endloop
  endfacet
  facet normal  9.921388e-001 -1.239687e-001 -1.709790e-002
    outer loop
      vertex -4.940736e+003 -5.007588e+003 -5.000000e+003
      vertex -4.940130e+003 -5.003200e+003 -4.996655e+003
      vertex -4.940481e+003 -5.006147e+003 -4.995682e+003
    endloop
  endfacet
  facet normal  7.797177e-001 -6.261312e-001  0.000000e+000
    outer loop
      vertex -4.946458e+003 -5.021644e+003 -4.982000e+003
      vertex -4.946458e+003 -5.021644e+003 -4.964000e+003
      vertex -4.951231e+003 -5.027588e+003 -4.982000e+003
    endloop
  endfacet
  facet normal  7.797177e-001 -6.261312e-001  0.000000e+000
    outer loop
      vertex -4.951231e+003 -5.027588e+003 -4.982000e+003
      vertex -4.946458e+003 -5.021644e+003 -4.964000e+003
      vertex -4.951231e+003 -5.027588e+003 -4.964000e+003
    endloop
  endfacet
  facet normal  6.449913e-001 -7.641898e-001  0.000000e+000
    outer loop
      vertex -4.951231e+003 -5.027588e+003 -4.982000e+003
      vertex -4.951231e+003 -5.027588e+003 -4.964000e+003
      vertex -4.957057e+003 -5.032505e+003 -4.982000e+003
    endloop
  endfacet
  facet normal  6.449913e-001 -7.641898e-001  0.000000e+000
    outer loop
      vertex -4.957057e+003 -5.032505e+003 -4.982000e+003
      vertex -4.951231e+003 -5.027588e+003 -4.964000e+003
      vertex -4.957057e+003 -5.032505e+003 -4.964000e+003
    endloop
  endfacet
  facet normal  4.860834e-001 -8.739125e-001  0.000000e+000
    outer loop
      vertex -4.957057e+003 -5.032505e+003 -4.982000e+003
      vertex -4.957057e+003 -5.032505e+003 -4.964000e+003
      vertex -4.963719e+003 -5.036210e+003 -4.982000e+003
    endloop
  endfacet
  facet normal  4.860834e-001 -8.739125e-001  0.000000e+000
    outer loop
      vertex -4.963719e+003 -5.036210e+003 -4.982000e+003
      vertex -4.957057e+003 -5.032505e+003 -4.964000e+003
      vertex -4.963719e+003 -5.036210e+003 -4.964000e+003
    endloop
  endfacet
  facet normal  3.092251e-001 -9.509888e-001  0.000000e+000
    outer loop
      vertex -4.963719e+003 -5.036210e+003 -4.982000e+003
      vertex -4.963719e+003 -5.036210e+003 -4.964000e+003
      vertex -4.970969e+003 -5.038568e+003 -4.982000e+003
    endloop
  endfacet
  facet normal  3.092251e-001 -9.509888e-001  0.000000e+000
    outer loop
      vertex -4.970969e+003 -5.038568e+003 -4.982000e+003
      vertex -4.963719e+003 -5.036210e+003 -4.964000e+003
      vertex -4.970969e+003 -5.038568e+003 -4.964000e+003
    endloop
  endfacet
  facet normal  1.207311e-001 -9.926852e-001  0.000000e+000
    outer loop
      vertex -4.970969e+003 -5.038568e+003 -4.982000e+003
      vertex -4.970969e+003 -5.038568e+003 -4.964000e+003
      vertex -4.978537e+003 -5.039488e+003 -4.964000e+003
    endloop
  endfacet
  facet normal  9.999999e-001  0.000000e+000  0.000000e+000
    outer loop
      vertex -4.960000e+003 -5.004635e+003 -4.967734e+003
      vertex -4.960000e+003 -4.995365e+003 -4.967734e+003
      vertex -4.960000e+003 -5.000000e+003 -4.967000e+003
    endloop
  endfacet
  facet normal  1.000000e+000  -0.000000e+000  0.000000e+000
    outer loop
      vertex -4.960000e+003 -4.995365e+003 -4.967734e+003
      vertex -4.960000e+003 -5.004635e+003 -4.967734e+003
      vertex -4.960000e+003 -4.991183e+003 -4.969865e+003
    endloop
  endfacet
  facet normal  1.000000e+000  0.000000e+000  0.000000e+000
    outer loop
      vertex -4.960000e+003 -4.991183e+003 -4.969865e+003
      vertex -4.960000e+003 -5.004635e+003 -4.967734e+003
      vertex -4.960000e+003 -5.008817e+003 -4.969865e+003
    endloop
  endfacet
  facet normal  1.000000e+000  -0.000000e+000  0.000000e+000
    outer loop
      vertex -4.960000e+003 -4.991183e+003 -4.969865e+003
      vertex -4.960000e+003 -5.008817e+003 -4.969865e+003
      vertex -4.960000e+003 -4.987865e+003 -4.973183e+003
    endloop
  endfacet
  facet normal  1.000000e+000  0.000000e+000  0.000000e+000
    outer loop
      vertex -4.960000e+003 -4.987865e+003 -4.973183e+003
      vertex -4.960000e+003 -5.008817e+003 -4.969865e+003
      vertex -4.960000e+003 -5.012135e+003 -4.973183e+003
    endloop
  endfacet
  facet normal  1.000000e+000  -0.000000e+000  0.000000e+000
    outer loop
      vertex -4.960000e+003 -4.987865e+003 -4.973183e+003
      vertex -4.960000e+003 -5.012135e+003 -4.973183e+003
      vertex -4.960000e+003 -4.985734e+003 -4.977365e+003
    endloop
  endfacet
  facet normal  1.000000e+000  0.000000e+000  0.000000e+000
    outer loop
      vertex -4.960000e+003 -4.985734e+003 -4.977365e+003
      vertex -4.960000e+003 -5.012135e+003 -4.973183e+003
      vertex -4.960000e+003 -5.014266e+003 -4.977365e+003
    endloop
  endfacet
  facet normal  1.000000e+000  -0.000000e+000  0.000000e+000
    outer loop
      vertex -4.960000e+003 -4.985734e+003 -4.977365e+003
      vertex -4.960000e+003 -5.014266e+003 -4.977365e+003
      vertex -4.960000e+003 -4.985000e+003 -4.982000e+003
    endloop
  endfacet
  facet normal  1.000000e+000  0.000000e+000  0.000000e+000
    outer loop
      vertex -4.960000e+003 -4.985000e+003 -4.982000e+003
      vertex -4.960000e+003 -5.014266e+003 -4.977365e+003
      vertex -4.960000e+003 -5.015000e+003 -4.982000e+003
    endloop
  endfacet
  facet normal  1.000000e+000  -0.000000e+000  0.000000e+000
    outer loop
      vertex -4.960000e+003 -4.985000e+003 -4.982000e+003
      vertex -4.960000e+003 -5.015000e+003 -4.982000e+003
      vertex -4.960000e+003 -4.985734e+003 -4.986635e+003
    endloop
  endfacet
  facet normal  1.000000e+000  0.000000e+000  0.000000e+000
    outer loop
      vertex -4.960000e+003 -4.985734e+003 -4.986635e+003
      vertex -4.960000e+003 -5.015000e+003 -4.982000e+003
      vertex -4.960000e+003 -5.014266e+003 -4.986635e+003
    endloop
  endfacet
  facet normal  1.000000e+000  -0.000000e+000  0.000000e+000
    outer loop
      vertex -4.960000e+003 -4.985734e+003 -4.986635e+003
      vertex -4.960000e+003 -5.014266e+003 -4.986635e+003
      vertex -4.960000e+003 -4.987865e+003 -4.990817e+003
    endloop
  endfacet
  facet normal  1.000000e+000  0.000000e+000  0.000000e+000
    outer loop
      vertex -4.960000e+003 -4.987865e+003 -4.990817e+003
      vertex -4.960000e+003 -5.014266e+003 -4.986635e+003
      vertex -4.960000e+003 -5.012135e+003 -4.990817e+003
    endloop
  endfacet
  facet normal  1.000000e+000  -0.000000e+000  0.000000e+000
    outer loop
      vertex -4.960000e+003 -4.987865e+003 -4.990817e+003
      vertex -4.960000e+003 -5.012135e+003 -4.990817e+003
      vertex -4.960000e+003 -4.991183e+003 -4.994135e+003
    endloop
  endfacet
  facet normal  1.000000e+000  0.000000e+000  0.000000e+000
    outer loop
      vertex -4.960000e+003 -4.991183e+003 -4.994135e+003
      vertex -4.960000e+003 -5.012135e+003 -4.990817e+003
      vertex -4.960000e+003 -5.008817e+003 -4.994135e+003
    endloop
  endfacet
  facet normal  1.000000e+000  -0.000000e+000  0.000000e+000
    outer loop
      vertex -4.960000e+003 -4.991183e+003 -4.994135e+003
      vertex -4.960000e+003 -5.008817e+003 -4.994135e+003
      vertex -4.960000e+003 -4.995365e+003 -4.996266e+003
    endloop
  endfacet
  facet normal  1.000000e+000  0.000000e+000  0.000000e+000
    outer loop
      vertex -4.960000e+003 -4.995365e+003 -4.996266e+003
      vertex -4.960000e+003 -5.008817e+003 -4.994135e+003
      vertex -4.960000e+003 -5.004635e+003 -4.996266e+003
    endloop
  endfacet
  facet normal  9.999999e-001  -0.000000e+000  0.000000e+000
    outer loop
      vertex -4.960000e+003 -4.995365e+003 -4.996266e+003
      vertex -4.960000e+003 -5.004635e+003 -4.996266e+003
      vertex -4.960000e+003 -5.000000e+003 -4.997000e+003
    endloop
  endfacet
  facet normal  -0.000000e+000  -0.000000e+000  1.000000e+000
    outer loop
      vertex -5.021713e+003 -5.033594e+003 -4.964000e+003
      vertex -5.014629e+003 -5.037229e+003 -4.964000e+003
      vertex -5.006964e+003 -5.039389e+003 -4.964000e+003
    endloop
  endfacet
  facet normal  0.000000e+000  -0.000000e+000  1.000000e+000
    outer loop
      vertex -4.993324e+003 -4.970752e+003 -4.964000e+003
      vertex -4.986983e+003 -4.972971e+003 -4.964000e+003
      vertex -4.951231e+003 -4.972412e+003 -4.964000e+003
    endloop
  endfacet
  facet normal  0.000000e+000  0.000000e+000  1.000000e+000
    outer loop
      vertex -5.000000e+003 -5.030000e+003 -4.964000e+003
      vertex -5.006676e+003 -5.029248e+003 -4.964000e+003
      vertex -5.027937e+003 -5.028627e+003 -4.964000e+003
    endloop
  endfacet
  facet normal  0.000000e+000  0.000000e+000  1.000000e+000
    outer loop
      vertex -5.000000e+003 -5.030000e+003 -4.964000e+003
      vertex -5.027937e+003 -5.028627e+003 -4.964000e+003
      vertex -5.021713e+003 -5.033594e+003 -4.964000e+003
    endloop
  endfacet
  facet normal  -0.000000e+000  0.000000e+000  1.000000e+000
    outer loop
      vertex -5.000000e+003 -5.030000e+003 -4.964000e+003
      vertex -5.021713e+003 -5.033594e+003 -4.964000e+003
      vertex -5.006964e+003 -5.039389e+003 -4.964000e+003
    endloop
  endfacet
  facet normal  -0.000000e+000  0.000000e+000  1.000000e+000
    outer loop
      vertex -5.000000e+003 -5.030000e+003 -4.964000e+003
      vertex -5.006964e+003 -5.039389e+003 -4.964000e+003
      vertex -4.999024e+003 -5.039988e+003 -4.964000e+003
    endloop
  endfacet
  facet normal  0.000000e+000  -0.000000e+000  9.999999e-001
    outer loop
      vertex -5.000000e+003 -5.030000e+003 -4.964000e+003
      vertex -4.999024e+003 -5.039988e+003 -4.964000e+003
      vertex -4.978537e+003 -5.039488e+003 -4.964000e+003
    endloop
  endfacet
  facet normal  0.000000e+000  -0.000000e+000  1.000000e+000
    outer loop
      vertex -5.000000e+003 -5.030000e+003 -4.964000e+003
      vertex -4.978537e+003 -5.039488e+003 -4.964000e+003
      vertex -4.970969e+003 -5.038568e+003 -4.964000e+003
    endloop
  endfacet
  facet normal  0.000000e+000  -0.000000e+000  1.000000e+000
    outer loop
      vertex -5.000000e+003 -5.030000e+003 -4.964000e+003
      vertex -4.970969e+003 -5.038568e+003 -4.964000e+003
      vertex -4.963719e+003 -5.036210e+003 -4.964000e+003
    endloop
  endfacet
  facet normal  0.000000e+000  -0.000000e+000  1.000000e+000
    outer loop
      vertex -5.000000e+003 -5.030000e+003 -4.964000e+003
      vertex -4.963719e+003 -5.036210e+003 -4.964000e+003
      vertex -4.957057e+003 -5.032505e+003 -4.964000e+003
    endloop
  endfacet
  facet normal  0.000000e+000  0.000000e+000  1.000000e+000
    outer loop
      vertex -5.000000e+003 -5.030000e+003 -4.964000e+003
      vertex -4.957057e+003 -5.032505e+003 -4.964000e+003
      vertex -4.993324e+003 -5.029248e+003 -4.964000e+003
    endloop
  endfacet
  facet normal  -0.000000e+000  -0.000000e+000  1.000000e+000
    outer loop
      vertex -5.000000e+003 -4.970000e+003 -4.964000e+003
      vertex -4.993324e+003 -4.970752e+003 -4.964000e+003
      vertex -4.951231e+003 -4.972412e+003 -4.964000e+003
    endloop
  endfacet
  facet normal  0.000000e+000  0.000000e+000  1.000000e+000
    outer loop
      vertex -5.000000e+003 -4.970000e+003 -4.964000e+003
      vertex -4.951231e+003 -4.972412e+003 -4.964000e+003
      vertex -4.957057e+003 -4.967495e+003 -4.964000e+003
    endloop
  endfacet
  facet normal  0.000000e+000  0.000000e+000  1.000000e+000
    outer loop
      vertex -5.000000e+003 -4.970000e+003 -4.964000e+003
      vertex -4.957057e+003 -4.967495e+003 -4.964000e+003
      vertex -4.963719e+003 -4.963790e+003 -4.964000e+003
    endloop
  endfacet
  facet normal  0.000000e+000  0.000000e+000  1.000000e+000
    outer loop
      vertex -5.000000e+003 -4.970000e+003 -4.964000e+003
      vertex -4.963719e+003 -4.963790e+003 -4.964000e+003
      vertex -4.970969e+003 -4.961432e+003 -4.964000e+003
    endloop
  endfacet
  facet normal  0.000000e+000  0.000000e+000  1.000000e+000
    outer loop
      vertex -5.000000e+003 -4.970000e+003 -4.964000e+003
      vertex -4.970969e+003 -4.961432e+003 -4.964000e+003
      vertex -4.978537e+003 -4.960512e+003 -4.964000e+003
    endloop
  endfacet
  facet normal  0.000000e+000  0.000000e+000  9.999999e-001
    outer loop
      vertex -5.000000e+003 -4.970000e+003 -4.964000e+003
      vertex -4.978537e+003 -4.960512e+003 -4.964000e+003
      vertex -4.999024e+003 -4.960012e+003 -4.964000e+003
    endloop
  endfacet
  facet normal  0.000000e+000  0.000000e+000  1.000000e+000
    outer loop
      vertex -5.000000e+003 -4.970000e+003 -4.964000e+003
      vertex -4.999024e+003 -4.960012e+003 -4.964000e+003
      vertex -5.006964e+003 -4.960611e+003 -4.964000e+003
    endloop
  endfacet
  facet normal  0.000000e+000  0.000000e+000  1.000000e+000
    outer loop
      vertex -5.000000e+003 -4.970000e+003 -4.964000e+003
      vertex -5.006964e+003 -4.960611e+003 -4.964000e+003
      vertex -5.014629e+003 -4.962771e+003 -4.964000e+003
    endloop
  endfacet
  facet normal  0.000000e+000  0.000000e+000  1.000000e+000
    outer loop
      vertex -5.000000e+003 -4.970000e+003 -4.964000e+003
      vertex -5.014629e+003 -4.962771e+003 -4.964000e+003
      vertex -5.021713e+003 -4.966406e+003 -4.964000e+003
    endloop
  endfacet
  facet normal  0.000000e+000  0.000000e+000  1.000000e+000
    outer loop
      vertex -5.000000e+003 -4.970000e+003 -4.964000e+003
      vertex -5.021713e+003 -4.966406e+003 -4.964000e+003
      vertex -5.027937e+003 -4.971373e+003 -4.964000e+003
    endloop
  endfacet
  facet normal  0.000000e+000  0.000000e+000  1.000000e+000
    outer loop
      vertex -5.000000e+003 -4.970000e+003 -4.964000e+003
      vertex -5.027937e+003 -4.971373e+003 -4.964000e+003
      vertex -5.006676e+003 -4.970752e+003 -4.964000e+003
    endloop
  endfacet
  facet normal  -0.000000e+000  0.000000e+000  1.000000e+000
    outer loop
      vertex -5.006676e+003 -4.970752e+003 -4.964000e+003
      vertex -5.027937e+003 -4.971373e+003 -4.964000e+003
      vertex -5.013017e+003 -4.972971e+003 -4.964000e+003
    endloop
  endfacet
  facet normal  0.000000e+000  0.000000e+000  9.999999e-001
    outer loop
      vertex -5.013017e+003 -4.972971e+003 -4.964000e+003
      vertex -5.027937e+003 -4.971373e+003 -4.964000e+003
      vertex -5.033054e+003 -4.977474e+003 -4.964000e+003
    endloop
  endfacet
  facet normal  0.000000e+000  0.000000e+000  1.000000e+000
    outer loop
      vertex -5.013017e+003 -4.972971e+003 -4.964000e+003
      vertex -5.033054e+003 -4.977474e+003 -4.964000e+003
      vertex -5.018705e+003 -4.976545e+003 -4.964000e+003
    endloop
  endfacet
  facet normal  -0.000000e+000  0.000000e+000  1.000000e+000
    outer loop
      vertex -5.018705e+003 -4.976545e+003 -4.964000e+003
      vertex -5.033054e+003 -4.977474e+003 -4.964000e+003
      vertex -5.023455e+003 -4.981295e+003 -4.964000e+003
    endloop
  endfacet
  facet normal  0.000000e+000  0.000000e+000  1.000000e+000
    outer loop
      vertex -5.023455e+003 -4.981295e+003 -4.964000e+003
      vertex -5.033054e+003 -4.977474e+003 -4.964000e+003
      vertex -5.036861e+003 -4.984468e+003 -4.964000e+003
    endloop
  endfacet
  facet normal  -0.000000e+000  0.000000e+000  1.000000e+000
    outer loop
      vertex -5.023455e+003 -4.981295e+003 -4.964000e+003
      vertex -5.036861e+003 -4.984468e+003 -4.964000e+003
      vertex -5.027029e+003 -4.986983e+003 -4.964000e+003
    endloop
  endfacet
  facet normal  0.000000e+000  0.000000e+000  1.000000e+000
    outer loop
      vertex -5.027029e+003 -4.986983e+003 -4.964000e+003
      vertex -5.036861e+003 -4.984468e+003 -4.964000e+003
      vertex -5.029248e+003 -4.993324e+003 -4.964000e+003
    endloop
  endfacet
  facet normal  0.000000e+000  0.000000e+000  1.000000e+000
    outer loop
      vertex -5.029248e+003 -4.993324e+003 -4.964000e+003
      vertex -5.036861e+003 -4.984468e+003 -4.964000e+003
      vertex -5.039208e+003 -4.992077e+003 -4.964000e+003
    endloop
  endfacet
  facet normal  0.000000e+000  0.000000e+000  9.999999e-001
    outer loop
      vertex -5.029248e+003 -4.993324e+003 -4.964000e+003
      vertex -5.039208e+003 -4.992077e+003 -4.964000e+003
      vertex -5.030000e+003 -5.000000e+003 -4.964000e+003
    endloop
  endfacet
  facet normal  0.000000e+000  0.000000e+000  1.000000e+000
    outer loop
      vertex -5.030000e+003 -5.000000e+003 -4.964000e+003
      vertex -5.039208e+003 -4.992077e+003 -4.964000e+003
      vertex -5.040000e+003 -5.000000e+003 -4.964000e+003
    endloop
  endfacet
  facet normal  -0.000000e+000  0.000000e+000  1.000000e+000
    outer loop
      vertex -5.030000e+003 -5.000000e+003 -4.964000e+003
      vertex -5.040000e+003 -5.000000e+003 -4.964000e+003
      vertex -5.029248e+003 -5.006676e+003 -4.964000e+003
    endloop
  endfacet
  facet normal  0.000000e+000  0.000000e+000  1.000000e+000
    outer loop
      vertex -5.029248e+003 -5.006676e+003 -4.964000e+003
      vertex -5.040000e+003 -5.000000e+003 -4.964000e+003
      vertex -5.039208e+003 -5.007923e+003 -4.964000e+003
    endloop
  endfacet
  facet normal  -0.000000e+000  0.000000e+000  1.000000e+000
    outer loop
      vertex -5.029248e+003 -5.006676e+003 -4.964000e+003
      vertex -5.039208e+003 -5.007923e+003 -4.964000e+003
      vertex -5.027029e+003 -5.013017e+003 -4.964000e+003
    endloop
  endfacet
  facet normal  0.000000e+000  0.000000e+000  1.000000e+000
    outer loop
      vertex -5.027029e+003 -5.013017e+003 -4.964000e+003
      vertex -5.039208e+003 -5.007923e+003 -4.964000e+003
      vertex -5.036861e+003 -5.015532e+003 -4.964000e+003
    endloop
  endfacet
  facet normal  -0.000000e+000  0.000000e+000  1.000000e+000
    outer loop
      vertex -5.027029e+003 -5.013017e+003 -4.964000e+003
      vertex -5.036861e+003 -5.015532e+003 -4.964000e+003
      vertex -5.023455e+003 -5.018705e+003 -4.964000e+003
    endloop
  endfacet
  facet normal  0.000000e+000  0.000000e+000  1.000000e+000
    outer loop
      vertex -5.023455e+003 -5.018705e+003 -4.964000e+003
      vertex -5.036861e+003 -5.015532e+003 -4.964000e+003
      vertex -5.033054e+003 -5.022526e+003 -4.964000e+003
    endloop
  endfacet
  facet normal  -0.000000e+000  0.000000e+000  1.000000e+000
    outer loop
      vertex -5.023455e+003 -5.018705e+003 -4.964000e+003
      vertex -5.033054e+003 -5.022526e+003 -4.964000e+003
      vertex -5.018705e+003 -5.023455e+003 -4.964000e+003
    endloop
  endfacet
  facet normal  0.000000e+000  0.000000e+000  1.000000e+000
    outer loop
      vertex -5.018705e+003 -5.023455e+003 -4.964000e+003
      vertex -5.033054e+003 -5.022526e+003 -4.964000e+003
      vertex -5.013017e+003 -5.027029e+003 -4.964000e+003
    endloop
  endfacet
  facet normal  0.000000e+000  0.000000e+000  9.999999e-001
    outer loop
      vertex -5.013017e+003 -5.027029e+003 -4.964000e+003
      vertex -5.033054e+003 -5.022526e+003 -4.964000e+003
      vertex -5.027937e+003 -5.028627e+003 -4.964000e+003
    endloop
  endfacet
  facet normal  -0.000000e+000  0.000000e+000  1.000000e+000
    outer loop
      vertex -5.013017e+003 -5.027029e+003 -4.964000e+003
      vertex -5.027937e+003 -5.028627e+003 -4.964000e+003
      vertex -5.006676e+003 -5.029248e+003 -4.964000e+003
    endloop
  endfacet
  facet normal  -0.000000e+000  0.000000e+000  1.000000e+000
    outer loop
      vertex -4.951231e+003 -4.972412e+003 -4.964000e+003
      vertex -4.986983e+003 -4.972971e+003 -4.964000e+003
      vertex -4.946458e+003 -4.978356e+003 -4.964000e+003
    endloop
  endfacet
  facet normal  0.000000e+000  0.000000e+000  1.000000e+000
    outer loop
      vertex -4.946458e+003 -4.978356e+003 -4.964000e+003
      vertex -4.986983e+003 -4.972971e+003 -4.964000e+003
      vertex -4.981295e+003 -4.976545e+003 -4.964000e+003
    endloop
  endfacet
  facet normal  0.000000e+000  0.000000e+000  1.000000e+000
    outer loop
      vertex -4.946458e+003 -4.978356e+003 -4.964000e+003
      vertex -4.981295e+003 -4.976545e+003 -4.964000e+003
      vertex -4.942915e+003 -4.985107e+003 -4.964000e+003
    endloop
  endfacet
  facet normal  0.000000e+000  0.000000e+000  1.000000e+000
    outer loop
      vertex -4.942915e+003 -4.985107e+003 -4.964000e+003
      vertex -4.981295e+003 -4.976545e+003 -4.964000e+003
      vertex -4.976545e+003 -4.981295e+003 -4.964000e+003
    endloop
  endfacet
  facet normal  0.000000e+000  0.000000e+000  9.999999e-001
    outer loop
      vertex -4.942915e+003 -4.985107e+003 -4.964000e+003
      vertex -4.976545e+003 -4.981295e+003 -4.964000e+003
      vertex -4.972971e+003 -4.986983e+003 -4.964000e+003
    endloop
  endfacet
  facet normal  -0.000000e+000  0.000000e+000  1.000000e+000
    outer loop
      vertex -4.942915e+003 -4.985107e+003 -4.964000e+003
      vertex -4.972971e+003 -4.986983e+003 -4.964000e+003
      vertex -4.940736e+003 -4.992412e+003 -4.964000e+003
    endloop
  endfacet
  facet normal  0.000000e+000  0.000000e+000  1.000000e+000
    outer loop
      vertex -4.940736e+003 -4.992412e+003 -4.964000e+003
      vertex -4.972971e+003 -4.986983e+003 -4.964000e+003
      vertex -4.970752e+003 -4.993324e+003 -4.964000e+003
    endloop
  endfacet
  facet normal  -0.000000e+000  0.000000e+000  1.000000e+000
    outer loop
      vertex -4.940736e+003 -4.992412e+003 -4.964000e+003
      vertex -4.970752e+003 -4.993324e+003 -4.964000e+003
      vertex -4.940000e+003 -5.000000e+003 -4.964000e+003
    endloop
  endfacet
  facet normal  0.000000e+000  0.000000e+000  1.000000e+000
    outer loop
      vertex -4.940000e+003 -5.000000e+003 -4.964000e+003
      vertex -4.970752e+003 -4.993324e+003 -4.964000e+003
      vertex -4.970000e+003 -5.000000e+003 -4.964000e+003
    endloop
  endfacet
  facet normal  -0.000000e+000  0.000000e+000  1.000000e+000
    outer loop
      vertex -4.940000e+003 -5.000000e+003 -4.964000e+003
      vertex -4.970000e+003 -5.000000e+003 -4.964000e+003
      vertex -4.940736e+003 -5.007588e+003 -4.964000e+003
    endloop
  endfacet
  facet normal  0.000000e+000  0.000000e+000  9.999999e-001
    outer loop
      vertex -4.940736e+003 -5.007588e+003 -4.964000e+003
      vertex -4.970000e+003 -5.000000e+003 -4.964000e+003
      vertex -4.970752e+003 -5.006676e+003 -4.964000e+003
    endloop
  endfacet
  facet normal  0.000000e+000  0.000000e+000  1.000000e+000
    outer loop
      vertex -4.940736e+003 -5.007588e+003 -4.964000e+003
      vertex -4.970752e+003 -5.006676e+003 -4.964000e+003
      vertex -4.942915e+003 -5.014893e+003 -4.964000e+003
    endloop
  endfacet
  facet normal  0.000000e+000  0.000000e+000  1.000000e+000
    outer loop
      vertex -4.942915e+003 -5.014893e+003 -4.964000e+003
      vertex -4.970752e+003 -5.006676e+003 -4.964000e+003
      vertex -4.972971e+003 -5.013017e+003 -4.964000e+003
    endloop
  endfacet
  facet normal  0.000000e+000  0.000000e+000  1.000000e+000
    outer loop
      vertex -4.942915e+003 -5.014893e+003 -4.964000e+003
      vertex -4.972971e+003 -5.013017e+003 -4.964000e+003
      vertex -4.946458e+003 -5.021644e+003 -4.964000e+003
    endloop
  endfacet
  facet normal  0.000000e+000  0.000000e+000  1.000000e+000
    outer loop
      vertex -4.946458e+003 -5.021644e+003 -4.964000e+003
      vertex -4.972971e+003 -5.013017e+003 -4.964000e+003
      vertex -4.976545e+003 -5.018705e+003 -4.964000e+003
    endloop
  endfacet
  facet normal  0.000000e+000  0.000000e+000  1.000000e+000
    outer loop
      vertex -4.946458e+003 -5.021644e+003 -4.964000e+003
      vertex -4.976545e+003 -5.018705e+003 -4.964000e+003
      vertex -4.981295e+003 -5.023455e+003 -4.964000e+003
    endloop
  endfacet
  facet normal  -0.000000e+000  0.000000e+000  1.000000e+000
    outer loop
      vertex -4.946458e+003 -5.021644e+003 -4.964000e+003
      vertex -4.981295e+003 -5.023455e+003 -4.964000e+003
      vertex -4.951231e+003 -5.027588e+003 -4.964000e+003
    endloop
  endfacet
  facet normal  0.000000e+000  0.000000e+000  1.000000e+000
    outer loop
      vertex -4.951231e+003 -5.027588e+003 -4.964000e+003
      vertex -4.981295e+003 -5.023455e+003 -4.964000e+003
      vertex -4.986983e+003 -5.027029e+003 -4.964000e+003
    endloop
  endfacet
  facet normal  0.000000e+000  0.000000e+000  1.000000e+000
    outer loop
      vertex -4.951231e+003 -5.027588e+003 -4.964000e+003
      vertex -4.986983e+003 -5.027029e+003 -4.964000e+003
      vertex -4.957057e+003 -5.032505e+003 -4.964000e+003
    endloop
  endfacet
  facet normal  0.000000e+000  0.000000e+000  1.000000e+000
    outer loop
      vertex -4.957057e+003 -5.032505e+003 -4.964000e+003
      vertex -4.986983e+003 -5.027029e+003 -4.964000e+003
      vertex -4.993324e+003 -5.029248e+003 -4.964000e+003
    endloop
  endfacet
  facet normal  0.000000e+000  0.000000e+000 -1.000000e+000
    outer loop
      vertex -5.006964e+003 -5.039389e+003 -5.000000e+003
      vertex -5.014629e+003 -5.037229e+003 -5.000000e+003
      vertex -5.021713e+003 -5.033594e+003 -5.000000e+003
    endloop
  endfacet
  facet normal  0.000000e+000  0.000000e+000 -1.000000e+000
    outer loop
      vertex -4.951231e+003 -4.972412e+003 -5.000000e+003
      vertex -4.986983e+003 -4.972971e+003 -5.000000e+003
      vertex -4.993324e+003 -4.970752e+003 -5.000000e+003
    endloop
  endfacet
  facet normal  0.000000e+000  -0.000000e+000 -1.000000e+000
    outer loop
      vertex -5.000000e+003 -5.030000e+003 -5.000000e+003
      vertex -4.993324e+003 -5.029248e+003 -5.000000e+003
      vertex -4.957057e+003 -5.032505e+003 -5.000000e+003
    endloop
  endfacet
  facet normal  -0.000000e+000  0.000000e+000 -1.000000e+000
    outer loop
      vertex -5.000000e+003 -5.030000e+003 -5.000000e+003
      vertex -4.957057e+003 -5.032505e+003 -5.000000e+003
      vertex -4.963719e+003 -5.036210e+003 -5.000000e+003
    endloop
  endfacet
  facet normal  -0.000000e+000  0.000000e+000 -1.000000e+000
    outer loop
      vertex -5.000000e+003 -5.030000e+003 -5.000000e+003
      vertex -4.963719e+003 -5.036210e+003 -5.000000e+003
      vertex -4.970969e+003 -5.038568e+003 -5.000000e+003
    endloop
  endfacet
  facet normal  -0.000000e+000  0.000000e+000 -1.000000e+000
    outer loop
      vertex -5.000000e+003 -5.030000e+003 -5.000000e+003
      vertex -4.970969e+003 -5.038568e+003 -5.000000e+003
      vertex -4.978537e+003 -5.039488e+003 -5.000000e+003
    endloop
  endfacet
  facet normal  -0.000000e+000  0.000000e+000 -9.999999e-001
    outer loop
      vertex -5.000000e+003 -5.030000e+003 -5.000000e+003
      vertex -4.978537e+003 -5.039488e+003 -5.000000e+003
      vertex -4.999024e+003 -5.039988e+003 -5.000000e+003
    endloop
  endfacet
  facet normal  0.000000e+000  0.000000e+000 -1.000000e+000
    outer loop
      vertex -5.000000e+003 -5.030000e+003 -5.000000e+003
      vertex -4.999024e+003 -5.039988e+003 -5.000000e+003
      vertex -5.006964e+003 -5.039389e+003 -5.000000e+003
    endloop
  endfacet
  facet normal  0.000000e+000  0.000000e+000 -1.000000e+000
    outer loop
      vertex -5.000000e+003 -5.030000e+003 -5.000000e+003
      vertex -5.006964e+003 -5.039389e+003 -5.000000e+003
      vertex -5.021713e+003 -5.033594e+003 -5.000000e+003
    endloop
  endfacet
  facet normal  0.000000e+000  0.000000e+000 -1.000000e+000
    outer loop
      vertex -5.000000e+003 -5.030000e+003 -5.000000e+003
      vertex -5.021713e+003 -5.033594e+003 -5.000000e+003
      vertex -5.027937e+003 -5.028627e+003 -5.000000e+003
    endloop
  endfacet
  facet normal  0.000000e+000  0.000000e+000 -1.000000e+000
    outer loop
      vertex -5.000000e+003 -5.030000e+003 -5.000000e+003
      vertex -5.027937e+003 -5.028627e+003 -5.000000e+003
      vertex -5.006676e+003 -5.029248e+003 -5.000000e+003
    endloop
  endfacet
  facet normal  -0.000000e+000  0.000000e+000 -1.000000e+000
    outer loop
      vertex -5.000000e+003 -4.970000e+003 -5.000000e+003
      vertex -5.006676e+003 -4.970752e+003 -5.000000e+003
      vertex -5.027937e+003 -4.971373e+003 -5.000000e+003
    endloop
  endfacet
  facet normal  0.000000e+000  0.000000e+000 -1.000000e+000
    outer loop
      vertex -5.000000e+003 -4.970000e+003 -5.000000e+003
      vertex -5.027937e+003 -4.971373e+003 -5.000000e+003
      vertex -5.021713e+003 -4.966406e+003 -5.000000e+003
    endloop
  endfacet
  facet normal  0.000000e+000  0.000000e+000 -1.000000e+000
    outer loop
      vertex -5.000000e+003 -4.970000e+003 -5.000000e+003
      vertex -5.021713e+003 -4.966406e+003 -5.000000e+003
      vertex -5.014629e+003 -4.962771e+003 -5.000000e+003
    endloop
  endfacet
  facet normal  0.000000e+000  0.000000e+000 -1.000000e+000
    outer loop
      vertex -5.000000e+003 -4.970000e+003 -5.000000e+003
      vertex -5.014629e+003 -4.962771e+003 -5.000000e+003
      vertex -5.006964e+003 -4.960611e+003 -5.000000e+003
    endloop
  endfacet
  facet normal  0.000000e+000  0.000000e+000 -1.000000e+000
    outer loop
      vertex -5.000000e+003 -4.970000e+003 -5.000000e+003
      vertex -5.006964e+003 -4.960611e+003 -5.000000e+003
      vertex -4.999024e+003 -4.960012e+003 -5.000000e+003
    endloop
  endfacet
  facet normal  0.000000e+000  -0.000000e+000 -9.999999e-001
    outer loop
      vertex -5.000000e+003 -4.970000e+003 -5.000000e+003
      vertex -4.999024e+003 -4.960012e+003 -5.000000e+003
      vertex -4.978537e+003 -4.960512e+003 -5.000000e+003
    endloop
  endfacet
  facet normal  0.000000e+000  -0.000000e+000 -1.000000e+000
    outer loop
      vertex -5.000000e+003 -4.970000e+003 -5.000000e+003
      vertex -4.978537e+003 -4.960512e+003 -5.000000e+003
      vertex -4.970969e+003 -4.961432e+003 -5.000000e+003
    endloop
  endfacet
  facet normal  0.000000e+000  -0.000000e+000 -1.000000e+000
    outer loop
      vertex -5.000000e+003 -4.970000e+003 -5.000000e+003
      vertex -4.970969e+003 -4.961432e+003 -5.000000e+003
      vertex -4.963719e+003 -4.963790e+003 -5.000000e+003
    endloop
  endfacet
  facet normal  0.000000e+000  -0.000000e+000 -1.000000e+000
    outer loop
      vertex -5.000000e+003 -4.970000e+003 -5.000000e+003
      vertex -4.963719e+003 -4.963790e+003 -5.000000e+003
      vertex -4.957057e+003 -4.967495e+003 -5.000000e+003
    endloop
  endfacet
  facet normal  0.000000e+000  -0.000000e+000 -1.000000e+000
    outer loop
      vertex -5.000000e+003 -4.970000e+003 -5.000000e+003
      vertex -4.957057e+003 -4.967495e+003 -5.000000e+003
      vertex -4.951231e+003 -4.972412e+003 -5.000000e+003
    endloop
  endfacet
  facet normal  0.000000e+000  0.000000e+000 -1.000000e+000
    outer loop
      vertex -5.000000e+003 -4.970000e+003 -5.000000e+003
      vertex -4.951231e+003 -4.972412e+003 -5.000000e+003
      vertex -4.993324e+003 -4.970752e+003 -5.000000e+003
    endloop
  endfacet
  facet normal  0.000000e+000  0.000000e+000 -1.000000e+000
    outer loop
      vertex -5.018705e+003 -4.976545e+003 -5.000000e+003
      vertex -5.033054e+003 -4.977474e+003 -5.000000e+003
      vertex -5.013017e+003 -4.972971e+003 -5.000000e+003
    endloop
  endfacet
  facet normal  -0.000000e+000  0.000000e+000 -9.999999e-001
    outer loop
      vertex -5.013017e+003 -4.972971e+003 -5.000000e+003
      vertex -5.033054e+003 -4.977474e+003 -5.000000e+003
      vertex -5.027937e+003 -4.971373e+003 -5.000000e+003
    endloop
  endfacet
  facet normal  0.000000e+000  0.000000e+000 -1.000000e+000
    outer loop
      vertex -5.013017e+003 -4.972971e+003 -5.000000e+003
      vertex -5.027937e+003 -4.971373e+003 -5.000000e+003
      vertex -5.006676e+003 -4.970752e+003 -5.000000e+003
    endloop
  endfacet
  facet normal  0.000000e+000  0.000000e+000 -1.000000e+000
    outer loop
      vertex -5.027029e+003 -4.986983e+003 -5.000000e+003
      vertex -5.036861e+003 -4.984468e+003 -5.000000e+003
      vertex -5.023455e+003 -4.981295e+003 -5.000000e+003
    endloop
  endfacet
  facet normal  -0.000000e+000  0.000000e+000 -1.000000e+000
    outer loop
      vertex -5.023455e+003 -4.981295e+003 -5.000000e+003
      vertex -5.036861e+003 -4.984468e+003 -5.000000e+003
      vertex -5.033054e+003 -4.977474e+003 -5.000000e+003
    endloop
  endfacet
  facet normal  0.000000e+000  0.000000e+000 -1.000000e+000
    outer loop
      vertex -5.023455e+003 -4.981295e+003 -5.000000e+003
      vertex -5.033054e+003 -4.977474e+003 -5.000000e+003
      vertex -5.018705e+003 -4.976545e+003 -5.000000e+003
    endloop
  endfacet
  facet normal  0.000000e+000  0.000000e+000 -1.000000e+000
    outer loop
      vertex -5.018705e+003 -5.023455e+003 -5.000000e+003
      vertex -5.033054e+003 -5.022526e+003 -5.000000e+003
      vertex -5.023455e+003 -5.018705e+003 -5.000000e+003
    endloop
  endfacet
  facet normal  -0.000000e+000  0.000000e+000 -1.000000e+000
    outer loop
      vertex -5.023455e+003 -5.018705e+003 -5.000000e+003
      vertex -5.033054e+003 -5.022526e+003 -5.000000e+003
      vertex -5.036861e+003 -5.015532e+003 -5.000000e+003
    endloop
  endfacet
  facet normal  0.000000e+000  0.000000e+000 -1.000000e+000
    outer loop
      vertex -5.023455e+003 -5.018705e+003 -5.000000e+003
      vertex -5.036861e+003 -5.015532e+003 -5.000000e+003
      vertex -5.027029e+003 -5.013017e+003 -5.000000e+003
    endloop
  endfacet
  facet normal  -0.000000e+000  0.000000e+000 -1.000000e+000
    outer loop
      vertex -5.027029e+003 -5.013017e+003 -5.000000e+003
      vertex -5.036861e+003 -5.015532e+003 -5.000000e+003
      vertex -5.039208e+003 -5.007923e+003 -5.000000e+003
    endloop
  endfacet
  facet normal  0.000000e+000  0.000000e+000 -1.000000e+000
    outer loop
      vertex -5.027029e+003 -5.013017e+003 -5.000000e+003
      vertex -5.039208e+003 -5.007923e+003 -5.000000e+003
      vertex -5.029248e+003 -5.006676e+003 -5.000000e+003
    endloop
  endfacet
  facet normal  -0.000000e+000  0.000000e+000 -1.000000e+000
    outer loop
      vertex -5.029248e+003 -5.006676e+003 -5.000000e+003
      vertex -5.039208e+003 -5.007923e+003 -5.000000e+003
      vertex -5.040000e+003 -5.000000e+003 -5.000000e+003
    endloop
  endfacet
  facet normal  0.000000e+000  0.000000e+000 -1.000000e+000
    outer loop
      vertex -5.029248e+003 -5.006676e+003 -5.000000e+003
      vertex -5.040000e+003 -5.000000e+003 -5.000000e+003
      vertex -5.030000e+003 -5.000000e+003 -5.000000e+003
    endloop
  endfacet
  facet normal  0.000000e+000  0.000000e+000 -1.000000e+000
    outer loop
      vertex -5.030000e+003 -5.000000e+003 -5.000000e+003
      vertex -5.040000e+003 -5.000000e+003 -5.000000e+003
      vertex -5.039208e+003 -4.992077e+003 -5.000000e+003
    endloop
  endfacet
  facet normal  0.000000e+000  0.000000e+000 -9.999999e-001
    outer loop
      vertex -5.030000e+003 -5.000000e+003 -5.000000e+003
      vertex -5.039208e+003 -4.992077e+003 -5.000000e+003
      vertex -5.029248e+003 -4.993324e+003 -5.000000e+003
    endloop
  endfacet
  facet normal  0.000000e+000  0.000000e+000 -1.000000e+000
    outer loop
      vertex -5.029248e+003 -4.993324e+003 -5.000000e+003
      vertex -5.039208e+003 -4.992077e+003 -5.000000e+003
      vertex -5.036861e+003 -4.984468e+003 -5.000000e+003
    endloop
  endfacet
  facet normal  0.000000e+000  0.000000e+000 -1.000000e+000
    outer loop
      vertex -5.029248e+003 -4.993324e+003 -5.000000e+003
      vertex -5.036861e+003 -4.984468e+003 -5.000000e+003
      vertex -5.027029e+003 -4.986983e+003 -5.000000e+003
    endloop
  endfacet
  facet normal  0.000000e+000  0.000000e+000 -1.000000e+000
    outer loop
      vertex -5.006676e+003 -5.029248e+003 -5.000000e+003
      vertex -5.027937e+003 -5.028627e+003 -5.000000e+003
      vertex -5.013017e+003 -5.027029e+003 -5.000000e+003
    endloop
  endfacet
  facet normal  -0.000000e+000  0.000000e+000 -9.999999e-001
    outer loop
      vertex -5.013017e+003 -5.027029e+003 -5.000000e+003
      vertex -5.027937e+003 -5.028627e+003 -5.000000e+003
      vertex -5.033054e+003 -5.022526e+003 -5.000000e+003
    endloop
  endfacet
  facet normal  0.000000e+000  0.000000e+000 -1.000000e+000
    outer loop
      vertex -5.013017e+003 -5.027029e+003 -5.000000e+003
      vertex -5.033054e+003 -5.022526e+003 -5.000000e+003
      vertex -5.018705e+003 -5.023455e+003 -5.000000e+003
    endloop
  endfacet
  facet normal  0.000000e+000  0.000000e+000 -9.999999e-001
    outer loop
      vertex -4.972971e+003 -4.986983e+003 -5.000000e+003
      vertex -4.976545e+003 -4.981295e+003 -5.000000e+003
      vertex -4.942915e+003 -4.985107e+003 -5.000000e+003
    endloop
  endfacet
  facet normal  0.000000e+000  0.000000e+000 -1.000000e+000
    outer loop
      vertex -4.942915e+003 -4.985107e+003 -5.000000e+003
      vertex -4.976545e+003 -4.981295e+003 -5.000000e+003
      vertex -4.981295e+003 -4.976545e+003 -5.000000e+003
    endloop
  endfacet
  facet normal  0.000000e+000  0.000000e+000 -1.000000e+000
    outer loop
      vertex -4.942915e+003 -4.985107e+003 -5.000000e+003
      vertex -4.981295e+003 -4.976545e+003 -5.000000e+003
      vertex -4.946458e+003 -4.978356e+003 -5.000000e+003
    endloop
  endfacet
  facet normal  0.000000e+000  0.000000e+000 -1.000000e+000
    outer loop
      vertex -4.946458e+003 -4.978356e+003 -5.000000e+003
      vertex -4.981295e+003 -4.976545e+003 -5.000000e+003
      vertex -4.986983e+003 -4.972971e+003 -5.000000e+003
    endloop
  endfacet
  facet normal  0.000000e+000  0.000000e+000 -1.000000e+000
    outer loop
      vertex -4.946458e+003 -4.978356e+003 -5.000000e+003
      vertex -4.986983e+003 -4.972971e+003 -5.000000e+003
      vertex -4.951231e+003 -4.972412e+003 -5.000000e+003
    endloop
  endfacet
  facet normal  0.000000e+000  -0.000000e+000 -1.000000e+000
    outer loop
      vertex -4.981295e+003 -5.023455e+003 -5.000000e+003
      vertex -4.976545e+003 -5.018705e+003 -5.000000e+003
      vertex -4.946458e+003 -5.021644e+003 -5.000000e+003
    endloop
  endfacet
  facet normal  0.000000e+000  0.000000e+000 -1.000000e+000
    outer loop
      vertex -4.946458e+003 -5.021644e+003 -5.000000e+003
      vertex -4.976545e+003 -5.018705e+003 -5.000000e+003
      vertex -4.972971e+003 -5.013017e+003 -5.000000e+003
    endloop
  endfacet
  facet normal  0.000000e+000  0.000000e+000 -1.000000e+000
    outer loop
      vertex -4.946458e+003 -5.021644e+003 -5.000000e+003
      vertex -4.972971e+003 -5.013017e+003 -5.000000e+003
      vertex -4.942915e+003 -5.014893e+003 -5.000000e+003
    endloop
  endfacet
  facet normal  0.000000e+000  0.000000e+000 -1.000000e+000
    outer loop
      vertex -4.942915e+003 -5.014893e+003 -5.000000e+003
      vertex -4.972971e+003 -5.013017e+003 -5.000000e+003
      vertex -4.970752e+003 -5.006676e+003 -5.000000e+003
    endloop
  endfacet
  facet normal  0.000000e+000  0.000000e+000 -1.000000e+000
    outer loop
      vertex -4.942915e+003 -5.014893e+003 -5.000000e+003
      vertex -4.970752e+003 -5.006676e+003 -5.000000e+003
      vertex -4.940736e+003 -5.007588e+003 -5.000000e+003
    endloop
  endfacet
  facet normal  0.000000e+000  0.000000e+000 -9.999999e-001
    outer loop
      vertex -4.940736e+003 -5.007588e+003 -5.000000e+003
      vertex -4.970752e+003 -5.006676e+003 -5.000000e+003
      vertex -4.970000e+003 -5.000000e+003 -5.000000e+003
    endloop
  endfacet
  facet normal  0.000000e+000  0.000000e+000 -1.000000e+000
    outer loop
      vertex -4.940736e+003 -5.007588e+003 -5.000000e+003
      vertex -4.970000e+003 -5.000000e+003 -5.000000e+003
      vertex -4.940000e+003 -5.000000e+003 -5.000000e+003
    endloop
  endfacet
  facet normal  0.000000e+000  0.000000e+000 -1.000000e+000
    outer loop
      vertex -4.940000e+003 -5.000000e+003 -5.000000e+003
      vertex -4.970000e+003 -5.000000e+003 -5.000000e+003
      vertex -4.970752e+003 -4.993324e+003 -5.000000e+003
    endloop
  endfacet
  facet normal  0.000000e+000  0.000000e+000 -1.000000e+000
    outer loop
      vertex -4.940000e+003 -5.000000e+003 -5.000000e+003
      vertex -4.970752e+003 -4.993324e+003 -5.000000e+003
      vertex -4.940736e+003 -4.992412e+003 -5.000000e+003
    endloop
  endfacet
  facet normal  -0.000000e+000  0.000000e+000 -1.000000e+000
    outer loop
      vertex -4.940736e+003 -4.992412e+003 -5.000000e+003
      vertex -4.970752e+003 -4.993324e+003 -5.000000e+003
      vertex -4.972971e+003 -4.986983e+003 -5.000000e+003
    endloop
  endfacet
  facet normal  0.000000e+000  0.000000e+000 -1.000000e+000
    outer loop
      vertex -4.940736e+003 -4.992412e+003 -5.000000e+003
      vertex -4.972971e+003 -4.986983e+003 -5.000000e+003
      vertex -4.942915e+003 -4.985107e+003 -5.000000e+003
    endloop
  endfacet
  facet normal  0.000000e+000  0.000000e+000 -1.000000e+000
    outer loop
      vertex -4.946458e+003 -5.021644e+003 -5.000000e+003
      vertex -4.951231e+003 -5.027588e+003 -5.000000e+003
      vertex -4.981295e+003 -5.023455e+003 -5.000000e+003
    endloop
  endfacet
  facet normal  0.000000e+000  -0.000000e+000 -1.000000e+000
    outer loop
      vertex -4.981295e+003 -5.023455e+003 -5.000000e+003
      vertex -4.951231e+003 -5.027588e+003 -5.000000e+003
      vertex -4.986983e+003 -5.027029e+003 -5.000000e+003
    endloop
  endfacet
  facet normal  0.000000e+000  0.000000e+000 -1.000000e+000
    outer loop
      vertex -4.951231e+003 -5.027588e+003 -5.000000e+003
      vertex -4.957057e+003 -5.032505e+003 -5.000000e+003
      vertex -4.986983e+003 -5.027029e+003 -5.000000e+003
    endloop
  endfacet
  facet normal  0.000000e+000  -0.000000e+000 -1.000000e+000
    outer loop
      vertex -4.986983e+003 -5.027029e+003 -5.000000e+003
      vertex -4.957057e+003 -5.032505e+003 -5.000000e+003
      vertex -4.993324e+003 -5.029248e+003 -5.000000e+003
    endloop
  endfacet
  facet normal  1.119311e-001 -9.937159e-001  0.000000e+000
    outer loop
      vertex -5.000000e+003 -4.970000e+003 -5.000000e+003
      vertex -5.006676e+003 -4.970752e+003 -4.964000e+003
      vertex -5.006676e+003 -4.970752e+003 -5.000000e+003
    endloop
  endfacet
  facet normal  3.302792e-001 -9.438832e-001  0.000000e+000
    outer loop
      vertex -5.006676e+003 -4.970752e+003 -5.000000e+003
      vertex -5.006676e+003 -4.970752e+003 -4.964000e+003
      vertex -5.013017e+003 -4.972971e+003 -4.964000e+003
    endloop
  endfacet
  facet normal  3.302792e-001 -9.438832e-001  0.000000e+000
    outer loop
      vertex -5.006676e+003 -4.970752e+003 -5.000000e+003
      vertex -5.013017e+003 -4.972971e+003 -4.964000e+003
      vertex -5.013017e+003 -4.972971e+003 -5.000000e+003
    endloop
  endfacet
  facet normal  5.320554e-001 -8.467095e-001  0.000000e+000
    outer loop
      vertex -5.013017e+003 -4.972971e+003 -5.000000e+003
      vertex -5.013017e+003 -4.972971e+003 -4.964000e+003
      vertex -5.018705e+003 -4.976545e+003 -4.964000e+003
    endloop
  endfacet
  facet normal  5.320554e-001 -8.467095e-001  0.000000e+000
    outer loop
      vertex -5.013017e+003 -4.972971e+003 -5.000000e+003
      vertex -5.018705e+003 -4.976545e+003 -4.964000e+003
      vertex -5.018705e+003 -4.976545e+003 -5.000000e+003
    endloop
  endfacet
  facet normal  7.071068e-001 -7.071068e-001  0.000000e+000
    outer loop
      vertex -5.018705e+003 -4.976545e+003 -5.000000e+003
      vertex -5.018705e+003 -4.976545e+003 -4.964000e+003
      vertex -5.023455e+003 -4.981295e+003 -4.964000e+003
    endloop
  endfacet
  facet normal  7.071068e-001 -7.071068e-001  0.000000e+000
    outer loop
      vertex -5.018705e+003 -4.976545e+003 -5.000000e+003
      vertex -5.023455e+003 -4.981295e+003 -4.964000e+003
      vertex -5.023455e+003 -4.981295e+003 -5.000000e+003
    endloop
  endfacet
  facet normal  8.467095e-001 -5.320554e-001  0.000000e+000
    outer loop
      vertex -5.023455e+003 -4.981295e+003 -5.000000e+003
      vertex -5.023455e+003 -4.981295e+003 -4.964000e+003
      vertex -5.027029e+003 -4.986983e+003 -4.964000e+003
    endloop
  endfacet
  facet normal  8.467095e-001 -5.320554e-001  0.000000e+000
    outer loop
      vertex -5.023455e+003 -4.981295e+003 -5.000000e+003
      vertex -5.027029e+003 -4.986983e+003 -4.964000e+003
      vertex -5.027029e+003 -4.986983e+003 -5.000000e+003
    endloop
  endfacet
  facet normal  9.438832e-001 -3.302792e-001  0.000000e+000
    outer loop
      vertex -5.027029e+003 -4.986983e+003 -5.000000e+003
      vertex -5.027029e+003 -4.986983e+003 -4.964000e+003
      vertex -5.029248e+003 -4.993324e+003 -4.964000e+003
    endloop
  endfacet
  facet normal  9.438832e-001 -3.302792e-001  0.000000e+000
    outer loop
      vertex -5.027029e+003 -4.986983e+003 -5.000000e+003
      vertex -5.029248e+003 -4.993324e+003 -4.964000e+003
      vertex -5.029248e+003 -4.993324e+003 -5.000000e+003
    endloop
  endfacet
  facet normal  9.937159e-001 -1.119311e-001  0.000000e+000
    outer loop
      vertex -5.029248e+003 -4.993324e+003 -5.000000e+003
      vertex -5.029248e+003 -4.993324e+003 -4.964000e+003
      vertex -5.030000e+003 -5.000000e+003 -4.964000e+003
    endloop
  endfacet
  facet normal  9.937159e-001 -1.119311e-001  0.000000e+000
    outer loop
      vertex -5.029248e+003 -4.993324e+003 -5.000000e+003
      vertex -5.030000e+003 -5.000000e+003 -4.964000e+003
      vertex -5.030000e+003 -5.000000e+003 -5.000000e+003
    endloop
  endfacet
  facet normal  1.119311e-001 -9.937159e-001  0.000000e+000
    outer loop
      vertex -5.006676e+003 -4.970752e+003 -4.964000e+003
      vertex -5.000000e+003 -4.970000e+003 -5.000000e+003
      vertex -5.000000e+003 -4.970000e+003 -4.964000e+003
    endloop
  endfacet
  facet normal -1.119311e-001 -9.937159e-001  -0.000000e+000
    outer loop
      vertex -5.000000e+003 -4.970000e+003 -4.964000e+003
      vertex -5.000000e+003 -4.970000e+003 -5.000000e+003
      vertex -4.993324e+003 -4.970752e+003 -5.000000e+003
    endloop
  endfacet
  facet normal -1.119311e-001 -9.937159e-001  0.000000e+000
    outer loop
      vertex -5.000000e+003 -4.970000e+003 -4.964000e+003
      vertex -4.993324e+003 -4.970752e+003 -5.000000e+003
      vertex -4.993324e+003 -4.970752e+003 -4.964000e+003
    endloop
  endfacet
  facet normal -3.302792e-001 -9.438832e-001  -0.000000e+000
    outer loop
      vertex -4.993324e+003 -4.970752e+003 -4.964000e+003
      vertex -4.993324e+003 -4.970752e+003 -5.000000e+003
      vertex -4.986983e+003 -4.972971e+003 -5.000000e+003
    endloop
  endfacet
  facet normal -3.302792e-001 -9.438832e-001  0.000000e+000
    outer loop
      vertex -4.993324e+003 -4.970752e+003 -4.964000e+003
      vertex -4.986983e+003 -4.972971e+003 -5.000000e+003
      vertex -4.986983e+003 -4.972971e+003 -4.964000e+003
    endloop
  endfacet
  facet normal -5.320554e-001 -8.467095e-001  -0.000000e+000
    outer loop
      vertex -4.986983e+003 -4.972971e+003 -4.964000e+003
      vertex -4.986983e+003 -4.972971e+003 -5.000000e+003
      vertex -4.981295e+003 -4.976545e+003 -5.000000e+003
    endloop
  endfacet
  facet normal -5.320554e-001 -8.467095e-001  0.000000e+000
    outer loop
      vertex -4.986983e+003 -4.972971e+003 -4.964000e+003
      vertex -4.981295e+003 -4.976545e+003 -5.000000e+003
      vertex -4.981295e+003 -4.976545e+003 -4.964000e+003
    endloop
  endfacet
  facet normal -7.071068e-001 -7.071068e-001  -0.000000e+000
    outer loop
      vertex -4.981295e+003 -4.976545e+003 -4.964000e+003
      vertex -4.981295e+003 -4.976545e+003 -5.000000e+003
      vertex -4.976545e+003 -4.981295e+003 -5.000000e+003
    endloop
  endfacet
  facet normal -7.071068e-001 -7.071068e-001  0.000000e+000
    outer loop
      vertex -4.981295e+003 -4.976545e+003 -4.964000e+003
      vertex -4.976545e+003 -4.981295e+003 -5.000000e+003
      vertex -4.976545e+003 -4.981295e+003 -4.964000e+003
    endloop
  endfacet
  facet normal -8.467095e-001 -5.320554e-001  -0.000000e+000
    outer loop
      vertex -4.976545e+003 -4.981295e+003 -4.964000e+003
      vertex -4.976545e+003 -4.981295e+003 -5.000000e+003
      vertex -4.972971e+003 -4.986983e+003 -5.000000e+003
    endloop
  endfacet
  facet normal -8.467095e-001 -5.320554e-001  0.000000e+000
    outer loop
      vertex -4.976545e+003 -4.981295e+003 -4.964000e+003
      vertex -4.972971e+003 -4.986983e+003 -5.000000e+003
      vertex -4.972971e+003 -4.986983e+003 -4.964000e+003
    endloop
  endfacet
  facet normal -9.438832e-001 -3.302792e-001  -0.000000e+000
    outer loop
      vertex -4.972971e+003 -4.986983e+003 -4.964000e+003
      vertex -4.972971e+003 -4.986983e+003 -5.000000e+003
      vertex -4.970752e+003 -4.993324e+003 -5.000000e+003
    endloop
  endfacet
  facet normal -9.438832e-001 -3.302792e-001  0.000000e+000
    outer loop
      vertex -4.972971e+003 -4.986983e+003 -4.964000e+003
      vertex -4.970752e+003 -4.993324e+003 -5.000000e+003
      vertex -4.970752e+003 -4.993324e+003 -4.964000e+003
    endloop
  endfacet
  facet normal -9.937159e-001 -1.119311e-001  -0.000000e+000
    outer loop
      vertex -4.970752e+003 -4.993324e+003 -4.964000e+003
      vertex -4.970752e+003 -4.993324e+003 -5.000000e+003
      vertex -4.970000e+003 -5.000000e+003 -5.000000e+003
    endloop
  endfacet
  facet normal -9.937159e-001 -1.119311e-001  0.000000e+000
    outer loop
      vertex -4.970752e+003 -4.993324e+003 -4.964000e+003
      vertex -4.970000e+003 -5.000000e+003 -5.000000e+003
      vertex -4.970000e+003 -5.000000e+003 -4.964000e+003
    endloop
  endfacet
  facet normal -1.119311e-001  9.937159e-001  0.000000e+000
    outer loop
      vertex -5.000000e+003 -5.030000e+003 -5.000000e+003
      vertex -4.993324e+003 -5.029248e+003 -4.964000e+003
      vertex -4.993324e+003 -5.029248e+003 -5.000000e+003
    endloop
  endfacet
  facet normal -3.302792e-001  9.438832e-001  0.000000e+000
    outer loop
      vertex -4.993324e+003 -5.029248e+003 -5.000000e+003
      vertex -4.993324e+003 -5.029248e+003 -4.964000e+003
      vertex -4.986983e+003 -5.027029e+003 -4.964000e+003
    endloop
  endfacet
  facet normal -3.302792e-001  9.438832e-001  0.000000e+000
    outer loop
      vertex -4.993324e+003 -5.029248e+003 -5.000000e+003
      vertex -4.986983e+003 -5.027029e+003 -4.964000e+003
      vertex -4.986983e+003 -5.027029e+003 -5.000000e+003
    endloop
  endfacet
  facet normal -5.320554e-001  8.467095e-001  0.000000e+000
    outer loop
      vertex -4.986983e+003 -5.027029e+003 -5.000000e+003
      vertex -4.986983e+003 -5.027029e+003 -4.964000e+003
      vertex -4.981295e+003 -5.023455e+003 -4.964000e+003
    endloop
  endfacet
  facet normal -5.320554e-001  8.467095e-001  0.000000e+000
    outer loop
      vertex -4.986983e+003 -5.027029e+003 -5.000000e+003
      vertex -4.981295e+003 -5.023455e+003 -4.964000e+003
      vertex -4.981295e+003 -5.023455e+003 -5.000000e+003
    endloop
  endfacet
  facet normal -7.071068e-001  7.071068e-001  0.000000e+000
    outer loop
      vertex -4.981295e+003 -5.023455e+003 -5.000000e+003
      vertex -4.981295e+003 -5.023455e+003 -4.964000e+003
      vertex -4.976545e+003 -5.018705e+003 -4.964000e+003
    endloop
  endfacet
  facet normal -7.071068e-001  7.071068e-001  0.000000e+000
    outer loop
      vertex -4.981295e+003 -5.023455e+003 -5.000000e+003
      vertex -4.976545e+003 -5.018705e+003 -4.964000e+003
      vertex -4.976545e+003 -5.018705e+003 -5.000000e+003
    endloop
  endfacet
  facet normal -8.467095e-001  5.320554e-001  0.000000e+000
    outer loop
      vertex -4.976545e+003 -5.018705e+003 -5.000000e+003
      vertex -4.976545e+003 -5.018705e+003 -4.964000e+003
      vertex -4.972971e+003 -5.013017e+003 -4.964000e+003
    endloop
  endfacet
  facet normal -8.467095e-001  5.320554e-001  0.000000e+000
    outer loop
      vertex -4.976545e+003 -5.018705e+003 -5.000000e+003
      vertex -4.972971e+003 -5.013017e+003 -4.964000e+003
      vertex -4.972971e+003 -5.013017e+003 -5.000000e+003
    endloop
  endfacet
  facet normal -9.438832e-001  3.302792e-001  0.000000e+000
    outer loop
      vertex -4.972971e+003 -5.013017e+003 -5.000000e+003
      vertex -4.972971e+003 -5.013017e+003 -4.964000e+003
      vertex -4.970752e+003 -5.006676e+003 -4.964000e+003
    endloop
  endfacet
  facet normal -9.438832e-001  3.302792e-001  0.000000e+000
    outer loop
      vertex -4.972971e+003 -5.013017e+003 -5.000000e+003
      vertex -4.970752e+003 -5.006676e+003 -4.964000e+003
      vertex -4.970752e+003 -5.006676e+003 -5.000000e+003
    endloop
  endfacet
  facet normal -9.937159e-001  1.119311e-001  0.000000e+000
    outer loop
      vertex -4.970752e+003 -5.006676e+003 -5.000000e+003
      vertex -4.970752e+003 -5.006676e+003 -4.964000e+003
      vertex -4.970000e+003 -5.000000e+003 -4.964000e+003
    endloop
  endfacet
  facet normal -9.937159e-001  1.119311e-001  0.000000e+000
    outer loop
      vertex -4.970752e+003 -5.006676e+003 -5.000000e+003
      vertex -4.970000e+003 -5.000000e+003 -4.964000e+003
      vertex -4.970000e+003 -5.000000e+003 -5.000000e+003
    endloop
  endfacet
  facet normal -1.119311e-001  9.937159e-001  0.000000e+000
    outer loop
      vertex -4.993324e+003 -5.029248e+003 -4.964000e+003
      vertex -5.000000e+003 -5.030000e+003 -5.000000e+003
      vertex -5.000000e+003 -5.030000e+003 -4.964000e+003
    endloop
  endfacet
  facet normal  1.119311e-001  9.937159e-001  0.000000e+000
    outer loop
      vertex -5.000000e+003 -5.030000e+003 -4.964000e+003
      vertex -5.000000e+003 -5.030000e+003 -5.000000e+003
      vertex -5.006676e+003 -5.029248e+003 -5.000000e+003
    endloop
  endfacet
  facet normal  1.119311e-001  9.937159e-001  -0.000000e+000
    outer loop
      vertex -5.000000e+003 -5.030000e+003 -4.964000e+003
      vertex -5.006676e+003 -5.029248e+003 -5.000000e+003
      vertex -5.006676e+003 -5.029248e+003 -4.964000e+003
    endloop
  endfacet
  facet normal  3.302792e-001  9.438832e-001  0.000000e+000
    outer loop
      vertex -5.006676e+003 -5.029248e+003 -4.964000e+003
      vertex -5.006676e+003 -5.029248e+003 -5.000000e+003
      vertex -5.013017e+003 -5.027029e+003 -5.000000e+003
    endloop
  endfacet
  facet normal  3.302792e-001  9.438832e-001  -0.000000e+000
    outer loop
      vertex -5.006676e+003 -5.029248e+003 -4.964000e+003
      vertex -5.013017e+003 -5.027029e+003 -5.000000e+003
      vertex -5.013017e+003 -5.027029e+003 -4.964000e+003
    endloop
  endfacet
  facet normal  5.320554e-001  8.467095e-001  0.000000e+000
    outer loop
      vertex -5.013017e+003 -5.027029e+003 -4.964000e+003
      vertex -5.013017e+003 -5.027029e+003 -5.000000e+003
      vertex -5.018705e+003 -5.023455e+003 -5.000000e+003
    endloop
  endfacet
  facet normal  5.320554e-001  8.467095e-001  -0.000000e+000
    outer loop
      vertex -5.013017e+003 -5.027029e+003 -4.964000e+003
      vertex -5.018705e+003 -5.023455e+003 -5.000000e+003
      vertex -5.018705e+003 -5.023455e+003 -4.964000e+003
    endloop
  endfacet
  facet normal  7.071068e-001  7.071068e-001  0.000000e+000
    outer loop
      vertex -5.018705e+003 -5.023455e+003 -4.964000e+003
      vertex -5.018705e+003 -5.023455e+003 -5.000000e+003
      vertex -5.023455e+003 -5.018705e+003 -5.000000e+003
    endloop
  endfacet
  facet normal  7.071068e-001  7.071068e-001  -0.000000e+000
    outer loop
      vertex -5.018705e+003 -5.023455e+003 -4.964000e+003
      vertex -5.023455e+003 -5.018705e+003 -5.000000e+003
      vertex -5.023455e+003 -5.018705e+003 -4.964000e+003
    endloop
  endfacet
  facet normal  8.467095e-001  5.320554e-001  0.000000e+000
    outer loop
      vertex -5.023455e+003 -5.018705e+003 -4.964000e+003
      vertex -5.023455e+003 -5.018705e+003 -5.000000e+003
      vertex -5.027029e+003 -5.013017e+003 -5.000000e+003
    endloop
  endfacet
  facet normal  8.467095e-001  5.320554e-001  -0.000000e+000
    outer loop
      vertex -5.023455e+003 -5.018705e+003 -4.964000e+003
      vertex -5.027029e+003 -5.013017e+003 -5.000000e+003
      vertex -5.027029e+003 -5.013017e+003 -4.964000e+003
    endloop
  endfacet
  facet normal  9.438832e-001  3.302792e-001  0.000000e+000
    outer loop
      vertex -5.027029e+003 -5.013017e+003 -4.964000e+003
      vertex -5.027029e+003 -5.013017e+003 -5.000000e+003
      vertex -5.029248e+003 -5.006676e+003 -5.000000e+003
    endloop
  endfacet
  facet normal  9.438832e-001  3.302792e-001  -0.000000e+000
    outer loop
      vertex -5.027029e+003 -5.013017e+003 -4.964000e+003
      vertex -5.029248e+003 -5.006676e+003 -5.000000e+003
      vertex -5.029248e+003 -5.006676e+003 -4.964000e+003
    endloop
  endfacet
  facet normal  9.937159e-001  1.119311e-001  0.000000e+000
    outer loop
      vertex -5.029248e+003 -5.006676e+003 -4.964000e+003
      vertex -5.029248e+003 -5.006676e+003 -5.000000e+003
      vertex -5.030000e+003 -5.000000e+003 -5.000000e+003
    endloop
  endfacet
  facet normal  9.937159e-001  1.119311e-001  -0.000000e+000
    outer loop
      vertex -5.029248e+003 -5.006676e+003 -4.964000e+003
      vertex -5.030000e+003 -5.000000e+003 -5.000000e+003
      vertex -5.030000e+003 -5.000000e+003 -4.964000e+003
    endloop
  endfacet
  facet normal  2.439751e-002  9.997023e-001  0.000000e+000
    outer loop
      vertex -4.999024e+003 -4.960012e+003 -5.000000e+003
      vertex -4.999024e+003 -4.960012e+003 -4.964000e+003
      vertex -4.978537e+003 -4.960512e+003 -5.000000e+003
    endloop
  endfacet
  facet normal  2.439751e-002  9.997023e-001  -0.000000e+000
    outer loop
      vertex -4.978537e+003 -4.960512e+003 -5.000000e+003
      vertex -4.999024e+003 -4.960012e+003 -4.964000e+003
      vertex -4.978537e+003 -4.960512e+003 -4.964000e+003
    endloop
  endfacet
  facet normal  2.439751e-002 -9.997023e-001  0.000000e+000
    outer loop
      vertex -4.999024e+003 -5.039988e+003 -5.000000e+003
      vertex -4.978537e+003 -5.039488e+003 -5.000000e+003
      vertex -4.999024e+003 -5.039988e+003 -4.964000e+003
    endloop
  endfacet
  facet normal  2.439751e-002 -9.997023e-001  0.000000e+000
    outer loop
      vertex -4.999024e+003 -5.039988e+003 -4.964000e+003
      vertex -4.978537e+003 -5.039488e+003 -5.000000e+003
      vertex -4.978537e+003 -5.039488e+003 -4.964000e+003
    endloop
  endfacet
  facet normal -7.524271e-002 -9.971652e-001  -0.000000e+000
    outer loop
      vertex -4.999024e+003 -5.039988e+003 -5.000000e+003
      vertex -4.999024e+003 -5.039988e+003 -4.964000e+003
      vertex -5.006964e+003 -5.039389e+003 -5.000000e+003
    endloop
  endfacet
  facet normal -7.524271e-002 -9.971652e-001  0.000000e+000
    outer loop
      vertex -5.006964e+003 -5.039389e+003 -5.000000e+003
      vertex -4.999024e+003 -5.039988e+003 -4.964000e+003
      vertex -5.006964e+003 -5.039389e+003 -4.964000e+003
    endloop
  endfacet
  facet normal -2.712694e-001 -9.625035e-001  -0.000000e+000
    outer loop
      vertex -5.006964e+003 -5.039389e+003 -5.000000e+003
      vertex -5.006964e+003 -5.039389e+003 -4.964000e+003
      vertex -5.014629e+003 -5.037229e+003 -5.000000e+003
    endloop
  endfacet
  facet normal -2.712694e-001 -9.625035e-001  0.000000e+000
    outer loop
      vertex -5.014629e+003 -5.037229e+003 -5.000000e+003
      vertex -5.006964e+003 -5.039389e+003 -4.964000e+003
      vertex -5.014629e+003 -5.037229e+003 -4.964000e+003
    endloop
  endfacet
  facet normal -4.565345e-001 -8.897058e-001  -0.000000e+000
    outer loop
      vertex -5.014629e+003 -5.037229e+003 -5.000000e+003
      vertex -5.014629e+003 -5.037229e+003 -4.964000e+003
      vertex -5.021713e+003 -5.033594e+003 -5.000000e+003
    endloop
  endfacet
  facet normal -4.565345e-001 -8.897058e-001  0.000000e+000
    outer loop
      vertex -5.021713e+003 -5.033594e+003 -5.000000e+003
      vertex -5.014629e+003 -5.037229e+003 -4.964000e+003
      vertex -5.021713e+003 -5.033594e+003 -4.964000e+003
    endloop
  endfacet
  facet normal -6.237673e-001 -7.816101e-001  -0.000000e+000
    outer loop
      vertex -5.021713e+003 -5.033594e+003 -5.000000e+003
      vertex -5.021713e+003 -5.033594e+003 -4.964000e+003
      vertex -5.027937e+003 -5.028627e+003 -5.000000e+003
    endloop
  endfacet
  facet normal -6.237673e-001 -7.816101e-001  0.000000e+000
    outer loop
      vertex -5.027937e+003 -5.028627e+003 -5.000000e+003
      vertex -5.021713e+003 -5.033594e+003 -4.964000e+003
      vertex -5.027937e+003 -5.028627e+003 -4.964000e+003
    endloop
  endfacet
  facet normal -7.661818e-001 -6.426238e-001  -0.000000e+000
    outer loop
      vertex -5.027937e+003 -5.028627e+003 -5.000000e+003
      vertex -5.027937e+003 -5.028627e+003 -4.964000e+003
      vertex -5.033054e+003 -5.022526e+003 -5.000000e+003
    endloop
  endfacet
  facet normal -7.661818e-001 -6.426238e-001  0.000000e+000
    outer loop
      vertex -5.033054e+003 -5.022526e+003 -5.000000e+003
      vertex -5.027937e+003 -5.028627e+003 -4.964000e+003
      vertex -5.033054e+003 -5.022526e+003 -4.964000e+003
    endloop
  endfacet
  facet normal -8.782960e-001 -4.781173e-001  -0.000000e+000
    outer loop
      vertex -5.033054e+003 -5.022526e+003 -5.000000e+003
      vertex -5.033054e+003 -5.022526e+003 -4.964000e+003
      vertex -5.036861e+003 -5.015532e+003 -5.000000e+003
    endloop
  endfacet
  facet normal -8.782960e-001 -4.781173e-001  0.000000e+000
    outer loop
      vertex -5.036861e+003 -5.015532e+003 -5.000000e+003
      vertex -5.033054e+003 -5.022526e+003 -4.964000e+003
      vertex -5.036861e+003 -5.015532e+003 -4.964000e+003
    endloop
  endfacet
  facet normal -9.556025e-001 -2.946589e-001  -0.000000e+000
    outer loop
      vertex -5.036861e+003 -5.015532e+003 -5.000000e+003
      vertex -5.036861e+003 -5.015532e+003 -4.964000e+003
      vertex -5.039208e+003 -5.007923e+003 -5.000000e+003
    endloop
  endfacet
  facet normal -9.556025e-001 -2.946589e-001  0.000000e+000
    outer loop
      vertex -5.039208e+003 -5.007923e+003 -5.000000e+003
      vertex -5.036861e+003 -5.015532e+003 -4.964000e+003
      vertex -5.039208e+003 -5.007923e+003 -4.964000e+003
    endloop
  endfacet
  facet normal -9.950354e-001 -9.952193e-002  -0.000000e+000
    outer loop
      vertex -5.039208e+003 -5.007923e+003 -5.000000e+003
      vertex -5.039208e+003 -5.007923e+003 -4.964000e+003
      vertex -5.040000e+003 -5.000000e+003 -5.000000e+003
    endloop
  endfacet
  facet normal -9.950354e-001 -9.952193e-002  0.000000e+000
    outer loop
      vertex -5.040000e+003 -5.000000e+003 -5.000000e+003
      vertex -5.039208e+003 -5.007923e+003 -4.964000e+003
      vertex -5.040000e+003 -5.000000e+003 -4.964000e+003
    endloop
  endfacet
  facet normal -9.950354e-001  9.952193e-002  0.000000e+000
    outer loop
      vertex -5.040000e+003 -5.000000e+003 -5.000000e+003
      vertex -5.040000e+003 -5.000000e+003 -4.964000e+003
      vertex -5.039208e+003 -4.992077e+003 -5.000000e+003
    endloop
  endfacet
  facet normal -9.950354e-001  9.952193e-002  0.000000e+000
    outer loop
      vertex -5.039208e+003 -4.992077e+003 -5.000000e+003
      vertex -5.040000e+003 -5.000000e+003 -4.964000e+003
      vertex -5.039208e+003 -4.992077e+003 -4.964000e+003
    endloop
  endfacet
  facet normal -9.556025e-001  2.946589e-001  0.000000e+000
    outer loop
      vertex -5.039208e+003 -4.992077e+003 -5.000000e+003
      vertex -5.039208e+003 -4.992077e+003 -4.964000e+003
      vertex -5.036861e+003 -4.984468e+003 -5.000000e+003
    endloop
  endfacet
  facet normal -9.556025e-001  2.946589e-001  0.000000e+000
    outer loop
      vertex -5.036861e+003 -4.984468e+003 -5.000000e+003
      vertex -5.039208e+003 -4.992077e+003 -4.964000e+003
      vertex -5.036861e+003 -4.984468e+003 -4.964000e+003
    endloop
  endfacet
  facet normal -8.782960e-001  4.781173e-001  0.000000e+000
    outer loop
      vertex -5.036861e+003 -4.984468e+003 -5.000000e+003
      vertex -5.036861e+003 -4.984468e+003 -4.964000e+003
      vertex -5.033054e+003 -4.977474e+003 -5.000000e+003
    endloop
  endfacet
  facet normal -8.782960e-001  4.781173e-001  0.000000e+000
    outer loop
      vertex -5.033054e+003 -4.977474e+003 -5.000000e+003
      vertex -5.036861e+003 -4.984468e+003 -4.964000e+003
      vertex -5.033054e+003 -4.977474e+003 -4.964000e+003
    endloop
  endfacet
  facet normal -7.661818e-001  6.426238e-001  0.000000e+000
    outer loop
      vertex -5.033054e+003 -4.977474e+003 -5.000000e+003
      vertex -5.033054e+003 -4.977474e+003 -4.964000e+003
      vertex -5.027937e+003 -4.971373e+003 -5.000000e+003
    endloop
  endfacet
  facet normal -7.661818e-001  6.426238e-001  0.000000e+000
    outer loop
      vertex -5.027937e+003 -4.971373e+003 -5.000000e+003
      vertex -5.033054e+003 -4.977474e+003 -4.964000e+003
      vertex -5.027937e+003 -4.971373e+003 -4.964000e+003
    endloop
  endfacet
  facet normal -6.237673e-001  7.816101e-001  0.000000e+000
    outer loop
      vertex -5.027937e+003 -4.971373e+003 -5.000000e+003
      vertex -5.027937e+003 -4.971373e+003 -4.964000e+003
      vertex -5.021713e+003 -4.966406e+003 -5.000000e+003
    endloop
  endfacet
  facet normal -6.237673e-001  7.816101e-001  0.000000e+000
    outer loop
      vertex -5.021713e+003 -4.966406e+003 -5.000000e+003
      vertex -5.027937e+003 -4.971373e+003 -4.964000e+003
      vertex -5.021713e+003 -4.966406e+003 -4.964000e+003
    endloop
  endfacet
  facet normal -4.565345e-001  8.897058e-001  0.000000e+000
    outer loop
      vertex -5.021713e+003 -4.966406e+003 -5.000000e+003
      vertex -5.021713e+003 -4.966406e+003 -4.964000e+003
      vertex -5.014629e+003 -4.962771e+003 -5.000000e+003
    endloop
  endfacet
  facet normal -4.565345e-001  8.897058e-001  0.000000e+000
    outer loop
      vertex -5.014629e+003 -4.962771e+003 -5.000000e+003
      vertex -5.021713e+003 -4.966406e+003 -4.964000e+003
      vertex -5.014629e+003 -4.962771e+003 -4.964000e+003
    endloop
  endfacet
  facet normal -2.712694e-001  9.625035e-001  0.000000e+000
    outer loop
      vertex -5.014629e+003 -4.962771e+003 -5.000000e+003
      vertex -5.014629e+003 -4.962771e+003 -4.964000e+003
      vertex -5.006964e+003 -4.960611e+003 -5.000000e+003
    endloop
  endfacet
  facet normal -2.712694e-001  9.625035e-001  0.000000e+000
    outer loop
      vertex -5.006964e+003 -4.960611e+003 -5.000000e+003
      vertex -5.014629e+003 -4.962771e+003 -4.964000e+003
      vertex -5.006964e+003 -4.960611e+003 -4.964000e+003
    endloop
  endfacet
  facet normal -7.524271e-002  9.971652e-001  0.000000e+000
    outer loop
      vertex -5.006964e+003 -4.960611e+003 -5.000000e+003
      vertex -5.006964e+003 -4.960611e+003 -4.964000e+003
      vertex -4.999024e+003 -4.960012e+003 -5.000000e+003
    endloop
  endfacet
  facet normal -7.524271e-002  9.971652e-001  0.000000e+000
    outer loop
      vertex -4.999024e+003 -4.960012e+003 -5.000000e+003
      vertex -5.006964e+003 -4.960611e+003 -4.964000e+003
      vertex -4.999024e+003 -4.960012e+003 -4.964000e+003
    endloop
  endfacet
endsolid CATIA STL
