solid CATIA STL
  facet normal  1.000000e+000  0.000000e+000  -0.000000e+000
    outer loop
      vertex  1.500000e+001 -5.015000e+003  0.000000e+000
      vertex  1.500000e+001 -4.985000e+003  0.000000e+000
      vertex  1.500000e+001 -4.982000e+003  2.500000e+001
    endloop
  endfacet
  facet normal  1.000000e+000  0.000000e+000  0.000000e+000
    outer loop
      vertex  1.500000e+001 -5.015000e+003  0.000000e+000
      vertex  1.500000e+001 -4.982000e+003  2.500000e+001
      vertex  1.500000e+001 -4.987000e+003  2.500000e+001
    endloop
  endfacet
  facet normal  1.000000e+000  0.000000e+000  0.000000e+000
    outer loop
      vertex  1.500000e+001 -5.015000e+003  0.000000e+000
      vertex  1.500000e+001 -4.987000e+003  2.500000e+001
      vertex  1.500000e+001 -5.013000e+003  2.500000e+001
    endloop
  endfacet
  facet normal  1.000000e+000  0.000000e+000  0.000000e+000
    outer loop
      vertex  1.500000e+001 -5.015000e+003  0.000000e+000
      vertex  1.500000e+001 -5.013000e+003  2.500000e+001
      vertex  1.500000e+001 -5.018000e+003  2.500000e+001
    endloop
  endfacet
  facet normal  1.000000e+000  0.000000e+000  0.000000e+000
    outer loop
      vertex  1.500000e+001 -5.015000e+003  0.000000e+000
      vertex  1.500000e+001 -5.018000e+003  2.500000e+001
      vertex  1.500000e+001 -5.018000e+003 -2.500000e+001
    endloop
  endfacet
  facet normal  1.000000e+000  0.000000e+000  0.000000e+000
    outer loop
      vertex  1.500000e+001 -5.015000e+003  0.000000e+000
      vertex  1.500000e+001 -5.018000e+003 -2.500000e+001
      vertex  1.500000e+001 -5.015000e+003 -2.500000e+001
    endloop
  endfacet
  facet normal  1.000000e+000  0.000000e+000  0.000000e+000
    outer loop
      vertex  1.500000e+001 -5.013000e+003  2.500000e+001
      vertex  1.500000e+001 -4.987000e+003  2.500000e+001
      vertex  1.500000e+001 -5.013000e+003  1.580000e+002
    endloop
  endfacet
  facet normal  1.000000e+000  -0.000000e+000  0.000000e+000
    outer loop
      vertex  1.500000e+001 -5.013000e+003  1.580000e+002
      vertex  1.500000e+001 -4.987000e+003  2.500000e+001
      vertex  1.500000e+001 -4.987000e+003  1.580000e+002
    endloop
  endfacet
  facet normal  1.000000e+000  0.000000e+000  0.000000e+000
    outer loop
      vertex  1.500000e+001 -4.985000e+003 -2.500000e+001
      vertex  1.500000e+001 -4.982000e+003 -2.500000e+001
      vertex  1.500000e+001 -4.985000e+003  0.000000e+000
    endloop
  endfacet
  facet normal  1.000000e+000  -0.000000e+000  0.000000e+000
    outer loop
      vertex  1.500000e+001 -4.985000e+003  0.000000e+000
      vertex  1.500000e+001 -4.982000e+003 -2.500000e+001
      vertex  1.500000e+001 -4.982000e+003  2.500000e+001
    endloop
  endfacet
  facet normal  9.238650e-001  3.827185e-001  -0.000000e+000
    outer loop
      vertex  1.500000e+001 -4.987000e+003  1.580000e+002
      vertex  1.500000e+001 -4.987000e+003  2.500000e+001
      vertex  1.441421e+001 -4.985586e+003  1.580000e+002
    endloop
  endfacet
  facet normal  9.479675e-001  3.183661e-001  7.903554e-004
    outer loop
      vertex  1.441421e+001 -4.985586e+003  1.580000e+002
      vertex  1.500000e+001 -4.987000e+003  2.500000e+001
      vertex  1.458943e+001 -4.985786e+003  2.848549e+001
    endloop
  endfacet
  facet normal  6.344381e-001  7.729736e-001 -3.365088e-004
    outer loop
      vertex  1.441421e+001 -4.985586e+003  1.580000e+002
      vertex  1.458943e+001 -4.985786e+003  2.848549e+001
      vertex  1.388266e+001 -4.985205e+003  3.068083e+001
    endloop
  endfacet
  facet normal  2.263131e-001  9.740546e-001  0.000000e+000
    outer loop
      vertex  1.300000e+001 -4.985000e+003  3.248331e+001
      vertex  1.300000e+001 -4.985000e+003  1.580000e+002
      vertex  1.388266e+001 -4.985205e+003  3.068083e+001
    endloop
  endfacet
  facet normal  3.827675e-001  9.238440e-001  1.165519e-003
    outer loop
      vertex  1.388266e+001 -4.985205e+003  3.068083e+001
      vertex  1.300000e+001 -4.985000e+003  1.580000e+002
      vertex  1.441421e+001 -4.985586e+003  1.580000e+002
    endloop
  endfacet
  facet normal  0.000000e+000  0.000000e+000  1.000000e+000
    outer loop
      vertex  3.603474e+000 -5.013000e+003  1.600000e+002
      vertex  1.300000e+001 -5.013000e+003  1.600000e+002
      vertex  3.603474e+000 -4.987000e+003  1.600000e+002
    endloop
  endfacet
  facet normal  -0.000000e+000  0.000000e+000  1.000000e+000
    outer loop
      vertex  3.603474e+000 -4.987000e+003  1.600000e+002
      vertex  1.300000e+001 -5.013000e+003  1.600000e+002
      vertex  1.300000e+001 -4.987000e+003  1.600000e+002
    endloop
  endfacet
  facet normal  0.000000e+000  1.000000e+000  0.000000e+000
    outer loop
      vertex  3.603474e+000 -4.985000e+003  1.580000e+002
      vertex  1.300000e+001 -4.985000e+003  1.580000e+002
      vertex  1.300000e+001 -4.985000e+003  3.248331e+001
    endloop
  endfacet
  facet normal  0.000000e+000  1.000000e+000  0.000000e+000
    outer loop
      vertex  3.603474e+000 -4.985000e+003  1.580000e+002
      vertex  1.300000e+001 -4.985000e+003  3.248331e+001
      vertex  1.061681e+001 -4.985000e+003  3.559638e+001
    endloop
  endfacet
  facet normal  0.000000e+000  1.000000e+000  0.000000e+000
    outer loop
      vertex  3.603474e+000 -4.985000e+003  1.580000e+002
      vertex  1.061681e+001 -4.985000e+003  3.559638e+001
      vertex  7.508338e+000 -4.985000e+003  3.798557e+001
    endloop
  endfacet
  facet normal  0.000000e+000  9.999999e-001  0.000000e+000
    outer loop
      vertex  3.603474e+000 -4.985000e+003  1.580000e+002
      vertex  7.508338e+000 -4.985000e+003  3.798557e+001
      vertex  3.886936e+000 -4.985000e+003  3.948764e+001
    endloop
  endfacet
  facet normal  0.000000e+000  1.000000e+000  0.000000e+000
    outer loop
      vertex  3.603474e+000 -4.985000e+003  1.580000e+002
      vertex  3.886936e+000 -4.985000e+003  3.948764e+001
      vertex  3.552714e-015 -4.985000e+003  4.000000e+001
    endloop
  endfacet
  facet normal  0.000000e+000  9.999999e-001  -0.000000e+000
    outer loop
      vertex  3.603474e+000 -4.985000e+003  1.580000e+002
      vertex  3.552714e-015 -4.985000e+003  4.000000e+001
      vertex -3.980475e+000 -4.985000e+003  3.946222e+001
    endloop
  endfacet
  facet normal  0.000000e+000  1.000000e+000  -0.000000e+000
    outer loop
      vertex  3.603474e+000 -4.985000e+003  1.580000e+002
      vertex -3.980475e+000 -4.985000e+003  3.946222e+001
      vertex -7.675535e+000 -4.985000e+003  3.788744e+001
    endloop
  endfacet
  facet normal  0.000000e+000  1.000000e+000  -0.000000e+000
    outer loop
      vertex  3.603474e+000 -4.985000e+003  1.580000e+002
      vertex -7.675535e+000 -4.985000e+003  3.788744e+001
      vertex -1.082023e+001 -4.985000e+003  3.538858e+001
    endloop
  endfacet
  facet normal  0.000000e+000  1.000000e+000  -0.000000e+000
    outer loop
      vertex  3.603474e+000 -4.985000e+003  1.580000e+002
      vertex -1.082023e+001 -4.985000e+003  3.538858e+001
      vertex -1.318907e+001 -4.985000e+003  3.214482e+001
    endloop
  endfacet
  facet normal  0.000000e+000  1.000000e+000  -0.000000e+000
    outer loop
      vertex  3.603474e+000 -4.985000e+003  1.580000e+002
      vertex -1.318907e+001 -4.985000e+003  3.214482e+001
      vertex -1.461220e+001 -4.985000e+003  2.838875e+001
    endloop
  endfacet
  facet normal  3.827677e-001 -9.238446e-001  0.000000e+000
    outer loop
      vertex  1.300000e+001 -5.015000e+003  1.580000e+002
      vertex  1.300000e+001 -5.015000e+003  3.248331e+001
      vertex  1.441421e+001 -5.014414e+003  1.580000e+002
    endloop
  endfacet
  facet normal  2.300901e-001 -9.731673e-001  1.950488e-003
    outer loop
      vertex  1.441421e+001 -5.014414e+003  1.580000e+002
      vertex  1.300000e+001 -5.015000e+003  3.248331e+001
      vertex  1.388266e+001 -5.014795e+003  3.068083e+001
    endloop
  endfacet
  facet normal  6.344381e-001 -7.729736e-001 -3.365087e-004
    outer loop
      vertex  1.441421e+001 -5.014414e+003  1.580000e+002
      vertex  1.388266e+001 -5.014795e+003  3.068083e+001
      vertex  1.458943e+001 -5.014214e+003  2.848549e+001
    endloop
  endfacet
  facet normal  9.479675e-001 -3.183661e-001  7.903554e-004
    outer loop
      vertex  1.458943e+001 -5.014214e+003  2.848549e+001
      vertex  1.500000e+001 -5.013000e+003  2.500000e+001
      vertex  1.441421e+001 -5.014414e+003  1.580000e+002
    endloop
  endfacet
  facet normal  9.238650e-001 -3.827185e-001  0.000000e+000
    outer loop
      vertex  1.441421e+001 -5.014414e+003  1.580000e+002
      vertex  1.500000e+001 -5.013000e+003  2.500000e+001
      vertex  1.500000e+001 -5.013000e+003  1.580000e+002
    endloop
  endfacet
  facet normal  0.000000e+000 -1.000000e+000  0.000000e+000
    outer loop
      vertex  3.603474e+000 -5.015000e+003  1.580000e+002
      vertex -1.461220e+001 -5.015000e+003  2.838875e+001
      vertex -1.318907e+001 -5.015000e+003  3.214482e+001
    endloop
  endfacet
  facet normal  0.000000e+000 -1.000000e+000  0.000000e+000
    outer loop
      vertex  3.603474e+000 -5.015000e+003  1.580000e+002
      vertex -1.318907e+001 -5.015000e+003  3.214482e+001
      vertex -1.082023e+001 -5.015000e+003  3.538858e+001
    endloop
  endfacet
  facet normal  0.000000e+000 -1.000000e+000  0.000000e+000
    outer loop
      vertex  3.603474e+000 -5.015000e+003  1.580000e+002
      vertex -1.082023e+001 -5.015000e+003  3.538858e+001
      vertex -7.675535e+000 -5.015000e+003  3.788744e+001
    endloop
  endfacet
  facet normal  0.000000e+000 -1.000000e+000  0.000000e+000
    outer loop
      vertex  3.603474e+000 -5.015000e+003  1.580000e+002
      vertex -7.675535e+000 -5.015000e+003  3.788744e+001
      vertex -3.980475e+000 -5.015000e+003  3.946222e+001
    endloop
  endfacet
  facet normal  0.000000e+000 -9.999999e-001  0.000000e+000
    outer loop
      vertex  3.603474e+000 -5.015000e+003  1.580000e+002
      vertex -3.980475e+000 -5.015000e+003  3.946222e+001
      vertex  5.389623e-015 -5.015000e+003  4.000000e+001
    endloop
  endfacet
  facet normal  0.000000e+000 -1.000000e+000  0.000000e+000
    outer loop
      vertex  3.603474e+000 -5.015000e+003  1.580000e+002
      vertex  5.389623e-015 -5.015000e+003  4.000000e+001
      vertex  1.300000e+001 -5.015000e+003  1.580000e+002
    endloop
  endfacet
  facet normal  0.000000e+000 -1.000000e+000  0.000000e+000
    outer loop
      vertex  1.300000e+001 -5.015000e+003  1.580000e+002
      vertex  5.389623e-015 -5.015000e+003  4.000000e+001
      vertex  3.886936e+000 -5.015000e+003  3.948764e+001
    endloop
  endfacet
  facet normal  0.000000e+000 -1.000000e+000  0.000000e+000
    outer loop
      vertex  1.300000e+001 -5.015000e+003  1.580000e+002
      vertex  3.886936e+000 -5.015000e+003  3.948764e+001
      vertex  7.508338e+000 -5.015000e+003  3.798557e+001
    endloop
  endfacet
  facet normal  0.000000e+000 -1.000000e+000  0.000000e+000
    outer loop
      vertex  1.300000e+001 -5.015000e+003  1.580000e+002
      vertex  7.508338e+000 -5.015000e+003  3.798557e+001
      vertex  1.061681e+001 -5.015000e+003  3.559638e+001
    endloop
  endfacet
  facet normal  0.000000e+000 -1.000000e+000  0.000000e+000
    outer loop
      vertex  1.300000e+001 -5.015000e+003  1.580000e+002
      vertex  1.061681e+001 -5.015000e+003  3.559638e+001
      vertex  1.300000e+001 -5.015000e+003  3.248331e+001
    endloop
  endfacet
  facet normal  0.000000e+000 -1.000000e+000  0.000000e+000
    outer loop
      vertex -1.500000e+001 -5.015000e+003  2.577297e+001
      vertex -1.498021e+001 -5.015000e+003  2.577020e+001
      vertex -1.461220e+001 -5.015000e+003  2.838875e+001
    endloop
  endfacet
  facet normal  0.000000e+000 -1.000000e+000  0.000000e+000
    outer loop
      vertex -1.500000e+001 -5.015000e+003  2.577297e+001
      vertex -1.500000e+001 -5.015000e+003  2.562941e+001
      vertex -1.498021e+001 -5.015000e+003  2.577020e+001
    endloop
  endfacet
  facet normal -9.148740e-001 -3.827185e-001  1.285772e-001
    outer loop
      vertex  2.203023e+000 -5.014414e+003  1.581968e+002
      vertex  1.622938e+000 -5.013000e+003  1.582784e+002
      vertex -1.500000e+001 -5.013000e+003  4.000000e+001
    endloop
  endfacet
  facet normal -9.892843e-001 -2.595834e-002  1.436754e-001
    outer loop
      vertex  2.203023e+000 -5.014414e+003  1.581968e+002
      vertex -1.500000e+001 -5.013000e+003  4.000000e+001
      vertex -1.500000e+001 -5.013101e+003  3.998183e+001
    endloop
  endfacet
  facet normal -9.859479e-001 -8.716565e-002  1.425098e-001
    outer loop
      vertex  2.203023e+000 -5.014414e+003  1.581968e+002
      vertex -1.500000e+001 -5.013101e+003  3.998183e+001
      vertex -1.500000e+001 -5.013238e+003  3.989761e+001
    endloop
  endfacet
  facet normal -9.754105e-001 -1.700922e-001  1.401532e-001
    outer loop
      vertex  2.203023e+000 -5.014414e+003  1.581968e+002
      vertex -1.500000e+001 -5.013238e+003  3.989761e+001
      vertex -1.500000e+001 -5.013426e+003  3.966946e+001
    endloop
  endfacet
  facet normal -9.376674e-001 -3.209041e-001  1.334184e-001
    outer loop
      vertex  2.203023e+000 -5.014414e+003  1.581968e+002
      vertex -1.500000e+001 -5.013426e+003  3.966946e+001
      vertex -1.500000e+001 -5.013837e+003  3.868176e+001
    endloop
  endfacet
  facet normal -7.928155e-001 -5.992270e-001  1.112243e-001
    outer loop
      vertex  2.203023e+000 -5.014414e+003  1.581968e+002
      vertex -1.500000e+001 -5.013837e+003  3.868176e+001
      vertex -1.500000e+001 -5.014509e+003  3.506200e+001
    endloop
  endfacet
  facet normal -3.789882e-001 -9.238445e-001  5.365871e-002
    outer loop
      vertex  2.203023e+000 -5.014414e+003  1.581968e+002
      vertex -1.500000e+001 -5.014509e+003  3.506200e+001
      vertex  3.603474e+000 -5.015000e+003  1.580000e+002
    endloop
  endfacet
  facet normal -5.201434e-001 -8.507521e-001  7.531093e-002
    outer loop
      vertex  3.603474e+000 -5.015000e+003  1.580000e+002
      vertex -1.500000e+001 -5.014509e+003  3.506200e+001
      vertex -1.500000e+001 -5.014829e+003  3.144909e+001
    endloop
  endfacet
  facet normal -2.097417e-001 -9.773114e-001  2.950928e-002
    outer loop
      vertex  3.603474e+000 -5.015000e+003  1.580000e+002
      vertex -1.500000e+001 -5.014829e+003  3.144909e+001
      vertex -1.500000e+001 -5.015000e+003  2.577297e+001
    endloop
  endfacet
  facet normal  0.000000e+000 -9.999999e-001  0.000000e+000
    outer loop
      vertex  3.603474e+000 -5.015000e+003  1.580000e+002
      vertex -1.500000e+001 -5.015000e+003  2.577297e+001
      vertex -1.461220e+001 -5.015000e+003  2.838875e+001
    endloop
  endfacet
  facet normal -9.902681e-001  0.000000e+000  1.391731e-001
    outer loop
      vertex -1.500000e+001 -5.013000e+003  4.000000e+001
      vertex  1.622938e+000 -5.013000e+003  1.582784e+002
      vertex -1.500000e+001 -4.987000e+003  4.000000e+001
    endloop
  endfacet
  facet normal -9.902681e-001  0.000000e+000  1.391731e-001
    outer loop
      vertex -1.500000e+001 -4.987000e+003  4.000000e+001
      vertex  1.622938e+000 -5.013000e+003  1.582784e+002
      vertex  1.622938e+000 -4.987000e+003  1.582784e+002
    endloop
  endfacet
  facet normal -5.917833e-001  8.018185e-001  8.294316e-002
    outer loop
      vertex -1.500000e+001 -4.985171e+003  3.144909e+001
      vertex -1.500000e+001 -4.985698e+003  3.653753e+001
      vertex  2.203023e+000 -4.985586e+003  1.581968e+002
    endloop
  endfacet
  facet normal -1.944906e-001  9.804576e-001  2.960428e-002
    outer loop
      vertex -1.500000e+001 -4.985000e+003  2.577297e+001
      vertex -1.500000e+001 -4.985171e+003  3.144909e+001
      vertex  2.203023e+000 -4.985586e+003  1.581968e+002
    endloop
  endfacet
  facet normal -3.790345e-001  9.238446e-001  5.332768e-002
    outer loop
      vertex -1.500000e+001 -4.985000e+003  2.577297e+001
      vertex  2.203023e+000 -4.985586e+003  1.581968e+002
      vertex  3.603474e+000 -4.985000e+003  1.580000e+002
    endloop
  endfacet
  facet normal  0.000000e+000  1.000000e+000  0.000000e+000
    outer loop
      vertex -1.500000e+001 -4.985000e+003  2.577297e+001
      vertex  3.603474e+000 -4.985000e+003  1.580000e+002
      vertex -1.461220e+001 -4.985000e+003  2.838875e+001
    endloop
  endfacet
  facet normal  0.000000e+000  1.000000e+000  0.000000e+000
    outer loop
      vertex -1.500000e+001 -4.985000e+003  2.577297e+001
      vertex -1.461220e+001 -4.985000e+003  2.838875e+001
      vertex -1.498021e+001 -4.985000e+003  2.577020e+001
    endloop
  endfacet
  facet normal  0.000000e+000  1.000000e+000  0.000000e+000
    outer loop
      vertex -1.500000e+001 -4.985000e+003  2.577297e+001
      vertex -1.498021e+001 -4.985000e+003  2.577020e+001
      vertex -1.500000e+001 -4.985000e+003  2.562941e+001
    endloop
  endfacet
  facet normal -9.148136e-001  3.827184e-001  1.290059e-001
    outer loop
      vertex  1.622938e+000 -4.987000e+003  1.582784e+002
      vertex  2.203023e+000 -4.985586e+003  1.581968e+002
      vertex -1.500000e+001 -4.985698e+003  3.653753e+001
    endloop
  endfacet
  facet normal -8.279979e-001  5.479760e-001  1.189195e-001
    outer loop
      vertex  1.622938e+000 -4.987000e+003  1.582784e+002
      vertex -1.500000e+001 -4.985698e+003  3.653753e+001
      vertex -1.500000e+001 -4.986163e+003  3.868176e+001
    endloop
  endfacet
  facet normal -9.383952e-001  3.190850e-001  1.326621e-001
    outer loop
      vertex  1.622938e+000 -4.987000e+003  1.582784e+002
      vertex -1.500000e+001 -4.986163e+003  3.868176e+001
      vertex -1.500000e+001 -4.986574e+003  3.966946e+001
    endloop
  endfacet
  facet normal -9.763660e-001  1.667950e-001  1.374363e-001
    outer loop
      vertex  1.622938e+000 -4.987000e+003  1.582784e+002
      vertex -1.500000e+001 -4.986574e+003  3.966946e+001
      vertex -1.500000e+001 -4.986762e+003  3.989761e+001
    endloop
  endfacet
  facet normal -9.866901e-001  8.484830e-002  1.387211e-001
    outer loop
      vertex  1.622938e+000 -4.987000e+003  1.582784e+002
      vertex -1.500000e+001 -4.986762e+003  3.989761e+001
      vertex -1.500000e+001 -4.986899e+003  3.998183e+001
    endloop
  endfacet
  facet normal -9.899552e-001  2.513696e-002  1.391291e-001
    outer loop
      vertex  1.622938e+000 -4.987000e+003  1.582784e+002
      vertex -1.500000e+001 -4.986899e+003  3.998183e+001
      vertex -1.500000e+001 -4.987000e+003  4.000000e+001
    endloop
  endfacet
  facet normal -3.435096e-001  1.946801e-001  9.187496e-001
    outer loop
      vertex  3.603474e+000 -4.987000e+003  1.600000e+002
      vertex  2.603474e+000 -4.986000e+003  1.594142e+002
      vertex  2.291356e+000 -4.987000e+003  1.595094e+002
    endloop
  endfacet
  facet normal -1.565159e-001  3.780007e-001  9.124792e-001
    outer loop
      vertex  3.603474e+000 -4.987000e+003  1.600000e+002
      vertex  3.603474e+000 -4.985586e+003  1.594142e+002
      vertex  2.603474e+000 -4.986000e+003  1.594142e+002
    endloop
  endfacet
  facet normal -8.192994e-001  3.617458e-001  4.448465e-001
    outer loop
      vertex  1.622938e+000 -4.987000e+003  1.582784e+002
      vertex  2.291356e+000 -4.987000e+003  1.595094e+002
      vertex  2.203023e+000 -4.985586e+003  1.581968e+002
    endloop
  endfacet
  facet normal -8.677086e-001  3.079719e-001  3.901734e-001
    outer loop
      vertex  2.203023e+000 -4.985586e+003  1.581968e+002
      vertex  2.291356e+000 -4.987000e+003  1.595094e+002
      vertex  2.603474e+000 -4.986000e+003  1.594142e+002
    endloop
  endfacet
  facet normal -3.066840e-001  8.658133e-001  3.953637e-001
    outer loop
      vertex  2.203023e+000 -4.985586e+003  1.581968e+002
      vertex  2.603474e+000 -4.986000e+003  1.594142e+002
      vertex  3.603474e+000 -4.985000e+003  1.580000e+002
    endloop
  endfacet
  facet normal -3.572813e-001  8.628681e-001  3.575035e-001
    outer loop
      vertex  3.603474e+000 -4.985000e+003  1.580000e+002
      vertex  2.603474e+000 -4.986000e+003  1.594142e+002
      vertex  3.603474e+000 -4.985586e+003  1.594142e+002
    endloop
  endfacet
  facet normal  0.000000e+000  3.827175e-001  9.238654e-001
    outer loop
      vertex  3.603474e+000 -4.987000e+003  1.600000e+002
      vertex  1.300000e+001 -4.987000e+003  1.600000e+002
      vertex  3.603474e+000 -4.985586e+003  1.594142e+002
    endloop
  endfacet
  facet normal  -0.000000e+000  3.827175e-001  9.238654e-001
    outer loop
      vertex  3.603474e+000 -4.985586e+003  1.594142e+002
      vertex  1.300000e+001 -4.987000e+003  1.600000e+002
      vertex  1.300000e+001 -4.985586e+003  1.594142e+002
    endloop
  endfacet
  facet normal  0.000000e+000  9.238448e-001  3.827673e-001
    outer loop
      vertex  3.603474e+000 -4.985586e+003  1.594142e+002
      vertex  1.300000e+001 -4.985586e+003  1.594142e+002
      vertex  3.603474e+000 -4.985000e+003  1.580000e+002
    endloop
  endfacet
  facet normal  -0.000000e+000  9.238448e-001  3.827673e-001
    outer loop
      vertex  3.603474e+000 -4.985000e+003  1.580000e+002
      vertex  1.300000e+001 -4.985586e+003  1.594142e+002
      vertex  1.300000e+001 -4.985000e+003  1.580000e+002
    endloop
  endfacet
  facet normal  1.565159e-001  3.780007e-001  9.124792e-001
    outer loop
      vertex  1.300000e+001 -4.987000e+003  1.600000e+002
      vertex  1.400000e+001 -4.986000e+003  1.594142e+002
      vertex  1.300000e+001 -4.985586e+003  1.594142e+002
    endloop
  endfacet
  facet normal  3.779638e-001  1.565576e-001  9.124874e-001
    outer loop
      vertex  1.300000e+001 -4.987000e+003  1.600000e+002
      vertex  1.441421e+001 -4.987000e+003  1.594142e+002
      vertex  1.400000e+001 -4.986000e+003  1.594142e+002
    endloop
  endfacet
  facet normal  8.628563e-001  3.574065e-001  3.574066e-001
    outer loop
      vertex  1.441421e+001 -4.987000e+003  1.594142e+002
      vertex  1.500000e+001 -4.987000e+003  1.580000e+002
      vertex  1.400000e+001 -4.986000e+003  1.594142e+002
    endloop
  endfacet
  facet normal  8.628529e-001  3.574438e-001  3.573778e-001
    outer loop
      vertex  1.400000e+001 -4.986000e+003  1.594142e+002
      vertex  1.500000e+001 -4.987000e+003  1.580000e+002
      vertex  1.441421e+001 -4.985586e+003  1.580000e+002
    endloop
  endfacet
  facet normal  3.573098e-001  8.629367e-001  3.573093e-001
    outer loop
      vertex  1.400000e+001 -4.986000e+003  1.594142e+002
      vertex  1.441421e+001 -4.985586e+003  1.580000e+002
      vertex  1.300000e+001 -4.985586e+003  1.594142e+002
    endloop
  endfacet
  facet normal  3.574755e-001  8.627994e-001  3.574750e-001
    outer loop
      vertex  1.300000e+001 -4.985586e+003  1.594142e+002
      vertex  1.441421e+001 -4.985586e+003  1.580000e+002
      vertex  1.300000e+001 -4.985000e+003  1.580000e+002
    endloop
  endfacet
  facet normal  9.238796e-001  0.000000e+000  3.826833e-001
    outer loop
      vertex  1.500000e+001 -5.013000e+003  1.580000e+002
      vertex  1.500000e+001 -4.987000e+003  1.580000e+002
      vertex  1.441421e+001 -5.013000e+003  1.594142e+002
    endloop
  endfacet
  facet normal  9.238796e-001  -0.000000e+000  3.826833e-001
    outer loop
      vertex  1.441421e+001 -5.013000e+003  1.594142e+002
      vertex  1.500000e+001 -4.987000e+003  1.580000e+002
      vertex  1.441421e+001 -4.987000e+003  1.594142e+002
    endloop
  endfacet
  facet normal  3.826827e-001  0.000000e+000  9.238799e-001
    outer loop
      vertex  1.441421e+001 -5.013000e+003  1.594142e+002
      vertex  1.441421e+001 -4.987000e+003  1.594142e+002
      vertex  1.300000e+001 -5.013000e+003  1.600000e+002
    endloop
  endfacet
  facet normal  3.826827e-001  -0.000000e+000  9.238799e-001
    outer loop
      vertex  1.300000e+001 -5.013000e+003  1.600000e+002
      vertex  1.441421e+001 -4.987000e+003  1.594142e+002
      vertex  1.300000e+001 -4.987000e+003  1.600000e+002
    endloop
  endfacet
  facet normal  3.779638e-001 -1.565576e-001  9.124874e-001
    outer loop
      vertex  1.300000e+001 -5.013000e+003  1.600000e+002
      vertex  1.400000e+001 -5.014000e+003  1.594142e+002
      vertex  1.441421e+001 -5.013000e+003  1.594142e+002
    endloop
  endfacet
  facet normal  1.565159e-001 -3.780007e-001  9.124792e-001
    outer loop
      vertex  1.300000e+001 -5.013000e+003  1.600000e+002
      vertex  1.300000e+001 -5.014414e+003  1.594142e+002
      vertex  1.400000e+001 -5.014000e+003  1.594142e+002
    endloop
  endfacet
  facet normal  3.572813e-001 -8.628681e-001  3.575035e-001
    outer loop
      vertex  1.300000e+001 -5.014414e+003  1.594142e+002
      vertex  1.300000e+001 -5.015000e+003  1.580000e+002
      vertex  1.400000e+001 -5.014000e+003  1.594142e+002
    endloop
  endfacet
  facet normal  3.574956e-001 -8.628480e-001  3.573377e-001
    outer loop
      vertex  1.400000e+001 -5.014000e+003  1.594142e+002
      vertex  1.300000e+001 -5.015000e+003  1.580000e+002
      vertex  1.441421e+001 -5.014414e+003  1.580000e+002
    endloop
  endfacet
  facet normal  8.628683e-001 -3.574114e-001  3.573729e-001
    outer loop
      vertex  1.400000e+001 -5.014000e+003  1.594142e+002
      vertex  1.441421e+001 -5.014414e+003  1.580000e+002
      vertex  1.441421e+001 -5.013000e+003  1.594142e+002
    endloop
  endfacet
  facet normal  8.628444e-001 -3.574403e-001  3.574017e-001
    outer loop
      vertex  1.441421e+001 -5.013000e+003  1.594142e+002
      vertex  1.441421e+001 -5.014414e+003  1.580000e+002
      vertex  1.500000e+001 -5.013000e+003  1.580000e+002
    endloop
  endfacet
  facet normal  0.000000e+000 -9.238448e-001  3.827673e-001
    outer loop
      vertex  3.603474e+000 -5.015000e+003  1.580000e+002
      vertex  1.300000e+001 -5.015000e+003  1.580000e+002
      vertex  3.603474e+000 -5.014414e+003  1.594142e+002
    endloop
  endfacet
  facet normal  0.000000e+000 -9.238448e-001  3.827673e-001
    outer loop
      vertex  3.603474e+000 -5.014414e+003  1.594142e+002
      vertex  1.300000e+001 -5.015000e+003  1.580000e+002
      vertex  1.300000e+001 -5.014414e+003  1.594142e+002
    endloop
  endfacet
  facet normal  0.000000e+000 -3.827175e-001  9.238654e-001
    outer loop
      vertex  3.603474e+000 -5.014414e+003  1.594142e+002
      vertex  1.300000e+001 -5.014414e+003  1.594142e+002
      vertex  3.603474e+000 -5.013000e+003  1.600000e+002
    endloop
  endfacet
  facet normal  0.000000e+000 -3.827175e-001  9.238654e-001
    outer loop
      vertex  3.603474e+000 -5.013000e+003  1.600000e+002
      vertex  1.300000e+001 -5.014414e+003  1.594142e+002
      vertex  1.300000e+001 -5.013000e+003  1.600000e+002
    endloop
  endfacet
  facet normal -1.565159e-001 -3.780007e-001  9.124792e-001
    outer loop
      vertex  3.603474e+000 -5.013000e+003  1.600000e+002
      vertex  2.603474e+000 -5.014000e+003  1.594142e+002
      vertex  3.603474e+000 -5.014414e+003  1.594142e+002
    endloop
  endfacet
  facet normal -3.435096e-001 -1.946801e-001  9.187496e-001
    outer loop
      vertex  3.603474e+000 -5.013000e+003  1.600000e+002
      vertex  2.291356e+000 -5.013000e+003  1.595094e+002
      vertex  2.603474e+000 -5.014000e+003  1.594142e+002
    endloop
  endfacet
  facet normal -8.370733e-001 -3.045336e-001  4.544971e-001
    outer loop
      vertex  2.291356e+000 -5.013000e+003  1.595094e+002
      vertex  1.622938e+000 -5.013000e+003  1.582784e+002
      vertex  2.603474e+000 -5.014000e+003  1.594142e+002
    endloop
  endfacet
  facet normal -8.391880e-001 -3.673764e-001  4.009966e-001
    outer loop
      vertex  2.603474e+000 -5.014000e+003  1.594142e+002
      vertex  1.622938e+000 -5.013000e+003  1.582784e+002
      vertex  2.203023e+000 -5.014414e+003  1.581968e+002
    endloop
  endfacet
  facet normal -3.501552e-001 -8.456578e-001  4.028078e-001
    outer loop
      vertex  2.603474e+000 -5.014000e+003  1.594142e+002
      vertex  2.203023e+000 -5.014414e+003  1.581968e+002
      vertex  3.603474e+000 -5.014414e+003  1.594142e+002
    endloop
  endfacet
  facet normal -3.157161e-001 -8.765935e-001  3.631902e-001
    outer loop
      vertex  3.603474e+000 -5.014414e+003  1.594142e+002
      vertex  2.203023e+000 -5.014414e+003  1.581968e+002
      vertex  3.603474e+000 -5.015000e+003  1.580000e+002
    endloop
  endfacet
  facet normal -3.502102e-001  0.000000e+000  9.366712e-001
    outer loop
      vertex  3.603474e+000 -5.013000e+003  1.600000e+002
      vertex  3.603474e+000 -4.987000e+003  1.600000e+002
      vertex  2.291356e+000 -5.013000e+003  1.595094e+002
    endloop
  endfacet
  facet normal -3.502102e-001  0.000000e+000  9.366712e-001
    outer loop
      vertex  2.291356e+000 -5.013000e+003  1.595094e+002
      vertex  3.603474e+000 -4.987000e+003  1.600000e+002
      vertex  2.291356e+000 -4.987000e+003  1.595094e+002
    endloop
  endfacet
  facet normal -8.788156e-001  0.000000e+000  4.771615e-001
    outer loop
      vertex  2.291356e+000 -5.013000e+003  1.595094e+002
      vertex  2.291356e+000 -4.987000e+003  1.595094e+002
      vertex  1.622938e+000 -5.013000e+003  1.582784e+002
    endloop
  endfacet
  facet normal -8.788156e-001  0.000000e+000  4.771615e-001
    outer loop
      vertex  1.622938e+000 -5.013000e+003  1.582784e+002
      vertex  2.291356e+000 -4.987000e+003  1.595094e+002
      vertex  1.622938e+000 -4.987000e+003  1.582784e+002
    endloop
  endfacet
  facet normal  3.820662e-001 -9.221516e-001 -6.051339e-002
    outer loop
      vertex  1.300000e+001 -5.020000e+003 -2.500000e+001
      vertex  1.236373e+001 -5.020000e+003 -2.901722e+001
      vertex  1.441421e+001 -5.019414e+003 -2.500000e+001
    endloop
  endfacet
  facet normal  3.820662e-001 -9.221516e-001 -6.051331e-002
    outer loop
      vertex  1.441421e+001 -5.019414e+003 -2.500000e+001
      vertex  1.236373e+001 -5.020000e+003 -2.901722e+001
      vertex  1.370873e+001 -5.019414e+003 -2.945424e+001
    endloop
  endfacet
  facet normal  9.141305e-001 -3.786860e-001 -1.447840e-001
    outer loop
      vertex  1.441421e+001 -5.019414e+003 -2.500000e+001
      vertex  1.370873e+001 -5.019414e+003 -2.945424e+001
      vertex  1.500000e+001 -5.018000e+003 -2.500000e+001
    endloop
  endfacet
  facet normal  9.141304e-001 -3.786861e-001 -1.447839e-001
    outer loop
      vertex  1.500000e+001 -5.018000e+003 -2.500000e+001
      vertex  1.370873e+001 -5.019414e+003 -2.945424e+001
      vertex  1.426585e+001 -5.018000e+003 -2.963526e+001
    endloop
  endfacet
  facet normal -3.820661e-001 -9.221516e-001 -6.051336e-002
    outer loop
      vertex -1.236373e+001 -5.020000e+003 -2.901722e+001
      vertex -1.300000e+001 -5.020000e+003 -2.500000e+001
      vertex -1.370873e+001 -5.019414e+003 -2.945424e+001
    endloop
  endfacet
  facet normal -3.820663e-001 -9.221516e-001 -6.051333e-002
    outer loop
      vertex -1.370873e+001 -5.019414e+003 -2.945424e+001
      vertex -1.300000e+001 -5.020000e+003 -2.500000e+001
      vertex -1.441421e+001 -5.019414e+003 -2.500000e+001
    endloop
  endfacet
  facet normal -9.141304e-001 -3.786860e-001 -1.447840e-001
    outer loop
      vertex -1.370873e+001 -5.019414e+003 -2.945424e+001
      vertex -1.441421e+001 -5.019414e+003 -2.500000e+001
      vertex -1.426585e+001 -5.018000e+003 -2.963526e+001
    endloop
  endfacet
  facet normal -9.141305e-001 -3.786860e-001 -1.447839e-001
    outer loop
      vertex -1.426585e+001 -5.018000e+003 -2.963526e+001
      vertex -1.441421e+001 -5.019414e+003 -2.500000e+001
      vertex -1.500000e+001 -5.018000e+003 -2.500000e+001
    endloop
  endfacet
  facet normal -3.446669e-001 -9.221516e-001 -1.756166e-001
    outer loop
      vertex -1.051722e+001 -5.020000e+003 -3.264121e+001
      vertex -1.236373e+001 -5.020000e+003 -2.901722e+001
      vertex -1.166134e+001 -5.019414e+003 -3.347246e+001
    endloop
  endfacet
  facet normal -3.446669e-001 -9.221516e-001 -1.756166e-001
    outer loop
      vertex -1.166134e+001 -5.019414e+003 -3.347246e+001
      vertex -1.236373e+001 -5.020000e+003 -2.901722e+001
      vertex -1.370873e+001 -5.019414e+003 -2.945424e+001
    endloop
  endfacet
  facet normal -8.246489e-001 -3.786863e-001 -4.201797e-001
    outer loop
      vertex -1.166134e+001 -5.019414e+003 -3.347246e+001
      vertex -1.370873e+001 -5.019414e+003 -2.945424e+001
      vertex -1.213525e+001 -5.018000e+003 -3.381678e+001
    endloop
  endfacet
  facet normal -8.246489e-001 -3.786862e-001 -4.201796e-001
    outer loop
      vertex -1.213525e+001 -5.018000e+003 -3.381678e+001
      vertex -1.370873e+001 -5.019414e+003 -2.945424e+001
      vertex -1.426585e+001 -5.018000e+003 -2.963526e+001
    endloop
  endfacet
  facet normal -2.735291e-001 -9.221516e-001 -2.735293e-001
    outer loop
      vertex -7.641208e+000 -5.020000e+003 -3.551722e+001
      vertex -1.051722e+001 -5.020000e+003 -3.264121e+001
      vertex -8.472462e+000 -5.019414e+003 -3.666134e+001
    endloop
  endfacet
  facet normal -2.735293e-001 -9.221516e-001 -2.735293e-001
    outer loop
      vertex -8.472462e+000 -5.019414e+003 -3.666134e+001
      vertex -1.051722e+001 -5.020000e+003 -3.264121e+001
      vertex -1.166134e+001 -5.019414e+003 -3.347246e+001
    endloop
  endfacet
  facet normal -6.544451e-001 -3.786861e-001 -6.544452e-001
    outer loop
      vertex -8.472462e+000 -5.019414e+003 -3.666134e+001
      vertex -1.166134e+001 -5.019414e+003 -3.347246e+001
      vertex -8.816779e+000 -5.018000e+003 -3.713525e+001
    endloop
  endfacet
  facet normal -6.544448e-001 -3.786864e-001 -6.544452e-001
    outer loop
      vertex -8.816779e+000 -5.018000e+003 -3.713525e+001
      vertex -1.166134e+001 -5.019414e+003 -3.347246e+001
      vertex -1.213525e+001 -5.018000e+003 -3.381678e+001
    endloop
  endfacet
  facet normal -1.756167e-001 -9.221516e-001 -3.446667e-001
    outer loop
      vertex -4.017221e+000 -5.020000e+003 -3.736374e+001
      vertex -7.641208e+000 -5.020000e+003 -3.551722e+001
      vertex -4.454237e+000 -5.019414e+003 -3.870873e+001
    endloop
  endfacet
  facet normal -1.756167e-001 -9.221516e-001 -3.446668e-001
    outer loop
      vertex -4.454237e+000 -5.019414e+003 -3.870873e+001
      vertex -7.641208e+000 -5.020000e+003 -3.551722e+001
      vertex -8.472462e+000 -5.019414e+003 -3.666134e+001
    endloop
  endfacet
  facet normal -4.201803e-001 -3.786845e-001 -8.246493e-001
    outer loop
      vertex -4.454237e+000 -5.019414e+003 -3.870873e+001
      vertex -8.472462e+000 -5.019414e+003 -3.666134e+001
      vertex -4.635255e+000 -5.018000e+003 -3.926585e+001
    endloop
  endfacet
  facet normal -4.201795e-001 -3.786860e-001 -8.246490e-001
    outer loop
      vertex -4.635255e+000 -5.018000e+003 -3.926585e+001
      vertex -8.472462e+000 -5.019414e+003 -3.666134e+001
      vertex -8.816779e+000 -5.018000e+003 -3.713525e+001
    endloop
  endfacet
  facet normal -6.051324e-002 -9.221517e-001 -3.820658e-001
    outer loop
      vertex  1.107911e-015 -5.020000e+003 -3.800000e+001
      vertex -4.017221e+000 -5.020000e+003 -3.736374e+001
      vertex  1.613781e-015 -5.019414e+003 -3.941422e+001
    endloop
  endfacet
  facet normal -6.051338e-002 -9.221516e-001 -3.820661e-001
    outer loop
      vertex  1.613781e-015 -5.019414e+003 -3.941422e+001
      vertex -4.017221e+000 -5.020000e+003 -3.736374e+001
      vertex -4.454237e+000 -5.019414e+003 -3.870873e+001
    endloop
  endfacet
  facet normal -1.447842e-001 -3.786849e-001 -9.141309e-001
    outer loop
      vertex  1.613781e-015 -5.019414e+003 -3.941422e+001
      vertex -4.454237e+000 -5.019414e+003 -3.870873e+001
      vertex  7.226533e-015 -5.018000e+003 -4.000000e+001
    endloop
  endfacet
  facet normal -1.447845e-001 -3.786844e-001 -9.141311e-001
    outer loop
      vertex  7.226533e-015 -5.018000e+003 -4.000000e+001
      vertex -4.454237e+000 -5.019414e+003 -3.870873e+001
      vertex -4.635255e+000 -5.018000e+003 -3.926585e+001
    endloop
  endfacet
  facet normal  6.051328e-002 -9.221516e-001 -3.820661e-001
    outer loop
      vertex  4.017221e+000 -5.020000e+003 -3.736374e+001
      vertex  1.107911e-015 -5.020000e+003 -3.800000e+001
      vertex  4.454237e+000 -5.019414e+003 -3.870873e+001
    endloop
  endfacet
  facet normal  6.051334e-002 -9.221517e-001 -3.820658e-001
    outer loop
      vertex  4.454237e+000 -5.019414e+003 -3.870873e+001
      vertex  1.107911e-015 -5.020000e+003 -3.800000e+001
      vertex  1.613781e-015 -5.019414e+003 -3.941422e+001
    endloop
  endfacet
  facet normal  1.447843e-001 -3.786844e-001 -9.141311e-001
    outer loop
      vertex  4.454237e+000 -5.019414e+003 -3.870873e+001
      vertex  1.613781e-015 -5.019414e+003 -3.941422e+001
      vertex  4.635255e+000 -5.018000e+003 -3.926585e+001
    endloop
  endfacet
  facet normal  1.447844e-001 -3.786848e-001 -9.141308e-001
    outer loop
      vertex  4.635255e+000 -5.018000e+003 -3.926585e+001
      vertex  1.613781e-015 -5.019414e+003 -3.941422e+001
      vertex  7.226533e-015 -5.018000e+003 -4.000000e+001
    endloop
  endfacet
  facet normal  1.756167e-001 -9.221516e-001 -3.446668e-001
    outer loop
      vertex  7.641208e+000 -5.020000e+003 -3.551722e+001
      vertex  4.017221e+000 -5.020000e+003 -3.736374e+001
      vertex  8.472462e+000 -5.019414e+003 -3.666134e+001
    endloop
  endfacet
  facet normal  1.756167e-001 -9.221516e-001 -3.446668e-001
    outer loop
      vertex  8.472462e+000 -5.019414e+003 -3.666134e+001
      vertex  4.017221e+000 -5.020000e+003 -3.736374e+001
      vertex  4.454237e+000 -5.019414e+003 -3.870873e+001
    endloop
  endfacet
  facet normal  4.201800e-001 -3.786860e-001 -8.246488e-001
    outer loop
      vertex  8.472462e+000 -5.019414e+003 -3.666134e+001
      vertex  4.454237e+000 -5.019414e+003 -3.870873e+001
      vertex  8.816779e+000 -5.018000e+003 -3.713525e+001
    endloop
  endfacet
  facet normal  4.201798e-001 -3.786845e-001 -8.246496e-001
    outer loop
      vertex  8.816779e+000 -5.018000e+003 -3.713525e+001
      vertex  4.454237e+000 -5.019414e+003 -3.870873e+001
      vertex  4.635255e+000 -5.018000e+003 -3.926585e+001
    endloop
  endfacet
  facet normal  2.735292e-001 -9.221515e-001 -2.735294e-001
    outer loop
      vertex  1.051722e+001 -5.020000e+003 -3.264121e+001
      vertex  7.641208e+000 -5.020000e+003 -3.551722e+001
      vertex  1.166134e+001 -5.019414e+003 -3.347246e+001
    endloop
  endfacet
  facet normal  2.735292e-001 -9.221516e-001 -2.735292e-001
    outer loop
      vertex  1.166134e+001 -5.019414e+003 -3.347246e+001
      vertex  7.641208e+000 -5.020000e+003 -3.551722e+001
      vertex  8.472462e+000 -5.019414e+003 -3.666134e+001
    endloop
  endfacet
  facet normal  6.544449e-001 -3.786865e-001 -6.544451e-001
    outer loop
      vertex  1.166134e+001 -5.019414e+003 -3.347246e+001
      vertex  8.472462e+000 -5.019414e+003 -3.666134e+001
      vertex  1.213525e+001 -5.018000e+003 -3.381678e+001
    endloop
  endfacet
  facet normal  6.544449e-001 -3.786861e-001 -6.544454e-001
    outer loop
      vertex  1.213525e+001 -5.018000e+003 -3.381678e+001
      vertex  8.472462e+000 -5.019414e+003 -3.666134e+001
      vertex  8.816779e+000 -5.018000e+003 -3.713525e+001
    endloop
  endfacet
  facet normal  3.446669e-001 -9.221516e-001 -1.756165e-001
    outer loop
      vertex  1.236373e+001 -5.020000e+003 -2.901722e+001
      vertex  1.051722e+001 -5.020000e+003 -3.264121e+001
      vertex  1.370873e+001 -5.019414e+003 -2.945424e+001
    endloop
  endfacet
  facet normal  3.446669e-001 -9.221516e-001 -1.756166e-001
    outer loop
      vertex  1.370873e+001 -5.019414e+003 -2.945424e+001
      vertex  1.051722e+001 -5.020000e+003 -3.264121e+001
      vertex  1.166134e+001 -5.019414e+003 -3.347246e+001
    endloop
  endfacet
  facet normal  8.246489e-001 -3.786862e-001 -4.201797e-001
    outer loop
      vertex  1.370873e+001 -5.019414e+003 -2.945424e+001
      vertex  1.166134e+001 -5.019414e+003 -3.347246e+001
      vertex  1.426585e+001 -5.018000e+003 -2.963526e+001
    endloop
  endfacet
  facet normal  8.246489e-001 -3.786862e-001 -4.201796e-001
    outer loop
      vertex  1.426585e+001 -5.018000e+003 -2.963526e+001
      vertex  1.166134e+001 -5.019414e+003 -3.347246e+001
      vertex  1.213525e+001 -5.018000e+003 -3.381678e+001
    endloop
  endfacet
  facet normal -1.000000e+000  0.000000e+000  0.000000e+000
    outer loop
      vertex -1.500000e+001 -5.015000e+003  0.000000e+000
      vertex -1.500000e+001 -5.015000e+003 -2.500000e+001
      vertex -1.500000e+001 -5.018000e+003 -2.500000e+001
    endloop
  endfacet
  facet normal -1.000000e+000  0.000000e+000  0.000000e+000
    outer loop
      vertex -1.500000e+001 -5.015000e+003  0.000000e+000
      vertex -1.500000e+001 -5.018000e+003 -2.500000e+001
      vertex -1.500000e+001 -5.018000e+003  2.500000e+001
    endloop
  endfacet
  facet normal -1.000000e+000  0.000000e+000  0.000000e+000
    outer loop
      vertex -1.500000e+001 -5.015000e+003  0.000000e+000
      vertex -1.500000e+001 -5.018000e+003  2.500000e+001
      vertex -1.500000e+001 -5.015000e+003  2.500000e+001
    endloop
  endfacet
  facet normal -1.000000e+000  0.000000e+000  0.000000e+000
    outer loop
      vertex -1.500000e+001 -5.015000e+003  0.000000e+000
      vertex -1.500000e+001 -5.015000e+003  2.500000e+001
      vertex -1.500000e+001 -4.985000e+003  2.500000e+001
    endloop
  endfacet
  facet normal -1.000000e+000  0.000000e+000  -0.000000e+000
    outer loop
      vertex -1.500000e+001 -5.015000e+003  0.000000e+000
      vertex -1.500000e+001 -4.985000e+003  2.500000e+001
      vertex -1.500000e+001 -4.982000e+003  2.500000e+001
    endloop
  endfacet
  facet normal -1.000000e+000  0.000000e+000  0.000000e+000
    outer loop
      vertex -1.500000e+001 -5.015000e+003  0.000000e+000
      vertex -1.500000e+001 -4.982000e+003  2.500000e+001
      vertex -1.500000e+001 -4.985000e+003  0.000000e+000
    endloop
  endfacet
  facet normal -1.000000e+000  0.000000e+000  0.000000e+000
    outer loop
      vertex -1.500000e+001 -4.986163e+003  3.868176e+001
      vertex -1.500000e+001 -5.013426e+003  3.966946e+001
      vertex -1.500000e+001 -4.986574e+003  3.966946e+001
    endloop
  endfacet
  facet normal -1.000000e+000  0.000000e+000  0.000000e+000
    outer loop
      vertex -1.500000e+001 -4.986574e+003  3.966946e+001
      vertex -1.500000e+001 -5.013426e+003  3.966946e+001
      vertex -1.500000e+001 -5.013238e+003  3.989761e+001
    endloop
  endfacet
  facet normal -1.000000e+000  0.000000e+000  0.000000e+000
    outer loop
      vertex -1.500000e+001 -4.986574e+003  3.966946e+001
      vertex -1.500000e+001 -5.013238e+003  3.989761e+001
      vertex -1.500000e+001 -4.986762e+003  3.989761e+001
    endloop
  endfacet
  facet normal -1.000000e+000  0.000000e+000  0.000000e+000
    outer loop
      vertex -1.500000e+001 -4.986762e+003  3.989761e+001
      vertex -1.500000e+001 -5.013238e+003  3.989761e+001
      vertex -1.500000e+001 -5.013101e+003  3.998183e+001
    endloop
  endfacet
  facet normal -1.000000e+000  0.000000e+000  0.000000e+000
    outer loop
      vertex -1.500000e+001 -4.986762e+003  3.989761e+001
      vertex -1.500000e+001 -5.013101e+003  3.998183e+001
      vertex -1.500000e+001 -4.986899e+003  3.998183e+001
    endloop
  endfacet
  facet normal -1.000000e+000  0.000000e+000  0.000000e+000
    outer loop
      vertex -1.500000e+001 -4.986899e+003  3.998183e+001
      vertex -1.500000e+001 -5.013101e+003  3.998183e+001
      vertex -1.500000e+001 -5.013000e+003  4.000000e+001
    endloop
  endfacet
  facet normal -1.000000e+000  0.000000e+000  0.000000e+000
    outer loop
      vertex -1.500000e+001 -4.986899e+003  3.998183e+001
      vertex -1.500000e+001 -5.013000e+003  4.000000e+001
      vertex -1.500000e+001 -4.987000e+003  4.000000e+001
    endloop
  endfacet
  facet normal -1.000000e+000  0.000000e+000  0.000000e+000
    outer loop
      vertex -1.500000e+001 -5.013426e+003  3.966946e+001
      vertex -1.500000e+001 -4.986163e+003  3.868176e+001
      vertex -1.500000e+001 -5.013837e+003  3.868176e+001
    endloop
  endfacet
  facet normal -9.999999e-001  0.000000e+000  0.000000e+000
    outer loop
      vertex -1.500000e+001 -5.013837e+003  3.868176e+001
      vertex -1.500000e+001 -4.986163e+003  3.868176e+001
      vertex -1.500000e+001 -4.985698e+003  3.653753e+001
    endloop
  endfacet
  facet normal -9.999999e-001  -0.000000e+000  0.000000e+000
    outer loop
      vertex -1.500000e+001 -5.013837e+003  3.868176e+001
      vertex -1.500000e+001 -4.985698e+003  3.653753e+001
      vertex -1.500000e+001 -5.014509e+003  3.506200e+001
    endloop
  endfacet
  facet normal -1.000000e+000  0.000000e+000  0.000000e+000
    outer loop
      vertex -1.500000e+001 -5.014509e+003  3.506200e+001
      vertex -1.500000e+001 -4.985698e+003  3.653753e+001
      vertex -1.500000e+001 -4.985171e+003  3.144909e+001
    endloop
  endfacet
  facet normal -1.000000e+000  0.000000e+000  0.000000e+000
    outer loop
      vertex -1.500000e+001 -5.014509e+003  3.506200e+001
      vertex -1.500000e+001 -4.985171e+003  3.144909e+001
      vertex -1.500000e+001 -5.014829e+003  3.144909e+001
    endloop
  endfacet
  facet normal -1.000000e+000  0.000000e+000  0.000000e+000
    outer loop
      vertex -1.500000e+001 -5.014829e+003  3.144909e+001
      vertex -1.500000e+001 -4.985171e+003  3.144909e+001
      vertex -1.500000e+001 -4.985000e+003  2.577297e+001
    endloop
  endfacet
  facet normal -1.000000e+000  0.000000e+000  0.000000e+000
    outer loop
      vertex -1.500000e+001 -5.014829e+003  3.144909e+001
      vertex -1.500000e+001 -4.985000e+003  2.577297e+001
      vertex -1.500000e+001 -5.015000e+003  2.577297e+001
    endloop
  endfacet
  facet normal -1.000000e+000  0.000000e+000  0.000000e+000
    outer loop
      vertex -1.500000e+001 -5.015000e+003  2.577297e+001
      vertex -1.500000e+001 -4.985000e+003  2.577297e+001
      vertex -1.500000e+001 -4.985000e+003  2.562941e+001
    endloop
  endfacet
  facet normal -1.000000e+000  0.000000e+000  0.000000e+000
    outer loop
      vertex -1.500000e+001 -5.015000e+003  2.577297e+001
      vertex -1.500000e+001 -4.985000e+003  2.562941e+001
      vertex -1.500000e+001 -5.015000e+003  2.562941e+001
    endloop
  endfacet
  facet normal -1.000000e+000  0.000000e+000  0.000000e+000
    outer loop
      vertex -1.500000e+001 -5.015000e+003  2.562941e+001
      vertex -1.500000e+001 -4.985000e+003  2.562941e+001
      vertex -1.500000e+001 -4.985000e+003  2.500000e+001
    endloop
  endfacet
  facet normal -1.000000e+000  0.000000e+000  0.000000e+000
    outer loop
      vertex -1.500000e+001 -5.015000e+003  2.562941e+001
      vertex -1.500000e+001 -4.985000e+003  2.500000e+001
      vertex -1.500000e+001 -5.015000e+003  2.500000e+001
    endloop
  endfacet
  facet normal -1.000000e+000  0.000000e+000  0.000000e+000
    outer loop
      vertex -1.500000e+001 -4.985000e+003 -2.500000e+001
      vertex -1.500000e+001 -4.985000e+003  0.000000e+000
      vertex -1.500000e+001 -4.982000e+003 -2.500000e+001
    endloop
  endfacet
  facet normal -1.000000e+000  0.000000e+000  0.000000e+000
    outer loop
      vertex -1.500000e+001 -4.982000e+003 -2.500000e+001
      vertex -1.500000e+001 -4.985000e+003  0.000000e+000
      vertex -1.500000e+001 -4.982000e+003  2.500000e+001
    endloop
  endfacet
  facet normal -8.067647e-001  4.495749e-002  5.891601e-001
    outer loop
      vertex -1.082023e+001 -5.015000e+003  3.538858e+001
      vertex -1.318907e+001 -5.015000e+003  3.214482e+001
      vertex -1.213525e+001 -5.018000e+003  3.381678e+001
    endloop
  endfacet
  facet normal -7.058151e-001 -6.041275e-002  7.058154e-001
    outer loop
      vertex -1.213525e+001 -5.018000e+003  3.381678e+001
      vertex -8.816779e+000 -5.018000e+003  3.713525e+001
      vertex -1.082023e+001 -5.015000e+003  3.538858e+001
    endloop
  endfacet
  facet normal -6.216206e-001  4.033283e-002  7.822795e-001
    outer loop
      vertex -1.082023e+001 -5.015000e+003  3.538858e+001
      vertex -8.816779e+000 -5.018000e+003  3.713525e+001
      vertex -7.675535e+000 -5.015000e+003  3.788744e+001
    endloop
  endfacet
  facet normal -4.534081e-001 -5.063228e-002  8.898637e-001
    outer loop
      vertex -7.675535e+000 -5.015000e+003  3.788744e+001
      vertex -8.816779e+000 -5.018000e+003  3.713525e+001
      vertex -4.635255e+000 -5.018000e+003  3.926585e+001
    endloop
  endfacet
  facet normal -3.919372e-001  2.534647e-002  9.196427e-001
    outer loop
      vertex -7.675535e+000 -5.015000e+003  3.788744e+001
      vertex -4.635255e+000 -5.018000e+003  3.926585e+001
      vertex -3.980475e+000 -5.015000e+003  3.946222e+001
    endloop
  endfacet
  facet normal  4.533167e-001 -5.445682e-002  8.896844e-001
    outer loop
      vertex  4.635255e+000 -5.018000e+003  3.926585e+001
      vertex  8.816779e+000 -5.018000e+003  3.713525e+001
      vertex  7.508338e+000 -5.015000e+003  3.798557e+001
    endloop
  endfacet
  facet normal  6.088852e-001  4.102553e-002  7.921968e-001
    outer loop
      vertex  1.061681e+001 -5.015000e+003  3.559638e+001
      vertex  7.508338e+000 -5.015000e+003  3.798557e+001
      vertex  8.816779e+000 -5.018000e+003  3.713525e+001
    endloop
  endfacet
  facet normal  7.057707e-001 -6.143946e-002  7.057711e-001
    outer loop
      vertex  8.816779e+000 -5.018000e+003  3.713525e+001
      vertex  1.213525e+001 -5.018000e+003  3.381678e+001
      vertex  1.061681e+001 -5.015000e+003  3.559638e+001
    endloop
  endfacet
  facet normal -8.894088e-001 -5.985936e-002  4.531765e-001
    outer loop
      vertex -1.426585e+001 -5.018000e+003  2.963526e+001
      vertex -1.213525e+001 -5.018000e+003  3.381678e+001
      vertex -1.318907e+001 -5.015000e+003  3.214482e+001
    endloop
  endfacet
  facet normal -9.344087e-001  3.922507e-002  3.540365e-001
    outer loop
      vertex -1.426585e+001 -5.018000e+003  2.963526e+001
      vertex -1.318907e+001 -5.015000e+003  3.214482e+001
      vertex -1.461220e+001 -5.015000e+003  2.838875e+001
    endloop
  endfacet
  facet normal -9.886912e-001 -5.641013e-002  1.389517e-001
    outer loop
      vertex -1.426585e+001 -5.018000e+003  2.963526e+001
      vertex -1.461220e+001 -5.015000e+003  2.838875e+001
      vertex -1.498021e+001 -5.015000e+003  2.577020e+001
    endloop
  endfacet
  facet normal -9.793126e-001 -2.007835e-001  2.515800e-002
    outer loop
      vertex -1.426585e+001 -5.018000e+003  2.963526e+001
      vertex -1.498021e+001 -5.015000e+003  2.577020e+001
      vertex -1.500000e+001 -5.015000e+003  2.500000e+001
    endloop
  endfacet
  facet normal -9.876883e-001  0.000000e+000  1.564343e-001
    outer loop
      vertex -1.426585e+001 -5.018000e+003  2.963526e+001
      vertex -1.500000e+001 -5.015000e+003  2.500000e+001
      vertex -1.500000e+001 -5.018000e+003  2.500000e+001
    endloop
  endfacet
  facet normal -1.338032e-001 -3.562326e-002  9.903674e-001
    outer loop
      vertex -3.980475e+000 -5.015000e+003  3.946222e+001
      vertex -4.635255e+000 -5.018000e+003  3.926585e+001
      vertex  5.389623e-015 -5.015000e+003  4.000000e+001
    endloop
  endfacet
  facet normal -1.564348e-001 -9.578551e-017  9.876883e-001
    outer loop
      vertex  5.389623e-015 -5.015000e+003  4.000000e+001
      vertex -4.635255e+000 -5.018000e+003  3.926585e+001
      vertex  7.226533e-015 -5.018000e+003  4.000000e+001
    endloop
  endfacet
  facet normal  1.306853e-001  8.001905e-017  9.914239e-001
    outer loop
      vertex  5.389623e-015 -5.015000e+003  4.000000e+001
      vertex  7.226533e-015 -5.018000e+003  4.000000e+001
      vertex  3.886936e+000 -5.015000e+003  3.948764e+001
    endloop
  endfacet
  facet normal  1.563444e-001 -3.398050e-002  9.871178e-001
    outer loop
      vertex  3.886936e+000 -5.015000e+003  3.948764e+001
      vertex  7.226533e-015 -5.018000e+003  4.000000e+001
      vertex  4.635255e+000 -5.018000e+003  3.926585e+001
    endloop
  endfacet
  facet normal  3.829854e-001  2.726703e-002  9.233518e-001
    outer loop
      vertex  3.886936e+000 -5.015000e+003  3.948764e+001
      vertex  4.635255e+000 -5.018000e+003  3.926585e+001
      vertex  7.508338e+000 -5.015000e+003  3.798557e+001
    endloop
  endfacet
  facet normal  8.902375e-001 -4.154032e-002  4.535987e-001
    outer loop
      vertex  1.426585e+001 -5.018000e+003  2.963526e+001
      vertex  1.388266e+001 -5.014795e+003  3.068083e+001
      vertex  1.213525e+001 -5.018000e+003  3.381678e+001
    endloop
  endfacet
  facet normal  8.990749e-001 -6.684355e-002  4.326621e-001
    outer loop
      vertex  1.213525e+001 -5.018000e+003  3.381678e+001
      vertex  1.388266e+001 -5.014795e+003  3.068083e+001
      vertex  1.300000e+001 -5.015000e+003  3.248331e+001
    endloop
  endfacet
  facet normal  7.933600e-001  4.127613e-002  6.073517e-001
    outer loop
      vertex  1.213525e+001 -5.018000e+003  3.381678e+001
      vertex  1.300000e+001 -5.015000e+003  3.248331e+001
      vertex  1.061681e+001 -5.015000e+003  3.559638e+001
    endloop
  endfacet
  facet normal  9.876884e-001  0.000000e+000  1.564344e-001
    outer loop
      vertex  1.500000e+001 -5.018000e+003  2.500000e+001
      vertex  1.500000e+001 -5.013000e+003  2.500000e+001
      vertex  1.426585e+001 -5.018000e+003  2.963526e+001
    endloop
  endfacet
  facet normal  9.936712e-001 -5.521798e-002  9.781890e-002
    outer loop
      vertex  1.426585e+001 -5.018000e+003  2.963526e+001
      vertex  1.500000e+001 -5.013000e+003  2.500000e+001
      vertex  1.458943e+001 -5.014214e+003  2.848549e+001
    endloop
  endfacet
  facet normal  9.508225e-001  1.271959e-002  3.094747e-001
    outer loop
      vertex  1.426585e+001 -5.018000e+003  2.963526e+001
      vertex  1.458943e+001 -5.014214e+003  2.848549e+001
      vertex  1.388266e+001 -5.014795e+003  3.068083e+001
    endloop
  endfacet
  facet normal  0.000000e+000 -1.000000e+000  -0.000000e+000
    outer loop
      vertex  7.801838e-015 -5.020000e+003 -3.250000e+001
      vertex -3.254128e+000 -5.020000e+003 -3.175727e+001
      vertex -1.051722e+001 -5.020000e+003 -3.264121e+001
    endloop
  endfacet
  facet normal  0.000000e+000 -1.000000e+000  0.000000e+000
    outer loop
      vertex  7.801838e-015 -5.020000e+003 -3.250000e+001
      vertex -1.051722e+001 -5.020000e+003 -3.264121e+001
      vertex -7.641208e+000 -5.020000e+003 -3.551722e+001
    endloop
  endfacet
  facet normal  0.000000e+000 -1.000000e+000  0.000000e+000
    outer loop
      vertex  7.801838e-015 -5.020000e+003 -3.250000e+001
      vertex -7.641208e+000 -5.020000e+003 -3.551722e+001
      vertex -4.017221e+000 -5.020000e+003 -3.736374e+001
    endloop
  endfacet
  facet normal  0.000000e+000 -1.000000e+000  0.000000e+000
    outer loop
      vertex  7.801838e-015 -5.020000e+003 -3.250000e+001
      vertex -4.017221e+000 -5.020000e+003 -3.736374e+001
      vertex  1.107911e-015 -5.020000e+003 -3.800000e+001
    endloop
  endfacet
  facet normal  0.000000e+000 -1.000000e+000  0.000000e+000
    outer loop
      vertex  7.801838e-015 -5.020000e+003 -3.250000e+001
      vertex  1.107911e-015 -5.020000e+003 -3.800000e+001
      vertex  4.017221e+000 -5.020000e+003 -3.736374e+001
    endloop
  endfacet
  facet normal  0.000000e+000 -1.000000e+000  0.000000e+000
    outer loop
      vertex  7.801838e-015 -5.020000e+003 -3.250000e+001
      vertex  4.017221e+000 -5.020000e+003 -3.736374e+001
      vertex  7.641208e+000 -5.020000e+003 -3.551722e+001
    endloop
  endfacet
  facet normal  0.000000e+000 -1.000000e+000  0.000000e+000
    outer loop
      vertex  7.801838e-015 -5.020000e+003 -3.250000e+001
      vertex  7.641208e+000 -5.020000e+003 -3.551722e+001
      vertex  1.051722e+001 -5.020000e+003 -3.264121e+001
    endloop
  endfacet
  facet normal  0.000000e+000 -1.000000e+000  0.000000e+000
    outer loop
      vertex  7.801838e-015 -5.020000e+003 -3.250000e+001
      vertex  1.051722e+001 -5.020000e+003 -3.264121e+001
      vertex  3.254128e+000 -5.020000e+003 -3.175727e+001
    endloop
  endfacet
  facet normal  0.000000e+000 -1.000000e+000  0.000000e+000
    outer loop
      vertex -1.300000e+001 -5.020000e+003 -2.500000e+001
      vertex -1.236373e+001 -5.020000e+003 -2.901722e+001
      vertex -5.863736e+000 -5.020000e+003 -2.967617e+001
    endloop
  endfacet
  facet normal  0.000000e+000 -1.000000e+000  0.000000e+000
    outer loop
      vertex -1.300000e+001 -5.020000e+003 -2.500000e+001
      vertex -5.863736e+000 -5.020000e+003 -2.967617e+001
      vertex -7.311959e+000 -5.020000e+003 -2.666891e+001
    endloop
  endfacet
  facet normal  0.000000e+000 -1.000000e+000  0.000000e+000
    outer loop
      vertex -1.300000e+001 -5.020000e+003 -2.500000e+001
      vertex -7.311959e+000 -5.020000e+003 -2.666891e+001
      vertex -7.311959e+000 -5.020000e+003 -2.333109e+001
    endloop
  endfacet
  facet normal  -0.000000e+000 -1.000000e+000  0.000000e+000
    outer loop
      vertex -1.300000e+001 -5.020000e+003 -2.500000e+001
      vertex -7.311959e+000 -5.020000e+003 -2.333109e+001
      vertex -1.300000e+001 -5.020000e+003  2.500000e+001
    endloop
  endfacet
  facet normal  0.000000e+000 -1.000000e+000  0.000000e+000
    outer loop
      vertex -1.300000e+001 -5.020000e+003  2.500000e+001
      vertex -7.311959e+000 -5.020000e+003 -2.333109e+001
      vertex -5.863736e+000 -5.020000e+003 -2.032383e+001
    endloop
  endfacet
  facet normal  0.000000e+000 -1.000000e+000  0.000000e+000
    outer loop
      vertex -1.300000e+001 -5.020000e+003  2.500000e+001
      vertex -5.863736e+000 -5.020000e+003 -2.032383e+001
      vertex -3.254128e+000 -5.020000e+003 -1.824273e+001
    endloop
  endfacet
  facet normal  0.000000e+000 -1.000000e+000  0.000000e+000
    outer loop
      vertex -1.300000e+001 -5.020000e+003  2.500000e+001
      vertex -3.254128e+000 -5.020000e+003 -1.824273e+001
      vertex  3.552714e-015 -5.020000e+003 -1.750000e+001
    endloop
  endfacet
  facet normal  0.000000e+000 -1.000000e+000  0.000000e+000
    outer loop
      vertex -1.300000e+001 -5.020000e+003  2.500000e+001
      vertex  3.552714e-015 -5.020000e+003 -1.750000e+001
      vertex  2.257426e+000 -5.020000e+003  3.780250e+001
    endloop
  endfacet
  facet normal  -0.000000e+000 -1.000000e+000  0.000000e+000
    outer loop
      vertex -1.300000e+001 -5.020000e+003  2.500000e+001
      vertex  2.257426e+000 -5.020000e+003  3.780250e+001
      vertex -2.257426e+000 -5.020000e+003  3.780250e+001
    endloop
  endfacet
  facet normal  0.000000e+000 -1.000000e+000  0.000000e+000
    outer loop
      vertex -1.300000e+001 -5.020000e+003  2.500000e+001
      vertex -2.257426e+000 -5.020000e+003  3.780250e+001
      vertex -6.500000e+000 -5.020000e+003  3.625833e+001
    endloop
  endfacet
  facet normal  0.000000e+000 -1.000000e+000  0.000000e+000
    outer loop
      vertex -1.300000e+001 -5.020000e+003  2.500000e+001
      vertex -6.500000e+000 -5.020000e+003  3.625833e+001
      vertex -9.958578e+000 -5.020000e+003  3.335624e+001
    endloop
  endfacet
  facet normal  0.000000e+000 -1.000000e+000  0.000000e+000
    outer loop
      vertex -1.300000e+001 -5.020000e+003  2.500000e+001
      vertex -9.958578e+000 -5.020000e+003  3.335624e+001
      vertex -1.221600e+001 -5.020000e+003  2.944626e+001
    endloop
  endfacet
  facet normal  -0.000000e+000 -9.999999e-001  0.000000e+000
    outer loop
      vertex  3.552714e-015 -5.020000e+003 -1.750000e+001
      vertex  1.300000e+001 -5.020000e+003  2.500000e+001
      vertex  1.221600e+001 -5.020000e+003  2.944626e+001
    endloop
  endfacet
  facet normal  -0.000000e+000 -1.000000e+000  0.000000e+000
    outer loop
      vertex  3.552714e-015 -5.020000e+003 -1.750000e+001
      vertex  1.221600e+001 -5.020000e+003  2.944626e+001
      vertex  9.958578e+000 -5.020000e+003  3.335624e+001
    endloop
  endfacet
  facet normal  -0.000000e+000 -1.000000e+000  0.000000e+000
    outer loop
      vertex  3.552714e-015 -5.020000e+003 -1.750000e+001
      vertex  9.958578e+000 -5.020000e+003  3.335624e+001
      vertex  6.500000e+000 -5.020000e+003  3.625833e+001
    endloop
  endfacet
  facet normal  -0.000000e+000 -1.000000e+000  0.000000e+000
    outer loop
      vertex  3.552714e-015 -5.020000e+003 -1.750000e+001
      vertex  6.500000e+000 -5.020000e+003  3.625833e+001
      vertex  2.257426e+000 -5.020000e+003  3.780250e+001
    endloop
  endfacet
  facet normal  0.000000e+000 -1.000000e+000  0.000000e+000
    outer loop
      vertex  1.300000e+001 -5.020000e+003  2.500000e+001
      vertex  3.552714e-015 -5.020000e+003 -1.750000e+001
      vertex  3.254128e+000 -5.020000e+003 -1.824273e+001
    endloop
  endfacet
  facet normal  0.000000e+000 -1.000000e+000  0.000000e+000
    outer loop
      vertex  1.300000e+001 -5.020000e+003  2.500000e+001
      vertex  3.254128e+000 -5.020000e+003 -1.824273e+001
      vertex  5.863736e+000 -5.020000e+003 -2.032383e+001
    endloop
  endfacet
  facet normal  0.000000e+000 -1.000000e+000  0.000000e+000
    outer loop
      vertex  1.300000e+001 -5.020000e+003  2.500000e+001
      vertex  5.863736e+000 -5.020000e+003 -2.032383e+001
      vertex  7.311959e+000 -5.020000e+003 -2.333109e+001
    endloop
  endfacet
  facet normal  0.000000e+000 -1.000000e+000  0.000000e+000
    outer loop
      vertex  1.300000e+001 -5.020000e+003  2.500000e+001
      vertex  7.311959e+000 -5.020000e+003 -2.333109e+001
      vertex  7.311959e+000 -5.020000e+003 -2.666891e+001
    endloop
  endfacet
  facet normal  0.000000e+000 -1.000000e+000  0.000000e+000
    outer loop
      vertex  1.300000e+001 -5.020000e+003  2.500000e+001
      vertex  7.311959e+000 -5.020000e+003 -2.666891e+001
      vertex  1.300000e+001 -5.020000e+003 -2.500000e+001
    endloop
  endfacet
  facet normal  0.000000e+000 -1.000000e+000  0.000000e+000
    outer loop
      vertex -5.863736e+000 -5.020000e+003 -2.967617e+001
      vertex -1.236373e+001 -5.020000e+003 -2.901722e+001
      vertex -3.254128e+000 -5.020000e+003 -3.175727e+001
    endloop
  endfacet
  facet normal  -0.000000e+000 -9.999999e-001  0.000000e+000
    outer loop
      vertex -3.254128e+000 -5.020000e+003 -3.175727e+001
      vertex -1.236373e+001 -5.020000e+003 -2.901722e+001
      vertex -1.051722e+001 -5.020000e+003 -3.264121e+001
    endloop
  endfacet
  facet normal  0.000000e+000 -1.000000e+000  0.000000e+000
    outer loop
      vertex  1.300000e+001 -5.020000e+003 -2.500000e+001
      vertex  7.311959e+000 -5.020000e+003 -2.666891e+001
      vertex  1.236373e+001 -5.020000e+003 -2.901722e+001
    endloop
  endfacet
  facet normal  -0.000000e+000 -1.000000e+000  0.000000e+000
    outer loop
      vertex  1.236373e+001 -5.020000e+003 -2.901722e+001
      vertex  7.311959e+000 -5.020000e+003 -2.666891e+001
      vertex  5.863736e+000 -5.020000e+003 -2.967617e+001
    endloop
  endfacet
  facet normal  0.000000e+000 -1.000000e+000  0.000000e+000
    outer loop
      vertex  1.236373e+001 -5.020000e+003 -2.901722e+001
      vertex  5.863736e+000 -5.020000e+003 -2.967617e+001
      vertex  1.051722e+001 -5.020000e+003 -3.264121e+001
    endloop
  endfacet
  facet normal  0.000000e+000 -1.000000e+000  0.000000e+000
    outer loop
      vertex  1.051722e+001 -5.020000e+003 -3.264121e+001
      vertex  5.863736e+000 -5.020000e+003 -2.967617e+001
      vertex  3.254128e+000 -5.020000e+003 -3.175727e+001
    endloop
  endfacet
  facet normal -9.876883e-001  -0.000000e+000 -1.564343e-001
    outer loop
      vertex -1.500000e+001 -5.018000e+003 -2.500000e+001
      vertex -1.500000e+001 -5.015000e+003 -2.500000e+001
      vertex -1.426585e+001 -5.018000e+003 -2.963526e+001
    endloop
  endfacet
  facet normal -9.876883e-001  0.000000e+000 -1.564343e-001
    outer loop
      vertex -1.426585e+001 -5.018000e+003 -2.963526e+001
      vertex -1.500000e+001 -5.015000e+003 -2.500000e+001
      vertex -1.426585e+001 -5.015000e+003 -2.963526e+001
    endloop
  endfacet
  facet normal -8.910065e-001  -0.000000e+000 -4.539905e-001
    outer loop
      vertex -1.426585e+001 -5.018000e+003 -2.963526e+001
      vertex -1.426585e+001 -5.015000e+003 -2.963526e+001
      vertex -1.213525e+001 -5.018000e+003 -3.381678e+001
    endloop
  endfacet
  facet normal -8.910065e-001  0.000000e+000 -4.539905e-001
    outer loop
      vertex -1.213525e+001 -5.018000e+003 -3.381678e+001
      vertex -1.426585e+001 -5.015000e+003 -2.963526e+001
      vertex -1.213525e+001 -5.015000e+003 -3.381678e+001
    endloop
  endfacet
  facet normal -7.071066e-001  -0.000000e+000 -7.071069e-001
    outer loop
      vertex -1.213525e+001 -5.018000e+003 -3.381678e+001
      vertex -1.213525e+001 -5.015000e+003 -3.381678e+001
      vertex -8.816779e+000 -5.018000e+003 -3.713525e+001
    endloop
  endfacet
  facet normal -7.071066e-001  0.000000e+000 -7.071069e-001
    outer loop
      vertex -8.816779e+000 -5.018000e+003 -3.713525e+001
      vertex -1.213525e+001 -5.015000e+003 -3.381678e+001
      vertex -8.816779e+000 -5.015000e+003 -3.713525e+001
    endloop
  endfacet
  facet normal -4.539904e-001  -0.000000e+000 -8.910066e-001
    outer loop
      vertex -8.816779e+000 -5.018000e+003 -3.713525e+001
      vertex -8.816779e+000 -5.015000e+003 -3.713525e+001
      vertex -4.635255e+000 -5.018000e+003 -3.926585e+001
    endloop
  endfacet
  facet normal -4.539904e-001  0.000000e+000 -8.910066e-001
    outer loop
      vertex -4.635255e+000 -5.018000e+003 -3.926585e+001
      vertex -8.816779e+000 -5.015000e+003 -3.713525e+001
      vertex -4.635255e+000 -5.015000e+003 -3.926585e+001
    endloop
  endfacet
  facet normal -1.564348e-001  -0.000000e+000 -9.876883e-001
    outer loop
      vertex -4.635255e+000 -5.018000e+003 -3.926585e+001
      vertex -4.635255e+000 -5.015000e+003 -3.926585e+001
      vertex  7.226533e-015 -5.018000e+003 -4.000000e+001
    endloop
  endfacet
  facet normal -1.564348e-001  0.000000e+000 -9.876883e-001
    outer loop
      vertex  7.226533e-015 -5.018000e+003 -4.000000e+001
      vertex -4.635255e+000 -5.015000e+003 -3.926585e+001
      vertex  7.226533e-015 -5.015000e+003 -4.000000e+001
    endloop
  endfacet
  facet normal  1.564348e-001  0.000000e+000 -9.876883e-001
    outer loop
      vertex  7.226533e-015 -5.018000e+003 -4.000000e+001
      vertex  7.226533e-015 -5.015000e+003 -4.000000e+001
      vertex  4.635255e+000 -5.018000e+003 -3.926585e+001
    endloop
  endfacet
  facet normal  1.564348e-001  0.000000e+000 -9.876883e-001
    outer loop
      vertex  4.635255e+000 -5.018000e+003 -3.926585e+001
      vertex  7.226533e-015 -5.015000e+003 -4.000000e+001
      vertex  4.635255e+000 -5.015000e+003 -3.926585e+001
    endloop
  endfacet
  facet normal  4.539904e-001  0.000000e+000 -8.910066e-001
    outer loop
      vertex  4.635255e+000 -5.018000e+003 -3.926585e+001
      vertex  4.635255e+000 -5.015000e+003 -3.926585e+001
      vertex  8.816779e+000 -5.018000e+003 -3.713525e+001
    endloop
  endfacet
  facet normal  4.539904e-001  0.000000e+000 -8.910066e-001
    outer loop
      vertex  8.816779e+000 -5.018000e+003 -3.713525e+001
      vertex  4.635255e+000 -5.015000e+003 -3.926585e+001
      vertex  8.816779e+000 -5.015000e+003 -3.713525e+001
    endloop
  endfacet
  facet normal  7.071066e-001  0.000000e+000 -7.071069e-001
    outer loop
      vertex  8.816779e+000 -5.018000e+003 -3.713525e+001
      vertex  8.816779e+000 -5.015000e+003 -3.713525e+001
      vertex  1.213525e+001 -5.018000e+003 -3.381678e+001
    endloop
  endfacet
  facet normal  7.071066e-001  0.000000e+000 -7.071069e-001
    outer loop
      vertex  1.213525e+001 -5.018000e+003 -3.381678e+001
      vertex  8.816779e+000 -5.015000e+003 -3.713525e+001
      vertex  1.213525e+001 -5.015000e+003 -3.381678e+001
    endloop
  endfacet
  facet normal  8.910065e-001  0.000000e+000 -4.539905e-001
    outer loop
      vertex  1.213525e+001 -5.018000e+003 -3.381678e+001
      vertex  1.213525e+001 -5.015000e+003 -3.381678e+001
      vertex  1.426585e+001 -5.018000e+003 -2.963526e+001
    endloop
  endfacet
  facet normal  8.910065e-001  0.000000e+000 -4.539905e-001
    outer loop
      vertex  1.426585e+001 -5.018000e+003 -2.963526e+001
      vertex  1.213525e+001 -5.015000e+003 -3.381678e+001
      vertex  1.426585e+001 -5.015000e+003 -2.963526e+001
    endloop
  endfacet
  facet normal  9.876883e-001  0.000000e+000 -1.564343e-001
    outer loop
      vertex  1.426585e+001 -5.018000e+003 -2.963526e+001
      vertex  1.426585e+001 -5.015000e+003 -2.963526e+001
      vertex  1.500000e+001 -5.018000e+003 -2.500000e+001
    endloop
  endfacet
  facet normal  9.876883e-001  0.000000e+000 -1.564343e-001
    outer loop
      vertex  1.500000e+001 -5.018000e+003 -2.500000e+001
      vertex  1.426585e+001 -5.015000e+003 -2.963526e+001
      vertex  1.500000e+001 -5.015000e+003 -2.500000e+001
    endloop
  endfacet
  facet normal  3.827677e-001 -9.238446e-001  0.000000e+000
    outer loop
      vertex  1.300000e+001 -5.020000e+003  2.500000e+001
      vertex  1.300000e+001 -5.020000e+003 -2.500000e+001
      vertex  1.441421e+001 -5.019414e+003  2.500000e+001
    endloop
  endfacet
  facet normal  3.827677e-001 -9.238446e-001  0.000000e+000
    outer loop
      vertex  1.441421e+001 -5.019414e+003  2.500000e+001
      vertex  1.300000e+001 -5.020000e+003 -2.500000e+001
      vertex  1.441421e+001 -5.019414e+003 -2.500000e+001
    endloop
  endfacet
  facet normal  9.238650e-001 -3.827185e-001  0.000000e+000
    outer loop
      vertex  1.441421e+001 -5.019414e+003  2.500000e+001
      vertex  1.441421e+001 -5.019414e+003 -2.500000e+001
      vertex  1.500000e+001 -5.018000e+003  2.500000e+001
    endloop
  endfacet
  facet normal  9.238650e-001 -3.827185e-001  0.000000e+000
    outer loop
      vertex  1.500000e+001 -5.018000e+003  2.500000e+001
      vertex  1.441421e+001 -5.019414e+003 -2.500000e+001
      vertex  1.500000e+001 -5.018000e+003 -2.500000e+001
    endloop
  endfacet
  facet normal -3.820663e-001 -9.221516e-001  6.051333e-002
    outer loop
      vertex -1.300000e+001 -5.020000e+003  2.500000e+001
      vertex -1.370873e+001 -5.019414e+003  2.945424e+001
      vertex -1.441421e+001 -5.019414e+003  2.500000e+001
    endloop
  endfacet
  facet normal -3.643349e-001 -9.290495e-001  6.424204e-002
    outer loop
      vertex -1.300000e+001 -5.020000e+003  2.500000e+001
      vertex -1.221600e+001 -5.020000e+003  2.944626e+001
      vertex -1.370873e+001 -5.019414e+003  2.945424e+001
    endloop
  endfacet
  facet normal  3.643349e-001 -9.290495e-001  6.424204e-002
    outer loop
      vertex  1.300000e+001 -5.020000e+003  2.500000e+001
      vertex  1.370873e+001 -5.019414e+003  2.945424e+001
      vertex  1.221600e+001 -5.020000e+003  2.944626e+001
    endloop
  endfacet
  facet normal  3.820663e-001 -9.221516e-001  6.051333e-002
    outer loop
      vertex  1.300000e+001 -5.020000e+003  2.500000e+001
      vertex  1.441421e+001 -5.019414e+003  2.500000e+001
      vertex  1.370873e+001 -5.019414e+003  2.945424e+001
    endloop
  endfacet
  facet normal  3.092377e-001 -9.340749e-001  1.785385e-001
    outer loop
      vertex  1.166134e+001 -5.019414e+003  3.347246e+001
      vertex  9.958578e+000 -5.020000e+003  3.335624e+001
      vertex  1.221600e+001 -5.020000e+003  2.944626e+001
    endloop
  endfacet
  facet normal  3.583975e-001 -9.155347e-001  1.826127e-001
    outer loop
      vertex  1.166134e+001 -5.019414e+003  3.347246e+001
      vertex  1.221600e+001 -5.020000e+003  2.944626e+001
      vertex  1.370873e+001 -5.019414e+003  2.945424e+001
    endloop
  endfacet
  facet normal  2.239254e-001 -9.373585e-001  2.668639e-001
    outer loop
      vertex  8.472462e+000 -5.019414e+003  3.666134e+001
      vertex  6.500000e+000 -5.020000e+003  3.625833e+001
      vertex  9.958578e+000 -5.020000e+003  3.335624e+001
    endloop
  endfacet
  facet normal  2.931387e-001 -9.100215e-001  2.931388e-001
    outer loop
      vertex  8.472462e+000 -5.019414e+003  3.666134e+001
      vertex  9.958578e+000 -5.020000e+003  3.335624e+001
      vertex  1.166134e+001 -5.019414e+003  3.347246e+001
    endloop
  endfacet
  facet normal  1.174232e-001 -9.392174e-001  3.226177e-001
    outer loop
      vertex  4.454237e+000 -5.019414e+003  3.870873e+001
      vertex  2.257426e+000 -5.020000e+003  3.780250e+001
      vertex  6.500000e+000 -5.020000e+003  3.625833e+001
    endloop
  endfacet
  facet normal  1.921137e-001 -9.060520e-001  3.770439e-001
    outer loop
      vertex  4.454237e+000 -5.019414e+003  3.870873e+001
      vertex  6.500000e+000 -5.020000e+003  3.625833e+001
      vertex  8.472462e+000 -5.019414e+003  3.666134e+001
    endloop
  endfacet
  facet normal  0.000000e+000 -9.398196e-001  3.416709e-001
    outer loop
      vertex  2.486900e-014 -5.019414e+003  3.941422e+001
      vertex -2.257426e+000 -5.020000e+003  3.780250e+001
      vertex  2.257426e+000 -5.020000e+003  3.780250e+001
    endloop
  endfacet
  facet normal  6.689015e-002 -9.039720e-001  4.223274e-001
    outer loop
      vertex  2.486900e-014 -5.019414e+003  3.941422e+001
      vertex  2.257426e+000 -5.020000e+003  3.780250e+001
      vertex  4.454237e+000 -5.019414e+003  3.870873e+001
    endloop
  endfacet
  facet normal -1.174232e-001 -9.392174e-001  3.226177e-001
    outer loop
      vertex -4.454237e+000 -5.019414e+003  3.870873e+001
      vertex -6.500000e+000 -5.020000e+003  3.625833e+001
      vertex -2.257426e+000 -5.020000e+003  3.780250e+001
    endloop
  endfacet
  facet normal -6.689015e-002 -9.039720e-001  4.223274e-001
    outer loop
      vertex -4.454237e+000 -5.019414e+003  3.870873e+001
      vertex -2.257426e+000 -5.020000e+003  3.780250e+001
      vertex  2.486900e-014 -5.019414e+003  3.941422e+001
    endloop
  endfacet
  facet normal -2.239254e-001 -9.373585e-001  2.668639e-001
    outer loop
      vertex -8.472462e+000 -5.019414e+003  3.666134e+001
      vertex -9.958578e+000 -5.020000e+003  3.335624e+001
      vertex -6.500000e+000 -5.020000e+003  3.625833e+001
    endloop
  endfacet
  facet normal -1.921137e-001 -9.060520e-001  3.770439e-001
    outer loop
      vertex -8.472462e+000 -5.019414e+003  3.666134e+001
      vertex -6.500000e+000 -5.020000e+003  3.625833e+001
      vertex -4.454237e+000 -5.019414e+003  3.870873e+001
    endloop
  endfacet
  facet normal -3.092377e-001 -9.340749e-001  1.785385e-001
    outer loop
      vertex -1.166134e+001 -5.019414e+003  3.347246e+001
      vertex -1.221600e+001 -5.020000e+003  2.944626e+001
      vertex -9.958578e+000 -5.020000e+003  3.335624e+001
    endloop
  endfacet
  facet normal -2.931387e-001 -9.100215e-001  2.931388e-001
    outer loop
      vertex -1.166134e+001 -5.019414e+003  3.347246e+001
      vertex -9.958578e+000 -5.020000e+003  3.335624e+001
      vertex -8.472462e+000 -5.019414e+003  3.666134e+001
    endloop
  endfacet
  facet normal -3.583975e-001 -9.155347e-001  1.826127e-001
    outer loop
      vertex -1.370873e+001 -5.019414e+003  2.945424e+001
      vertex -1.221600e+001 -5.020000e+003  2.944626e+001
      vertex -1.166134e+001 -5.019414e+003  3.347246e+001
    endloop
  endfacet
  facet normal  9.141305e-001 -3.786860e-001  1.447840e-001
    outer loop
      vertex  1.441421e+001 -5.019414e+003  2.500000e+001
      vertex  1.500000e+001 -5.018000e+003  2.500000e+001
      vertex  1.370873e+001 -5.019414e+003  2.945424e+001
    endloop
  endfacet
  facet normal  9.141304e-001 -3.786861e-001  1.447839e-001
    outer loop
      vertex  1.370873e+001 -5.019414e+003  2.945424e+001
      vertex  1.500000e+001 -5.018000e+003  2.500000e+001
      vertex  1.426585e+001 -5.018000e+003  2.963526e+001
    endloop
  endfacet
  facet normal  8.246489e-001 -3.786862e-001  4.201797e-001
    outer loop
      vertex  1.370873e+001 -5.019414e+003  2.945424e+001
      vertex  1.426585e+001 -5.018000e+003  2.963526e+001
      vertex  1.166134e+001 -5.019414e+003  3.347246e+001
    endloop
  endfacet
  facet normal  8.246489e-001 -3.786862e-001  4.201796e-001
    outer loop
      vertex  1.166134e+001 -5.019414e+003  3.347246e+001
      vertex  1.426585e+001 -5.018000e+003  2.963526e+001
      vertex  1.213525e+001 -5.018000e+003  3.381678e+001
    endloop
  endfacet
  facet normal  6.544449e-001 -3.786865e-001  6.544451e-001
    outer loop
      vertex  1.166134e+001 -5.019414e+003  3.347246e+001
      vertex  1.213525e+001 -5.018000e+003  3.381678e+001
      vertex  8.472462e+000 -5.019414e+003  3.666134e+001
    endloop
  endfacet
  facet normal  6.544449e-001 -3.786861e-001  6.544454e-001
    outer loop
      vertex  8.472462e+000 -5.019414e+003  3.666134e+001
      vertex  1.213525e+001 -5.018000e+003  3.381678e+001
      vertex  8.816779e+000 -5.018000e+003  3.713525e+001
    endloop
  endfacet
  facet normal  4.201800e-001 -3.786860e-001  8.246488e-001
    outer loop
      vertex  8.472462e+000 -5.019414e+003  3.666134e+001
      vertex  8.816779e+000 -5.018000e+003  3.713525e+001
      vertex  4.454237e+000 -5.019414e+003  3.870873e+001
    endloop
  endfacet
  facet normal  4.201798e-001 -3.786845e-001  8.246496e-001
    outer loop
      vertex  4.454237e+000 -5.019414e+003  3.870873e+001
      vertex  8.816779e+000 -5.018000e+003  3.713525e+001
      vertex  4.635255e+000 -5.018000e+003  3.926585e+001
    endloop
  endfacet
  facet normal  1.447843e-001 -3.786844e-001  9.141311e-001
    outer loop
      vertex  4.454237e+000 -5.019414e+003  3.870873e+001
      vertex  4.635255e+000 -5.018000e+003  3.926585e+001
      vertex  2.486900e-014 -5.019414e+003  3.941422e+001
    endloop
  endfacet
  facet normal  1.447844e-001 -3.786848e-001  9.141308e-001
    outer loop
      vertex  2.486900e-014 -5.019414e+003  3.941422e+001
      vertex  4.635255e+000 -5.018000e+003  3.926585e+001
      vertex  7.226533e-015 -5.018000e+003  4.000000e+001
    endloop
  endfacet
  facet normal -1.447842e-001 -3.786849e-001  9.141309e-001
    outer loop
      vertex  2.486900e-014 -5.019414e+003  3.941422e+001
      vertex  7.226533e-015 -5.018000e+003  4.000000e+001
      vertex -4.454237e+000 -5.019414e+003  3.870873e+001
    endloop
  endfacet
  facet normal -1.447845e-001 -3.786844e-001  9.141311e-001
    outer loop
      vertex -4.454237e+000 -5.019414e+003  3.870873e+001
      vertex  7.226533e-015 -5.018000e+003  4.000000e+001
      vertex -4.635255e+000 -5.018000e+003  3.926585e+001
    endloop
  endfacet
  facet normal -4.201803e-001 -3.786845e-001  8.246493e-001
    outer loop
      vertex -4.454237e+000 -5.019414e+003  3.870873e+001
      vertex -4.635255e+000 -5.018000e+003  3.926585e+001
      vertex -8.472462e+000 -5.019414e+003  3.666134e+001
    endloop
  endfacet
  facet normal -4.201795e-001 -3.786860e-001  8.246490e-001
    outer loop
      vertex -8.472462e+000 -5.019414e+003  3.666134e+001
      vertex -4.635255e+000 -5.018000e+003  3.926585e+001
      vertex -8.816779e+000 -5.018000e+003  3.713525e+001
    endloop
  endfacet
  facet normal -6.544451e-001 -3.786861e-001  6.544452e-001
    outer loop
      vertex -8.472462e+000 -5.019414e+003  3.666134e+001
      vertex -8.816779e+000 -5.018000e+003  3.713525e+001
      vertex -1.166134e+001 -5.019414e+003  3.347246e+001
    endloop
  endfacet
  facet normal -6.544448e-001 -3.786864e-001  6.544452e-001
    outer loop
      vertex -1.166134e+001 -5.019414e+003  3.347246e+001
      vertex -8.816779e+000 -5.018000e+003  3.713525e+001
      vertex -1.213525e+001 -5.018000e+003  3.381678e+001
    endloop
  endfacet
  facet normal -8.246489e-001 -3.786863e-001  4.201797e-001
    outer loop
      vertex -1.166134e+001 -5.019414e+003  3.347246e+001
      vertex -1.213525e+001 -5.018000e+003  3.381678e+001
      vertex -1.370873e+001 -5.019414e+003  2.945424e+001
    endloop
  endfacet
  facet normal -8.246489e-001 -3.786862e-001  4.201796e-001
    outer loop
      vertex -1.370873e+001 -5.019414e+003  2.945424e+001
      vertex -1.213525e+001 -5.018000e+003  3.381678e+001
      vertex -1.426585e+001 -5.018000e+003  2.963526e+001
    endloop
  endfacet
  facet normal -9.141304e-001 -3.786860e-001  1.447840e-001
    outer loop
      vertex -1.370873e+001 -5.019414e+003  2.945424e+001
      vertex -1.426585e+001 -5.018000e+003  2.963526e+001
      vertex -1.441421e+001 -5.019414e+003  2.500000e+001
    endloop
  endfacet
  facet normal -9.141305e-001 -3.786860e-001  1.447839e-001
    outer loop
      vertex -1.441421e+001 -5.019414e+003  2.500000e+001
      vertex -1.426585e+001 -5.018000e+003  2.963526e+001
      vertex -1.500000e+001 -5.018000e+003  2.500000e+001
    endloop
  endfacet
  facet normal -9.238650e-001 -3.827185e-001  0.000000e+000
    outer loop
      vertex -1.500000e+001 -5.018000e+003  2.500000e+001
      vertex -1.500000e+001 -5.018000e+003 -2.500000e+001
      vertex -1.441421e+001 -5.019414e+003  2.500000e+001
    endloop
  endfacet
  facet normal -9.238650e-001 -3.827185e-001  -0.000000e+000
    outer loop
      vertex -1.441421e+001 -5.019414e+003  2.500000e+001
      vertex -1.500000e+001 -5.018000e+003 -2.500000e+001
      vertex -1.441421e+001 -5.019414e+003 -2.500000e+001
    endloop
  endfacet
  facet normal -3.827677e-001 -9.238446e-001  0.000000e+000
    outer loop
      vertex -1.441421e+001 -5.019414e+003  2.500000e+001
      vertex -1.441421e+001 -5.019414e+003 -2.500000e+001
      vertex -1.300000e+001 -5.020000e+003  2.500000e+001
    endloop
  endfacet
  facet normal -3.827677e-001 -9.238446e-001  -0.000000e+000
    outer loop
      vertex -1.300000e+001 -5.020000e+003  2.500000e+001
      vertex -1.441421e+001 -5.019414e+003 -2.500000e+001
      vertex -1.300000e+001 -5.020000e+003 -2.500000e+001
    endloop
  endfacet
  facet normal  9.141305e-001  3.786860e-001 -1.447839e-001
    outer loop
      vertex  1.500000e+001 -4.982000e+003 -2.500000e+001
      vertex  1.426585e+001 -4.982000e+003 -2.963526e+001
      vertex  1.441421e+001 -4.980586e+003 -2.500000e+001
    endloop
  endfacet
  facet normal  9.141304e-001  3.786860e-001 -1.447840e-001
    outer loop
      vertex  1.441421e+001 -4.980586e+003 -2.500000e+001
      vertex  1.426585e+001 -4.982000e+003 -2.963526e+001
      vertex  1.370873e+001 -4.980586e+003 -2.945424e+001
    endloop
  endfacet
  facet normal  3.820663e-001  9.221516e-001 -6.051333e-002
    outer loop
      vertex  1.441421e+001 -4.980586e+003 -2.500000e+001
      vertex  1.370873e+001 -4.980586e+003 -2.945424e+001
      vertex  1.300000e+001 -4.980000e+003 -2.500000e+001
    endloop
  endfacet
  facet normal  3.820661e-001  9.221516e-001 -6.051336e-002
    outer loop
      vertex  1.300000e+001 -4.980000e+003 -2.500000e+001
      vertex  1.370873e+001 -4.980586e+003 -2.945424e+001
      vertex  1.236373e+001 -4.980000e+003 -2.901722e+001
    endloop
  endfacet
  facet normal -9.141304e-001  3.786861e-001 -1.447839e-001
    outer loop
      vertex -1.426585e+001 -4.982000e+003 -2.963526e+001
      vertex -1.500000e+001 -4.982000e+003 -2.500000e+001
      vertex -1.370873e+001 -4.980586e+003 -2.945424e+001
    endloop
  endfacet
  facet normal -9.141305e-001  3.786860e-001 -1.447840e-001
    outer loop
      vertex -1.370873e+001 -4.980586e+003 -2.945424e+001
      vertex -1.500000e+001 -4.982000e+003 -2.500000e+001
      vertex -1.441421e+001 -4.980586e+003 -2.500000e+001
    endloop
  endfacet
  facet normal -3.820662e-001  9.221516e-001 -6.051331e-002
    outer loop
      vertex -1.370873e+001 -4.980586e+003 -2.945424e+001
      vertex -1.441421e+001 -4.980586e+003 -2.500000e+001
      vertex -1.236373e+001 -4.980000e+003 -2.901722e+001
    endloop
  endfacet
  facet normal -3.820662e-001  9.221516e-001 -6.051339e-002
    outer loop
      vertex -1.236373e+001 -4.980000e+003 -2.901722e+001
      vertex -1.441421e+001 -4.980586e+003 -2.500000e+001
      vertex -1.300000e+001 -4.980000e+003 -2.500000e+001
    endloop
  endfacet
  facet normal -8.246489e-001  3.786862e-001 -4.201796e-001
    outer loop
      vertex -1.213525e+001 -4.982000e+003 -3.381678e+001
      vertex -1.426585e+001 -4.982000e+003 -2.963526e+001
      vertex -1.166134e+001 -4.980586e+003 -3.347246e+001
    endloop
  endfacet
  facet normal -8.246489e-001  3.786862e-001 -4.201797e-001
    outer loop
      vertex -1.166134e+001 -4.980586e+003 -3.347246e+001
      vertex -1.426585e+001 -4.982000e+003 -2.963526e+001
      vertex -1.370873e+001 -4.980586e+003 -2.945424e+001
    endloop
  endfacet
  facet normal -3.446669e-001  9.221516e-001 -1.756166e-001
    outer loop
      vertex -1.166134e+001 -4.980586e+003 -3.347246e+001
      vertex -1.370873e+001 -4.980586e+003 -2.945424e+001
      vertex -1.051722e+001 -4.980000e+003 -3.264121e+001
    endloop
  endfacet
  facet normal -3.446669e-001  9.221516e-001 -1.756165e-001
    outer loop
      vertex -1.051722e+001 -4.980000e+003 -3.264121e+001
      vertex -1.370873e+001 -4.980586e+003 -2.945424e+001
      vertex -1.236373e+001 -4.980000e+003 -2.901722e+001
    endloop
  endfacet
  facet normal -6.544449e-001  3.786861e-001 -6.544454e-001
    outer loop
      vertex -8.816779e+000 -4.982000e+003 -3.713525e+001
      vertex -1.213525e+001 -4.982000e+003 -3.381678e+001
      vertex -8.472462e+000 -4.980586e+003 -3.666134e+001
    endloop
  endfacet
  facet normal -6.544449e-001  3.786865e-001 -6.544451e-001
    outer loop
      vertex -8.472462e+000 -4.980586e+003 -3.666134e+001
      vertex -1.213525e+001 -4.982000e+003 -3.381678e+001
      vertex -1.166134e+001 -4.980586e+003 -3.347246e+001
    endloop
  endfacet
  facet normal -2.735292e-001  9.221516e-001 -2.735292e-001
    outer loop
      vertex -8.472462e+000 -4.980586e+003 -3.666134e+001
      vertex -1.166134e+001 -4.980586e+003 -3.347246e+001
      vertex -7.641208e+000 -4.980000e+003 -3.551722e+001
    endloop
  endfacet
  facet normal -2.735292e-001  9.221515e-001 -2.735294e-001
    outer loop
      vertex -7.641208e+000 -4.980000e+003 -3.551722e+001
      vertex -1.166134e+001 -4.980586e+003 -3.347246e+001
      vertex -1.051722e+001 -4.980000e+003 -3.264121e+001
    endloop
  endfacet
  facet normal -4.201798e-001  3.786845e-001 -8.246496e-001
    outer loop
      vertex -4.635255e+000 -4.982000e+003 -3.926585e+001
      vertex -8.816779e+000 -4.982000e+003 -3.713525e+001
      vertex -4.454237e+000 -4.980586e+003 -3.870873e+001
    endloop
  endfacet
  facet normal -4.201800e-001  3.786860e-001 -8.246488e-001
    outer loop
      vertex -4.454237e+000 -4.980586e+003 -3.870873e+001
      vertex -8.816779e+000 -4.982000e+003 -3.713525e+001
      vertex -8.472462e+000 -4.980586e+003 -3.666134e+001
    endloop
  endfacet
  facet normal -1.756167e-001  9.221516e-001 -3.446668e-001
    outer loop
      vertex -4.454237e+000 -4.980586e+003 -3.870873e+001
      vertex -8.472462e+000 -4.980586e+003 -3.666134e+001
      vertex -4.017221e+000 -4.980000e+003 -3.736374e+001
    endloop
  endfacet
  facet normal -1.756167e-001  9.221516e-001 -3.446668e-001
    outer loop
      vertex -4.017221e+000 -4.980000e+003 -3.736374e+001
      vertex -8.472462e+000 -4.980586e+003 -3.666134e+001
      vertex -7.641208e+000 -4.980000e+003 -3.551722e+001
    endloop
  endfacet
  facet normal -1.447844e-001  3.786848e-001 -9.141308e-001
    outer loop
      vertex  3.552714e-015 -4.982000e+003 -4.000000e+001
      vertex -4.635255e+000 -4.982000e+003 -3.926585e+001
      vertex -1.234702e-015 -4.980586e+003 -3.941422e+001
    endloop
  endfacet
  facet normal -1.447843e-001  3.786844e-001 -9.141311e-001
    outer loop
      vertex -1.234702e-015 -4.980586e+003 -3.941422e+001
      vertex -4.635255e+000 -4.982000e+003 -3.926585e+001
      vertex -4.454237e+000 -4.980586e+003 -3.870873e+001
    endloop
  endfacet
  facet normal -6.051334e-002  9.221517e-001 -3.820658e-001
    outer loop
      vertex -1.234702e-015 -4.980586e+003 -3.941422e+001
      vertex -4.454237e+000 -4.980586e+003 -3.870873e+001
      vertex  5.514184e-015 -4.980000e+003 -3.800000e+001
    endloop
  endfacet
  facet normal -6.051328e-002  9.221516e-001 -3.820661e-001
    outer loop
      vertex  5.514184e-015 -4.980000e+003 -3.800000e+001
      vertex -4.454237e+000 -4.980586e+003 -3.870873e+001
      vertex -4.017221e+000 -4.980000e+003 -3.736374e+001
    endloop
  endfacet
  facet normal  1.447845e-001  3.786844e-001 -9.141311e-001
    outer loop
      vertex  4.635255e+000 -4.982000e+003 -3.926585e+001
      vertex  3.552714e-015 -4.982000e+003 -4.000000e+001
      vertex  4.454237e+000 -4.980586e+003 -3.870873e+001
    endloop
  endfacet
  facet normal  1.447842e-001  3.786849e-001 -9.141309e-001
    outer loop
      vertex  4.454237e+000 -4.980586e+003 -3.870873e+001
      vertex  3.552714e-015 -4.982000e+003 -4.000000e+001
      vertex -1.234702e-015 -4.980586e+003 -3.941422e+001
    endloop
  endfacet
  facet normal  6.051338e-002  9.221516e-001 -3.820661e-001
    outer loop
      vertex  4.454237e+000 -4.980586e+003 -3.870873e+001
      vertex -1.234702e-015 -4.980586e+003 -3.941422e+001
      vertex  4.017221e+000 -4.980000e+003 -3.736374e+001
    endloop
  endfacet
  facet normal  6.051324e-002  9.221517e-001 -3.820658e-001
    outer loop
      vertex  4.017221e+000 -4.980000e+003 -3.736374e+001
      vertex -1.234702e-015 -4.980586e+003 -3.941422e+001
      vertex  5.514184e-015 -4.980000e+003 -3.800000e+001
    endloop
  endfacet
  facet normal  4.201795e-001  3.786860e-001 -8.246490e-001
    outer loop
      vertex  8.816779e+000 -4.982000e+003 -3.713525e+001
      vertex  4.635255e+000 -4.982000e+003 -3.926585e+001
      vertex  8.472462e+000 -4.980586e+003 -3.666134e+001
    endloop
  endfacet
  facet normal  4.201803e-001  3.786845e-001 -8.246493e-001
    outer loop
      vertex  8.472462e+000 -4.980586e+003 -3.666134e+001
      vertex  4.635255e+000 -4.982000e+003 -3.926585e+001
      vertex  4.454237e+000 -4.980586e+003 -3.870873e+001
    endloop
  endfacet
  facet normal  1.756167e-001  9.221516e-001 -3.446668e-001
    outer loop
      vertex  8.472462e+000 -4.980586e+003 -3.666134e+001
      vertex  4.454237e+000 -4.980586e+003 -3.870873e+001
      vertex  7.641208e+000 -4.980000e+003 -3.551722e+001
    endloop
  endfacet
  facet normal  1.756167e-001  9.221516e-001 -3.446667e-001
    outer loop
      vertex  7.641208e+000 -4.980000e+003 -3.551722e+001
      vertex  4.454237e+000 -4.980586e+003 -3.870873e+001
      vertex  4.017221e+000 -4.980000e+003 -3.736374e+001
    endloop
  endfacet
  facet normal  6.544448e-001  3.786864e-001 -6.544452e-001
    outer loop
      vertex  1.213525e+001 -4.982000e+003 -3.381678e+001
      vertex  8.816779e+000 -4.982000e+003 -3.713525e+001
      vertex  1.166134e+001 -4.980586e+003 -3.347246e+001
    endloop
  endfacet
  facet normal  6.544451e-001  3.786861e-001 -6.544452e-001
    outer loop
      vertex  1.166134e+001 -4.980586e+003 -3.347246e+001
      vertex  8.816779e+000 -4.982000e+003 -3.713525e+001
      vertex  8.472462e+000 -4.980586e+003 -3.666134e+001
    endloop
  endfacet
  facet normal  2.735293e-001  9.221516e-001 -2.735293e-001
    outer loop
      vertex  1.166134e+001 -4.980586e+003 -3.347246e+001
      vertex  8.472462e+000 -4.980586e+003 -3.666134e+001
      vertex  1.051722e+001 -4.980000e+003 -3.264121e+001
    endloop
  endfacet
  facet normal  2.735291e-001  9.221516e-001 -2.735293e-001
    outer loop
      vertex  1.051722e+001 -4.980000e+003 -3.264121e+001
      vertex  8.472462e+000 -4.980586e+003 -3.666134e+001
      vertex  7.641208e+000 -4.980000e+003 -3.551722e+001
    endloop
  endfacet
  facet normal  8.246489e-001  3.786862e-001 -4.201796e-001
    outer loop
      vertex  1.426585e+001 -4.982000e+003 -2.963526e+001
      vertex  1.213525e+001 -4.982000e+003 -3.381678e+001
      vertex  1.370873e+001 -4.980586e+003 -2.945424e+001
    endloop
  endfacet
  facet normal  8.246489e-001  3.786863e-001 -4.201797e-001
    outer loop
      vertex  1.370873e+001 -4.980586e+003 -2.945424e+001
      vertex  1.213525e+001 -4.982000e+003 -3.381678e+001
      vertex  1.166134e+001 -4.980586e+003 -3.347246e+001
    endloop
  endfacet
  facet normal  3.446669e-001  9.221516e-001 -1.756166e-001
    outer loop
      vertex  1.370873e+001 -4.980586e+003 -2.945424e+001
      vertex  1.166134e+001 -4.980586e+003 -3.347246e+001
      vertex  1.236373e+001 -4.980000e+003 -2.901722e+001
    endloop
  endfacet
  facet normal  3.446669e-001  9.221516e-001 -1.756166e-001
    outer loop
      vertex  1.236373e+001 -4.980000e+003 -2.901722e+001
      vertex  1.166134e+001 -4.980586e+003 -3.347246e+001
      vertex  1.051722e+001 -4.980000e+003 -3.264121e+001
    endloop
  endfacet
  facet normal  7.057707e-001  6.143946e-002  7.057711e-001
    outer loop
      vertex  1.213525e+001 -4.982000e+003  3.381678e+001
      vertex  8.816779e+000 -4.982000e+003  3.713525e+001
      vertex  1.061681e+001 -4.985000e+003  3.559638e+001
    endloop
  endfacet
  facet normal  6.088852e-001 -4.102553e-002  7.921968e-001
    outer loop
      vertex  1.061681e+001 -4.985000e+003  3.559638e+001
      vertex  8.816779e+000 -4.982000e+003  3.713525e+001
      vertex  7.508338e+000 -4.985000e+003  3.798557e+001
    endloop
  endfacet
  facet normal  4.533167e-001  5.445682e-002  8.896844e-001
    outer loop
      vertex  7.508338e+000 -4.985000e+003  3.798557e+001
      vertex  8.816779e+000 -4.982000e+003  3.713525e+001
      vertex  4.635255e+000 -4.982000e+003  3.926585e+001
    endloop
  endfacet
  facet normal  3.829854e-001 -2.726703e-002  9.233518e-001
    outer loop
      vertex  7.508338e+000 -4.985000e+003  3.798557e+001
      vertex  4.635255e+000 -4.982000e+003  3.926585e+001
      vertex  3.886936e+000 -4.985000e+003  3.948764e+001
    endloop
  endfacet
  facet normal -4.534081e-001  5.063228e-002  8.898637e-001
    outer loop
      vertex -4.635255e+000 -4.982000e+003  3.926585e+001
      vertex -8.816779e+000 -4.982000e+003  3.713525e+001
      vertex -7.675535e+000 -4.985000e+003  3.788744e+001
    endloop
  endfacet
  facet normal -6.216206e-001 -4.033283e-002  7.822795e-001
    outer loop
      vertex -1.082023e+001 -4.985000e+003  3.538858e+001
      vertex -7.675535e+000 -4.985000e+003  3.788744e+001
      vertex -8.816779e+000 -4.982000e+003  3.713525e+001
    endloop
  endfacet
  facet normal -7.058151e-001  6.041275e-002  7.058154e-001
    outer loop
      vertex -8.816779e+000 -4.982000e+003  3.713525e+001
      vertex -1.213525e+001 -4.982000e+003  3.381678e+001
      vertex -1.082023e+001 -4.985000e+003  3.538858e+001
    endloop
  endfacet
  facet normal -8.067647e-001 -4.495749e-002  5.891601e-001
    outer loop
      vertex -1.082023e+001 -4.985000e+003  3.538858e+001
      vertex -1.213525e+001 -4.982000e+003  3.381678e+001
      vertex -1.318907e+001 -4.985000e+003  3.214482e+001
    endloop
  endfacet
  facet normal -8.894088e-001  5.985936e-002  4.531765e-001
    outer loop
      vertex -1.318907e+001 -4.985000e+003  3.214482e+001
      vertex -1.213525e+001 -4.982000e+003  3.381678e+001
      vertex -1.426585e+001 -4.982000e+003  2.963526e+001
    endloop
  endfacet
  facet normal -9.996702e-001  0.000000e+000  2.568097e-002
    outer loop
      vertex -1.500000e+001 -4.982000e+003  2.500000e+001
      vertex -1.500000e+001 -4.985000e+003  2.500000e+001
      vertex -1.498021e+001 -4.985000e+003  2.577020e+001
    endloop
  endfacet
  facet normal  9.931336e-001  0.000000e+000  1.169860e-001
    outer loop
      vertex  1.500000e+001 -4.987000e+003  2.500000e+001
      vertex  1.500000e+001 -4.982000e+003  2.500000e+001
      vertex  1.458943e+001 -4.985786e+003  2.848549e+001
    endloop
  endfacet
  facet normal  9.870164e-001  3.688125e-002  1.563279e-001
    outer loop
      vertex  1.458943e+001 -4.985786e+003  2.848549e+001
      vertex  1.500000e+001 -4.982000e+003  2.500000e+001
      vertex  1.426585e+001 -4.982000e+003  2.963526e+001
    endloop
  endfacet
  facet normal  9.508225e-001 -1.271959e-002  3.094747e-001
    outer loop
      vertex  1.458943e+001 -4.985786e+003  2.848549e+001
      vertex  1.426585e+001 -4.982000e+003  2.963526e+001
      vertex  1.388266e+001 -4.985205e+003  3.068083e+001
    endloop
  endfacet
  facet normal  8.991153e-001  3.484309e-002  4.363227e-001
    outer loop
      vertex  1.388266e+001 -4.985205e+003  3.068083e+001
      vertex  1.426585e+001 -4.982000e+003  2.963526e+001
      vertex  1.300000e+001 -4.985000e+003  3.248331e+001
    endloop
  endfacet
  facet normal  8.896601e-001  5.495442e-002  4.533045e-001
    outer loop
      vertex  1.300000e+001 -4.985000e+003  3.248331e+001
      vertex  1.426585e+001 -4.982000e+003  2.963526e+001
      vertex  1.213525e+001 -4.982000e+003  3.381678e+001
    endloop
  endfacet
  facet normal  7.933600e-001 -4.127613e-002  6.073517e-001
    outer loop
      vertex  1.300000e+001 -4.985000e+003  3.248331e+001
      vertex  1.213525e+001 -4.982000e+003  3.381678e+001
      vertex  1.061681e+001 -4.985000e+003  3.559638e+001
    endloop
  endfacet
  facet normal  1.305772e-001  4.066557e-002  9.906039e-001
    outer loop
      vertex  3.886936e+000 -4.985000e+003  3.948764e+001
      vertex  4.635255e+000 -4.982000e+003  3.926585e+001
      vertex  3.552714e-015 -4.985000e+003  4.000000e+001
    endloop
  endfacet
  facet normal  1.564348e-001  -0.000000e+000  9.876883e-001
    outer loop
      vertex  3.552714e-015 -4.985000e+003  4.000000e+001
      vertex  4.635255e+000 -4.982000e+003  3.926585e+001
      vertex  3.552714e-015 -4.982000e+003  4.000000e+001
    endloop
  endfacet
  facet normal -1.338882e-001  0.000000e+000  9.909964e-001
    outer loop
      vertex  3.552714e-015 -4.985000e+003  4.000000e+001
      vertex  3.552714e-015 -4.982000e+003  4.000000e+001
      vertex -3.980475e+000 -4.985000e+003  3.946222e+001
    endloop
  endfacet
  facet normal -1.563620e-001  3.049415e-002  9.872289e-001
    outer loop
      vertex -3.980475e+000 -4.985000e+003  3.946222e+001
      vertex  3.552714e-015 -4.982000e+003  4.000000e+001
      vertex -4.635255e+000 -4.982000e+003  3.926585e+001
    endloop
  endfacet
  facet normal -3.919372e-001 -2.534647e-002  9.196427e-001
    outer loop
      vertex -3.980475e+000 -4.985000e+003  3.946222e+001
      vertex -4.635255e+000 -4.982000e+003  3.926585e+001
      vertex -7.675535e+000 -4.985000e+003  3.788744e+001
    endloop
  endfacet
  facet normal -9.871297e-001  3.362852e-002  1.563459e-001
    outer loop
      vertex -1.500000e+001 -4.982000e+003  2.500000e+001
      vertex -1.498021e+001 -4.985000e+003  2.577020e+001
      vertex -1.426585e+001 -4.982000e+003  2.963526e+001
    endloop
  endfacet
  facet normal -9.886912e-001  5.641013e-002  1.389517e-001
    outer loop
      vertex -1.426585e+001 -4.982000e+003  2.963526e+001
      vertex -1.498021e+001 -4.985000e+003  2.577020e+001
      vertex -1.461220e+001 -4.985000e+003  2.838875e+001
    endloop
  endfacet
  facet normal -9.344087e-001 -3.922507e-002  3.540365e-001
    outer loop
      vertex -1.426585e+001 -4.982000e+003  2.963526e+001
      vertex -1.461220e+001 -4.985000e+003  2.838875e+001
      vertex -1.318907e+001 -4.985000e+003  3.214482e+001
    endloop
  endfacet
  facet normal  0.000000e+000  1.000000e+000  0.000000e+000
    outer loop
      vertex  7.801838e-015 -4.980000e+003 -3.250000e+001
      vertex  3.254128e+000 -4.980000e+003 -3.175727e+001
      vertex  1.051722e+001 -4.980000e+003 -3.264121e+001
    endloop
  endfacet
  facet normal  0.000000e+000  1.000000e+000  0.000000e+000
    outer loop
      vertex  7.801838e-015 -4.980000e+003 -3.250000e+001
      vertex  1.051722e+001 -4.980000e+003 -3.264121e+001
      vertex  7.641208e+000 -4.980000e+003 -3.551722e+001
    endloop
  endfacet
  facet normal  0.000000e+000  1.000000e+000  0.000000e+000
    outer loop
      vertex  7.801838e-015 -4.980000e+003 -3.250000e+001
      vertex  7.641208e+000 -4.980000e+003 -3.551722e+001
      vertex  4.017221e+000 -4.980000e+003 -3.736374e+001
    endloop
  endfacet
  facet normal  0.000000e+000  1.000000e+000  0.000000e+000
    outer loop
      vertex  7.801838e-015 -4.980000e+003 -3.250000e+001
      vertex  4.017221e+000 -4.980000e+003 -3.736374e+001
      vertex  5.514184e-015 -4.980000e+003 -3.800000e+001
    endloop
  endfacet
  facet normal  0.000000e+000  1.000000e+000  -0.000000e+000
    outer loop
      vertex  7.801838e-015 -4.980000e+003 -3.250000e+001
      vertex  5.514184e-015 -4.980000e+003 -3.800000e+001
      vertex -4.017221e+000 -4.980000e+003 -3.736374e+001
    endloop
  endfacet
  facet normal  0.000000e+000  1.000000e+000  -0.000000e+000
    outer loop
      vertex  7.801838e-015 -4.980000e+003 -3.250000e+001
      vertex -4.017221e+000 -4.980000e+003 -3.736374e+001
      vertex -7.641208e+000 -4.980000e+003 -3.551722e+001
    endloop
  endfacet
  facet normal  0.000000e+000  1.000000e+000  -0.000000e+000
    outer loop
      vertex  7.801838e-015 -4.980000e+003 -3.250000e+001
      vertex -7.641208e+000 -4.980000e+003 -3.551722e+001
      vertex -1.051722e+001 -4.980000e+003 -3.264121e+001
    endloop
  endfacet
  facet normal  0.000000e+000  1.000000e+000  0.000000e+000
    outer loop
      vertex  7.801838e-015 -4.980000e+003 -3.250000e+001
      vertex -1.051722e+001 -4.980000e+003 -3.264121e+001
      vertex -3.254128e+000 -4.980000e+003 -3.175727e+001
    endloop
  endfacet
  facet normal  0.000000e+000  1.000000e+000  0.000000e+000
    outer loop
      vertex -1.300000e+001 -4.980000e+003 -2.500000e+001
      vertex -1.300000e+001 -4.980000e+003  2.500000e+001
      vertex -7.311959e+000 -4.980000e+003 -2.333109e+001
    endloop
  endfacet
  facet normal  0.000000e+000  1.000000e+000  0.000000e+000
    outer loop
      vertex -1.300000e+001 -4.980000e+003 -2.500000e+001
      vertex -7.311959e+000 -4.980000e+003 -2.333109e+001
      vertex -7.311959e+000 -4.980000e+003 -2.666891e+001
    endloop
  endfacet
  facet normal  0.000000e+000  1.000000e+000  0.000000e+000
    outer loop
      vertex -1.300000e+001 -4.980000e+003 -2.500000e+001
      vertex -7.311959e+000 -4.980000e+003 -2.666891e+001
      vertex -5.863736e+000 -4.980000e+003 -2.967617e+001
    endloop
  endfacet
  facet normal  0.000000e+000  1.000000e+000  0.000000e+000
    outer loop
      vertex -1.300000e+001 -4.980000e+003 -2.500000e+001
      vertex -5.863736e+000 -4.980000e+003 -2.967617e+001
      vertex -1.236373e+001 -4.980000e+003 -2.901722e+001
    endloop
  endfacet
  facet normal  -0.000000e+000  1.000000e+000  0.000000e+000
    outer loop
      vertex -1.300000e+001 -4.980000e+003  2.500000e+001
      vertex -1.221600e+001 -4.980000e+003  2.944626e+001
      vertex -9.958578e+000 -4.980000e+003  3.335624e+001
    endloop
  endfacet
  facet normal  -0.000000e+000  1.000000e+000  0.000000e+000
    outer loop
      vertex -1.300000e+001 -4.980000e+003  2.500000e+001
      vertex -9.958578e+000 -4.980000e+003  3.335624e+001
      vertex -6.500000e+000 -4.980000e+003  3.625833e+001
    endloop
  endfacet
  facet normal  -0.000000e+000  1.000000e+000  0.000000e+000
    outer loop
      vertex -1.300000e+001 -4.980000e+003  2.500000e+001
      vertex -6.500000e+000 -4.980000e+003  3.625833e+001
      vertex -2.257426e+000 -4.980000e+003  3.780250e+001
    endloop
  endfacet
  facet normal  -0.000000e+000  1.000000e+000  0.000000e+000
    outer loop
      vertex -1.300000e+001 -4.980000e+003  2.500000e+001
      vertex -2.257426e+000 -4.980000e+003  3.780250e+001
      vertex  2.257426e+000 -4.980000e+003  3.780250e+001
    endloop
  endfacet
  facet normal  0.000000e+000  1.000000e+000  0.000000e+000
    outer loop
      vertex -1.300000e+001 -4.980000e+003  2.500000e+001
      vertex  2.257426e+000 -4.980000e+003  3.780250e+001
      vertex  3.552714e-015 -4.980000e+003 -1.750000e+001
    endloop
  endfacet
  facet normal  0.000000e+000  1.000000e+000  0.000000e+000
    outer loop
      vertex -1.300000e+001 -4.980000e+003  2.500000e+001
      vertex  3.552714e-015 -4.980000e+003 -1.750000e+001
      vertex -3.254128e+000 -4.980000e+003 -1.824273e+001
    endloop
  endfacet
  facet normal  0.000000e+000  1.000000e+000  0.000000e+000
    outer loop
      vertex -1.300000e+001 -4.980000e+003  2.500000e+001
      vertex -3.254128e+000 -4.980000e+003 -1.824273e+001
      vertex -5.863736e+000 -4.980000e+003 -2.032383e+001
    endloop
  endfacet
  facet normal  0.000000e+000  1.000000e+000  0.000000e+000
    outer loop
      vertex -1.300000e+001 -4.980000e+003  2.500000e+001
      vertex -5.863736e+000 -4.980000e+003 -2.032383e+001
      vertex -7.311959e+000 -4.980000e+003 -2.333109e+001
    endloop
  endfacet
  facet normal  0.000000e+000  1.000000e+000  0.000000e+000
    outer loop
      vertex  3.552714e-015 -4.980000e+003 -1.750000e+001
      vertex  2.257426e+000 -4.980000e+003  3.780250e+001
      vertex  6.500000e+000 -4.980000e+003  3.625833e+001
    endloop
  endfacet
  facet normal  0.000000e+000  1.000000e+000  0.000000e+000
    outer loop
      vertex  3.552714e-015 -4.980000e+003 -1.750000e+001
      vertex  6.500000e+000 -4.980000e+003  3.625833e+001
      vertex  9.958578e+000 -4.980000e+003  3.335624e+001
    endloop
  endfacet
  facet normal  0.000000e+000  1.000000e+000  0.000000e+000
    outer loop
      vertex  3.552714e-015 -4.980000e+003 -1.750000e+001
      vertex  9.958578e+000 -4.980000e+003  3.335624e+001
      vertex  1.221600e+001 -4.980000e+003  2.944626e+001
    endloop
  endfacet
  facet normal  0.000000e+000  9.999999e-001  0.000000e+000
    outer loop
      vertex  3.552714e-015 -4.980000e+003 -1.750000e+001
      vertex  1.221600e+001 -4.980000e+003  2.944626e+001
      vertex  1.300000e+001 -4.980000e+003  2.500000e+001
    endloop
  endfacet
  facet normal  0.000000e+000  1.000000e+000  -0.000000e+000
    outer loop
      vertex  1.300000e+001 -4.980000e+003  2.500000e+001
      vertex  1.300000e+001 -4.980000e+003 -2.500000e+001
      vertex  7.311959e+000 -4.980000e+003 -2.666891e+001
    endloop
  endfacet
  facet normal  0.000000e+000  1.000000e+000  0.000000e+000
    outer loop
      vertex  1.300000e+001 -4.980000e+003  2.500000e+001
      vertex  7.311959e+000 -4.980000e+003 -2.666891e+001
      vertex  7.311959e+000 -4.980000e+003 -2.333109e+001
    endloop
  endfacet
  facet normal  0.000000e+000  1.000000e+000  -0.000000e+000
    outer loop
      vertex  1.300000e+001 -4.980000e+003  2.500000e+001
      vertex  7.311959e+000 -4.980000e+003 -2.333109e+001
      vertex  5.863736e+000 -4.980000e+003 -2.032383e+001
    endloop
  endfacet
  facet normal  0.000000e+000  1.000000e+000  -0.000000e+000
    outer loop
      vertex  1.300000e+001 -4.980000e+003  2.500000e+001
      vertex  5.863736e+000 -4.980000e+003 -2.032383e+001
      vertex  3.254128e+000 -4.980000e+003 -1.824273e+001
    endloop
  endfacet
  facet normal  0.000000e+000  1.000000e+000  -0.000000e+000
    outer loop
      vertex  1.300000e+001 -4.980000e+003  2.500000e+001
      vertex  3.254128e+000 -4.980000e+003 -1.824273e+001
      vertex  3.552714e-015 -4.980000e+003 -1.750000e+001
    endloop
  endfacet
  facet normal  0.000000e+000  1.000000e+000  0.000000e+000
    outer loop
      vertex -5.863736e+000 -4.980000e+003 -2.967617e+001
      vertex -3.254128e+000 -4.980000e+003 -3.175727e+001
      vertex -1.236373e+001 -4.980000e+003 -2.901722e+001
    endloop
  endfacet
  facet normal  0.000000e+000  9.999999e-001  0.000000e+000
    outer loop
      vertex -1.236373e+001 -4.980000e+003 -2.901722e+001
      vertex -3.254128e+000 -4.980000e+003 -3.175727e+001
      vertex -1.051722e+001 -4.980000e+003 -3.264121e+001
    endloop
  endfacet
  facet normal  0.000000e+000  1.000000e+000  -0.000000e+000
    outer loop
      vertex  1.300000e+001 -4.980000e+003 -2.500000e+001
      vertex  1.236373e+001 -4.980000e+003 -2.901722e+001
      vertex  7.311959e+000 -4.980000e+003 -2.666891e+001
    endloop
  endfacet
  facet normal  0.000000e+000  1.000000e+000  0.000000e+000
    outer loop
      vertex  7.311959e+000 -4.980000e+003 -2.666891e+001
      vertex  1.236373e+001 -4.980000e+003 -2.901722e+001
      vertex  5.863736e+000 -4.980000e+003 -2.967617e+001
    endloop
  endfacet
  facet normal  0.000000e+000  1.000000e+000  -0.000000e+000
    outer loop
      vertex  1.236373e+001 -4.980000e+003 -2.901722e+001
      vertex  1.051722e+001 -4.980000e+003 -3.264121e+001
      vertex  5.863736e+000 -4.980000e+003 -2.967617e+001
    endloop
  endfacet
  facet normal  0.000000e+000  1.000000e+000  0.000000e+000
    outer loop
      vertex  5.863736e+000 -4.980000e+003 -2.967617e+001
      vertex  1.051722e+001 -4.980000e+003 -3.264121e+001
      vertex  3.254128e+000 -4.980000e+003 -3.175727e+001
    endloop
  endfacet
  facet normal -1.564348e-001 -9.578551e-017 -9.876883e-001
    outer loop
      vertex  3.552714e-015 -4.982000e+003 -4.000000e+001
      vertex  5.389623e-015 -4.985000e+003 -4.000000e+001
      vertex -4.635255e+000 -4.982000e+003 -3.926585e+001
    endloop
  endfacet
  facet normal -1.564348e-001  -0.000000e+000 -9.876883e-001
    outer loop
      vertex -4.635255e+000 -4.982000e+003 -3.926585e+001
      vertex  5.389623e-015 -4.985000e+003 -4.000000e+001
      vertex -4.635255e+000 -4.985000e+003 -3.926585e+001
    endloop
  endfacet
  facet normal -4.539904e-001  0.000000e+000 -8.910066e-001
    outer loop
      vertex -4.635255e+000 -4.982000e+003 -3.926585e+001
      vertex -4.635255e+000 -4.985000e+003 -3.926585e+001
      vertex -8.816779e+000 -4.982000e+003 -3.713525e+001
    endloop
  endfacet
  facet normal -4.539904e-001  -0.000000e+000 -8.910066e-001
    outer loop
      vertex -8.816779e+000 -4.982000e+003 -3.713525e+001
      vertex -4.635255e+000 -4.985000e+003 -3.926585e+001
      vertex -8.816779e+000 -4.985000e+003 -3.713525e+001
    endloop
  endfacet
  facet normal -7.071066e-001  0.000000e+000 -7.071069e-001
    outer loop
      vertex -8.816779e+000 -4.982000e+003 -3.713525e+001
      vertex -8.816779e+000 -4.985000e+003 -3.713525e+001
      vertex -1.213525e+001 -4.982000e+003 -3.381678e+001
    endloop
  endfacet
  facet normal -7.071066e-001  -0.000000e+000 -7.071069e-001
    outer loop
      vertex -1.213525e+001 -4.982000e+003 -3.381678e+001
      vertex -8.816779e+000 -4.985000e+003 -3.713525e+001
      vertex -1.213525e+001 -4.985000e+003 -3.381678e+001
    endloop
  endfacet
  facet normal -8.910065e-001  0.000000e+000 -4.539905e-001
    outer loop
      vertex -1.213525e+001 -4.982000e+003 -3.381678e+001
      vertex -1.213525e+001 -4.985000e+003 -3.381678e+001
      vertex -1.426585e+001 -4.982000e+003 -2.963526e+001
    endloop
  endfacet
  facet normal -8.910065e-001  -0.000000e+000 -4.539905e-001
    outer loop
      vertex -1.426585e+001 -4.982000e+003 -2.963526e+001
      vertex -1.213525e+001 -4.985000e+003 -3.381678e+001
      vertex -1.426585e+001 -4.985000e+003 -2.963526e+001
    endloop
  endfacet
  facet normal -9.876883e-001  0.000000e+000 -1.564343e-001
    outer loop
      vertex -1.426585e+001 -4.982000e+003 -2.963526e+001
      vertex -1.426585e+001 -4.985000e+003 -2.963526e+001
      vertex -1.500000e+001 -4.982000e+003 -2.500000e+001
    endloop
  endfacet
  facet normal -9.876883e-001  -0.000000e+000 -1.564343e-001
    outer loop
      vertex -1.500000e+001 -4.982000e+003 -2.500000e+001
      vertex -1.426585e+001 -4.985000e+003 -2.963526e+001
      vertex -1.500000e+001 -4.985000e+003 -2.500000e+001
    endloop
  endfacet
  facet normal  9.876883e-001  0.000000e+000 -1.564343e-001
    outer loop
      vertex  1.500000e+001 -4.982000e+003 -2.500000e+001
      vertex  1.500000e+001 -4.985000e+003 -2.500000e+001
      vertex  1.426585e+001 -4.982000e+003 -2.963526e+001
    endloop
  endfacet
  facet normal  9.876883e-001  0.000000e+000 -1.564343e-001
    outer loop
      vertex  1.426585e+001 -4.982000e+003 -2.963526e+001
      vertex  1.500000e+001 -4.985000e+003 -2.500000e+001
      vertex  1.426585e+001 -4.985000e+003 -2.963526e+001
    endloop
  endfacet
  facet normal  8.910065e-001  0.000000e+000 -4.539905e-001
    outer loop
      vertex  1.426585e+001 -4.982000e+003 -2.963526e+001
      vertex  1.426585e+001 -4.985000e+003 -2.963526e+001
      vertex  1.213525e+001 -4.982000e+003 -3.381678e+001
    endloop
  endfacet
  facet normal  8.910065e-001  0.000000e+000 -4.539905e-001
    outer loop
      vertex  1.213525e+001 -4.982000e+003 -3.381678e+001
      vertex  1.426585e+001 -4.985000e+003 -2.963526e+001
      vertex  1.213525e+001 -4.985000e+003 -3.381678e+001
    endloop
  endfacet
  facet normal  7.071066e-001  0.000000e+000 -7.071069e-001
    outer loop
      vertex  1.213525e+001 -4.982000e+003 -3.381678e+001
      vertex  1.213525e+001 -4.985000e+003 -3.381678e+001
      vertex  8.816779e+000 -4.982000e+003 -3.713525e+001
    endloop
  endfacet
  facet normal  7.071066e-001  0.000000e+000 -7.071069e-001
    outer loop
      vertex  8.816779e+000 -4.982000e+003 -3.713525e+001
      vertex  1.213525e+001 -4.985000e+003 -3.381678e+001
      vertex  8.816779e+000 -4.985000e+003 -3.713525e+001
    endloop
  endfacet
  facet normal  4.539904e-001  0.000000e+000 -8.910066e-001
    outer loop
      vertex  8.816779e+000 -4.982000e+003 -3.713525e+001
      vertex  8.816779e+000 -4.985000e+003 -3.713525e+001
      vertex  4.635255e+000 -4.982000e+003 -3.926585e+001
    endloop
  endfacet
  facet normal  4.539904e-001  0.000000e+000 -8.910066e-001
    outer loop
      vertex  4.635255e+000 -4.982000e+003 -3.926585e+001
      vertex  8.816779e+000 -4.985000e+003 -3.713525e+001
      vertex  4.635255e+000 -4.985000e+003 -3.926585e+001
    endloop
  endfacet
  facet normal  1.564348e-001  0.000000e+000 -9.876883e-001
    outer loop
      vertex  4.635255e+000 -4.982000e+003 -3.926585e+001
      vertex  4.635255e+000 -4.985000e+003 -3.926585e+001
      vertex  3.552714e-015 -4.982000e+003 -4.000000e+001
    endloop
  endfacet
  facet normal  1.564348e-001  9.578551e-017 -9.876883e-001
    outer loop
      vertex  3.552714e-015 -4.982000e+003 -4.000000e+001
      vertex  4.635255e+000 -4.985000e+003 -3.926585e+001
      vertex  5.389623e-015 -4.985000e+003 -4.000000e+001
    endloop
  endfacet
  facet normal  9.238650e-001  3.827185e-001  -0.000000e+000
    outer loop
      vertex  1.500000e+001 -4.982000e+003  2.500000e+001
      vertex  1.500000e+001 -4.982000e+003 -2.500000e+001
      vertex  1.441421e+001 -4.980586e+003  2.500000e+001
    endloop
  endfacet
  facet normal  9.238650e-001  3.827185e-001  0.000000e+000
    outer loop
      vertex  1.441421e+001 -4.980586e+003  2.500000e+001
      vertex  1.500000e+001 -4.982000e+003 -2.500000e+001
      vertex  1.441421e+001 -4.980586e+003 -2.500000e+001
    endloop
  endfacet
  facet normal  3.827677e-001  9.238446e-001  -0.000000e+000
    outer loop
      vertex  1.441421e+001 -4.980586e+003  2.500000e+001
      vertex  1.441421e+001 -4.980586e+003 -2.500000e+001
      vertex  1.300000e+001 -4.980000e+003  2.500000e+001
    endloop
  endfacet
  facet normal  3.827677e-001  9.238446e-001  0.000000e+000
    outer loop
      vertex  1.300000e+001 -4.980000e+003  2.500000e+001
      vertex  1.441421e+001 -4.980586e+003 -2.500000e+001
      vertex  1.300000e+001 -4.980000e+003 -2.500000e+001
    endloop
  endfacet
  facet normal -3.827677e-001  9.238446e-001  0.000000e+000
    outer loop
      vertex -1.300000e+001 -4.980000e+003  2.500000e+001
      vertex -1.300000e+001 -4.980000e+003 -2.500000e+001
      vertex -1.441421e+001 -4.980586e+003  2.500000e+001
    endloop
  endfacet
  facet normal -3.827677e-001  9.238446e-001  0.000000e+000
    outer loop
      vertex -1.441421e+001 -4.980586e+003  2.500000e+001
      vertex -1.300000e+001 -4.980000e+003 -2.500000e+001
      vertex -1.441421e+001 -4.980586e+003 -2.500000e+001
    endloop
  endfacet
  facet normal -9.238650e-001  3.827185e-001  0.000000e+000
    outer loop
      vertex -1.441421e+001 -4.980586e+003  2.500000e+001
      vertex -1.441421e+001 -4.980586e+003 -2.500000e+001
      vertex -1.500000e+001 -4.982000e+003  2.500000e+001
    endloop
  endfacet
  facet normal -9.238650e-001  3.827185e-001  0.000000e+000
    outer loop
      vertex -1.500000e+001 -4.982000e+003  2.500000e+001
      vertex -1.441421e+001 -4.980586e+003 -2.500000e+001
      vertex -1.500000e+001 -4.982000e+003 -2.500000e+001
    endloop
  endfacet
  facet normal  3.820663e-001  9.221516e-001  6.051333e-002
    outer loop
      vertex  1.300000e+001 -4.980000e+003  2.500000e+001
      vertex  1.370873e+001 -4.980586e+003  2.945424e+001
      vertex  1.441421e+001 -4.980586e+003  2.500000e+001
    endloop
  endfacet
  facet normal  3.643349e-001  9.290495e-001  6.424204e-002
    outer loop
      vertex  1.300000e+001 -4.980000e+003  2.500000e+001
      vertex  1.221600e+001 -4.980000e+003  2.944626e+001
      vertex  1.370873e+001 -4.980586e+003  2.945424e+001
    endloop
  endfacet
  facet normal -3.643349e-001  9.290495e-001  6.424204e-002
    outer loop
      vertex -1.300000e+001 -4.980000e+003  2.500000e+001
      vertex -1.370873e+001 -4.980586e+003  2.945424e+001
      vertex -1.221600e+001 -4.980000e+003  2.944626e+001
    endloop
  endfacet
  facet normal -3.820663e-001  9.221516e-001  6.051333e-002
    outer loop
      vertex -1.300000e+001 -4.980000e+003  2.500000e+001
      vertex -1.441421e+001 -4.980586e+003  2.500000e+001
      vertex -1.370873e+001 -4.980586e+003  2.945424e+001
    endloop
  endfacet
  facet normal  3.583975e-001  9.155347e-001  1.826127e-001
    outer loop
      vertex  1.221600e+001 -4.980000e+003  2.944626e+001
      vertex  1.166134e+001 -4.980586e+003  3.347246e+001
      vertex  1.370873e+001 -4.980586e+003  2.945424e+001
    endloop
  endfacet
  facet normal  2.931387e-001  9.100215e-001  2.931388e-001
    outer loop
      vertex  9.958578e+000 -4.980000e+003  3.335624e+001
      vertex  8.472462e+000 -4.980586e+003  3.666134e+001
      vertex  1.166134e+001 -4.980586e+003  3.347246e+001
    endloop
  endfacet
  facet normal  3.092377e-001  9.340749e-001  1.785385e-001
    outer loop
      vertex  9.958578e+000 -4.980000e+003  3.335624e+001
      vertex  1.166134e+001 -4.980586e+003  3.347246e+001
      vertex  1.221600e+001 -4.980000e+003  2.944626e+001
    endloop
  endfacet
  facet normal  1.921137e-001  9.060520e-001  3.770439e-001
    outer loop
      vertex  6.500000e+000 -4.980000e+003  3.625833e+001
      vertex  4.454237e+000 -4.980586e+003  3.870873e+001
      vertex  8.472462e+000 -4.980586e+003  3.666134e+001
    endloop
  endfacet
  facet normal  2.239254e-001  9.373585e-001  2.668639e-001
    outer loop
      vertex  6.500000e+000 -4.980000e+003  3.625833e+001
      vertex  8.472462e+000 -4.980586e+003  3.666134e+001
      vertex  9.958578e+000 -4.980000e+003  3.335624e+001
    endloop
  endfacet
  facet normal  6.689015e-002  9.039720e-001  4.223274e-001
    outer loop
      vertex  2.257426e+000 -4.980000e+003  3.780250e+001
      vertex -9.769963e-015 -4.980586e+003  3.941422e+001
      vertex  4.454237e+000 -4.980586e+003  3.870873e+001
    endloop
  endfacet
  facet normal  1.174232e-001  9.392174e-001  3.226177e-001
    outer loop
      vertex  2.257426e+000 -4.980000e+003  3.780250e+001
      vertex  4.454237e+000 -4.980586e+003  3.870873e+001
      vertex  6.500000e+000 -4.980000e+003  3.625833e+001
    endloop
  endfacet
  facet normal -6.689015e-002  9.039720e-001  4.223274e-001
    outer loop
      vertex -2.257426e+000 -4.980000e+003  3.780250e+001
      vertex -4.454237e+000 -4.980586e+003  3.870873e+001
      vertex -9.769963e-015 -4.980586e+003  3.941422e+001
    endloop
  endfacet
  facet normal  0.000000e+000  9.398196e-001  3.416709e-001
    outer loop
      vertex -2.257426e+000 -4.980000e+003  3.780250e+001
      vertex -9.769963e-015 -4.980586e+003  3.941422e+001
      vertex  2.257426e+000 -4.980000e+003  3.780250e+001
    endloop
  endfacet
  facet normal -1.921137e-001  9.060520e-001  3.770439e-001
    outer loop
      vertex -6.500000e+000 -4.980000e+003  3.625833e+001
      vertex -8.472462e+000 -4.980586e+003  3.666134e+001
      vertex -4.454237e+000 -4.980586e+003  3.870873e+001
    endloop
  endfacet
  facet normal -1.174232e-001  9.392174e-001  3.226177e-001
    outer loop
      vertex -6.500000e+000 -4.980000e+003  3.625833e+001
      vertex -4.454237e+000 -4.980586e+003  3.870873e+001
      vertex -2.257426e+000 -4.980000e+003  3.780250e+001
    endloop
  endfacet
  facet normal -2.931387e-001  9.100215e-001  2.931388e-001
    outer loop
      vertex -9.958578e+000 -4.980000e+003  3.335624e+001
      vertex -1.166134e+001 -4.980586e+003  3.347246e+001
      vertex -8.472462e+000 -4.980586e+003  3.666134e+001
    endloop
  endfacet
  facet normal -2.239254e-001  9.373585e-001  2.668639e-001
    outer loop
      vertex -9.958578e+000 -4.980000e+003  3.335624e+001
      vertex -8.472462e+000 -4.980586e+003  3.666134e+001
      vertex -6.500000e+000 -4.980000e+003  3.625833e+001
    endloop
  endfacet
  facet normal -3.583975e-001  9.155347e-001  1.826127e-001
    outer loop
      vertex -1.221600e+001 -4.980000e+003  2.944626e+001
      vertex -1.370873e+001 -4.980586e+003  2.945424e+001
      vertex -1.166134e+001 -4.980586e+003  3.347246e+001
    endloop
  endfacet
  facet normal -3.092377e-001  9.340749e-001  1.785385e-001
    outer loop
      vertex -1.221600e+001 -4.980000e+003  2.944626e+001
      vertex -1.166134e+001 -4.980586e+003  3.347246e+001
      vertex -9.958578e+000 -4.980000e+003  3.335624e+001
    endloop
  endfacet
  facet normal  9.141305e-001  3.786860e-001  1.447839e-001
    outer loop
      vertex  1.500000e+001 -4.982000e+003  2.500000e+001
      vertex  1.441421e+001 -4.980586e+003  2.500000e+001
      vertex  1.426585e+001 -4.982000e+003  2.963526e+001
    endloop
  endfacet
  facet normal  9.141304e-001  3.786860e-001  1.447840e-001
    outer loop
      vertex  1.426585e+001 -4.982000e+003  2.963526e+001
      vertex  1.441421e+001 -4.980586e+003  2.500000e+001
      vertex  1.370873e+001 -4.980586e+003  2.945424e+001
    endloop
  endfacet
  facet normal  8.246489e-001  3.786862e-001  4.201796e-001
    outer loop
      vertex  1.426585e+001 -4.982000e+003  2.963526e+001
      vertex  1.370873e+001 -4.980586e+003  2.945424e+001
      vertex  1.213525e+001 -4.982000e+003  3.381678e+001
    endloop
  endfacet
  facet normal  8.246489e-001  3.786863e-001  4.201797e-001
    outer loop
      vertex  1.213525e+001 -4.982000e+003  3.381678e+001
      vertex  1.370873e+001 -4.980586e+003  2.945424e+001
      vertex  1.166134e+001 -4.980586e+003  3.347246e+001
    endloop
  endfacet
  facet normal  6.544448e-001  3.786864e-001  6.544452e-001
    outer loop
      vertex  1.213525e+001 -4.982000e+003  3.381678e+001
      vertex  1.166134e+001 -4.980586e+003  3.347246e+001
      vertex  8.816779e+000 -4.982000e+003  3.713525e+001
    endloop
  endfacet
  facet normal  6.544451e-001  3.786861e-001  6.544452e-001
    outer loop
      vertex  8.816779e+000 -4.982000e+003  3.713525e+001
      vertex  1.166134e+001 -4.980586e+003  3.347246e+001
      vertex  8.472462e+000 -4.980586e+003  3.666134e+001
    endloop
  endfacet
  facet normal  4.201795e-001  3.786860e-001  8.246490e-001
    outer loop
      vertex  8.816779e+000 -4.982000e+003  3.713525e+001
      vertex  8.472462e+000 -4.980586e+003  3.666134e+001
      vertex  4.635255e+000 -4.982000e+003  3.926585e+001
    endloop
  endfacet
  facet normal  4.201803e-001  3.786845e-001  8.246493e-001
    outer loop
      vertex  4.635255e+000 -4.982000e+003  3.926585e+001
      vertex  8.472462e+000 -4.980586e+003  3.666134e+001
      vertex  4.454237e+000 -4.980586e+003  3.870873e+001
    endloop
  endfacet
  facet normal  1.447845e-001  3.786844e-001  9.141311e-001
    outer loop
      vertex  4.635255e+000 -4.982000e+003  3.926585e+001
      vertex  4.454237e+000 -4.980586e+003  3.870873e+001
      vertex  3.552714e-015 -4.982000e+003  4.000000e+001
    endloop
  endfacet
  facet normal  1.447842e-001  3.786849e-001  9.141309e-001
    outer loop
      vertex  3.552714e-015 -4.982000e+003  4.000000e+001
      vertex  4.454237e+000 -4.980586e+003  3.870873e+001
      vertex -9.769963e-015 -4.980586e+003  3.941422e+001
    endloop
  endfacet
  facet normal -1.447844e-001  3.786848e-001  9.141308e-001
    outer loop
      vertex  3.552714e-015 -4.982000e+003  4.000000e+001
      vertex -9.769963e-015 -4.980586e+003  3.941422e+001
      vertex -4.635255e+000 -4.982000e+003  3.926585e+001
    endloop
  endfacet
  facet normal -1.447843e-001  3.786844e-001  9.141311e-001
    outer loop
      vertex -4.635255e+000 -4.982000e+003  3.926585e+001
      vertex -9.769963e-015 -4.980586e+003  3.941422e+001
      vertex -4.454237e+000 -4.980586e+003  3.870873e+001
    endloop
  endfacet
  facet normal -4.201798e-001  3.786845e-001  8.246496e-001
    outer loop
      vertex -4.635255e+000 -4.982000e+003  3.926585e+001
      vertex -4.454237e+000 -4.980586e+003  3.870873e+001
      vertex -8.816779e+000 -4.982000e+003  3.713525e+001
    endloop
  endfacet
  facet normal -4.201800e-001  3.786860e-001  8.246488e-001
    outer loop
      vertex -8.816779e+000 -4.982000e+003  3.713525e+001
      vertex -4.454237e+000 -4.980586e+003  3.870873e+001
      vertex -8.472462e+000 -4.980586e+003  3.666134e+001
    endloop
  endfacet
  facet normal -6.544449e-001  3.786861e-001  6.544454e-001
    outer loop
      vertex -8.816779e+000 -4.982000e+003  3.713525e+001
      vertex -8.472462e+000 -4.980586e+003  3.666134e+001
      vertex -1.213525e+001 -4.982000e+003  3.381678e+001
    endloop
  endfacet
  facet normal -6.544449e-001  3.786865e-001  6.544451e-001
    outer loop
      vertex -1.213525e+001 -4.982000e+003  3.381678e+001
      vertex -8.472462e+000 -4.980586e+003  3.666134e+001
      vertex -1.166134e+001 -4.980586e+003  3.347246e+001
    endloop
  endfacet
  facet normal -8.246489e-001  3.786862e-001  4.201796e-001
    outer loop
      vertex -1.213525e+001 -4.982000e+003  3.381678e+001
      vertex -1.166134e+001 -4.980586e+003  3.347246e+001
      vertex -1.426585e+001 -4.982000e+003  2.963526e+001
    endloop
  endfacet
  facet normal -8.246489e-001  3.786862e-001  4.201797e-001
    outer loop
      vertex -1.426585e+001 -4.982000e+003  2.963526e+001
      vertex -1.166134e+001 -4.980586e+003  3.347246e+001
      vertex -1.370873e+001 -4.980586e+003  2.945424e+001
    endloop
  endfacet
  facet normal -9.141304e-001  3.786861e-001  1.447839e-001
    outer loop
      vertex -1.426585e+001 -4.982000e+003  2.963526e+001
      vertex -1.370873e+001 -4.980586e+003  2.945424e+001
      vertex -1.500000e+001 -4.982000e+003  2.500000e+001
    endloop
  endfacet
  facet normal -9.141305e-001  3.786860e-001  1.447840e-001
    outer loop
      vertex -1.500000e+001 -4.982000e+003  2.500000e+001
      vertex -1.370873e+001 -4.980586e+003  2.945424e+001
      vertex -1.441421e+001 -4.980586e+003  2.500000e+001
    endloop
  endfacet
  facet normal  0.000000e+000  0.000000e+000 -1.000000e+000
    outer loop
      vertex -1.500000e+001 -5.015000e+003  0.000000e+000
      vertex -1.500000e+001 -4.985000e+003  0.000000e+000
      vertex  1.500000e+001 -5.015000e+003  0.000000e+000
    endloop
  endfacet
  facet normal  0.000000e+000  0.000000e+000 -1.000000e+000
    outer loop
      vertex  1.500000e+001 -5.015000e+003  0.000000e+000
      vertex -1.500000e+001 -4.985000e+003  0.000000e+000
      vertex  1.500000e+001 -4.985000e+003  0.000000e+000
    endloop
  endfacet
  facet normal  0.000000e+000 -1.000000e+000  0.000000e+000
    outer loop
      vertex -1.500000e+001 -5.015000e+003  2.562941e+001
      vertex -1.500000e+001 -5.015000e+003  2.500000e+001
      vertex -1.498021e+001 -5.015000e+003  2.577020e+001
    endloop
  endfacet
  facet normal  0.000000e+000  1.000000e+000  0.000000e+000
    outer loop
      vertex -1.498021e+001 -4.985000e+003  2.577020e+001
      vertex -1.500000e+001 -4.985000e+003  2.500000e+001
      vertex -1.500000e+001 -4.985000e+003  2.562941e+001
    endloop
  endfacet
  facet normal -9.009689e-001  0.000000e+000  4.338837e-001
    outer loop
      vertex  7.311959e+000 -5.020000e+003 -2.666891e+001
      vertex  5.863736e+000 -5.015000e+003 -2.967617e+001
      vertex  5.863736e+000 -5.020000e+003 -2.967617e+001
    endloop
  endfacet
  facet normal -6.234898e-001  0.000000e+000  7.818315e-001
    outer loop
      vertex  5.863736e+000 -5.020000e+003 -2.967617e+001
      vertex  5.863736e+000 -5.015000e+003 -2.967617e+001
      vertex  3.254128e+000 -5.015000e+003 -3.175727e+001
    endloop
  endfacet
  facet normal -6.234898e-001  0.000000e+000  7.818315e-001
    outer loop
      vertex  5.863736e+000 -5.020000e+003 -2.967617e+001
      vertex  3.254128e+000 -5.015000e+003 -3.175727e+001
      vertex  3.254128e+000 -5.020000e+003 -3.175727e+001
    endloop
  endfacet
  facet normal -2.225208e-001  0.000000e+000  9.749279e-001
    outer loop
      vertex  3.254128e+000 -5.020000e+003 -3.175727e+001
      vertex  3.254128e+000 -5.015000e+003 -3.175727e+001
      vertex  7.801838e-015 -5.015000e+003 -3.250000e+001
    endloop
  endfacet
  facet normal -2.225208e-001  0.000000e+000  9.749279e-001
    outer loop
      vertex  3.254128e+000 -5.020000e+003 -3.175727e+001
      vertex  7.801838e-015 -5.015000e+003 -3.250000e+001
      vertex  7.801838e-015 -5.020000e+003 -3.250000e+001
    endloop
  endfacet
  facet normal -9.009689e-001  0.000000e+000  4.338837e-001
    outer loop
      vertex  5.863736e+000 -5.015000e+003 -2.967617e+001
      vertex  7.311959e+000 -5.020000e+003 -2.666891e+001
      vertex  7.311959e+000 -5.015000e+003 -2.666891e+001
    endloop
  endfacet
  facet normal -1.000000e+000  0.000000e+000  0.000000e+000
    outer loop
      vertex  7.311959e+000 -5.015000e+003 -2.666891e+001
      vertex  7.311959e+000 -5.020000e+003 -2.666891e+001
      vertex  7.311959e+000 -5.020000e+003 -2.333109e+001
    endloop
  endfacet
  facet normal -1.000000e+000  0.000000e+000  0.000000e+000
    outer loop
      vertex  7.311959e+000 -5.015000e+003 -2.666891e+001
      vertex  7.311959e+000 -5.020000e+003 -2.333109e+001
      vertex  7.311959e+000 -5.015000e+003 -2.333109e+001
    endloop
  endfacet
  facet normal -9.009689e-001  -0.000000e+000 -4.338837e-001
    outer loop
      vertex  7.311959e+000 -5.015000e+003 -2.333109e+001
      vertex  7.311959e+000 -5.020000e+003 -2.333109e+001
      vertex  5.863736e+000 -5.020000e+003 -2.032383e+001
    endloop
  endfacet
  facet normal -9.009689e-001  0.000000e+000 -4.338837e-001
    outer loop
      vertex  7.311959e+000 -5.015000e+003 -2.333109e+001
      vertex  5.863736e+000 -5.020000e+003 -2.032383e+001
      vertex  5.863736e+000 -5.015000e+003 -2.032383e+001
    endloop
  endfacet
  facet normal -6.234898e-001  -0.000000e+000 -7.818315e-001
    outer loop
      vertex  5.863736e+000 -5.015000e+003 -2.032383e+001
      vertex  5.863736e+000 -5.020000e+003 -2.032383e+001
      vertex  3.254128e+000 -5.020000e+003 -1.824273e+001
    endloop
  endfacet
  facet normal -6.234898e-001  0.000000e+000 -7.818315e-001
    outer loop
      vertex  5.863736e+000 -5.015000e+003 -2.032383e+001
      vertex  3.254128e+000 -5.020000e+003 -1.824273e+001
      vertex  3.254128e+000 -5.015000e+003 -1.824273e+001
    endloop
  endfacet
  facet normal -2.225208e-001  -0.000000e+000 -9.749279e-001
    outer loop
      vertex  3.254128e+000 -5.015000e+003 -1.824273e+001
      vertex  3.254128e+000 -5.020000e+003 -1.824273e+001
      vertex  3.552714e-015 -5.020000e+003 -1.750000e+001
    endloop
  endfacet
  facet normal -2.225208e-001  0.000000e+000 -9.749279e-001
    outer loop
      vertex  3.254128e+000 -5.015000e+003 -1.824273e+001
      vertex  3.552714e-015 -5.020000e+003 -1.750000e+001
      vertex  3.552714e-015 -5.015000e+003 -1.750000e+001
    endloop
  endfacet
  facet normal -9.009689e-001  0.000000e+000  4.338837e-001
    outer loop
      vertex  7.311959e+000 -4.985000e+003 -2.666891e+001
      vertex  5.863736e+000 -4.980000e+003 -2.967617e+001
      vertex  5.863736e+000 -4.985000e+003 -2.967617e+001
    endloop
  endfacet
  facet normal -6.234898e-001  0.000000e+000  7.818315e-001
    outer loop
      vertex  5.863736e+000 -4.985000e+003 -2.967617e+001
      vertex  5.863736e+000 -4.980000e+003 -2.967617e+001
      vertex  3.254128e+000 -4.980000e+003 -3.175727e+001
    endloop
  endfacet
  facet normal -6.234898e-001  0.000000e+000  7.818315e-001
    outer loop
      vertex  5.863736e+000 -4.985000e+003 -2.967617e+001
      vertex  3.254128e+000 -4.980000e+003 -3.175727e+001
      vertex  3.254128e+000 -4.985000e+003 -3.175727e+001
    endloop
  endfacet
  facet normal -2.225208e-001  0.000000e+000  9.749279e-001
    outer loop
      vertex  3.254128e+000 -4.985000e+003 -3.175727e+001
      vertex  3.254128e+000 -4.980000e+003 -3.175727e+001
      vertex  7.801838e-015 -4.980000e+003 -3.250000e+001
    endloop
  endfacet
  facet normal -2.225208e-001  0.000000e+000  9.749279e-001
    outer loop
      vertex  3.254128e+000 -4.985000e+003 -3.175727e+001
      vertex  7.801838e-015 -4.980000e+003 -3.250000e+001
      vertex  7.801838e-015 -4.985000e+003 -3.250000e+001
    endloop
  endfacet
  facet normal -9.009689e-001  0.000000e+000  4.338837e-001
    outer loop
      vertex  5.863736e+000 -4.980000e+003 -2.967617e+001
      vertex  7.311959e+000 -4.985000e+003 -2.666891e+001
      vertex  7.311959e+000 -4.980000e+003 -2.666891e+001
    endloop
  endfacet
  facet normal -1.000000e+000  0.000000e+000  0.000000e+000
    outer loop
      vertex  7.311959e+000 -4.980000e+003 -2.666891e+001
      vertex  7.311959e+000 -4.985000e+003 -2.666891e+001
      vertex  7.311959e+000 -4.985000e+003 -2.333109e+001
    endloop
  endfacet
  facet normal -1.000000e+000  0.000000e+000  0.000000e+000
    outer loop
      vertex  7.311959e+000 -4.980000e+003 -2.666891e+001
      vertex  7.311959e+000 -4.985000e+003 -2.333109e+001
      vertex  7.311959e+000 -4.980000e+003 -2.333109e+001
    endloop
  endfacet
  facet normal -9.009689e-001  -0.000000e+000 -4.338837e-001
    outer loop
      vertex  7.311959e+000 -4.980000e+003 -2.333109e+001
      vertex  7.311959e+000 -4.985000e+003 -2.333109e+001
      vertex  5.863736e+000 -4.985000e+003 -2.032383e+001
    endloop
  endfacet
  facet normal -9.009689e-001  0.000000e+000 -4.338837e-001
    outer loop
      vertex  7.311959e+000 -4.980000e+003 -2.333109e+001
      vertex  5.863736e+000 -4.985000e+003 -2.032383e+001
      vertex  5.863736e+000 -4.980000e+003 -2.032383e+001
    endloop
  endfacet
  facet normal -6.234898e-001  -0.000000e+000 -7.818315e-001
    outer loop
      vertex  5.863736e+000 -4.980000e+003 -2.032383e+001
      vertex  5.863736e+000 -4.985000e+003 -2.032383e+001
      vertex  3.254128e+000 -4.985000e+003 -1.824273e+001
    endloop
  endfacet
  facet normal -6.234898e-001  0.000000e+000 -7.818315e-001
    outer loop
      vertex  5.863736e+000 -4.980000e+003 -2.032383e+001
      vertex  3.254128e+000 -4.985000e+003 -1.824273e+001
      vertex  3.254128e+000 -4.980000e+003 -1.824273e+001
    endloop
  endfacet
  facet normal -2.225208e-001  -0.000000e+000 -9.749279e-001
    outer loop
      vertex  3.254128e+000 -4.980000e+003 -1.824273e+001
      vertex  3.254128e+000 -4.985000e+003 -1.824273e+001
      vertex  3.552714e-015 -4.985000e+003 -1.750000e+001
    endloop
  endfacet
  facet normal -2.225208e-001  0.000000e+000 -9.749279e-001
    outer loop
      vertex  3.254128e+000 -4.980000e+003 -1.824273e+001
      vertex  3.552714e-015 -4.985000e+003 -1.750000e+001
      vertex  3.552714e-015 -4.980000e+003 -1.750000e+001
    endloop
  endfacet
  facet normal  9.009689e-001  0.000000e+000 -4.338837e-001
    outer loop
      vertex -7.311959e+000 -5.020000e+003 -2.333109e+001
      vertex -5.863736e+000 -5.015000e+003 -2.032383e+001
      vertex -5.863736e+000 -5.020000e+003 -2.032383e+001
    endloop
  endfacet
  facet normal  6.234898e-001  0.000000e+000 -7.818315e-001
    outer loop
      vertex -5.863736e+000 -5.020000e+003 -2.032383e+001
      vertex -5.863736e+000 -5.015000e+003 -2.032383e+001
      vertex -3.254128e+000 -5.015000e+003 -1.824273e+001
    endloop
  endfacet
  facet normal  6.234898e-001  0.000000e+000 -7.818315e-001
    outer loop
      vertex -5.863736e+000 -5.020000e+003 -2.032383e+001
      vertex -3.254128e+000 -5.015000e+003 -1.824273e+001
      vertex -3.254128e+000 -5.020000e+003 -1.824273e+001
    endloop
  endfacet
  facet normal  2.225208e-001  0.000000e+000 -9.749279e-001
    outer loop
      vertex -3.254128e+000 -5.020000e+003 -1.824273e+001
      vertex -3.254128e+000 -5.015000e+003 -1.824273e+001
      vertex  3.552714e-015 -5.015000e+003 -1.750000e+001
    endloop
  endfacet
  facet normal  2.225208e-001  0.000000e+000 -9.749279e-001
    outer loop
      vertex -3.254128e+000 -5.020000e+003 -1.824273e+001
      vertex  3.552714e-015 -5.015000e+003 -1.750000e+001
      vertex  3.552714e-015 -5.020000e+003 -1.750000e+001
    endloop
  endfacet
  facet normal  9.009689e-001  0.000000e+000 -4.338837e-001
    outer loop
      vertex -5.863736e+000 -5.015000e+003 -2.032383e+001
      vertex -7.311959e+000 -5.020000e+003 -2.333109e+001
      vertex -7.311959e+000 -5.015000e+003 -2.333109e+001
    endloop
  endfacet
  facet normal  1.000000e+000  0.000000e+000  0.000000e+000
    outer loop
      vertex -7.311959e+000 -5.015000e+003 -2.333109e+001
      vertex -7.311959e+000 -5.020000e+003 -2.333109e+001
      vertex -7.311959e+000 -5.020000e+003 -2.666891e+001
    endloop
  endfacet
  facet normal  1.000000e+000  0.000000e+000  0.000000e+000
    outer loop
      vertex -7.311959e+000 -5.015000e+003 -2.333109e+001
      vertex -7.311959e+000 -5.020000e+003 -2.666891e+001
      vertex -7.311959e+000 -5.015000e+003 -2.666891e+001
    endloop
  endfacet
  facet normal  9.009689e-001  0.000000e+000  4.338837e-001
    outer loop
      vertex -7.311959e+000 -5.015000e+003 -2.666891e+001
      vertex -7.311959e+000 -5.020000e+003 -2.666891e+001
      vertex -5.863736e+000 -5.020000e+003 -2.967617e+001
    endloop
  endfacet
  facet normal  9.009689e-001  -0.000000e+000  4.338837e-001
    outer loop
      vertex -7.311959e+000 -5.015000e+003 -2.666891e+001
      vertex -5.863736e+000 -5.020000e+003 -2.967617e+001
      vertex -5.863736e+000 -5.015000e+003 -2.967617e+001
    endloop
  endfacet
  facet normal  6.234898e-001  0.000000e+000  7.818315e-001
    outer loop
      vertex -5.863736e+000 -5.015000e+003 -2.967617e+001
      vertex -5.863736e+000 -5.020000e+003 -2.967617e+001
      vertex -3.254128e+000 -5.020000e+003 -3.175727e+001
    endloop
  endfacet
  facet normal  6.234898e-001  -0.000000e+000  7.818315e-001
    outer loop
      vertex -5.863736e+000 -5.015000e+003 -2.967617e+001
      vertex -3.254128e+000 -5.020000e+003 -3.175727e+001
      vertex -3.254128e+000 -5.015000e+003 -3.175727e+001
    endloop
  endfacet
  facet normal  2.225208e-001  0.000000e+000  9.749279e-001
    outer loop
      vertex -3.254128e+000 -5.015000e+003 -3.175727e+001
      vertex -3.254128e+000 -5.020000e+003 -3.175727e+001
      vertex  7.801838e-015 -5.020000e+003 -3.250000e+001
    endloop
  endfacet
  facet normal  2.225208e-001  -0.000000e+000  9.749279e-001
    outer loop
      vertex -3.254128e+000 -5.015000e+003 -3.175727e+001
      vertex  7.801838e-015 -5.020000e+003 -3.250000e+001
      vertex  7.801838e-015 -5.015000e+003 -3.250000e+001
    endloop
  endfacet
  facet normal  9.009689e-001  0.000000e+000 -4.338837e-001
    outer loop
      vertex -7.311959e+000 -4.985000e+003 -2.333109e+001
      vertex -5.863736e+000 -4.980000e+003 -2.032383e+001
      vertex -5.863736e+000 -4.985000e+003 -2.032383e+001
    endloop
  endfacet
  facet normal  6.234898e-001  0.000000e+000 -7.818315e-001
    outer loop
      vertex -5.863736e+000 -4.985000e+003 -2.032383e+001
      vertex -5.863736e+000 -4.980000e+003 -2.032383e+001
      vertex -3.254128e+000 -4.980000e+003 -1.824273e+001
    endloop
  endfacet
  facet normal  6.234898e-001  0.000000e+000 -7.818315e-001
    outer loop
      vertex -5.863736e+000 -4.985000e+003 -2.032383e+001
      vertex -3.254128e+000 -4.980000e+003 -1.824273e+001
      vertex -3.254128e+000 -4.985000e+003 -1.824273e+001
    endloop
  endfacet
  facet normal  2.225208e-001  0.000000e+000 -9.749279e-001
    outer loop
      vertex -3.254128e+000 -4.985000e+003 -1.824273e+001
      vertex -3.254128e+000 -4.980000e+003 -1.824273e+001
      vertex  3.552714e-015 -4.980000e+003 -1.750000e+001
    endloop
  endfacet
  facet normal  2.225208e-001  0.000000e+000 -9.749279e-001
    outer loop
      vertex -3.254128e+000 -4.985000e+003 -1.824273e+001
      vertex  3.552714e-015 -4.980000e+003 -1.750000e+001
      vertex  3.552714e-015 -4.985000e+003 -1.750000e+001
    endloop
  endfacet
  facet normal  9.009689e-001  0.000000e+000 -4.338837e-001
    outer loop
      vertex -5.863736e+000 -4.980000e+003 -2.032383e+001
      vertex -7.311959e+000 -4.985000e+003 -2.333109e+001
      vertex -7.311959e+000 -4.980000e+003 -2.333109e+001
    endloop
  endfacet
  facet normal  1.000000e+000  0.000000e+000  0.000000e+000
    outer loop
      vertex -7.311959e+000 -4.980000e+003 -2.333109e+001
      vertex -7.311959e+000 -4.985000e+003 -2.333109e+001
      vertex -7.311959e+000 -4.985000e+003 -2.666891e+001
    endloop
  endfacet
  facet normal  1.000000e+000  0.000000e+000  0.000000e+000
    outer loop
      vertex -7.311959e+000 -4.980000e+003 -2.333109e+001
      vertex -7.311959e+000 -4.985000e+003 -2.666891e+001
      vertex -7.311959e+000 -4.980000e+003 -2.666891e+001
    endloop
  endfacet
  facet normal  9.009689e-001  0.000000e+000  4.338837e-001
    outer loop
      vertex -7.311959e+000 -4.980000e+003 -2.666891e+001
      vertex -7.311959e+000 -4.985000e+003 -2.666891e+001
      vertex -5.863736e+000 -4.985000e+003 -2.967617e+001
    endloop
  endfacet
  facet normal  9.009689e-001  -0.000000e+000  4.338837e-001
    outer loop
      vertex -7.311959e+000 -4.980000e+003 -2.666891e+001
      vertex -5.863736e+000 -4.985000e+003 -2.967617e+001
      vertex -5.863736e+000 -4.980000e+003 -2.967617e+001
    endloop
  endfacet
  facet normal  6.234898e-001  0.000000e+000  7.818315e-001
    outer loop
      vertex -5.863736e+000 -4.980000e+003 -2.967617e+001
      vertex -5.863736e+000 -4.985000e+003 -2.967617e+001
      vertex -3.254128e+000 -4.985000e+003 -3.175727e+001
    endloop
  endfacet
  facet normal  6.234898e-001  -0.000000e+000  7.818315e-001
    outer loop
      vertex -5.863736e+000 -4.980000e+003 -2.967617e+001
      vertex -3.254128e+000 -4.985000e+003 -3.175727e+001
      vertex -3.254128e+000 -4.980000e+003 -3.175727e+001
    endloop
  endfacet
  facet normal  2.225208e-001  0.000000e+000  9.749279e-001
    outer loop
      vertex -3.254128e+000 -4.980000e+003 -3.175727e+001
      vertex -3.254128e+000 -4.985000e+003 -3.175727e+001
      vertex  7.801838e-015 -4.985000e+003 -3.250000e+001
    endloop
  endfacet
  facet normal  2.225208e-001  -0.000000e+000  9.749279e-001
    outer loop
      vertex -3.254128e+000 -4.980000e+003 -3.175727e+001
      vertex  7.801838e-015 -4.985000e+003 -3.250000e+001
      vertex  7.801838e-015 -4.980000e+003 -3.250000e+001
    endloop
  endfacet
  facet normal  0.000000e+000 -1.000000e+000  0.000000e+000
    outer loop
      vertex -1.426585e+001 -4.985000e+003 -2.963526e+001
      vertex -5.863736e+000 -4.985000e+003 -2.967617e+001
      vertex -7.311959e+000 -4.985000e+003 -2.666891e+001
    endloop
  endfacet
  facet normal  -0.000000e+000 -1.000000e+000  0.000000e+000
    outer loop
      vertex  5.863736e+000 -4.985000e+003 -2.967617e+001
      vertex  1.426585e+001 -4.985000e+003 -2.963526e+001
      vertex  7.311959e+000 -4.985000e+003 -2.666891e+001
    endloop
  endfacet
  facet normal  -0.000000e+000 -1.000000e+000  -0.000000e+000
    outer loop
      vertex  1.500000e+001 -4.985000e+003 -2.500000e+001
      vertex  1.500000e+001 -4.985000e+003  0.000000e+000
      vertex -1.500000e+001 -4.985000e+003  0.000000e+000
    endloop
  endfacet
  facet normal  0.000000e+000 -1.000000e+000  0.000000e+000
    outer loop
      vertex  1.500000e+001 -4.985000e+003 -2.500000e+001
      vertex -1.500000e+001 -4.985000e+003  0.000000e+000
      vertex  3.254128e+000 -4.985000e+003 -1.824273e+001
    endloop
  endfacet
  facet normal  0.000000e+000 -1.000000e+000  0.000000e+000
    outer loop
      vertex  1.500000e+001 -4.985000e+003 -2.500000e+001
      vertex  3.254128e+000 -4.985000e+003 -1.824273e+001
      vertex  5.863736e+000 -4.985000e+003 -2.032383e+001
    endloop
  endfacet
  facet normal  0.000000e+000 -1.000000e+000  0.000000e+000
    outer loop
      vertex  1.500000e+001 -4.985000e+003 -2.500000e+001
      vertex  5.863736e+000 -4.985000e+003 -2.032383e+001
      vertex  7.311959e+000 -4.985000e+003 -2.333109e+001
    endloop
  endfacet
  facet normal  0.000000e+000 -1.000000e+000  0.000000e+000
    outer loop
      vertex  1.500000e+001 -4.985000e+003 -2.500000e+001
      vertex  7.311959e+000 -4.985000e+003 -2.333109e+001
      vertex  7.311959e+000 -4.985000e+003 -2.666891e+001
    endloop
  endfacet
  facet normal  0.000000e+000 -1.000000e+000  0.000000e+000
    outer loop
      vertex  1.500000e+001 -4.985000e+003 -2.500000e+001
      vertex  7.311959e+000 -4.985000e+003 -2.666891e+001
      vertex  1.426585e+001 -4.985000e+003 -2.963526e+001
    endloop
  endfacet
  facet normal  0.000000e+000 -1.000000e+000  0.000000e+000
    outer loop
      vertex -1.500000e+001 -4.985000e+003  0.000000e+000
      vertex -1.500000e+001 -4.985000e+003 -2.500000e+001
      vertex -5.863736e+000 -4.985000e+003 -2.032383e+001
    endloop
  endfacet
  facet normal  0.000000e+000 -1.000000e+000  0.000000e+000
    outer loop
      vertex -1.500000e+001 -4.985000e+003  0.000000e+000
      vertex -5.863736e+000 -4.985000e+003 -2.032383e+001
      vertex -3.254128e+000 -4.985000e+003 -1.824273e+001
    endloop
  endfacet
  facet normal  0.000000e+000 -1.000000e+000  0.000000e+000
    outer loop
      vertex -1.500000e+001 -4.985000e+003  0.000000e+000
      vertex -3.254128e+000 -4.985000e+003 -1.824273e+001
      vertex  3.552714e-015 -4.985000e+003 -1.750000e+001
    endloop
  endfacet
  facet normal  0.000000e+000 -9.999999e-001  0.000000e+000
    outer loop
      vertex -1.500000e+001 -4.985000e+003  0.000000e+000
      vertex  3.552714e-015 -4.985000e+003 -1.750000e+001
      vertex  3.254128e+000 -4.985000e+003 -1.824273e+001
    endloop
  endfacet
  facet normal  -0.000000e+000 -1.000000e+000  0.000000e+000
    outer loop
      vertex  5.389623e-015 -4.985000e+003 -4.000000e+001
      vertex  4.635255e+000 -4.985000e+003 -3.926585e+001
      vertex  8.816779e+000 -4.985000e+003 -3.713525e+001
    endloop
  endfacet
  facet normal  -0.000000e+000 -1.000000e+000  0.000000e+000
    outer loop
      vertex  5.389623e-015 -4.985000e+003 -4.000000e+001
      vertex  8.816779e+000 -4.985000e+003 -3.713525e+001
      vertex  1.213525e+001 -4.985000e+003 -3.381678e+001
    endloop
  endfacet
  facet normal  -0.000000e+000 -1.000000e+000  0.000000e+000
    outer loop
      vertex  5.389623e-015 -4.985000e+003 -4.000000e+001
      vertex  1.213525e+001 -4.985000e+003 -3.381678e+001
      vertex  7.801838e-015 -4.985000e+003 -3.250000e+001
    endloop
  endfacet
  facet normal  0.000000e+000 -1.000000e+000  0.000000e+000
    outer loop
      vertex  5.389623e-015 -4.985000e+003 -4.000000e+001
      vertex  7.801838e-015 -4.985000e+003 -3.250000e+001
      vertex -1.213525e+001 -4.985000e+003 -3.381678e+001
    endloop
  endfacet
  facet normal  0.000000e+000 -1.000000e+000  0.000000e+000
    outer loop
      vertex  5.389623e-015 -4.985000e+003 -4.000000e+001
      vertex -1.213525e+001 -4.985000e+003 -3.381678e+001
      vertex -8.816779e+000 -4.985000e+003 -3.713525e+001
    endloop
  endfacet
  facet normal  0.000000e+000 -1.000000e+000  0.000000e+000
    outer loop
      vertex  5.389623e-015 -4.985000e+003 -4.000000e+001
      vertex -8.816779e+000 -4.985000e+003 -3.713525e+001
      vertex -4.635255e+000 -4.985000e+003 -3.926585e+001
    endloop
  endfacet
  facet normal  0.000000e+000 -1.000000e+000  0.000000e+000
    outer loop
      vertex  1.213525e+001 -4.985000e+003 -3.381678e+001
      vertex  1.426585e+001 -4.985000e+003 -2.963526e+001
      vertex  5.863736e+000 -4.985000e+003 -2.967617e+001
    endloop
  endfacet
  facet normal  0.000000e+000 -1.000000e+000  -0.000000e+000
    outer loop
      vertex  1.213525e+001 -4.985000e+003 -3.381678e+001
      vertex  5.863736e+000 -4.985000e+003 -2.967617e+001
      vertex  3.254128e+000 -4.985000e+003 -3.175727e+001
    endloop
  endfacet
  facet normal  0.000000e+000 -1.000000e+000  -0.000000e+000
    outer loop
      vertex  1.213525e+001 -4.985000e+003 -3.381678e+001
      vertex  3.254128e+000 -4.985000e+003 -3.175727e+001
      vertex  7.801838e-015 -4.985000e+003 -3.250000e+001
    endloop
  endfacet
  facet normal  0.000000e+000 -1.000000e+000  0.000000e+000
    outer loop
      vertex -5.863736e+000 -4.985000e+003 -2.032383e+001
      vertex -1.500000e+001 -4.985000e+003 -2.500000e+001
      vertex -7.311959e+000 -4.985000e+003 -2.333109e+001
    endloop
  endfacet
  facet normal  0.000000e+000 -1.000000e+000  0.000000e+000
    outer loop
      vertex -7.311959e+000 -4.985000e+003 -2.333109e+001
      vertex -1.500000e+001 -4.985000e+003 -2.500000e+001
      vertex -1.426585e+001 -4.985000e+003 -2.963526e+001
    endloop
  endfacet
  facet normal  0.000000e+000 -1.000000e+000  0.000000e+000
    outer loop
      vertex -7.311959e+000 -4.985000e+003 -2.333109e+001
      vertex -1.426585e+001 -4.985000e+003 -2.963526e+001
      vertex -7.311959e+000 -4.985000e+003 -2.666891e+001
    endloop
  endfacet
  facet normal  0.000000e+000 -1.000000e+000  -0.000000e+000
    outer loop
      vertex  7.801838e-015 -4.985000e+003 -3.250000e+001
      vertex -3.254128e+000 -4.985000e+003 -3.175727e+001
      vertex -1.213525e+001 -4.985000e+003 -3.381678e+001
    endloop
  endfacet
  facet normal  0.000000e+000 -1.000000e+000  0.000000e+000
    outer loop
      vertex -1.213525e+001 -4.985000e+003 -3.381678e+001
      vertex -3.254128e+000 -4.985000e+003 -3.175727e+001
      vertex -5.863736e+000 -4.985000e+003 -2.967617e+001
    endloop
  endfacet
  facet normal  -0.000000e+000 -1.000000e+000  0.000000e+000
    outer loop
      vertex -1.213525e+001 -4.985000e+003 -3.381678e+001
      vertex -5.863736e+000 -4.985000e+003 -2.967617e+001
      vertex -1.426585e+001 -4.985000e+003 -2.963526e+001
    endloop
  endfacet
  facet normal  0.000000e+000  1.000000e+000  0.000000e+000
    outer loop
      vertex -5.863736e+000 -5.015000e+003 -2.967617e+001
      vertex -3.254128e+000 -5.015000e+003 -3.175727e+001
      vertex -1.426585e+001 -5.015000e+003 -2.963526e+001
    endloop
  endfacet
  facet normal  0.000000e+000  1.000000e+000  0.000000e+000
    outer loop
      vertex  7.311959e+000 -5.015000e+003 -2.666891e+001
      vertex  7.311959e+000 -5.015000e+003 -2.333109e+001
      vertex  1.500000e+001 -5.015000e+003 -2.500000e+001
    endloop
  endfacet
  facet normal  0.000000e+000  1.000000e+000  0.000000e+000
    outer loop
      vertex -1.500000e+001 -5.015000e+003 -2.500000e+001
      vertex -1.500000e+001 -5.015000e+003  0.000000e+000
      vertex -7.311959e+000 -5.015000e+003 -2.333109e+001
    endloop
  endfacet
  facet normal  0.000000e+000  1.000000e+000  0.000000e+000
    outer loop
      vertex -1.500000e+001 -5.015000e+003 -2.500000e+001
      vertex -7.311959e+000 -5.015000e+003 -2.333109e+001
      vertex -7.311959e+000 -5.015000e+003 -2.666891e+001
    endloop
  endfacet
  facet normal  0.000000e+000  1.000000e+000  0.000000e+000
    outer loop
      vertex -1.500000e+001 -5.015000e+003 -2.500000e+001
      vertex -7.311959e+000 -5.015000e+003 -2.666891e+001
      vertex -5.863736e+000 -5.015000e+003 -2.967617e+001
    endloop
  endfacet
  facet normal  0.000000e+000  1.000000e+000  0.000000e+000
    outer loop
      vertex -1.500000e+001 -5.015000e+003 -2.500000e+001
      vertex -5.863736e+000 -5.015000e+003 -2.967617e+001
      vertex -1.426585e+001 -5.015000e+003 -2.963526e+001
    endloop
  endfacet
  facet normal  0.000000e+000  1.000000e+000  0.000000e+000
    outer loop
      vertex  7.801838e-015 -5.015000e+003 -3.250000e+001
      vertex  1.213525e+001 -5.015000e+003 -3.381678e+001
      vertex  8.816779e+000 -5.015000e+003 -3.713525e+001
    endloop
  endfacet
  facet normal  0.000000e+000  1.000000e+000  0.000000e+000
    outer loop
      vertex  7.801838e-015 -5.015000e+003 -3.250000e+001
      vertex  8.816779e+000 -5.015000e+003 -3.713525e+001
      vertex  4.635255e+000 -5.015000e+003 -3.926585e+001
    endloop
  endfacet
  facet normal  0.000000e+000  1.000000e+000  0.000000e+000
    outer loop
      vertex  7.801838e-015 -5.015000e+003 -3.250000e+001
      vertex  4.635255e+000 -5.015000e+003 -3.926585e+001
      vertex  7.226533e-015 -5.015000e+003 -4.000000e+001
    endloop
  endfacet
  facet normal  0.000000e+000  1.000000e+000  -0.000000e+000
    outer loop
      vertex  7.801838e-015 -5.015000e+003 -3.250000e+001
      vertex  7.226533e-015 -5.015000e+003 -4.000000e+001
      vertex -4.635255e+000 -5.015000e+003 -3.926585e+001
    endloop
  endfacet
  facet normal  0.000000e+000  1.000000e+000  -0.000000e+000
    outer loop
      vertex  7.801838e-015 -5.015000e+003 -3.250000e+001
      vertex -4.635255e+000 -5.015000e+003 -3.926585e+001
      vertex -8.816779e+000 -5.015000e+003 -3.713525e+001
    endloop
  endfacet
  facet normal  0.000000e+000  1.000000e+000  -0.000000e+000
    outer loop
      vertex  7.801838e-015 -5.015000e+003 -3.250000e+001
      vertex -8.816779e+000 -5.015000e+003 -3.713525e+001
      vertex -1.213525e+001 -5.015000e+003 -3.381678e+001
    endloop
  endfacet
  facet normal  0.000000e+000  1.000000e+000  -0.000000e+000
    outer loop
      vertex  7.801838e-015 -5.015000e+003 -3.250000e+001
      vertex -1.213525e+001 -5.015000e+003 -3.381678e+001
      vertex -1.426585e+001 -5.015000e+003 -2.963526e+001
    endloop
  endfacet
  facet normal  0.000000e+000  1.000000e+000  0.000000e+000
    outer loop
      vertex  7.801838e-015 -5.015000e+003 -3.250000e+001
      vertex -1.426585e+001 -5.015000e+003 -2.963526e+001
      vertex -3.254128e+000 -5.015000e+003 -3.175727e+001
    endloop
  endfacet
  facet normal  0.000000e+000  1.000000e+000  0.000000e+000
    outer loop
      vertex -1.500000e+001 -5.015000e+003  0.000000e+000
      vertex  1.500000e+001 -5.015000e+003  0.000000e+000
      vertex  3.552714e-015 -5.015000e+003 -1.750000e+001
    endloop
  endfacet
  facet normal  0.000000e+000  1.000000e+000  0.000000e+000
    outer loop
      vertex -1.500000e+001 -5.015000e+003  0.000000e+000
      vertex  3.552714e-015 -5.015000e+003 -1.750000e+001
      vertex -3.254128e+000 -5.015000e+003 -1.824273e+001
    endloop
  endfacet
  facet normal  0.000000e+000  1.000000e+000  0.000000e+000
    outer loop
      vertex -1.500000e+001 -5.015000e+003  0.000000e+000
      vertex -3.254128e+000 -5.015000e+003 -1.824273e+001
      vertex -5.863736e+000 -5.015000e+003 -2.032383e+001
    endloop
  endfacet
  facet normal  0.000000e+000  1.000000e+000  0.000000e+000
    outer loop
      vertex -1.500000e+001 -5.015000e+003  0.000000e+000
      vertex -5.863736e+000 -5.015000e+003 -2.032383e+001
      vertex -7.311959e+000 -5.015000e+003 -2.333109e+001
    endloop
  endfacet
  facet normal  0.000000e+000  1.000000e+000  -0.000000e+000
    outer loop
      vertex  1.426585e+001 -5.015000e+003 -2.963526e+001
      vertex  1.213525e+001 -5.015000e+003 -3.381678e+001
      vertex  7.801838e-015 -5.015000e+003 -3.250000e+001
    endloop
  endfacet
  facet normal  0.000000e+000  1.000000e+000  0.000000e+000
    outer loop
      vertex  1.426585e+001 -5.015000e+003 -2.963526e+001
      vertex  7.801838e-015 -5.015000e+003 -3.250000e+001
      vertex  3.254128e+000 -5.015000e+003 -3.175727e+001
    endloop
  endfacet
  facet normal  0.000000e+000  1.000000e+000  0.000000e+000
    outer loop
      vertex  1.426585e+001 -5.015000e+003 -2.963526e+001
      vertex  3.254128e+000 -5.015000e+003 -3.175727e+001
      vertex  5.863736e+000 -5.015000e+003 -2.967617e+001
    endloop
  endfacet
  facet normal  0.000000e+000  1.000000e+000  0.000000e+000
    outer loop
      vertex  1.426585e+001 -5.015000e+003 -2.963526e+001
      vertex  5.863736e+000 -5.015000e+003 -2.967617e+001
      vertex  7.311959e+000 -5.015000e+003 -2.666891e+001
    endloop
  endfacet
  facet normal  -0.000000e+000  1.000000e+000  0.000000e+000
    outer loop
      vertex  1.426585e+001 -5.015000e+003 -2.963526e+001
      vertex  7.311959e+000 -5.015000e+003 -2.666891e+001
      vertex  1.500000e+001 -5.015000e+003 -2.500000e+001
    endloop
  endfacet
  facet normal  0.000000e+000  1.000000e+000  -0.000000e+000
    outer loop
      vertex  1.500000e+001 -5.015000e+003  0.000000e+000
      vertex  1.500000e+001 -5.015000e+003 -2.500000e+001
      vertex  7.311959e+000 -5.015000e+003 -2.333109e+001
    endloop
  endfacet
  facet normal  0.000000e+000  1.000000e+000  -0.000000e+000
    outer loop
      vertex  1.500000e+001 -5.015000e+003  0.000000e+000
      vertex  7.311959e+000 -5.015000e+003 -2.333109e+001
      vertex  5.863736e+000 -5.015000e+003 -2.032383e+001
    endloop
  endfacet
  facet normal  0.000000e+000  1.000000e+000  -0.000000e+000
    outer loop
      vertex  1.500000e+001 -5.015000e+003  0.000000e+000
      vertex  5.863736e+000 -5.015000e+003 -2.032383e+001
      vertex  3.254128e+000 -5.015000e+003 -1.824273e+001
    endloop
  endfacet
  facet normal  0.000000e+000  1.000000e+000  -0.000000e+000
    outer loop
      vertex  1.500000e+001 -5.015000e+003  0.000000e+000
      vertex  3.254128e+000 -5.015000e+003 -1.824273e+001
      vertex  3.552714e-015 -5.015000e+003 -1.750000e+001
    endloop
  endfacet
endsolid CATIA STL
