solid CATIA STL
  facet normal  7.071056e-001 -7.071041e-001  2.355560e-003
    outer loop
      vertex  7.433012e+001 -2.250000e+001 -2.970000e+003
      vertex  7.250000e+001 -2.433013e+001 -2.970000e+003
      vertex  7.276654e+001 -2.416488e+001 -3.000407e+003
    endloop
  endfacet
  facet normal  7.302660e-001 -6.831630e-001 -1.462374e-004
    outer loop
      vertex  7.433012e+001 -2.250000e+001 -2.970000e+003
      vertex  7.276654e+001 -2.416488e+001 -3.000407e+003
      vertex  7.433982e+001 -2.248313e+001 -3.000380e+003
    endloop
  endfacet
  facet normal  9.482741e-001 -3.174530e-001  1.264134e-004
    outer loop
      vertex  7.433012e+001 -2.250000e+001 -2.970000e+003
      vertex  7.433982e+001 -2.248313e+001 -3.000380e+003
      vertex  7.496014e+001 -2.063002e+001 -3.000069e+003
    endloop
  endfacet
  facet normal  9.977448e-001 -6.496823e-002  1.686483e-002
    outer loop
      vertex  7.433012e+001 -2.250000e+001 -2.970000e+003
      vertex  7.496014e+001 -2.063002e+001 -3.000069e+003
      vertex  7.500000e+001 -2.000000e+001 -3.000000e+003
    endloop
  endfacet
  facet normal  9.659256e-001 -2.588202e-001  0.000000e+000
    outer loop
      vertex  7.433012e+001 -2.250000e+001 -2.970000e+003
      vertex  7.500000e+001 -2.000000e+001 -3.000000e+003
      vertex  7.500000e+001 -2.000000e+001 -2.970000e+003
    endloop
  endfacet
  facet normal  2.588188e-001 -9.659259e-001  0.000000e+000
    outer loop
      vertex  7.000000e+001 -2.500000e+001 -2.970000e+003
      vertex  7.000000e+001 -2.500000e+001 -3.000000e+003
      vertex  7.250000e+001 -2.433013e+001 -2.970000e+003
    endloop
  endfacet
  facet normal  6.496225e-002 -9.977452e-001  1.686521e-002
    outer loop
      vertex  7.250000e+001 -2.433013e+001 -2.970000e+003
      vertex  7.000000e+001 -2.500000e+001 -3.000000e+003
      vertex  7.063002e+001 -2.496015e+001 -3.000069e+003
    endloop
  endfacet
  facet normal  3.485588e-001 -9.372846e-001 -2.038295e-003
    outer loop
      vertex  7.250000e+001 -2.433013e+001 -2.970000e+003
      vertex  7.063002e+001 -2.496015e+001 -3.000069e+003
      vertex  7.276654e+001 -2.416488e+001 -3.000407e+003
    endloop
  endfacet
  facet normal  8.660383e-001 -5.424334e-005 -4.999776e-001
    outer loop
      vertex  7.496015e+001  2.063002e+001 -3.000069e+003
      vertex  7.500000e+001  2.000000e+001 -3.000000e+003
      vertex  6.143227e+001  7.102142e+000 -3.023500e+003
    endloop
  endfacet
  facet normal  8.660360e-001  4.435125e-005 -4.999817e-001
    outer loop
      vertex  7.496014e+001 -2.063002e+001 -3.000069e+003
      vertex  6.143227e+001 -7.102142e+000 -3.023500e+003
      vertex  7.500000e+001 -2.000000e+001 -3.000000e+003
    endloop
  endfacet
  facet normal  8.660254e-001  0.000000e+000 -5.000000e-001
    outer loop
      vertex  7.500000e+001 -2.000000e+001 -3.000000e+003
      vertex  6.143227e+001 -7.102142e+000 -3.023500e+003
      vertex  6.143227e+001  7.102142e+000 -3.023500e+003
    endloop
  endfacet
  facet normal  8.660254e-001  0.000000e+000 -5.000000e-001
    outer loop
      vertex  7.500000e+001 -2.000000e+001 -3.000000e+003
      vertex  6.143227e+001  7.102142e+000 -3.023500e+003
      vertex  7.500000e+001  2.000000e+001 -3.000000e+003
    endloop
  endfacet
  facet normal -4.930100e-005 -8.660371e-001 -4.999797e-001
    outer loop
      vertex  7.063002e+001 -2.496015e+001 -3.000069e+003
      vertex  7.000000e+001 -2.500000e+001 -3.000000e+003
      vertex  5.710214e+001 -1.143227e+001 -3.023500e+003
    endloop
  endfacet
  facet normal  0.000000e+000 -8.660254e-001 -5.000000e-001
    outer loop
      vertex  5.710214e+001 -1.143227e+001 -3.023500e+003
      vertex  7.000000e+001 -2.500000e+001 -3.000000e+003
      vertex  2.500000e+001 -2.500000e+001 -3.000000e+003
    endloop
  endfacet
  facet normal  0.000000e+000 -8.660254e-001 -5.000000e-001
    outer loop
      vertex  5.710214e+001 -1.143227e+001 -3.023500e+003
      vertex  2.500000e+001 -2.500000e+001 -3.000000e+003
      vertex  1.143227e+001 -1.143227e+001 -3.023500e+003
    endloop
  endfacet
  facet normal  7.071056e-001  7.071041e-001  2.355672e-003
    outer loop
      vertex  7.250000e+001  2.433013e+001 -2.970000e+003
      vertex  7.433012e+001  2.250000e+001 -2.970000e+003
      vertex  7.416488e+001  2.276654e+001 -3.000407e+003
    endloop
  endfacet
  facet normal  6.831630e-001  7.302659e-001 -1.462832e-004
    outer loop
      vertex  7.250000e+001  2.433013e+001 -2.970000e+003
      vertex  7.416488e+001  2.276654e+001 -3.000407e+003
      vertex  7.248313e+001  2.433982e+001 -3.000380e+003
    endloop
  endfacet
  facet normal  3.174538e-001  9.482738e-001  1.263532e-004
    outer loop
      vertex  7.250000e+001  2.433013e+001 -2.970000e+003
      vertex  7.248313e+001  2.433982e+001 -3.000380e+003
      vertex  7.063002e+001  2.496015e+001 -3.000069e+003
    endloop
  endfacet
  facet normal  6.496225e-002  9.977452e-001  1.686521e-002
    outer loop
      vertex  7.250000e+001  2.433013e+001 -2.970000e+003
      vertex  7.063002e+001  2.496015e+001 -3.000069e+003
      vertex  7.000000e+001  2.500000e+001 -3.000000e+003
    endloop
  endfacet
  facet normal  2.588188e-001  9.659259e-001  -0.000000e+000
    outer loop
      vertex  7.250000e+001  2.433013e+001 -2.970000e+003
      vertex  7.000000e+001  2.500000e+001 -3.000000e+003
      vertex  7.000000e+001  2.500000e+001 -2.970000e+003
    endloop
  endfacet
  facet normal  9.659256e-001  2.588202e-001  -0.000000e+000
    outer loop
      vertex  7.500000e+001  2.000000e+001 -2.970000e+003
      vertex  7.500000e+001  2.000000e+001 -3.000000e+003
      vertex  7.433012e+001  2.250000e+001 -2.970000e+003
    endloop
  endfacet
  facet normal  9.977456e-001  6.495611e-002  1.686585e-002
    outer loop
      vertex  7.433012e+001  2.250000e+001 -2.970000e+003
      vertex  7.500000e+001  2.000000e+001 -3.000000e+003
      vertex  7.496015e+001  2.063002e+001 -3.000069e+003
    endloop
  endfacet
  facet normal  9.372840e-001  3.485608e-001 -2.038172e-003
    outer loop
      vertex  7.433012e+001  2.250000e+001 -2.970000e+003
      vertex  7.496015e+001  2.063002e+001 -3.000069e+003
      vertex  7.416488e+001  2.276654e+001 -3.000407e+003
    endloop
  endfacet
  facet normal -4.930100e-005  8.660371e-001 -4.999797e-001
    outer loop
      vertex  7.063002e+001  2.496015e+001 -3.000069e+003
      vertex  5.710214e+001  1.143227e+001 -3.023500e+003
      vertex  7.000000e+001  2.500000e+001 -3.000000e+003
    endloop
  endfacet
  facet normal  0.000000e+000  8.660254e-001 -5.000000e-001
    outer loop
      vertex  7.000000e+001  2.500000e+001 -3.000000e+003
      vertex  5.710214e+001  1.143227e+001 -3.023500e+003
      vertex  1.143227e+001  1.143227e+001 -3.023500e+003
    endloop
  endfacet
  facet normal  0.000000e+000  8.660254e-001 -5.000000e-001
    outer loop
      vertex  7.000000e+001  2.500000e+001 -3.000000e+003
      vertex  1.143227e+001  1.143227e+001 -3.023500e+003
      vertex  2.500000e+001  2.500000e+001 -3.000000e+003
    endloop
  endfacet
  facet normal  -0.000000e+000 -2.057916e-001 -9.785959e-001
    outer loop
      vertex  1.206481e+001 -7.102142e+000 -3.026000e+003
      vertex  5.710214e+001 -7.102142e+000 -3.026000e+003
      vertex  1.062503e+001 -9.116401e+000 -3.025576e+003
    endloop
  endfacet
  facet normal  2.414417e-003 -2.588360e-001 -9.659183e-001
    outer loop
      vertex  1.062503e+001 -9.116401e+000 -3.025576e+003
      vertex  5.710214e+001 -7.102142e+000 -3.026000e+003
      vertex  5.710214e+001 -9.602141e+000 -3.025330e+003
    endloop
  endfacet
  facet normal -4.050262e-004 -4.828554e-001 -8.757000e-001
    outer loop
      vertex  1.062503e+001 -9.116401e+000 -3.025576e+003
      vertex  5.710214e+001 -9.602141e+000 -3.025330e+003
      vertex  9.899495e+000 -9.899495e+000 -3.025144e+003
    endloop
  endfacet
  facet normal  0.000000e+000 -7.070972e-001 -7.071164e-001
    outer loop
      vertex  5.710214e+001 -1.143227e+001 -3.023500e+003
      vertex  1.143227e+001 -1.143227e+001 -3.023500e+003
      vertex  5.710214e+001 -9.602141e+000 -3.025330e+003
    endloop
  endfacet
  facet normal  1.914716e-003 -7.305833e-001 -6.828210e-001
    outer loop
      vertex  5.710214e+001 -9.602141e+000 -3.025330e+003
      vertex  1.143227e+001 -1.143227e+001 -3.023500e+003
      vertex  9.899495e+000 -9.899495e+000 -3.025144e+003
    endloop
  endfacet
  facet normal  0.000000e+000  0.000000e+000 -1.000000e+000
    outer loop
      vertex  5.710214e+001 -7.102142e+000 -3.026000e+003
      vertex  1.206481e+001 -7.102142e+000 -3.026000e+003
      vertex  1.350754e+001 -3.680536e+000 -3.026000e+003
    endloop
  endfacet
  facet normal  0.000000e+000  0.000000e+000 -9.999999e-001
    outer loop
      vertex  5.710214e+001 -7.102142e+000 -3.026000e+003
      vertex  1.350754e+001 -3.680536e+000 -3.026000e+003
      vertex  1.400000e+001  0.000000e+000 -3.026000e+003
    endloop
  endfacet
  facet normal  0.000000e+000  0.000000e+000 -1.000000e+000
    outer loop
      vertex  5.710214e+001 -7.102142e+000 -3.026000e+003
      vertex  1.400000e+001  0.000000e+000 -3.026000e+003
      vertex  1.350754e+001  3.680536e+000 -3.026000e+003
    endloop
  endfacet
  facet normal  0.000000e+000  0.000000e+000 -1.000000e+000
    outer loop
      vertex  5.710214e+001 -7.102142e+000 -3.026000e+003
      vertex  1.350754e+001  3.680536e+000 -3.026000e+003
      vertex  1.206481e+001  7.102142e+000 -3.026000e+003
    endloop
  endfacet
  facet normal  0.000000e+000  0.000000e+000 -1.000000e+000
    outer loop
      vertex  5.710214e+001 -7.102142e+000 -3.026000e+003
      vertex  1.206481e+001  7.102142e+000 -3.026000e+003
      vertex  5.710214e+001  7.102142e+000 -3.026000e+003
    endloop
  endfacet
  facet normal  0.000000e+000  7.314754e-001 -6.818678e-001
    outer loop
      vertex  1.143227e+001  1.143227e+001 -3.023500e+003
      vertex  5.710214e+001  1.143227e+001 -3.023500e+003
      vertex  9.899495e+000  9.899495e+000 -3.025144e+003
    endloop
  endfacet
  facet normal  1.671135e-003  7.070962e-001 -7.071154e-001
    outer loop
      vertex  9.899495e+000  9.899495e+000 -3.025144e+003
      vertex  5.710214e+001  1.143227e+001 -3.023500e+003
      vertex  5.710214e+001  9.602141e+000 -3.025330e+003
    endloop
  endfacet
  facet normal -4.050262e-004  4.828554e-001 -8.757000e-001
    outer loop
      vertex  9.899495e+000  9.899495e+000 -3.025144e+003
      vertex  5.710214e+001  9.602141e+000 -3.025330e+003
      vertex  1.062503e+001  9.116401e+000 -3.025576e+003
    endloop
  endfacet
  facet normal  0.000000e+000  2.057916e-001 -9.785959e-001
    outer loop
      vertex  1.206481e+001  7.102142e+000 -3.026000e+003
      vertex  1.062503e+001  9.116401e+000 -3.025576e+003
      vertex  5.710214e+001  7.102142e+000 -3.026000e+003
    endloop
  endfacet
  facet normal  2.414417e-003  2.588360e-001 -9.659183e-001
    outer loop
      vertex  5.710214e+001  7.102142e+000 -3.026000e+003
      vertex  1.062503e+001  9.116401e+000 -3.025576e+003
      vertex  5.710214e+001  9.602141e+000 -3.025330e+003
    endloop
  endfacet
  facet normal  7.922307e-001  2.039324e-001 -5.751367e-001
    outer loop
      vertex  7.496015e+001  2.063002e+001 -3.000069e+003
      vertex  6.143227e+001  7.102142e+000 -3.023500e+003
      vertex  7.416488e+001  2.276654e+001 -3.000407e+003
    endloop
  endfacet
  facet normal  7.968151e-001  1.952813e-001 -5.717962e-001
    outer loop
      vertex  7.416488e+001  2.276654e+001 -3.000407e+003
      vertex  6.143227e+001  7.102142e+000 -3.023500e+003
      vertex  6.054541e+001  9.004459e+000 -3.024086e+003
    endloop
  endfacet
  facet normal  5.235109e-001  5.706012e-001 -6.327327e-001
    outer loop
      vertex  7.416488e+001  2.276654e+001 -3.000407e+003
      vertex  6.054541e+001  9.004459e+000 -3.024086e+003
      vertex  7.248313e+001  2.433982e+001 -3.000380e+003
    endloop
  endfacet
  facet normal  5.485300e-001  5.485304e-001 -6.310541e-001
    outer loop
      vertex  7.248313e+001  2.433982e+001 -3.000380e+003
      vertex  6.054541e+001  9.004459e+000 -3.024086e+003
      vertex  5.900446e+001  1.054541e+001 -3.024086e+003
    endloop
  endfacet
  facet normal  1.743141e-001  8.047826e-001 -5.673972e-001
    outer loop
      vertex  7.248313e+001  2.433982e+001 -3.000380e+003
      vertex  5.900446e+001  1.054541e+001 -3.024086e+003
      vertex  7.063002e+001  2.496015e+001 -3.000069e+003
    endloop
  endfacet
  facet normal  1.949376e-001  7.964715e-001 -5.723919e-001
    outer loop
      vertex  7.063002e+001  2.496015e+001 -3.000069e+003
      vertex  5.900446e+001  1.054541e+001 -3.024086e+003
      vertex  5.710214e+001  1.143227e+001 -3.023500e+003
    endloop
  endfacet
  facet normal  2.039309e-001 -7.922314e-001 -5.751361e-001
    outer loop
      vertex  7.063002e+001 -2.496015e+001 -3.000069e+003
      vertex  5.710214e+001 -1.143227e+001 -3.023500e+003
      vertex  7.276654e+001 -2.416488e+001 -3.000407e+003
    endloop
  endfacet
  facet normal  1.952813e-001 -7.968152e-001 -5.717963e-001
    outer loop
      vertex  7.276654e+001 -2.416488e+001 -3.000407e+003
      vertex  5.710214e+001 -1.143227e+001 -3.023500e+003
      vertex  5.900446e+001 -1.054541e+001 -3.024086e+003
    endloop
  endfacet
  facet normal  5.706011e-001 -5.235110e-001 -6.327326e-001
    outer loop
      vertex  7.276654e+001 -2.416488e+001 -3.000407e+003
      vertex  5.900446e+001 -1.054541e+001 -3.024086e+003
      vertex  7.433982e+001 -2.248313e+001 -3.000380e+003
    endloop
  endfacet
  facet normal  5.485300e-001 -5.485304e-001 -6.310540e-001
    outer loop
      vertex  7.433982e+001 -2.248313e+001 -3.000380e+003
      vertex  5.900446e+001 -1.054541e+001 -3.024086e+003
      vertex  6.054541e+001 -9.004459e+000 -3.024086e+003
    endloop
  endfacet
  facet normal  8.047830e-001 -1.743134e-001 -5.673969e-001
    outer loop
      vertex  7.433982e+001 -2.248313e+001 -3.000380e+003
      vertex  6.054541e+001 -9.004459e+000 -3.024086e+003
      vertex  7.496014e+001 -2.063002e+001 -3.000069e+003
    endloop
  endfacet
  facet normal  7.964716e-001 -1.949376e-001 -5.723917e-001
    outer loop
      vertex  7.496014e+001 -2.063002e+001 -3.000069e+003
      vertex  6.054541e+001 -9.004459e+000 -3.024086e+003
      vertex  6.143227e+001 -7.102142e+000 -3.023500e+003
    endloop
  endfacet
  facet normal  7.070715e-001  8.533186e-003 -7.070907e-001
    outer loop
      vertex  6.143227e+001 -7.102142e+000 -3.023500e+003
      vertex  6.011638e+001 -8.220296e+000 -3.024829e+003
      vertex  5.960214e+001 -7.102142e+000 -3.025330e+003
    endloop
  endfacet
  facet normal  7.673311e-001 -1.669480e-001 -6.191375e-001
    outer loop
      vertex  6.143227e+001 -7.102142e+000 -3.023500e+003
      vertex  6.054541e+001 -9.004459e+000 -3.024086e+003
      vertex  6.011638e+001 -8.220296e+000 -3.024829e+003
    endloop
  endfacet
  facet normal  2.252666e-002 -2.587710e-001 -9.656760e-001
    outer loop
      vertex  5.710214e+001 -7.102142e+000 -3.026000e+003
      vertex  5.822791e+001 -9.126043e+000 -3.025431e+003
      vertex  5.710214e+001 -9.602141e+000 -3.025330e+003
    endloop
  endfacet
  facet normal  2.567615e-001 -1.263748e-001 -9.581769e-001
    outer loop
      vertex  5.710214e+001 -7.102142e+000 -3.026000e+003
      vertex  5.960214e+001 -7.102142e+000 -3.025330e+003
      vertex  5.822791e+001 -9.126043e+000 -3.025431e+003
    endloop
  endfacet
  facet normal  1.925054e-001 -6.174917e-001 -7.626569e-001
    outer loop
      vertex  5.822791e+001 -9.126043e+000 -3.025431e+003
      vertex  5.900446e+001 -1.054541e+001 -3.024086e+003
      vertex  5.710214e+001 -9.602141e+000 -3.025330e+003
    endloop
  endfacet
  facet normal  1.110657e-001 -7.027224e-001 -7.027415e-001
    outer loop
      vertex  5.710214e+001 -1.143227e+001 -3.023500e+003
      vertex  5.710214e+001 -9.602141e+000 -3.025330e+003
      vertex  5.900446e+001 -1.054541e+001 -3.024086e+003
    endloop
  endfacet
  facet normal  4.629951e-001 -4.629954e-001 -7.558246e-001
    outer loop
      vertex  6.054541e+001 -9.004459e+000 -3.024086e+003
      vertex  5.900446e+001 -1.054541e+001 -3.024086e+003
      vertex  6.011638e+001 -8.220296e+000 -3.024829e+003
    endloop
  endfacet
  facet normal  4.630166e-001 -4.630004e-001 -7.558083e-001
    outer loop
      vertex  6.011638e+001 -8.220296e+000 -3.024829e+003
      vertex  5.900446e+001 -1.054541e+001 -3.024086e+003
      vertex  5.822791e+001 -9.126043e+000 -3.025431e+003
    endloop
  endfacet
  facet normal  3.906931e-001 -2.205422e-001 -8.937114e-001
    outer loop
      vertex  6.011638e+001 -8.220296e+000 -3.024829e+003
      vertex  5.822791e+001 -9.126043e+000 -3.025431e+003
      vertex  5.960214e+001 -7.102142e+000 -3.025330e+003
    endloop
  endfacet
  facet normal  7.070972e-001  0.000000e+000 -7.071164e-001
    outer loop
      vertex  6.143227e+001  7.102142e+000 -3.023500e+003
      vertex  6.143227e+001 -7.102142e+000 -3.023500e+003
      vertex  5.960214e+001  7.102142e+000 -3.025330e+003
    endloop
  endfacet
  facet normal  7.070972e-001  0.000000e+000 -7.071164e-001
    outer loop
      vertex  5.960214e+001  7.102142e+000 -3.025330e+003
      vertex  6.143227e+001 -7.102142e+000 -3.023500e+003
      vertex  5.960214e+001 -7.102142e+000 -3.025330e+003
    endloop
  endfacet
  facet normal  2.588367e-001  0.000000e+000 -9.659211e-001
    outer loop
      vertex  5.960214e+001  7.102142e+000 -3.025330e+003
      vertex  5.960214e+001 -7.102142e+000 -3.025330e+003
      vertex  5.710214e+001  7.102142e+000 -3.026000e+003
    endloop
  endfacet
  facet normal  2.588367e-001  0.000000e+000 -9.659211e-001
    outer loop
      vertex  5.710214e+001  7.102142e+000 -3.026000e+003
      vertex  5.960214e+001 -7.102142e+000 -3.025330e+003
      vertex  5.710214e+001 -7.102142e+000 -3.026000e+003
    endloop
  endfacet
  facet normal  7.673311e-001  1.669480e-001 -6.191375e-001
    outer loop
      vertex  6.143227e+001  7.102142e+000 -3.023500e+003
      vertex  6.011638e+001  8.220296e+000 -3.024829e+003
      vertex  6.054541e+001  9.004459e+000 -3.024086e+003
    endloop
  endfacet
  facet normal  7.070715e-001 -8.533186e-003 -7.070907e-001
    outer loop
      vertex  6.143227e+001  7.102142e+000 -3.023500e+003
      vertex  5.960214e+001  7.102142e+000 -3.025330e+003
      vertex  6.011638e+001  8.220296e+000 -3.024829e+003
    endloop
  endfacet
  facet normal  2.567615e-001  1.263748e-001 -9.581769e-001
    outer loop
      vertex  5.710214e+001  7.102142e+000 -3.026000e+003
      vertex  5.822791e+001  9.126043e+000 -3.025431e+003
      vertex  5.960214e+001  7.102142e+000 -3.025330e+003
    endloop
  endfacet
  facet normal  2.252666e-002  2.587710e-001 -9.656760e-001
    outer loop
      vertex  5.710214e+001  7.102142e+000 -3.026000e+003
      vertex  5.710214e+001  9.602141e+000 -3.025330e+003
      vertex  5.822791e+001  9.126043e+000 -3.025431e+003
    endloop
  endfacet
  facet normal  1.925054e-001  6.174917e-001 -7.626569e-001
    outer loop
      vertex  5.710214e+001  9.602141e+000 -3.025330e+003
      vertex  5.900446e+001  1.054541e+001 -3.024086e+003
      vertex  5.822791e+001  9.126043e+000 -3.025431e+003
    endloop
  endfacet
  facet normal  1.110657e-001  7.027224e-001 -7.027415e-001
    outer loop
      vertex  5.710214e+001  1.143227e+001 -3.023500e+003
      vertex  5.900446e+001  1.054541e+001 -3.024086e+003
      vertex  5.710214e+001  9.602141e+000 -3.025330e+003
    endloop
  endfacet
  facet normal  4.630070e-001  4.630073e-001 -7.558100e-001
    outer loop
      vertex  5.900446e+001  1.054541e+001 -3.024086e+003
      vertex  6.054541e+001  9.004459e+000 -3.024086e+003
      vertex  5.822791e+001  9.126043e+000 -3.025431e+003
    endloop
  endfacet
  facet normal  4.630125e-001  4.629830e-001 -7.558216e-001
    outer loop
      vertex  5.822791e+001  9.126043e+000 -3.025431e+003
      vertex  6.054541e+001  9.004459e+000 -3.024086e+003
      vertex  6.011638e+001  8.220296e+000 -3.024829e+003
    endloop
  endfacet
  facet normal  3.906931e-001  2.205422e-001 -8.937114e-001
    outer loop
      vertex  5.822791e+001  9.126043e+000 -3.025431e+003
      vertex  6.011638e+001  8.220296e+000 -3.024829e+003
      vertex  5.960214e+001  7.102142e+000 -3.025330e+003
    endloop
  endfacet
  facet normal  0.000000e+000  0.000000e+000  1.000000e+000
    outer loop
      vertex -7.250000e+001  2.433013e+001 -2.970000e+003
      vertex -7.433012e+001  2.250000e+001 -2.970000e+003
      vertex  7.433012e+001  2.250000e+001 -2.970000e+003
    endloop
  endfacet
  facet normal  0.000000e+000  0.000000e+000  1.000000e+000
    outer loop
      vertex -7.250000e+001  2.433013e+001 -2.970000e+003
      vertex  7.433012e+001  2.250000e+001 -2.970000e+003
      vertex  7.250000e+001  2.433013e+001 -2.970000e+003
    endloop
  endfacet
  facet normal  0.000000e+000  0.000000e+000  1.000000e+000
    outer loop
      vertex -7.250000e+001  2.433013e+001 -2.970000e+003
      vertex  7.250000e+001  2.433013e+001 -2.970000e+003
      vertex  7.000000e+001  2.500000e+001 -2.970000e+003
    endloop
  endfacet
  facet normal  0.000000e+000  0.000000e+000  9.999999e-001
    outer loop
      vertex -7.250000e+001  2.433013e+001 -2.970000e+003
      vertex  7.000000e+001  2.500000e+001 -2.970000e+003
      vertex  2.500000e+001  2.500000e+001 -2.970000e+003
    endloop
  endfacet
  facet normal  0.000000e+000  0.000000e+000  1.000000e+000
    outer loop
      vertex -7.250000e+001  2.433013e+001 -2.970000e+003
      vertex  2.500000e+001  2.500000e+001 -2.970000e+003
      vertex -2.500000e+001  2.500000e+001 -2.970000e+003
    endloop
  endfacet
  facet normal  0.000000e+000  0.000000e+000  9.999999e-001
    outer loop
      vertex -7.250000e+001  2.433013e+001 -2.970000e+003
      vertex -2.500000e+001  2.500000e+001 -2.970000e+003
      vertex -7.000000e+001  2.500000e+001 -2.970000e+003
    endloop
  endfacet
  facet normal  0.000000e+000  0.000000e+000  1.000000e+000
    outer loop
      vertex  7.250000e+001 -2.433013e+001 -2.970000e+003
      vertex  7.433012e+001 -2.250000e+001 -2.970000e+003
      vertex -7.433012e+001 -2.250000e+001 -2.970000e+003
    endloop
  endfacet
  facet normal  0.000000e+000  0.000000e+000  1.000000e+000
    outer loop
      vertex  7.250000e+001 -2.433013e+001 -2.970000e+003
      vertex -7.433012e+001 -2.250000e+001 -2.970000e+003
      vertex -7.250000e+001 -2.433013e+001 -2.970000e+003
    endloop
  endfacet
  facet normal  -0.000000e+000  0.000000e+000  1.000000e+000
    outer loop
      vertex  7.250000e+001 -2.433013e+001 -2.970000e+003
      vertex -7.250000e+001 -2.433013e+001 -2.970000e+003
      vertex -7.000000e+001 -2.500000e+001 -2.970000e+003
    endloop
  endfacet
  facet normal  0.000000e+000  0.000000e+000  9.999999e-001
    outer loop
      vertex  7.250000e+001 -2.433013e+001 -2.970000e+003
      vertex -7.000000e+001 -2.500000e+001 -2.970000e+003
      vertex -2.500000e+001 -2.500000e+001 -2.970000e+003
    endloop
  endfacet
  facet normal  0.000000e+000  0.000000e+000  1.000000e+000
    outer loop
      vertex  7.250000e+001 -2.433013e+001 -2.970000e+003
      vertex -2.500000e+001 -2.500000e+001 -2.970000e+003
      vertex  2.500000e+001 -2.500000e+001 -2.970000e+003
    endloop
  endfacet
  facet normal  0.000000e+000  0.000000e+000  9.999999e-001
    outer loop
      vertex  7.250000e+001 -2.433013e+001 -2.970000e+003
      vertex  2.500000e+001 -2.500000e+001 -2.970000e+003
      vertex  7.000000e+001 -2.500000e+001 -2.970000e+003
    endloop
  endfacet
  facet normal  -0.000000e+000  0.000000e+000  1.000000e+000
    outer loop
      vertex  2.000000e+001  7.500000e+001 -2.970000e+003
      vertex -2.000000e+001  7.500000e+001 -2.970000e+003
      vertex  2.250000e+001  7.433012e+001 -2.970000e+003
    endloop
  endfacet
  facet normal  0.000000e+000  0.000000e+000  1.000000e+000
    outer loop
      vertex  2.250000e+001  7.433012e+001 -2.970000e+003
      vertex -2.000000e+001  7.500000e+001 -2.970000e+003
      vertex -2.250000e+001  7.433012e+001 -2.970000e+003
    endloop
  endfacet
  facet normal  -0.000000e+000  0.000000e+000  1.000000e+000
    outer loop
      vertex  2.250000e+001  7.433012e+001 -2.970000e+003
      vertex -2.250000e+001  7.433012e+001 -2.970000e+003
      vertex  2.433013e+001  7.250000e+001 -2.970000e+003
    endloop
  endfacet
  facet normal  0.000000e+000  0.000000e+000  1.000000e+000
    outer loop
      vertex  2.433013e+001  7.250000e+001 -2.970000e+003
      vertex -2.250000e+001  7.433012e+001 -2.970000e+003
      vertex -2.433013e+001  7.250000e+001 -2.970000e+003
    endloop
  endfacet
  facet normal  -0.000000e+000  0.000000e+000  9.999999e-001
    outer loop
      vertex  2.433013e+001  7.250000e+001 -2.970000e+003
      vertex -2.433013e+001  7.250000e+001 -2.970000e+003
      vertex  2.500000e+001  7.000000e+001 -2.970000e+003
    endloop
  endfacet
  facet normal  0.000000e+000  0.000000e+000  1.000000e+000
    outer loop
      vertex  2.500000e+001  7.000000e+001 -2.970000e+003
      vertex -2.433013e+001  7.250000e+001 -2.970000e+003
      vertex -2.500000e+001  7.000000e+001 -2.970000e+003
    endloop
  endfacet
  facet normal  -0.000000e+000  0.000000e+000  1.000000e+000
    outer loop
      vertex  2.500000e+001  7.000000e+001 -2.970000e+003
      vertex -2.500000e+001  7.000000e+001 -2.970000e+003
      vertex  2.500000e+001  2.500000e+001 -2.970000e+003
    endloop
  endfacet
  facet normal  0.000000e+000  0.000000e+000  1.000000e+000
    outer loop
      vertex  2.500000e+001  2.500000e+001 -2.970000e+003
      vertex -2.500000e+001  7.000000e+001 -2.970000e+003
      vertex -2.500000e+001  2.500000e+001 -2.970000e+003
    endloop
  endfacet
  facet normal  -0.000000e+000  0.000000e+000  1.000000e+000
    outer loop
      vertex  7.433012e+001  2.250000e+001 -2.970000e+003
      vertex -7.433012e+001  2.250000e+001 -2.970000e+003
      vertex  7.500000e+001  2.000000e+001 -2.970000e+003
    endloop
  endfacet
  facet normal  0.000000e+000  0.000000e+000  1.000000e+000
    outer loop
      vertex  7.500000e+001  2.000000e+001 -2.970000e+003
      vertex -7.433012e+001  2.250000e+001 -2.970000e+003
      vertex -7.500000e+001  2.000000e+001 -2.970000e+003
    endloop
  endfacet
  facet normal  -0.000000e+000  0.000000e+000  1.000000e+000
    outer loop
      vertex  7.500000e+001  2.000000e+001 -2.970000e+003
      vertex -7.500000e+001  2.000000e+001 -2.970000e+003
      vertex  7.500000e+001 -2.000000e+001 -2.970000e+003
    endloop
  endfacet
  facet normal  0.000000e+000  0.000000e+000  1.000000e+000
    outer loop
      vertex  7.500000e+001 -2.000000e+001 -2.970000e+003
      vertex -7.500000e+001  2.000000e+001 -2.970000e+003
      vertex -7.500000e+001 -2.000000e+001 -2.970000e+003
    endloop
  endfacet
  facet normal  -0.000000e+000  0.000000e+000  1.000000e+000
    outer loop
      vertex  7.500000e+001 -2.000000e+001 -2.970000e+003
      vertex -7.500000e+001 -2.000000e+001 -2.970000e+003
      vertex  7.433012e+001 -2.250000e+001 -2.970000e+003
    endloop
  endfacet
  facet normal  0.000000e+000  0.000000e+000  1.000000e+000
    outer loop
      vertex  7.433012e+001 -2.250000e+001 -2.970000e+003
      vertex -7.500000e+001 -2.000000e+001 -2.970000e+003
      vertex -7.433012e+001 -2.250000e+001 -2.970000e+003
    endloop
  endfacet
  facet normal  -0.000000e+000  0.000000e+000  1.000000e+000
    outer loop
      vertex  2.500000e+001 -2.500000e+001 -2.970000e+003
      vertex -2.500000e+001 -2.500000e+001 -2.970000e+003
      vertex  2.500000e+001 -7.000000e+001 -2.970000e+003
    endloop
  endfacet
  facet normal  0.000000e+000  0.000000e+000  1.000000e+000
    outer loop
      vertex  2.500000e+001 -7.000000e+001 -2.970000e+003
      vertex -2.500000e+001 -2.500000e+001 -2.970000e+003
      vertex -2.500000e+001 -7.000000e+001 -2.970000e+003
    endloop
  endfacet
  facet normal  -0.000000e+000  0.000000e+000  1.000000e+000
    outer loop
      vertex  2.500000e+001 -7.000000e+001 -2.970000e+003
      vertex -2.500000e+001 -7.000000e+001 -2.970000e+003
      vertex  2.433013e+001 -7.250000e+001 -2.970000e+003
    endloop
  endfacet
  facet normal  0.000000e+000  0.000000e+000  9.999999e-001
    outer loop
      vertex  2.433013e+001 -7.250000e+001 -2.970000e+003
      vertex -2.500000e+001 -7.000000e+001 -2.970000e+003
      vertex -2.433013e+001 -7.250000e+001 -2.970000e+003
    endloop
  endfacet
  facet normal  -0.000000e+000  0.000000e+000  1.000000e+000
    outer loop
      vertex  2.433013e+001 -7.250000e+001 -2.970000e+003
      vertex -2.433013e+001 -7.250000e+001 -2.970000e+003
      vertex  2.250000e+001 -7.433012e+001 -2.970000e+003
    endloop
  endfacet
  facet normal  0.000000e+000  0.000000e+000  1.000000e+000
    outer loop
      vertex  2.250000e+001 -7.433012e+001 -2.970000e+003
      vertex -2.433013e+001 -7.250000e+001 -2.970000e+003
      vertex -2.250000e+001 -7.433012e+001 -2.970000e+003
    endloop
  endfacet
  facet normal  -0.000000e+000  0.000000e+000  1.000000e+000
    outer loop
      vertex  2.250000e+001 -7.433012e+001 -2.970000e+003
      vertex -2.250000e+001 -7.433012e+001 -2.970000e+003
      vertex  2.000000e+001 -7.500000e+001 -2.970000e+003
    endloop
  endfacet
  facet normal  0.000000e+000  0.000000e+000  1.000000e+000
    outer loop
      vertex  2.000000e+001 -7.500000e+001 -2.970000e+003
      vertex -2.250000e+001 -7.433012e+001 -2.970000e+003
      vertex -2.000000e+001 -7.500000e+001 -2.970000e+003
    endloop
  endfacet
  facet normal  1.000000e+000  0.000000e+000  0.000000e+000
    outer loop
      vertex  7.500000e+001 -2.000000e+001 -3.000000e+003
      vertex  7.500000e+001  2.000000e+001 -3.000000e+003
      vertex  7.500000e+001 -2.000000e+001 -2.970000e+003
    endloop
  endfacet
  facet normal  1.000000e+000  -0.000000e+000  0.000000e+000
    outer loop
      vertex  7.500000e+001 -2.000000e+001 -2.970000e+003
      vertex  7.500000e+001  2.000000e+001 -3.000000e+003
      vertex  7.500000e+001  2.000000e+001 -2.970000e+003
    endloop
  endfacet
  facet normal  -0.000000e+000 -9.999999e-001  0.000000e+000
    outer loop
      vertex  2.500000e+001 -2.500000e+001 -3.000000e+003
      vertex  6.000000e+001 -2.500000e+001 -2.992500e+003
      vertex  5.674587e+001 -2.500000e+001 -2.991757e+003
    endloop
  endfacet
  facet normal  -0.000000e+000 -1.000000e+000  0.000000e+000
    outer loop
      vertex  2.500000e+001 -2.500000e+001 -3.000000e+003
      vertex  5.674587e+001 -2.500000e+001 -2.991757e+003
      vertex  5.413626e+001 -2.500000e+001 -2.989676e+003
    endloop
  endfacet
  facet normal  -0.000000e+000 -9.999999e-001  0.000000e+000
    outer loop
      vertex  2.500000e+001 -2.500000e+001 -3.000000e+003
      vertex  5.413626e+001 -2.500000e+001 -2.989676e+003
      vertex  5.268804e+001 -2.500000e+001 -2.986669e+003
    endloop
  endfacet
  facet normal  -0.000000e+000 -1.000000e+000  0.000000e+000
    outer loop
      vertex  2.500000e+001 -2.500000e+001 -3.000000e+003
      vertex  5.268804e+001 -2.500000e+001 -2.986669e+003
      vertex  5.268804e+001 -2.500000e+001 -2.983331e+003
    endloop
  endfacet
  facet normal  -0.000000e+000 -9.999999e-001  0.000000e+000
    outer loop
      vertex  2.500000e+001 -2.500000e+001 -3.000000e+003
      vertex  5.268804e+001 -2.500000e+001 -2.983331e+003
      vertex  2.500000e+001 -2.500000e+001 -2.970000e+003
    endloop
  endfacet
  facet normal  0.000000e+000 -1.000000e+000  -0.000000e+000
    outer loop
      vertex  7.000000e+001 -2.500000e+001 -3.000000e+003
      vertex  7.000000e+001 -2.500000e+001 -2.970000e+003
      vertex  6.731196e+001 -2.500000e+001 -2.983331e+003
    endloop
  endfacet
  facet normal  0.000000e+000 -1.000000e+000  0.000000e+000
    outer loop
      vertex  7.000000e+001 -2.500000e+001 -3.000000e+003
      vertex  6.731196e+001 -2.500000e+001 -2.983331e+003
      vertex  6.731196e+001 -2.500000e+001 -2.986669e+003
    endloop
  endfacet
  facet normal  0.000000e+000 -1.000000e+000  -0.000000e+000
    outer loop
      vertex  7.000000e+001 -2.500000e+001 -3.000000e+003
      vertex  6.731196e+001 -2.500000e+001 -2.986669e+003
      vertex  6.586374e+001 -2.500000e+001 -2.989676e+003
    endloop
  endfacet
  facet normal  0.000000e+000 -1.000000e+000  -0.000000e+000
    outer loop
      vertex  7.000000e+001 -2.500000e+001 -3.000000e+003
      vertex  6.586374e+001 -2.500000e+001 -2.989676e+003
      vertex  6.325413e+001 -2.500000e+001 -2.991757e+003
    endloop
  endfacet
  facet normal  0.000000e+000 -9.999999e-001  -0.000000e+000
    outer loop
      vertex  7.000000e+001 -2.500000e+001 -3.000000e+003
      vertex  6.325413e+001 -2.500000e+001 -2.991757e+003
      vertex  6.000000e+001 -2.500000e+001 -2.992500e+003
    endloop
  endfacet
  facet normal  0.000000e+000 -1.000000e+000  -0.000000e+000
    outer loop
      vertex  7.000000e+001 -2.500000e+001 -3.000000e+003
      vertex  6.000000e+001 -2.500000e+001 -2.992500e+003
      vertex  2.500000e+001 -2.500000e+001 -3.000000e+003
    endloop
  endfacet
  facet normal  0.000000e+000 -9.999999e-001  0.000000e+000
    outer loop
      vertex  2.500000e+001 -2.500000e+001 -2.970000e+003
      vertex  5.268804e+001 -2.500000e+001 -2.983331e+003
      vertex  5.413626e+001 -2.500000e+001 -2.980324e+003
    endloop
  endfacet
  facet normal  0.000000e+000 -1.000000e+000  0.000000e+000
    outer loop
      vertex  2.500000e+001 -2.500000e+001 -2.970000e+003
      vertex  5.413626e+001 -2.500000e+001 -2.980324e+003
      vertex  5.674587e+001 -2.500000e+001 -2.978243e+003
    endloop
  endfacet
  facet normal  0.000000e+000 -9.999999e-001  0.000000e+000
    outer loop
      vertex  2.500000e+001 -2.500000e+001 -2.970000e+003
      vertex  5.674587e+001 -2.500000e+001 -2.978243e+003
      vertex  6.000000e+001 -2.500000e+001 -2.977500e+003
    endloop
  endfacet
  facet normal  0.000000e+000 -1.000000e+000  0.000000e+000
    outer loop
      vertex  7.000000e+001 -2.500000e+001 -2.970000e+003
      vertex  2.500000e+001 -2.500000e+001 -2.970000e+003
      vertex  6.000000e+001 -2.500000e+001 -2.977500e+003
    endloop
  endfacet
  facet normal  0.000000e+000 -9.999999e-001  0.000000e+000
    outer loop
      vertex  7.000000e+001 -2.500000e+001 -2.970000e+003
      vertex  6.000000e+001 -2.500000e+001 -2.977500e+003
      vertex  6.325413e+001 -2.500000e+001 -2.978243e+003
    endloop
  endfacet
  facet normal  0.000000e+000 -1.000000e+000  0.000000e+000
    outer loop
      vertex  7.000000e+001 -2.500000e+001 -2.970000e+003
      vertex  6.325413e+001 -2.500000e+001 -2.978243e+003
      vertex  6.586374e+001 -2.500000e+001 -2.980324e+003
    endloop
  endfacet
  facet normal  0.000000e+000 -1.000000e+000  0.000000e+000
    outer loop
      vertex  7.000000e+001 -2.500000e+001 -2.970000e+003
      vertex  6.586374e+001 -2.500000e+001 -2.980324e+003
      vertex  6.731196e+001 -2.500000e+001 -2.983331e+003
    endloop
  endfacet
  facet normal -5.424334e-005 -8.660383e-001 -4.999776e-001
    outer loop
      vertex  2.000000e+001 -7.500000e+001 -3.000000e+003
      vertex  7.102142e+000 -6.143227e+001 -3.023500e+003
      vertex  2.063002e+001 -7.496015e+001 -3.000069e+003
    endloop
  endfacet
  facet normal  5.424334e-005 -8.660383e-001 -4.999776e-001
    outer loop
      vertex -2.063002e+001 -7.496015e+001 -3.000069e+003
      vertex -7.102142e+000 -6.143227e+001 -3.023500e+003
      vertex -2.000000e+001 -7.500000e+001 -3.000000e+003
    endloop
  endfacet
  facet normal  0.000000e+000 -8.660254e-001 -5.000000e-001
    outer loop
      vertex -2.000000e+001 -7.500000e+001 -3.000000e+003
      vertex -7.102142e+000 -6.143227e+001 -3.023500e+003
      vertex  7.102142e+000 -6.143227e+001 -3.023500e+003
    endloop
  endfacet
  facet normal  0.000000e+000 -8.660254e-001 -5.000000e-001
    outer loop
      vertex -2.000000e+001 -7.500000e+001 -3.000000e+003
      vertex  7.102142e+000 -6.143227e+001 -3.023500e+003
      vertex  2.000000e+001 -7.500000e+001 -3.000000e+003
    endloop
  endfacet
  facet normal  0.000000e+000 -1.000000e+000  0.000000e+000
    outer loop
      vertex -2.000000e+001 -7.500000e+001 -3.000000e+003
      vertex  2.000000e+001 -7.500000e+001 -3.000000e+003
      vertex -2.000000e+001 -7.500000e+001 -2.970000e+003
    endloop
  endfacet
  facet normal  0.000000e+000 -1.000000e+000  0.000000e+000
    outer loop
      vertex -2.000000e+001 -7.500000e+001 -2.970000e+003
      vertex  2.000000e+001 -7.500000e+001 -3.000000e+003
      vertex  2.000000e+001 -7.500000e+001 -2.970000e+003
    endloop
  endfacet
  facet normal  1.748204e-001 -8.056161e-001 -5.660570e-001
    outer loop
      vertex  2.063002e+001 -7.496015e+001 -3.000069e+003
      vertex  7.102142e+000 -6.143227e+001 -3.023500e+003
      vertex  2.248313e+001 -7.433982e+001 -3.000380e+003
    endloop
  endfacet
  facet normal  1.942800e-001 -7.958133e-001 -5.735300e-001
    outer loop
      vertex  2.248313e+001 -7.433982e+001 -3.000380e+003
      vertex  7.102142e+000 -6.143227e+001 -3.023500e+003
      vertex  9.004459e+000 -6.054541e+001 -3.024086e+003
    endloop
  endfacet
  facet normal  5.245519e-001 -5.716819e-001 -6.308924e-001
    outer loop
      vertex  2.248313e+001 -7.433982e+001 -3.000380e+003
      vertex  9.004459e+000 -6.054541e+001 -3.024086e+003
      vertex  2.416488e+001 -7.276654e+001 -3.000407e+003
    endloop
  endfacet
  facet normal  5.474089e-001 -5.474086e-001 -6.329986e-001
    outer loop
      vertex  2.416488e+001 -7.276654e+001 -3.000407e+003
      vertex  9.004459e+000 -6.054541e+001 -3.024086e+003
      vertex  1.054541e+001 -5.900446e+001 -3.024086e+003
    endloop
  endfacet
  facet normal  7.926053e-001 -2.041647e-001 -5.745379e-001
    outer loop
      vertex  2.416488e+001 -7.276654e+001 -3.000407e+003
      vertex  1.054541e+001 -5.900446e+001 -3.024086e+003
      vertex  2.496015e+001 -7.063002e+001 -3.000069e+003
    endloop
  endfacet
  facet normal  7.964715e-001 -1.949376e-001 -5.723919e-001
    outer loop
      vertex  2.496015e+001 -7.063002e+001 -3.000069e+003
      vertex  1.054541e+001 -5.900446e+001 -3.024086e+003
      vertex  1.143227e+001 -5.710214e+001 -3.023500e+003
    endloop
  endfacet
  facet normal  8.660371e-001  4.930100e-005 -4.999797e-001
    outer loop
      vertex  2.496015e+001 -7.063002e+001 -3.000069e+003
      vertex  1.143227e+001 -5.710214e+001 -3.023500e+003
      vertex  2.500000e+001 -7.000000e+001 -3.000000e+003
    endloop
  endfacet
  facet normal  8.660254e-001  0.000000e+000 -5.000000e-001
    outer loop
      vertex  2.500000e+001 -7.000000e+001 -3.000000e+003
      vertex  1.143227e+001 -5.710214e+001 -3.023500e+003
      vertex  1.143227e+001 -1.143227e+001 -3.023500e+003
    endloop
  endfacet
  facet normal  8.660254e-001  0.000000e+000 -5.000000e-001
    outer loop
      vertex  2.500000e+001 -7.000000e+001 -3.000000e+003
      vertex  1.143227e+001 -1.143227e+001 -3.023500e+003
      vertex  2.500000e+001 -2.500000e+001 -3.000000e+003
    endloop
  endfacet
  facet normal  9.999999e-001  0.000000e+000  0.000000e+000
    outer loop
      vertex  2.500000e+001 -2.500000e+001 -3.000000e+003
      vertex  2.500000e+001 -2.500000e+001 -2.970000e+003
      vertex  2.500000e+001 -5.268804e+001 -2.983331e+003
    endloop
  endfacet
  facet normal  1.000000e+000  0.000000e+000  0.000000e+000
    outer loop
      vertex  2.500000e+001 -2.500000e+001 -3.000000e+003
      vertex  2.500000e+001 -5.268804e+001 -2.983331e+003
      vertex  2.500000e+001 -5.268804e+001 -2.986669e+003
    endloop
  endfacet
  facet normal  9.999999e-001  0.000000e+000  0.000000e+000
    outer loop
      vertex  2.500000e+001 -2.500000e+001 -3.000000e+003
      vertex  2.500000e+001 -5.268804e+001 -2.986669e+003
      vertex  2.500000e+001 -5.413626e+001 -2.989676e+003
    endloop
  endfacet
  facet normal  1.000000e+000  0.000000e+000  0.000000e+000
    outer loop
      vertex  2.500000e+001 -2.500000e+001 -3.000000e+003
      vertex  2.500000e+001 -5.413626e+001 -2.989676e+003
      vertex  2.500000e+001 -5.674587e+001 -2.991757e+003
    endloop
  endfacet
  facet normal  9.999999e-001  0.000000e+000  0.000000e+000
    outer loop
      vertex  2.500000e+001 -2.500000e+001 -3.000000e+003
      vertex  2.500000e+001 -5.674587e+001 -2.991757e+003
      vertex  2.500000e+001 -6.000000e+001 -2.992500e+003
    endloop
  endfacet
  facet normal  1.000000e+000  0.000000e+000  0.000000e+000
    outer loop
      vertex  2.500000e+001 -7.000000e+001 -3.000000e+003
      vertex  2.500000e+001 -2.500000e+001 -3.000000e+003
      vertex  2.500000e+001 -6.000000e+001 -2.992500e+003
    endloop
  endfacet
  facet normal  9.999999e-001  0.000000e+000  0.000000e+000
    outer loop
      vertex  2.500000e+001 -7.000000e+001 -3.000000e+003
      vertex  2.500000e+001 -6.000000e+001 -2.992500e+003
      vertex  2.500000e+001 -6.325413e+001 -2.991757e+003
    endloop
  endfacet
  facet normal  1.000000e+000  0.000000e+000  0.000000e+000
    outer loop
      vertex  2.500000e+001 -7.000000e+001 -3.000000e+003
      vertex  2.500000e+001 -6.325413e+001 -2.991757e+003
      vertex  2.500000e+001 -6.586374e+001 -2.989676e+003
    endloop
  endfacet
  facet normal  1.000000e+000  0.000000e+000  0.000000e+000
    outer loop
      vertex  2.500000e+001 -7.000000e+001 -3.000000e+003
      vertex  2.500000e+001 -6.586374e+001 -2.989676e+003
      vertex  2.500000e+001 -6.731196e+001 -2.986669e+003
    endloop
  endfacet
  facet normal  1.000000e+000  0.000000e+000  -0.000000e+000
    outer loop
      vertex  2.500000e+001 -7.000000e+001 -3.000000e+003
      vertex  2.500000e+001 -6.731196e+001 -2.986669e+003
      vertex  2.500000e+001 -6.731196e+001 -2.983331e+003
    endloop
  endfacet
  facet normal  1.000000e+000  0.000000e+000  0.000000e+000
    outer loop
      vertex  2.500000e+001 -7.000000e+001 -3.000000e+003
      vertex  2.500000e+001 -6.731196e+001 -2.983331e+003
      vertex  2.500000e+001 -7.000000e+001 -2.970000e+003
    endloop
  endfacet
  facet normal  9.999999e-001  -0.000000e+000  0.000000e+000
    outer loop
      vertex  2.500000e+001 -2.500000e+001 -2.970000e+003
      vertex  2.500000e+001 -6.000000e+001 -2.977500e+003
      vertex  2.500000e+001 -5.674587e+001 -2.978243e+003
    endloop
  endfacet
  facet normal  1.000000e+000  -0.000000e+000  0.000000e+000
    outer loop
      vertex  2.500000e+001 -2.500000e+001 -2.970000e+003
      vertex  2.500000e+001 -5.674587e+001 -2.978243e+003
      vertex  2.500000e+001 -5.413626e+001 -2.980324e+003
    endloop
  endfacet
  facet normal  9.999999e-001  -0.000000e+000  0.000000e+000
    outer loop
      vertex  2.500000e+001 -2.500000e+001 -2.970000e+003
      vertex  2.500000e+001 -5.413626e+001 -2.980324e+003
      vertex  2.500000e+001 -5.268804e+001 -2.983331e+003
    endloop
  endfacet
  facet normal  1.000000e+000  0.000000e+000  -0.000000e+000
    outer loop
      vertex  2.500000e+001 -7.000000e+001 -2.970000e+003
      vertex  2.500000e+001 -6.731196e+001 -2.983331e+003
      vertex  2.500000e+001 -6.586374e+001 -2.980324e+003
    endloop
  endfacet
  facet normal  1.000000e+000  0.000000e+000  -0.000000e+000
    outer loop
      vertex  2.500000e+001 -7.000000e+001 -2.970000e+003
      vertex  2.500000e+001 -6.586374e+001 -2.980324e+003
      vertex  2.500000e+001 -6.325413e+001 -2.978243e+003
    endloop
  endfacet
  facet normal  9.999999e-001  0.000000e+000  -0.000000e+000
    outer loop
      vertex  2.500000e+001 -7.000000e+001 -2.970000e+003
      vertex  2.500000e+001 -6.325413e+001 -2.978243e+003
      vertex  2.500000e+001 -6.000000e+001 -2.977500e+003
    endloop
  endfacet
  facet normal  1.000000e+000  0.000000e+000  -0.000000e+000
    outer loop
      vertex  2.500000e+001 -7.000000e+001 -2.970000e+003
      vertex  2.500000e+001 -6.000000e+001 -2.977500e+003
      vertex  2.500000e+001 -2.500000e+001 -2.970000e+003
    endloop
  endfacet
  facet normal  9.980053e-001 -6.312917e-002  0.000000e+000
    outer loop
      vertex  2.500000e+001 -7.000000e+001 -3.000000e+003
      vertex  2.500000e+001 -7.000000e+001 -2.970000e+003
      vertex  2.496015e+001 -7.063002e+001 -3.000069e+003
    endloop
  endfacet
  facet normal  9.659175e-001 -2.588165e-001  4.142651e-003
    outer loop
      vertex  2.496015e+001 -7.063002e+001 -3.000069e+003
      vertex  2.500000e+001 -7.000000e+001 -2.970000e+003
      vertex  2.433013e+001 -7.250000e+001 -2.970000e+003
    endloop
  endfacet
  facet normal  9.372846e-001 -3.485588e-001 -2.038295e-003
    outer loop
      vertex  2.496015e+001 -7.063002e+001 -3.000069e+003
      vertex  2.433013e+001 -7.250000e+001 -2.970000e+003
      vertex  2.416488e+001 -7.276654e+001 -3.000407e+003
    endloop
  endfacet
  facet normal  6.831851e-001 -7.302402e-001  2.688342e-003
    outer loop
      vertex  2.416488e+001 -7.276654e+001 -3.000407e+003
      vertex  2.433013e+001 -7.250000e+001 -2.970000e+003
      vertex  2.248313e+001 -7.433982e+001 -3.000380e+003
    endloop
  endfacet
  facet normal  7.071061e-001 -7.071075e-001 -1.669240e-004
    outer loop
      vertex  2.248313e+001 -7.433982e+001 -3.000380e+003
      vertex  2.433013e+001 -7.250000e+001 -2.970000e+003
      vertex  2.250000e+001 -7.433012e+001 -2.970000e+003
    endloop
  endfacet
  facet normal  3.174568e-001 -9.482728e-001  1.264108e-004
    outer loop
      vertex  2.248313e+001 -7.433982e+001 -3.000380e+003
      vertex  2.250000e+001 -7.433012e+001 -2.970000e+003
      vertex  2.063002e+001 -7.496015e+001 -3.000069e+003
    endloop
  endfacet
  facet normal  2.588180e-001 -9.659172e-001  4.142820e-003
    outer loop
      vertex  2.063002e+001 -7.496015e+001 -3.000069e+003
      vertex  2.250000e+001 -7.433012e+001 -2.970000e+003
      vertex  2.000000e+001 -7.500000e+001 -2.970000e+003
    endloop
  endfacet
  facet normal  6.312297e-002 -9.980057e-001  0.000000e+000
    outer loop
      vertex  2.063002e+001 -7.496015e+001 -3.000069e+003
      vertex  2.000000e+001 -7.500000e+001 -2.970000e+003
      vertex  2.000000e+001 -7.500000e+001 -3.000000e+003
    endloop
  endfacet
  facet normal  0.000000e+000  9.999999e-001  0.000000e+000
    outer loop
      vertex  2.500000e+001  2.500000e+001 -3.000000e+003
      vertex  2.500000e+001  2.500000e+001 -2.970000e+003
      vertex  5.268804e+001  2.500000e+001 -2.983331e+003
    endloop
  endfacet
  facet normal  0.000000e+000  1.000000e+000  0.000000e+000
    outer loop
      vertex  2.500000e+001  2.500000e+001 -3.000000e+003
      vertex  5.268804e+001  2.500000e+001 -2.983331e+003
      vertex  5.268804e+001  2.500000e+001 -2.986669e+003
    endloop
  endfacet
  facet normal  0.000000e+000  9.999999e-001  0.000000e+000
    outer loop
      vertex  2.500000e+001  2.500000e+001 -3.000000e+003
      vertex  5.268804e+001  2.500000e+001 -2.986669e+003
      vertex  5.413626e+001  2.500000e+001 -2.989676e+003
    endloop
  endfacet
  facet normal  0.000000e+000  1.000000e+000  0.000000e+000
    outer loop
      vertex  2.500000e+001  2.500000e+001 -3.000000e+003
      vertex  5.413626e+001  2.500000e+001 -2.989676e+003
      vertex  5.674587e+001  2.500000e+001 -2.991757e+003
    endloop
  endfacet
  facet normal  0.000000e+000  9.999999e-001  0.000000e+000
    outer loop
      vertex  2.500000e+001  2.500000e+001 -3.000000e+003
      vertex  5.674587e+001  2.500000e+001 -2.991757e+003
      vertex  6.000000e+001  2.500000e+001 -2.992500e+003
    endloop
  endfacet
  facet normal  0.000000e+000  1.000000e+000  0.000000e+000
    outer loop
      vertex  7.000000e+001  2.500000e+001 -3.000000e+003
      vertex  2.500000e+001  2.500000e+001 -3.000000e+003
      vertex  6.000000e+001  2.500000e+001 -2.992500e+003
    endloop
  endfacet
  facet normal  -0.000000e+000  9.999999e-001  0.000000e+000
    outer loop
      vertex  7.000000e+001  2.500000e+001 -3.000000e+003
      vertex  6.000000e+001  2.500000e+001 -2.992500e+003
      vertex  6.325413e+001  2.500000e+001 -2.991757e+003
    endloop
  endfacet
  facet normal  -0.000000e+000  1.000000e+000  0.000000e+000
    outer loop
      vertex  7.000000e+001  2.500000e+001 -3.000000e+003
      vertex  6.325413e+001  2.500000e+001 -2.991757e+003
      vertex  6.586374e+001  2.500000e+001 -2.989676e+003
    endloop
  endfacet
  facet normal  -0.000000e+000  1.000000e+000  0.000000e+000
    outer loop
      vertex  7.000000e+001  2.500000e+001 -3.000000e+003
      vertex  6.586374e+001  2.500000e+001 -2.989676e+003
      vertex  6.731196e+001  2.500000e+001 -2.986669e+003
    endloop
  endfacet
  facet normal  -0.000000e+000  1.000000e+000  0.000000e+000
    outer loop
      vertex  7.000000e+001  2.500000e+001 -3.000000e+003
      vertex  6.731196e+001  2.500000e+001 -2.986669e+003
      vertex  6.731196e+001  2.500000e+001 -2.983331e+003
    endloop
  endfacet
  facet normal  -0.000000e+000  1.000000e+000  0.000000e+000
    outer loop
      vertex  7.000000e+001  2.500000e+001 -3.000000e+003
      vertex  6.731196e+001  2.500000e+001 -2.983331e+003
      vertex  7.000000e+001  2.500000e+001 -2.970000e+003
    endloop
  endfacet
  facet normal  0.000000e+000  9.999999e-001  0.000000e+000
    outer loop
      vertex  2.500000e+001  2.500000e+001 -2.970000e+003
      vertex  6.000000e+001  2.500000e+001 -2.977500e+003
      vertex  5.674587e+001  2.500000e+001 -2.978243e+003
    endloop
  endfacet
  facet normal  0.000000e+000  1.000000e+000  0.000000e+000
    outer loop
      vertex  2.500000e+001  2.500000e+001 -2.970000e+003
      vertex  5.674587e+001  2.500000e+001 -2.978243e+003
      vertex  5.413626e+001  2.500000e+001 -2.980324e+003
    endloop
  endfacet
  facet normal  0.000000e+000  9.999999e-001  0.000000e+000
    outer loop
      vertex  2.500000e+001  2.500000e+001 -2.970000e+003
      vertex  5.413626e+001  2.500000e+001 -2.980324e+003
      vertex  5.268804e+001  2.500000e+001 -2.983331e+003
    endloop
  endfacet
  facet normal  0.000000e+000  1.000000e+000  -0.000000e+000
    outer loop
      vertex  7.000000e+001  2.500000e+001 -2.970000e+003
      vertex  6.731196e+001  2.500000e+001 -2.983331e+003
      vertex  6.586374e+001  2.500000e+001 -2.980324e+003
    endloop
  endfacet
  facet normal  0.000000e+000  1.000000e+000  -0.000000e+000
    outer loop
      vertex  7.000000e+001  2.500000e+001 -2.970000e+003
      vertex  6.586374e+001  2.500000e+001 -2.980324e+003
      vertex  6.325413e+001  2.500000e+001 -2.978243e+003
    endloop
  endfacet
  facet normal  0.000000e+000  9.999999e-001  -0.000000e+000
    outer loop
      vertex  7.000000e+001  2.500000e+001 -2.970000e+003
      vertex  6.325413e+001  2.500000e+001 -2.978243e+003
      vertex  6.000000e+001  2.500000e+001 -2.977500e+003
    endloop
  endfacet
  facet normal  0.000000e+000  1.000000e+000  -0.000000e+000
    outer loop
      vertex  7.000000e+001  2.500000e+001 -2.970000e+003
      vertex  6.000000e+001  2.500000e+001 -2.977500e+003
      vertex  2.500000e+001  2.500000e+001 -2.970000e+003
    endloop
  endfacet
  facet normal  5.424334e-005  8.660383e-001 -4.999776e-001
    outer loop
      vertex -2.063002e+001  7.496015e+001 -3.000069e+003
      vertex -2.000000e+001  7.500000e+001 -3.000000e+003
      vertex -7.102142e+000  6.143227e+001 -3.023500e+003
    endloop
  endfacet
  facet normal -5.424334e-005  8.660383e-001 -4.999776e-001
    outer loop
      vertex  2.063002e+001  7.496015e+001 -3.000069e+003
      vertex  7.102142e+000  6.143227e+001 -3.023500e+003
      vertex  2.000000e+001  7.500000e+001 -3.000000e+003
    endloop
  endfacet
  facet normal  0.000000e+000  8.660254e-001 -5.000000e-001
    outer loop
      vertex  2.000000e+001  7.500000e+001 -3.000000e+003
      vertex  7.102142e+000  6.143227e+001 -3.023500e+003
      vertex -7.102142e+000  6.143227e+001 -3.023500e+003
    endloop
  endfacet
  facet normal  0.000000e+000  8.660254e-001 -5.000000e-001
    outer loop
      vertex  2.000000e+001  7.500000e+001 -3.000000e+003
      vertex -7.102142e+000  6.143227e+001 -3.023500e+003
      vertex -2.000000e+001  7.500000e+001 -3.000000e+003
    endloop
  endfacet
  facet normal  0.000000e+000  1.000000e+000  0.000000e+000
    outer loop
      vertex  2.000000e+001  7.500000e+001 -3.000000e+003
      vertex -2.000000e+001  7.500000e+001 -3.000000e+003
      vertex  2.000000e+001  7.500000e+001 -2.970000e+003
    endloop
  endfacet
  facet normal  0.000000e+000  1.000000e+000  0.000000e+000
    outer loop
      vertex  2.000000e+001  7.500000e+001 -2.970000e+003
      vertex -2.000000e+001  7.500000e+001 -3.000000e+003
      vertex -2.000000e+001  7.500000e+001 -2.970000e+003
    endloop
  endfacet
  facet normal  8.056171e-001  1.748182e-001 -5.660561e-001
    outer loop
      vertex  2.496015e+001  7.063002e+001 -3.000069e+003
      vertex  1.143227e+001  5.710214e+001 -3.023500e+003
      vertex  2.433982e+001  7.248313e+001 -3.000380e+003
    endloop
  endfacet
  facet normal  7.958132e-001  1.942800e-001 -5.735300e-001
    outer loop
      vertex  2.433982e+001  7.248313e+001 -3.000380e+003
      vertex  1.143227e+001  5.710214e+001 -3.023500e+003
      vertex  1.054541e+001  5.900446e+001 -3.024086e+003
    endloop
  endfacet
  facet normal  5.716816e-001  5.245522e-001 -6.308925e-001
    outer loop
      vertex  2.433982e+001  7.248313e+001 -3.000380e+003
      vertex  1.054541e+001  5.900446e+001 -3.024086e+003
      vertex  2.276654e+001  7.416488e+001 -3.000407e+003
    endloop
  endfacet
  facet normal  5.474089e-001  5.474086e-001 -6.329986e-001
    outer loop
      vertex  2.276654e+001  7.416488e+001 -3.000407e+003
      vertex  1.054541e+001  5.900446e+001 -3.024086e+003
      vertex  9.004459e+000  6.054541e+001 -3.024086e+003
    endloop
  endfacet
  facet normal  2.041664e-001  7.926044e-001 -5.745383e-001
    outer loop
      vertex  2.276654e+001  7.416488e+001 -3.000407e+003
      vertex  9.004459e+000  6.054541e+001 -3.024086e+003
      vertex  2.063002e+001  7.496015e+001 -3.000069e+003
    endloop
  endfacet
  facet normal  1.949375e-001  7.964714e-001 -5.723919e-001
    outer loop
      vertex  2.063002e+001  7.496015e+001 -3.000069e+003
      vertex  9.004459e+000  6.054541e+001 -3.024086e+003
      vertex  7.102142e+000  6.143227e+001 -3.023500e+003
    endloop
  endfacet
  facet normal  8.660371e-001 -4.930100e-005 -4.999797e-001
    outer loop
      vertex  2.496015e+001  7.063002e+001 -3.000069e+003
      vertex  2.500000e+001  7.000000e+001 -3.000000e+003
      vertex  1.143227e+001  5.710214e+001 -3.023500e+003
    endloop
  endfacet
  facet normal  8.660254e-001  0.000000e+000 -5.000000e-001
    outer loop
      vertex  1.143227e+001  5.710214e+001 -3.023500e+003
      vertex  2.500000e+001  7.000000e+001 -3.000000e+003
      vertex  2.500000e+001  2.500000e+001 -3.000000e+003
    endloop
  endfacet
  facet normal  8.660254e-001  0.000000e+000 -5.000000e-001
    outer loop
      vertex  1.143227e+001  5.710214e+001 -3.023500e+003
      vertex  2.500000e+001  2.500000e+001 -3.000000e+003
      vertex  1.143227e+001  1.143227e+001 -3.023500e+003
    endloop
  endfacet
  facet normal  1.000000e+000  0.000000e+000  0.000000e+000
    outer loop
      vertex  2.500000e+001  2.500000e+001 -3.000000e+003
      vertex  2.500000e+001  7.000000e+001 -3.000000e+003
      vertex  2.500000e+001  5.674587e+001 -2.991757e+003
    endloop
  endfacet
  facet normal  1.000000e+000  0.000000e+000  0.000000e+000
    outer loop
      vertex  2.500000e+001  2.500000e+001 -3.000000e+003
      vertex  2.500000e+001  5.674587e+001 -2.991757e+003
      vertex  2.500000e+001  5.413626e+001 -2.989676e+003
    endloop
  endfacet
  facet normal  9.999999e-001  0.000000e+000  0.000000e+000
    outer loop
      vertex  2.500000e+001  2.500000e+001 -3.000000e+003
      vertex  2.500000e+001  5.413626e+001 -2.989676e+003
      vertex  2.500000e+001  5.268804e+001 -2.986669e+003
    endloop
  endfacet
  facet normal  1.000000e+000  0.000000e+000  -0.000000e+000
    outer loop
      vertex  2.500000e+001  2.500000e+001 -3.000000e+003
      vertex  2.500000e+001  5.268804e+001 -2.986669e+003
      vertex  2.500000e+001  5.268804e+001 -2.983331e+003
    endloop
  endfacet
  facet normal  9.999999e-001  0.000000e+000  -0.000000e+000
    outer loop
      vertex  2.500000e+001  2.500000e+001 -3.000000e+003
      vertex  2.500000e+001  5.268804e+001 -2.983331e+003
      vertex  2.500000e+001  5.413626e+001 -2.980324e+003
    endloop
  endfacet
  facet normal  1.000000e+000  0.000000e+000  -0.000000e+000
    outer loop
      vertex  2.500000e+001  2.500000e+001 -3.000000e+003
      vertex  2.500000e+001  5.413626e+001 -2.980324e+003
      vertex  2.500000e+001  5.674587e+001 -2.978243e+003
    endloop
  endfacet
  facet normal  1.000000e+000  0.000000e+000  0.000000e+000
    outer loop
      vertex  2.500000e+001  2.500000e+001 -3.000000e+003
      vertex  2.500000e+001  5.674587e+001 -2.978243e+003
      vertex  2.500000e+001  2.500000e+001 -2.970000e+003
    endloop
  endfacet
  facet normal  1.000000e+000  0.000000e+000  0.000000e+000
    outer loop
      vertex  2.500000e+001  7.000000e+001 -3.000000e+003
      vertex  2.500000e+001  7.000000e+001 -2.970000e+003
      vertex  2.500000e+001  6.731196e+001 -2.983331e+003
    endloop
  endfacet
  facet normal  1.000000e+000  0.000000e+000  0.000000e+000
    outer loop
      vertex  2.500000e+001  7.000000e+001 -3.000000e+003
      vertex  2.500000e+001  6.731196e+001 -2.983331e+003
      vertex  2.500000e+001  6.731196e+001 -2.986669e+003
    endloop
  endfacet
  facet normal  1.000000e+000  0.000000e+000  0.000000e+000
    outer loop
      vertex  2.500000e+001  7.000000e+001 -3.000000e+003
      vertex  2.500000e+001  6.731196e+001 -2.986669e+003
      vertex  2.500000e+001  6.586374e+001 -2.989676e+003
    endloop
  endfacet
  facet normal  1.000000e+000  0.000000e+000  0.000000e+000
    outer loop
      vertex  2.500000e+001  7.000000e+001 -3.000000e+003
      vertex  2.500000e+001  6.586374e+001 -2.989676e+003
      vertex  2.500000e+001  6.325413e+001 -2.991757e+003
    endloop
  endfacet
  facet normal  9.999999e-001  0.000000e+000  0.000000e+000
    outer loop
      vertex  2.500000e+001  7.000000e+001 -3.000000e+003
      vertex  2.500000e+001  6.325413e+001 -2.991757e+003
      vertex  2.500000e+001  6.000000e+001 -2.992500e+003
    endloop
  endfacet
  facet normal  1.000000e+000  0.000000e+000  0.000000e+000
    outer loop
      vertex  2.500000e+001  7.000000e+001 -3.000000e+003
      vertex  2.500000e+001  6.000000e+001 -2.992500e+003
      vertex  2.500000e+001  5.674587e+001 -2.991757e+003
    endloop
  endfacet
  facet normal  1.000000e+000  -0.000000e+000  0.000000e+000
    outer loop
      vertex  2.500000e+001  7.000000e+001 -2.970000e+003
      vertex  2.500000e+001  2.500000e+001 -2.970000e+003
      vertex  2.500000e+001  5.674587e+001 -2.978243e+003
    endloop
  endfacet
  facet normal  1.000000e+000  0.000000e+000  0.000000e+000
    outer loop
      vertex  2.500000e+001  7.000000e+001 -2.970000e+003
      vertex  2.500000e+001  5.674587e+001 -2.978243e+003
      vertex  2.500000e+001  6.000000e+001 -2.977500e+003
    endloop
  endfacet
  facet normal  9.999999e-001  -0.000000e+000  0.000000e+000
    outer loop
      vertex  2.500000e+001  7.000000e+001 -2.970000e+003
      vertex  2.500000e+001  6.000000e+001 -2.977500e+003
      vertex  2.500000e+001  6.325413e+001 -2.978243e+003
    endloop
  endfacet
  facet normal  1.000000e+000  -0.000000e+000  0.000000e+000
    outer loop
      vertex  2.500000e+001  7.000000e+001 -2.970000e+003
      vertex  2.500000e+001  6.325413e+001 -2.978243e+003
      vertex  2.500000e+001  6.586374e+001 -2.980324e+003
    endloop
  endfacet
  facet normal  1.000000e+000  -0.000000e+000  0.000000e+000
    outer loop
      vertex  2.500000e+001  7.000000e+001 -2.970000e+003
      vertex  2.500000e+001  6.586374e+001 -2.980324e+003
      vertex  2.500000e+001  6.731196e+001 -2.983331e+003
    endloop
  endfacet
  facet normal  6.312297e-002  9.980057e-001  0.000000e+000
    outer loop
      vertex  2.000000e+001  7.500000e+001 -3.000000e+003
      vertex  2.000000e+001  7.500000e+001 -2.970000e+003
      vertex  2.063002e+001  7.496015e+001 -3.000069e+003
    endloop
  endfacet
  facet normal  2.588180e-001  9.659172e-001  4.142820e-003
    outer loop
      vertex  2.063002e+001  7.496015e+001 -3.000069e+003
      vertex  2.000000e+001  7.500000e+001 -2.970000e+003
      vertex  2.250000e+001  7.433012e+001 -2.970000e+003
    endloop
  endfacet
  facet normal  3.485610e-001  9.372839e-001 -2.038191e-003
    outer loop
      vertex  2.063002e+001  7.496015e+001 -3.000069e+003
      vertex  2.250000e+001  7.433012e+001 -2.970000e+003
      vertex  2.276654e+001  7.416488e+001 -3.000407e+003
    endloop
  endfacet
  facet normal  7.302399e-001  6.831856e-001  2.688425e-003
    outer loop
      vertex  2.276654e+001  7.416488e+001 -3.000407e+003
      vertex  2.250000e+001  7.433012e+001 -2.970000e+003
      vertex  2.433982e+001  7.248313e+001 -3.000380e+003
    endloop
  endfacet
  facet normal  7.071061e-001  7.071075e-001 -1.669697e-004
    outer loop
      vertex  2.433982e+001  7.248313e+001 -3.000380e+003
      vertex  2.250000e+001  7.433012e+001 -2.970000e+003
      vertex  2.433013e+001  7.250000e+001 -2.970000e+003
    endloop
  endfacet
  facet normal  9.482738e-001  3.174538e-001  1.263532e-004
    outer loop
      vertex  2.433982e+001  7.248313e+001 -3.000380e+003
      vertex  2.433013e+001  7.250000e+001 -2.970000e+003
      vertex  2.496015e+001  7.063002e+001 -3.000069e+003
    endloop
  endfacet
  facet normal  9.659175e-001  2.588165e-001  4.142651e-003
    outer loop
      vertex  2.496015e+001  7.063002e+001 -3.000069e+003
      vertex  2.433013e+001  7.250000e+001 -2.970000e+003
      vertex  2.500000e+001  7.000000e+001 -2.970000e+003
    endloop
  endfacet
  facet normal  9.980053e-001  6.312917e-002  0.000000e+000
    outer loop
      vertex  2.496015e+001  7.063002e+001 -3.000069e+003
      vertex  2.500000e+001  7.000000e+001 -2.970000e+003
      vertex  2.500000e+001  7.000000e+001 -3.000000e+003
    endloop
  endfacet
  facet normal -1.748204e-001  8.056161e-001 -5.660570e-001
    outer loop
      vertex -2.063002e+001  7.496015e+001 -3.000069e+003
      vertex -7.102142e+000  6.143227e+001 -3.023500e+003
      vertex -2.248313e+001  7.433982e+001 -3.000380e+003
    endloop
  endfacet
  facet normal -1.942800e-001  7.958133e-001 -5.735300e-001
    outer loop
      vertex -2.248313e+001  7.433982e+001 -3.000380e+003
      vertex -7.102142e+000  6.143227e+001 -3.023500e+003
      vertex -9.004459e+000  6.054541e+001 -3.024086e+003
    endloop
  endfacet
  facet normal -5.245519e-001  5.716819e-001 -6.308924e-001
    outer loop
      vertex -2.248313e+001  7.433982e+001 -3.000380e+003
      vertex -9.004459e+000  6.054541e+001 -3.024086e+003
      vertex -2.416488e+001  7.276654e+001 -3.000407e+003
    endloop
  endfacet
  facet normal -5.474089e-001  5.474086e-001 -6.329986e-001
    outer loop
      vertex -2.416488e+001  7.276654e+001 -3.000407e+003
      vertex -9.004459e+000  6.054541e+001 -3.024086e+003
      vertex -1.054541e+001  5.900446e+001 -3.024086e+003
    endloop
  endfacet
  facet normal -7.926053e-001  2.041647e-001 -5.745379e-001
    outer loop
      vertex -2.416488e+001  7.276654e+001 -3.000407e+003
      vertex -1.054541e+001  5.900446e+001 -3.024086e+003
      vertex -2.496015e+001  7.063002e+001 -3.000069e+003
    endloop
  endfacet
  facet normal -7.964715e-001  1.949376e-001 -5.723919e-001
    outer loop
      vertex -2.496015e+001  7.063002e+001 -3.000069e+003
      vertex -1.054541e+001  5.900446e+001 -3.024086e+003
      vertex -1.143227e+001  5.710214e+001 -3.023500e+003
    endloop
  endfacet
  facet normal -8.660254e-001  0.000000e+000 -5.000000e-001
    outer loop
      vertex -1.143227e+001  1.143227e+001 -3.023500e+003
      vertex -2.500000e+001  2.500000e+001 -3.000000e+003
      vertex -1.143227e+001  5.710214e+001 -3.023500e+003
    endloop
  endfacet
  facet normal -8.660254e-001  0.000000e+000 -5.000000e-001
    outer loop
      vertex -1.143227e+001  5.710214e+001 -3.023500e+003
      vertex -2.500000e+001  2.500000e+001 -3.000000e+003
      vertex -2.500000e+001  7.000000e+001 -3.000000e+003
    endloop
  endfacet
  facet normal -8.660371e-001 -4.930100e-005 -4.999797e-001
    outer loop
      vertex -1.143227e+001  5.710214e+001 -3.023500e+003
      vertex -2.500000e+001  7.000000e+001 -3.000000e+003
      vertex -2.496015e+001  7.063002e+001 -3.000069e+003
    endloop
  endfacet
  facet normal -1.000000e+000  0.000000e+000  0.000000e+000
    outer loop
      vertex -2.500000e+001  2.500000e+001 -3.000000e+003
      vertex -2.500000e+001  2.500000e+001 -2.970000e+003
      vertex -2.500000e+001  5.674587e+001 -2.978243e+003
    endloop
  endfacet
  facet normal -1.000000e+000  0.000000e+000  0.000000e+000
    outer loop
      vertex -2.500000e+001  2.500000e+001 -3.000000e+003
      vertex -2.500000e+001  5.674587e+001 -2.978243e+003
      vertex -2.500000e+001  5.413626e+001 -2.980324e+003
    endloop
  endfacet
  facet normal -9.999999e-001  0.000000e+000  0.000000e+000
    outer loop
      vertex -2.500000e+001  2.500000e+001 -3.000000e+003
      vertex -2.500000e+001  5.413626e+001 -2.980324e+003
      vertex -2.500000e+001  5.268804e+001 -2.983331e+003
    endloop
  endfacet
  facet normal -1.000000e+000  0.000000e+000  -0.000000e+000
    outer loop
      vertex -2.500000e+001  2.500000e+001 -3.000000e+003
      vertex -2.500000e+001  5.268804e+001 -2.983331e+003
      vertex -2.500000e+001  5.268804e+001 -2.986669e+003
    endloop
  endfacet
  facet normal -9.999999e-001  0.000000e+000  -0.000000e+000
    outer loop
      vertex -2.500000e+001  2.500000e+001 -3.000000e+003
      vertex -2.500000e+001  5.268804e+001 -2.986669e+003
      vertex -2.500000e+001  5.413626e+001 -2.989676e+003
    endloop
  endfacet
  facet normal -1.000000e+000  0.000000e+000  -0.000000e+000
    outer loop
      vertex -2.500000e+001  2.500000e+001 -3.000000e+003
      vertex -2.500000e+001  5.413626e+001 -2.989676e+003
      vertex -2.500000e+001  5.674587e+001 -2.991757e+003
    endloop
  endfacet
  facet normal -1.000000e+000  0.000000e+000  -0.000000e+000
    outer loop
      vertex -2.500000e+001  2.500000e+001 -3.000000e+003
      vertex -2.500000e+001  5.674587e+001 -2.991757e+003
      vertex -2.500000e+001  7.000000e+001 -3.000000e+003
    endloop
  endfacet
  facet normal -1.000000e+000  0.000000e+000  0.000000e+000
    outer loop
      vertex -2.500000e+001  7.000000e+001 -3.000000e+003
      vertex -2.500000e+001  5.674587e+001 -2.991757e+003
      vertex -2.500000e+001  6.000000e+001 -2.992500e+003
    endloop
  endfacet
  facet normal -9.999999e-001  0.000000e+000  0.000000e+000
    outer loop
      vertex -2.500000e+001  7.000000e+001 -3.000000e+003
      vertex -2.500000e+001  6.000000e+001 -2.992500e+003
      vertex -2.500000e+001  6.325413e+001 -2.991757e+003
    endloop
  endfacet
  facet normal -1.000000e+000  0.000000e+000  0.000000e+000
    outer loop
      vertex -2.500000e+001  7.000000e+001 -3.000000e+003
      vertex -2.500000e+001  6.325413e+001 -2.991757e+003
      vertex -2.500000e+001  6.586374e+001 -2.989676e+003
    endloop
  endfacet
  facet normal -1.000000e+000  0.000000e+000  0.000000e+000
    outer loop
      vertex -2.500000e+001  7.000000e+001 -3.000000e+003
      vertex -2.500000e+001  6.586374e+001 -2.989676e+003
      vertex -2.500000e+001  6.731196e+001 -2.986669e+003
    endloop
  endfacet
  facet normal -1.000000e+000  0.000000e+000  0.000000e+000
    outer loop
      vertex -2.500000e+001  7.000000e+001 -3.000000e+003
      vertex -2.500000e+001  6.731196e+001 -2.986669e+003
      vertex -2.500000e+001  6.731196e+001 -2.983331e+003
    endloop
  endfacet
  facet normal -1.000000e+000  0.000000e+000  0.000000e+000
    outer loop
      vertex -2.500000e+001  7.000000e+001 -3.000000e+003
      vertex -2.500000e+001  6.731196e+001 -2.983331e+003
      vertex -2.500000e+001  7.000000e+001 -2.970000e+003
    endloop
  endfacet
  facet normal -1.000000e+000  0.000000e+000  0.000000e+000
    outer loop
      vertex -2.500000e+001  7.000000e+001 -2.970000e+003
      vertex -2.500000e+001  6.731196e+001 -2.983331e+003
      vertex -2.500000e+001  6.586374e+001 -2.980324e+003
    endloop
  endfacet
  facet normal -1.000000e+000  0.000000e+000  0.000000e+000
    outer loop
      vertex -2.500000e+001  7.000000e+001 -2.970000e+003
      vertex -2.500000e+001  6.586374e+001 -2.980324e+003
      vertex -2.500000e+001  6.325413e+001 -2.978243e+003
    endloop
  endfacet
  facet normal -9.999999e-001  0.000000e+000  0.000000e+000
    outer loop
      vertex -2.500000e+001  7.000000e+001 -2.970000e+003
      vertex -2.500000e+001  6.325413e+001 -2.978243e+003
      vertex -2.500000e+001  6.000000e+001 -2.977500e+003
    endloop
  endfacet
  facet normal -1.000000e+000  -0.000000e+000  0.000000e+000
    outer loop
      vertex -2.500000e+001  7.000000e+001 -2.970000e+003
      vertex -2.500000e+001  6.000000e+001 -2.977500e+003
      vertex -2.500000e+001  5.674587e+001 -2.978243e+003
    endloop
  endfacet
  facet normal -1.000000e+000  0.000000e+000  0.000000e+000
    outer loop
      vertex -2.500000e+001  7.000000e+001 -2.970000e+003
      vertex -2.500000e+001  5.674587e+001 -2.978243e+003
      vertex -2.500000e+001  2.500000e+001 -2.970000e+003
    endloop
  endfacet
  facet normal -9.980053e-001  6.312917e-002  0.000000e+000
    outer loop
      vertex -2.500000e+001  7.000000e+001 -3.000000e+003
      vertex -2.500000e+001  7.000000e+001 -2.970000e+003
      vertex -2.496015e+001  7.063002e+001 -3.000069e+003
    endloop
  endfacet
  facet normal -9.659175e-001  2.588165e-001  4.142651e-003
    outer loop
      vertex -2.496015e+001  7.063002e+001 -3.000069e+003
      vertex -2.500000e+001  7.000000e+001 -2.970000e+003
      vertex -2.433013e+001  7.250000e+001 -2.970000e+003
    endloop
  endfacet
  facet normal -9.372846e-001  3.485588e-001 -2.038295e-003
    outer loop
      vertex -2.496015e+001  7.063002e+001 -3.000069e+003
      vertex -2.433013e+001  7.250000e+001 -2.970000e+003
      vertex -2.416488e+001  7.276654e+001 -3.000407e+003
    endloop
  endfacet
  facet normal -6.831851e-001  7.302402e-001  2.688342e-003
    outer loop
      vertex -2.416488e+001  7.276654e+001 -3.000407e+003
      vertex -2.433013e+001  7.250000e+001 -2.970000e+003
      vertex -2.248313e+001  7.433982e+001 -3.000380e+003
    endloop
  endfacet
  facet normal -7.071061e-001  7.071075e-001 -1.669240e-004
    outer loop
      vertex -2.248313e+001  7.433982e+001 -3.000380e+003
      vertex -2.433013e+001  7.250000e+001 -2.970000e+003
      vertex -2.250000e+001  7.433012e+001 -2.970000e+003
    endloop
  endfacet
  facet normal -3.174568e-001  9.482728e-001  1.264108e-004
    outer loop
      vertex -2.248313e+001  7.433982e+001 -3.000380e+003
      vertex -2.250000e+001  7.433012e+001 -2.970000e+003
      vertex -2.063002e+001  7.496015e+001 -3.000069e+003
    endloop
  endfacet
  facet normal -2.588180e-001  9.659172e-001  4.142820e-003
    outer loop
      vertex -2.063002e+001  7.496015e+001 -3.000069e+003
      vertex -2.250000e+001  7.433012e+001 -2.970000e+003
      vertex -2.000000e+001  7.500000e+001 -2.970000e+003
    endloop
  endfacet
  facet normal -6.312297e-002  9.980057e-001  0.000000e+000
    outer loop
      vertex -2.063002e+001  7.496015e+001 -3.000069e+003
      vertex -2.000000e+001  7.500000e+001 -2.970000e+003
      vertex -2.000000e+001  7.500000e+001 -3.000000e+003
    endloop
  endfacet
  facet normal -8.660383e-001  5.424334e-005 -4.999776e-001
    outer loop
      vertex -7.496015e+001 -2.063002e+001 -3.000069e+003
      vertex -7.500000e+001 -2.000000e+001 -3.000000e+003
      vertex -6.143227e+001 -7.102142e+000 -3.023500e+003
    endloop
  endfacet
  facet normal -8.660383e-001 -5.424334e-005 -4.999776e-001
    outer loop
      vertex -7.496015e+001  2.063002e+001 -3.000069e+003
      vertex -6.143227e+001  7.102142e+000 -3.023500e+003
      vertex -7.500000e+001  2.000000e+001 -3.000000e+003
    endloop
  endfacet
  facet normal -8.660254e-001  0.000000e+000 -5.000000e-001
    outer loop
      vertex -7.500000e+001  2.000000e+001 -3.000000e+003
      vertex -6.143227e+001  7.102142e+000 -3.023500e+003
      vertex -6.143227e+001 -7.102142e+000 -3.023500e+003
    endloop
  endfacet
  facet normal -8.660254e-001  0.000000e+000 -5.000000e-001
    outer loop
      vertex -7.500000e+001  2.000000e+001 -3.000000e+003
      vertex -6.143227e+001 -7.102142e+000 -3.023500e+003
      vertex -7.500000e+001 -2.000000e+001 -3.000000e+003
    endloop
  endfacet
  facet normal -1.000000e+000  0.000000e+000  0.000000e+000
    outer loop
      vertex -7.500000e+001  2.000000e+001 -3.000000e+003
      vertex -7.500000e+001 -2.000000e+001 -3.000000e+003
      vertex -7.500000e+001  2.000000e+001 -2.970000e+003
    endloop
  endfacet
  facet normal -1.000000e+000  -0.000000e+000  0.000000e+000
    outer loop
      vertex -7.500000e+001  2.000000e+001 -2.970000e+003
      vertex -7.500000e+001 -2.000000e+001 -3.000000e+003
      vertex -7.500000e+001 -2.000000e+001 -2.970000e+003
    endloop
  endfacet
  facet normal -1.748182e-001  8.056171e-001 -5.660561e-001
    outer loop
      vertex -7.063002e+001  2.496015e+001 -3.000069e+003
      vertex -5.710214e+001  1.143227e+001 -3.023500e+003
      vertex -7.248313e+001  2.433982e+001 -3.000380e+003
    endloop
  endfacet
  facet normal -1.942800e-001  7.958132e-001 -5.735300e-001
    outer loop
      vertex -7.248313e+001  2.433982e+001 -3.000380e+003
      vertex -5.710214e+001  1.143227e+001 -3.023500e+003
      vertex -5.900446e+001  1.054541e+001 -3.024086e+003
    endloop
  endfacet
  facet normal -5.245522e-001  5.716816e-001 -6.308925e-001
    outer loop
      vertex -7.248313e+001  2.433982e+001 -3.000380e+003
      vertex -5.900446e+001  1.054541e+001 -3.024086e+003
      vertex -7.416488e+001  2.276654e+001 -3.000407e+003
    endloop
  endfacet
  facet normal -5.474086e-001  5.474089e-001 -6.329986e-001
    outer loop
      vertex -7.416488e+001  2.276654e+001 -3.000407e+003
      vertex -5.900446e+001  1.054541e+001 -3.024086e+003
      vertex -6.054541e+001  9.004459e+000 -3.024086e+003
    endloop
  endfacet
  facet normal -7.926044e-001  2.041664e-001 -5.745383e-001
    outer loop
      vertex -7.416488e+001  2.276654e+001 -3.000407e+003
      vertex -6.054541e+001  9.004459e+000 -3.024086e+003
      vertex -7.496015e+001  2.063002e+001 -3.000069e+003
    endloop
  endfacet
  facet normal -7.964714e-001  1.949375e-001 -5.723919e-001
    outer loop
      vertex -7.496015e+001  2.063002e+001 -3.000069e+003
      vertex -6.054541e+001  9.004459e+000 -3.024086e+003
      vertex -6.143227e+001  7.102142e+000 -3.023500e+003
    endloop
  endfacet
  facet normal  4.930100e-005  8.660371e-001 -4.999797e-001
    outer loop
      vertex -7.063002e+001  2.496015e+001 -3.000069e+003
      vertex -7.000000e+001  2.500000e+001 -3.000000e+003
      vertex -5.710214e+001  1.143227e+001 -3.023500e+003
    endloop
  endfacet
  facet normal  0.000000e+000  8.660254e-001 -5.000000e-001
    outer loop
      vertex -5.710214e+001  1.143227e+001 -3.023500e+003
      vertex -7.000000e+001  2.500000e+001 -3.000000e+003
      vertex -2.500000e+001  2.500000e+001 -3.000000e+003
    endloop
  endfacet
  facet normal  0.000000e+000  8.660254e-001 -5.000000e-001
    outer loop
      vertex -5.710214e+001  1.143227e+001 -3.023500e+003
      vertex -2.500000e+001  2.500000e+001 -3.000000e+003
      vertex -1.143227e+001  1.143227e+001 -3.023500e+003
    endloop
  endfacet
  facet normal  0.000000e+000  1.000000e+000  0.000000e+000
    outer loop
      vertex -2.500000e+001  2.500000e+001 -3.000000e+003
      vertex -7.000000e+001  2.500000e+001 -3.000000e+003
      vertex -5.674587e+001  2.500000e+001 -2.991757e+003
    endloop
  endfacet
  facet normal  -0.000000e+000  1.000000e+000  0.000000e+000
    outer loop
      vertex -2.500000e+001  2.500000e+001 -3.000000e+003
      vertex -5.674587e+001  2.500000e+001 -2.991757e+003
      vertex -5.413626e+001  2.500000e+001 -2.989676e+003
    endloop
  endfacet
  facet normal  -0.000000e+000  9.999999e-001  0.000000e+000
    outer loop
      vertex -2.500000e+001  2.500000e+001 -3.000000e+003
      vertex -5.413626e+001  2.500000e+001 -2.989676e+003
      vertex -5.268804e+001  2.500000e+001 -2.986669e+003
    endloop
  endfacet
  facet normal  -0.000000e+000  1.000000e+000  0.000000e+000
    outer loop
      vertex -2.500000e+001  2.500000e+001 -3.000000e+003
      vertex -5.268804e+001  2.500000e+001 -2.986669e+003
      vertex -5.268804e+001  2.500000e+001 -2.983331e+003
    endloop
  endfacet
  facet normal  -0.000000e+000  9.999999e-001  -0.000000e+000
    outer loop
      vertex -2.500000e+001  2.500000e+001 -3.000000e+003
      vertex -5.268804e+001  2.500000e+001 -2.983331e+003
      vertex -5.413626e+001  2.500000e+001 -2.980324e+003
    endloop
  endfacet
  facet normal  -0.000000e+000  1.000000e+000  -0.000000e+000
    outer loop
      vertex -2.500000e+001  2.500000e+001 -3.000000e+003
      vertex -5.413626e+001  2.500000e+001 -2.980324e+003
      vertex -5.674587e+001  2.500000e+001 -2.978243e+003
    endloop
  endfacet
  facet normal  -0.000000e+000  1.000000e+000  0.000000e+000
    outer loop
      vertex -2.500000e+001  2.500000e+001 -3.000000e+003
      vertex -5.674587e+001  2.500000e+001 -2.978243e+003
      vertex -2.500000e+001  2.500000e+001 -2.970000e+003
    endloop
  endfacet
  facet normal  0.000000e+000  1.000000e+000  0.000000e+000
    outer loop
      vertex -7.000000e+001  2.500000e+001 -3.000000e+003
      vertex -7.000000e+001  2.500000e+001 -2.970000e+003
      vertex -6.731196e+001  2.500000e+001 -2.983331e+003
    endloop
  endfacet
  facet normal  0.000000e+000  1.000000e+000  0.000000e+000
    outer loop
      vertex -7.000000e+001  2.500000e+001 -3.000000e+003
      vertex -6.731196e+001  2.500000e+001 -2.983331e+003
      vertex -6.731196e+001  2.500000e+001 -2.986669e+003
    endloop
  endfacet
  facet normal  0.000000e+000  1.000000e+000  0.000000e+000
    outer loop
      vertex -7.000000e+001  2.500000e+001 -3.000000e+003
      vertex -6.731196e+001  2.500000e+001 -2.986669e+003
      vertex -6.586374e+001  2.500000e+001 -2.989676e+003
    endloop
  endfacet
  facet normal  0.000000e+000  1.000000e+000  0.000000e+000
    outer loop
      vertex -7.000000e+001  2.500000e+001 -3.000000e+003
      vertex -6.586374e+001  2.500000e+001 -2.989676e+003
      vertex -6.325413e+001  2.500000e+001 -2.991757e+003
    endloop
  endfacet
  facet normal  0.000000e+000  9.999999e-001  0.000000e+000
    outer loop
      vertex -7.000000e+001  2.500000e+001 -3.000000e+003
      vertex -6.325413e+001  2.500000e+001 -2.991757e+003
      vertex -6.000000e+001  2.500000e+001 -2.992500e+003
    endloop
  endfacet
  facet normal  -0.000000e+000  1.000000e+000  0.000000e+000
    outer loop
      vertex -7.000000e+001  2.500000e+001 -3.000000e+003
      vertex -6.000000e+001  2.500000e+001 -2.992500e+003
      vertex -5.674587e+001  2.500000e+001 -2.991757e+003
    endloop
  endfacet
  facet normal  0.000000e+000  1.000000e+000  0.000000e+000
    outer loop
      vertex -7.000000e+001  2.500000e+001 -2.970000e+003
      vertex -2.500000e+001  2.500000e+001 -2.970000e+003
      vertex -5.674587e+001  2.500000e+001 -2.978243e+003
    endloop
  endfacet
  facet normal  0.000000e+000  1.000000e+000  0.000000e+000
    outer loop
      vertex -7.000000e+001  2.500000e+001 -2.970000e+003
      vertex -5.674587e+001  2.500000e+001 -2.978243e+003
      vertex -6.000000e+001  2.500000e+001 -2.977500e+003
    endloop
  endfacet
  facet normal  0.000000e+000  9.999999e-001  0.000000e+000
    outer loop
      vertex -7.000000e+001  2.500000e+001 -2.970000e+003
      vertex -6.000000e+001  2.500000e+001 -2.977500e+003
      vertex -6.325413e+001  2.500000e+001 -2.978243e+003
    endloop
  endfacet
  facet normal  0.000000e+000  1.000000e+000  0.000000e+000
    outer loop
      vertex -7.000000e+001  2.500000e+001 -2.970000e+003
      vertex -6.325413e+001  2.500000e+001 -2.978243e+003
      vertex -6.586374e+001  2.500000e+001 -2.980324e+003
    endloop
  endfacet
  facet normal  0.000000e+000  1.000000e+000  0.000000e+000
    outer loop
      vertex -7.000000e+001  2.500000e+001 -2.970000e+003
      vertex -6.586374e+001  2.500000e+001 -2.980324e+003
      vertex -6.731196e+001  2.500000e+001 -2.983331e+003
    endloop
  endfacet
  facet normal -9.980057e-001  6.312297e-002  0.000000e+000
    outer loop
      vertex -7.500000e+001  2.000000e+001 -3.000000e+003
      vertex -7.500000e+001  2.000000e+001 -2.970000e+003
      vertex -7.496015e+001  2.063002e+001 -3.000069e+003
    endloop
  endfacet
  facet normal -9.659172e-001  2.588180e-001  4.142820e-003
    outer loop
      vertex -7.496015e+001  2.063002e+001 -3.000069e+003
      vertex -7.500000e+001  2.000000e+001 -2.970000e+003
      vertex -7.433012e+001  2.250000e+001 -2.970000e+003
    endloop
  endfacet
  facet normal -9.372839e-001  3.485610e-001 -2.038191e-003
    outer loop
      vertex -7.496015e+001  2.063002e+001 -3.000069e+003
      vertex -7.433012e+001  2.250000e+001 -2.970000e+003
      vertex -7.416488e+001  2.276654e+001 -3.000407e+003
    endloop
  endfacet
  facet normal -6.831856e-001  7.302399e-001  2.688425e-003
    outer loop
      vertex -7.416488e+001  2.276654e+001 -3.000407e+003
      vertex -7.433012e+001  2.250000e+001 -2.970000e+003
      vertex -7.248313e+001  2.433982e+001 -3.000380e+003
    endloop
  endfacet
  facet normal -7.071075e-001  7.071061e-001 -1.669697e-004
    outer loop
      vertex -7.248313e+001  2.433982e+001 -3.000380e+003
      vertex -7.433012e+001  2.250000e+001 -2.970000e+003
      vertex -7.250000e+001  2.433013e+001 -2.970000e+003
    endloop
  endfacet
  facet normal -3.174538e-001  9.482738e-001  1.263532e-004
    outer loop
      vertex -7.248313e+001  2.433982e+001 -3.000380e+003
      vertex -7.250000e+001  2.433013e+001 -2.970000e+003
      vertex -7.063002e+001  2.496015e+001 -3.000069e+003
    endloop
  endfacet
  facet normal -2.588165e-001  9.659175e-001  4.142651e-003
    outer loop
      vertex -7.063002e+001  2.496015e+001 -3.000069e+003
      vertex -7.250000e+001  2.433013e+001 -2.970000e+003
      vertex -7.000000e+001  2.500000e+001 -2.970000e+003
    endloop
  endfacet
  facet normal -6.312917e-002  9.980053e-001  0.000000e+000
    outer loop
      vertex -7.063002e+001  2.496015e+001 -3.000069e+003
      vertex -7.000000e+001  2.500000e+001 -2.970000e+003
      vertex -7.000000e+001  2.500000e+001 -3.000000e+003
    endloop
  endfacet
  facet normal -8.056161e-001 -1.748204e-001 -5.660570e-001
    outer loop
      vertex -7.496015e+001 -2.063002e+001 -3.000069e+003
      vertex -6.143227e+001 -7.102142e+000 -3.023500e+003
      vertex -7.433982e+001 -2.248313e+001 -3.000380e+003
    endloop
  endfacet
  facet normal -7.958133e-001 -1.942800e-001 -5.735300e-001
    outer loop
      vertex -7.433982e+001 -2.248313e+001 -3.000380e+003
      vertex -6.143227e+001 -7.102142e+000 -3.023500e+003
      vertex -6.054541e+001 -9.004459e+000 -3.024086e+003
    endloop
  endfacet
  facet normal -5.716819e-001 -5.245519e-001 -6.308924e-001
    outer loop
      vertex -7.433982e+001 -2.248313e+001 -3.000380e+003
      vertex -6.054541e+001 -9.004459e+000 -3.024086e+003
      vertex -7.276654e+001 -2.416488e+001 -3.000407e+003
    endloop
  endfacet
  facet normal -5.474086e-001 -5.474089e-001 -6.329986e-001
    outer loop
      vertex -7.276654e+001 -2.416488e+001 -3.000407e+003
      vertex -6.054541e+001 -9.004459e+000 -3.024086e+003
      vertex -5.900446e+001 -1.054541e+001 -3.024086e+003
    endloop
  endfacet
  facet normal -2.041647e-001 -7.926053e-001 -5.745379e-001
    outer loop
      vertex -7.276654e+001 -2.416488e+001 -3.000407e+003
      vertex -5.900446e+001 -1.054541e+001 -3.024086e+003
      vertex -7.063002e+001 -2.496015e+001 -3.000069e+003
    endloop
  endfacet
  facet normal -1.949376e-001 -7.964715e-001 -5.723919e-001
    outer loop
      vertex -7.063002e+001 -2.496015e+001 -3.000069e+003
      vertex -5.900446e+001 -1.054541e+001 -3.024086e+003
      vertex -5.710214e+001 -1.143227e+001 -3.023500e+003
    endloop
  endfacet
  facet normal  4.930100e-005 -8.660371e-001 -4.999797e-001
    outer loop
      vertex -7.063002e+001 -2.496015e+001 -3.000069e+003
      vertex -5.710214e+001 -1.143227e+001 -3.023500e+003
      vertex -7.000000e+001 -2.500000e+001 -3.000000e+003
    endloop
  endfacet
  facet normal  0.000000e+000 -8.660254e-001 -5.000000e-001
    outer loop
      vertex -7.000000e+001 -2.500000e+001 -3.000000e+003
      vertex -5.710214e+001 -1.143227e+001 -3.023500e+003
      vertex -1.143227e+001 -1.143227e+001 -3.023500e+003
    endloop
  endfacet
  facet normal  0.000000e+000 -8.660254e-001 -5.000000e-001
    outer loop
      vertex -7.000000e+001 -2.500000e+001 -3.000000e+003
      vertex -1.143227e+001 -1.143227e+001 -3.023500e+003
      vertex -2.500000e+001 -2.500000e+001 -3.000000e+003
    endloop
  endfacet
  facet normal  0.000000e+000 -1.000000e+000  0.000000e+000
    outer loop
      vertex -7.000000e+001 -2.500000e+001 -3.000000e+003
      vertex -5.674587e+001 -2.500000e+001 -2.991757e+003
      vertex -6.000000e+001 -2.500000e+001 -2.992500e+003
    endloop
  endfacet
  facet normal  -0.000000e+000 -9.999999e-001  0.000000e+000
    outer loop
      vertex -7.000000e+001 -2.500000e+001 -3.000000e+003
      vertex -6.000000e+001 -2.500000e+001 -2.992500e+003
      vertex -6.325413e+001 -2.500000e+001 -2.991757e+003
    endloop
  endfacet
  facet normal  -0.000000e+000 -1.000000e+000  0.000000e+000
    outer loop
      vertex -7.000000e+001 -2.500000e+001 -3.000000e+003
      vertex -6.325413e+001 -2.500000e+001 -2.991757e+003
      vertex -6.586374e+001 -2.500000e+001 -2.989676e+003
    endloop
  endfacet
  facet normal  -0.000000e+000 -1.000000e+000  0.000000e+000
    outer loop
      vertex -7.000000e+001 -2.500000e+001 -3.000000e+003
      vertex -6.586374e+001 -2.500000e+001 -2.989676e+003
      vertex -6.731196e+001 -2.500000e+001 -2.986669e+003
    endloop
  endfacet
  facet normal  -0.000000e+000 -1.000000e+000  0.000000e+000
    outer loop
      vertex -7.000000e+001 -2.500000e+001 -3.000000e+003
      vertex -6.731196e+001 -2.500000e+001 -2.986669e+003
      vertex -6.731196e+001 -2.500000e+001 -2.983331e+003
    endloop
  endfacet
  facet normal  -0.000000e+000 -1.000000e+000  0.000000e+000
    outer loop
      vertex -7.000000e+001 -2.500000e+001 -3.000000e+003
      vertex -6.731196e+001 -2.500000e+001 -2.983331e+003
      vertex -7.000000e+001 -2.500000e+001 -2.970000e+003
    endloop
  endfacet
  facet normal  0.000000e+000 -9.999999e-001  -0.000000e+000
    outer loop
      vertex -2.500000e+001 -2.500000e+001 -3.000000e+003
      vertex -2.500000e+001 -2.500000e+001 -2.970000e+003
      vertex -5.268804e+001 -2.500000e+001 -2.983331e+003
    endloop
  endfacet
  facet normal  0.000000e+000 -1.000000e+000  0.000000e+000
    outer loop
      vertex -2.500000e+001 -2.500000e+001 -3.000000e+003
      vertex -5.268804e+001 -2.500000e+001 -2.983331e+003
      vertex -5.268804e+001 -2.500000e+001 -2.986669e+003
    endloop
  endfacet
  facet normal  0.000000e+000 -9.999999e-001  -0.000000e+000
    outer loop
      vertex -2.500000e+001 -2.500000e+001 -3.000000e+003
      vertex -5.268804e+001 -2.500000e+001 -2.986669e+003
      vertex -5.413626e+001 -2.500000e+001 -2.989676e+003
    endloop
  endfacet
  facet normal  0.000000e+000 -1.000000e+000  -0.000000e+000
    outer loop
      vertex -2.500000e+001 -2.500000e+001 -3.000000e+003
      vertex -5.413626e+001 -2.500000e+001 -2.989676e+003
      vertex -5.674587e+001 -2.500000e+001 -2.991757e+003
    endloop
  endfacet
  facet normal  0.000000e+000 -1.000000e+000  -0.000000e+000
    outer loop
      vertex -2.500000e+001 -2.500000e+001 -3.000000e+003
      vertex -5.674587e+001 -2.500000e+001 -2.991757e+003
      vertex -7.000000e+001 -2.500000e+001 -3.000000e+003
    endloop
  endfacet
  facet normal  0.000000e+000 -1.000000e+000  0.000000e+000
    outer loop
      vertex -7.000000e+001 -2.500000e+001 -2.970000e+003
      vertex -6.731196e+001 -2.500000e+001 -2.983331e+003
      vertex -6.586374e+001 -2.500000e+001 -2.980324e+003
    endloop
  endfacet
  facet normal  0.000000e+000 -1.000000e+000  0.000000e+000
    outer loop
      vertex -7.000000e+001 -2.500000e+001 -2.970000e+003
      vertex -6.586374e+001 -2.500000e+001 -2.980324e+003
      vertex -6.325413e+001 -2.500000e+001 -2.978243e+003
    endloop
  endfacet
  facet normal  0.000000e+000 -9.999999e-001  0.000000e+000
    outer loop
      vertex -7.000000e+001 -2.500000e+001 -2.970000e+003
      vertex -6.325413e+001 -2.500000e+001 -2.978243e+003
      vertex -6.000000e+001 -2.500000e+001 -2.977500e+003
    endloop
  endfacet
  facet normal  0.000000e+000 -1.000000e+000  0.000000e+000
    outer loop
      vertex -7.000000e+001 -2.500000e+001 -2.970000e+003
      vertex -6.000000e+001 -2.500000e+001 -2.977500e+003
      vertex -5.674587e+001 -2.500000e+001 -2.978243e+003
    endloop
  endfacet
  facet normal  0.000000e+000 -1.000000e+000  0.000000e+000
    outer loop
      vertex -2.500000e+001 -2.500000e+001 -2.970000e+003
      vertex -7.000000e+001 -2.500000e+001 -2.970000e+003
      vertex -5.674587e+001 -2.500000e+001 -2.978243e+003
    endloop
  endfacet
  facet normal  0.000000e+000 -1.000000e+000  0.000000e+000
    outer loop
      vertex -2.500000e+001 -2.500000e+001 -2.970000e+003
      vertex -5.674587e+001 -2.500000e+001 -2.978243e+003
      vertex -5.413626e+001 -2.500000e+001 -2.980324e+003
    endloop
  endfacet
  facet normal  0.000000e+000 -9.999999e-001  0.000000e+000
    outer loop
      vertex -2.500000e+001 -2.500000e+001 -2.970000e+003
      vertex -5.413626e+001 -2.500000e+001 -2.980324e+003
      vertex -5.268804e+001 -2.500000e+001 -2.983331e+003
    endloop
  endfacet
  facet normal -6.312917e-002 -9.980053e-001  -0.000000e+000
    outer loop
      vertex -7.000000e+001 -2.500000e+001 -3.000000e+003
      vertex -7.000000e+001 -2.500000e+001 -2.970000e+003
      vertex -7.063002e+001 -2.496015e+001 -3.000069e+003
    endloop
  endfacet
  facet normal -2.588165e-001 -9.659175e-001  4.142651e-003
    outer loop
      vertex -7.063002e+001 -2.496015e+001 -3.000069e+003
      vertex -7.000000e+001 -2.500000e+001 -2.970000e+003
      vertex -7.250000e+001 -2.433013e+001 -2.970000e+003
    endloop
  endfacet
  facet normal -3.485588e-001 -9.372846e-001 -2.038295e-003
    outer loop
      vertex -7.063002e+001 -2.496015e+001 -3.000069e+003
      vertex -7.250000e+001 -2.433013e+001 -2.970000e+003
      vertex -7.276654e+001 -2.416488e+001 -3.000407e+003
    endloop
  endfacet
  facet normal -7.302402e-001 -6.831851e-001  2.688342e-003
    outer loop
      vertex -7.276654e+001 -2.416488e+001 -3.000407e+003
      vertex -7.250000e+001 -2.433013e+001 -2.970000e+003
      vertex -7.433982e+001 -2.248313e+001 -3.000380e+003
    endloop
  endfacet
  facet normal -7.071075e-001 -7.071061e-001 -1.669240e-004
    outer loop
      vertex -7.433982e+001 -2.248313e+001 -3.000380e+003
      vertex -7.250000e+001 -2.433013e+001 -2.970000e+003
      vertex -7.433012e+001 -2.250000e+001 -2.970000e+003
    endloop
  endfacet
  facet normal -9.482728e-001 -3.174568e-001  1.264108e-004
    outer loop
      vertex -7.433982e+001 -2.248313e+001 -3.000380e+003
      vertex -7.433012e+001 -2.250000e+001 -2.970000e+003
      vertex -7.496015e+001 -2.063002e+001 -3.000069e+003
    endloop
  endfacet
  facet normal -9.659172e-001 -2.588180e-001  4.142820e-003
    outer loop
      vertex -7.496015e+001 -2.063002e+001 -3.000069e+003
      vertex -7.433012e+001 -2.250000e+001 -2.970000e+003
      vertex -7.500000e+001 -2.000000e+001 -2.970000e+003
    endloop
  endfacet
  facet normal -9.980057e-001 -6.312297e-002  -0.000000e+000
    outer loop
      vertex -7.496015e+001 -2.063002e+001 -3.000069e+003
      vertex -7.500000e+001 -2.000000e+001 -2.970000e+003
      vertex -7.500000e+001 -2.000000e+001 -3.000000e+003
    endloop
  endfacet
  facet normal -8.660254e-001  0.000000e+000 -5.000000e-001
    outer loop
      vertex -2.500000e+001 -2.500000e+001 -3.000000e+003
      vertex -1.143227e+001 -1.143227e+001 -3.023500e+003
      vertex -2.500000e+001 -7.000000e+001 -3.000000e+003
    endloop
  endfacet
  facet normal -8.660254e-001  0.000000e+000 -5.000000e-001
    outer loop
      vertex -2.500000e+001 -7.000000e+001 -3.000000e+003
      vertex -1.143227e+001 -1.143227e+001 -3.023500e+003
      vertex -1.143227e+001 -5.710214e+001 -3.023500e+003
    endloop
  endfacet
  facet normal -8.660371e-001  4.930100e-005 -4.999797e-001
    outer loop
      vertex -2.500000e+001 -7.000000e+001 -3.000000e+003
      vertex -1.143227e+001 -5.710214e+001 -3.023500e+003
      vertex -2.496015e+001 -7.063002e+001 -3.000069e+003
    endloop
  endfacet
  facet normal -8.056171e-001 -1.748182e-001 -5.660561e-001
    outer loop
      vertex -2.496015e+001 -7.063002e+001 -3.000069e+003
      vertex -1.143227e+001 -5.710214e+001 -3.023500e+003
      vertex -2.433982e+001 -7.248313e+001 -3.000380e+003
    endloop
  endfacet
  facet normal -7.958132e-001 -1.942800e-001 -5.735300e-001
    outer loop
      vertex -2.433982e+001 -7.248313e+001 -3.000380e+003
      vertex -1.143227e+001 -5.710214e+001 -3.023500e+003
      vertex -1.054541e+001 -5.900446e+001 -3.024086e+003
    endloop
  endfacet
  facet normal -5.716816e-001 -5.245522e-001 -6.308925e-001
    outer loop
      vertex -2.433982e+001 -7.248313e+001 -3.000380e+003
      vertex -1.054541e+001 -5.900446e+001 -3.024086e+003
      vertex -2.276654e+001 -7.416488e+001 -3.000407e+003
    endloop
  endfacet
  facet normal -5.474089e-001 -5.474086e-001 -6.329986e-001
    outer loop
      vertex -2.276654e+001 -7.416488e+001 -3.000407e+003
      vertex -1.054541e+001 -5.900446e+001 -3.024086e+003
      vertex -9.004459e+000 -6.054541e+001 -3.024086e+003
    endloop
  endfacet
  facet normal -2.041664e-001 -7.926044e-001 -5.745383e-001
    outer loop
      vertex -2.276654e+001 -7.416488e+001 -3.000407e+003
      vertex -9.004459e+000 -6.054541e+001 -3.024086e+003
      vertex -2.063002e+001 -7.496015e+001 -3.000069e+003
    endloop
  endfacet
  facet normal -1.949375e-001 -7.964714e-001 -5.723919e-001
    outer loop
      vertex -2.063002e+001 -7.496015e+001 -3.000069e+003
      vertex -9.004459e+000 -6.054541e+001 -3.024086e+003
      vertex -7.102142e+000 -6.143227e+001 -3.023500e+003
    endloop
  endfacet
  facet normal -9.999999e-001  0.000000e+000  0.000000e+000
    outer loop
      vertex -2.500000e+001 -2.500000e+001 -3.000000e+003
      vertex -2.500000e+001 -6.000000e+001 -2.992500e+003
      vertex -2.500000e+001 -5.674587e+001 -2.991757e+003
    endloop
  endfacet
  facet normal -1.000000e+000  0.000000e+000  0.000000e+000
    outer loop
      vertex -2.500000e+001 -2.500000e+001 -3.000000e+003
      vertex -2.500000e+001 -5.674587e+001 -2.991757e+003
      vertex -2.500000e+001 -5.413626e+001 -2.989676e+003
    endloop
  endfacet
  facet normal -9.999999e-001  0.000000e+000  0.000000e+000
    outer loop
      vertex -2.500000e+001 -2.500000e+001 -3.000000e+003
      vertex -2.500000e+001 -5.413626e+001 -2.989676e+003
      vertex -2.500000e+001 -5.268804e+001 -2.986669e+003
    endloop
  endfacet
  facet normal -1.000000e+000  0.000000e+000  0.000000e+000
    outer loop
      vertex -2.500000e+001 -2.500000e+001 -3.000000e+003
      vertex -2.500000e+001 -5.268804e+001 -2.986669e+003
      vertex -2.500000e+001 -5.268804e+001 -2.983331e+003
    endloop
  endfacet
  facet normal -9.999999e-001  0.000000e+000  0.000000e+000
    outer loop
      vertex -2.500000e+001 -2.500000e+001 -3.000000e+003
      vertex -2.500000e+001 -5.268804e+001 -2.983331e+003
      vertex -2.500000e+001 -2.500000e+001 -2.970000e+003
    endloop
  endfacet
  facet normal -1.000000e+000  0.000000e+000  0.000000e+000
    outer loop
      vertex -2.500000e+001 -7.000000e+001 -3.000000e+003
      vertex -2.500000e+001 -7.000000e+001 -2.970000e+003
      vertex -2.500000e+001 -6.731196e+001 -2.983331e+003
    endloop
  endfacet
  facet normal -1.000000e+000  0.000000e+000  -0.000000e+000
    outer loop
      vertex -2.500000e+001 -7.000000e+001 -3.000000e+003
      vertex -2.500000e+001 -6.731196e+001 -2.983331e+003
      vertex -2.500000e+001 -6.731196e+001 -2.986669e+003
    endloop
  endfacet
  facet normal -1.000000e+000  0.000000e+000  -0.000000e+000
    outer loop
      vertex -2.500000e+001 -7.000000e+001 -3.000000e+003
      vertex -2.500000e+001 -6.731196e+001 -2.986669e+003
      vertex -2.500000e+001 -6.586374e+001 -2.989676e+003
    endloop
  endfacet
  facet normal -1.000000e+000  0.000000e+000  -0.000000e+000
    outer loop
      vertex -2.500000e+001 -7.000000e+001 -3.000000e+003
      vertex -2.500000e+001 -6.586374e+001 -2.989676e+003
      vertex -2.500000e+001 -6.325413e+001 -2.991757e+003
    endloop
  endfacet
  facet normal -9.999999e-001  0.000000e+000  -0.000000e+000
    outer loop
      vertex -2.500000e+001 -7.000000e+001 -3.000000e+003
      vertex -2.500000e+001 -6.325413e+001 -2.991757e+003
      vertex -2.500000e+001 -6.000000e+001 -2.992500e+003
    endloop
  endfacet
  facet normal -1.000000e+000  0.000000e+000  -0.000000e+000
    outer loop
      vertex -2.500000e+001 -7.000000e+001 -3.000000e+003
      vertex -2.500000e+001 -6.000000e+001 -2.992500e+003
      vertex -2.500000e+001 -2.500000e+001 -3.000000e+003
    endloop
  endfacet
  facet normal -9.999999e-001  0.000000e+000  0.000000e+000
    outer loop
      vertex -2.500000e+001 -2.500000e+001 -2.970000e+003
      vertex -2.500000e+001 -5.268804e+001 -2.983331e+003
      vertex -2.500000e+001 -5.413626e+001 -2.980324e+003
    endloop
  endfacet
  facet normal -1.000000e+000  0.000000e+000  0.000000e+000
    outer loop
      vertex -2.500000e+001 -2.500000e+001 -2.970000e+003
      vertex -2.500000e+001 -5.413626e+001 -2.980324e+003
      vertex -2.500000e+001 -5.674587e+001 -2.978243e+003
    endloop
  endfacet
  facet normal -9.999999e-001  0.000000e+000  0.000000e+000
    outer loop
      vertex -2.500000e+001 -2.500000e+001 -2.970000e+003
      vertex -2.500000e+001 -5.674587e+001 -2.978243e+003
      vertex -2.500000e+001 -6.000000e+001 -2.977500e+003
    endloop
  endfacet
  facet normal -1.000000e+000  -0.000000e+000  0.000000e+000
    outer loop
      vertex -2.500000e+001 -7.000000e+001 -2.970000e+003
      vertex -2.500000e+001 -2.500000e+001 -2.970000e+003
      vertex -2.500000e+001 -6.000000e+001 -2.977500e+003
    endloop
  endfacet
  facet normal -9.999999e-001  -0.000000e+000  0.000000e+000
    outer loop
      vertex -2.500000e+001 -7.000000e+001 -2.970000e+003
      vertex -2.500000e+001 -6.000000e+001 -2.977500e+003
      vertex -2.500000e+001 -6.325413e+001 -2.978243e+003
    endloop
  endfacet
  facet normal -1.000000e+000  -0.000000e+000  0.000000e+000
    outer loop
      vertex -2.500000e+001 -7.000000e+001 -2.970000e+003
      vertex -2.500000e+001 -6.325413e+001 -2.978243e+003
      vertex -2.500000e+001 -6.586374e+001 -2.980324e+003
    endloop
  endfacet
  facet normal -1.000000e+000  -0.000000e+000  0.000000e+000
    outer loop
      vertex -2.500000e+001 -7.000000e+001 -2.970000e+003
      vertex -2.500000e+001 -6.586374e+001 -2.980324e+003
      vertex -2.500000e+001 -6.731196e+001 -2.983331e+003
    endloop
  endfacet
  facet normal -6.312297e-002 -9.980057e-001  -0.000000e+000
    outer loop
      vertex -2.000000e+001 -7.500000e+001 -3.000000e+003
      vertex -2.000000e+001 -7.500000e+001 -2.970000e+003
      vertex -2.063002e+001 -7.496015e+001 -3.000069e+003
    endloop
  endfacet
  facet normal -2.588180e-001 -9.659172e-001  4.142820e-003
    outer loop
      vertex -2.063002e+001 -7.496015e+001 -3.000069e+003
      vertex -2.000000e+001 -7.500000e+001 -2.970000e+003
      vertex -2.250000e+001 -7.433012e+001 -2.970000e+003
    endloop
  endfacet
  facet normal -3.485610e-001 -9.372839e-001 -2.038191e-003
    outer loop
      vertex -2.063002e+001 -7.496015e+001 -3.000069e+003
      vertex -2.250000e+001 -7.433012e+001 -2.970000e+003
      vertex -2.276654e+001 -7.416488e+001 -3.000407e+003
    endloop
  endfacet
  facet normal -7.302399e-001 -6.831856e-001  2.688425e-003
    outer loop
      vertex -2.276654e+001 -7.416488e+001 -3.000407e+003
      vertex -2.250000e+001 -7.433012e+001 -2.970000e+003
      vertex -2.433982e+001 -7.248313e+001 -3.000380e+003
    endloop
  endfacet
  facet normal -7.071061e-001 -7.071075e-001 -1.669697e-004
    outer loop
      vertex -2.433982e+001 -7.248313e+001 -3.000380e+003
      vertex -2.250000e+001 -7.433012e+001 -2.970000e+003
      vertex -2.433013e+001 -7.250000e+001 -2.970000e+003
    endloop
  endfacet
  facet normal -9.482738e-001 -3.174538e-001  1.263532e-004
    outer loop
      vertex -2.433982e+001 -7.248313e+001 -3.000380e+003
      vertex -2.433013e+001 -7.250000e+001 -2.970000e+003
      vertex -2.496015e+001 -7.063002e+001 -3.000069e+003
    endloop
  endfacet
  facet normal -9.659175e-001 -2.588165e-001  4.142651e-003
    outer loop
      vertex -2.496015e+001 -7.063002e+001 -3.000069e+003
      vertex -2.433013e+001 -7.250000e+001 -2.970000e+003
      vertex -2.500000e+001 -7.000000e+001 -2.970000e+003
    endloop
  endfacet
  facet normal -9.980053e-001 -6.312917e-002  -0.000000e+000
    outer loop
      vertex -2.496015e+001 -7.063002e+001 -3.000069e+003
      vertex -2.500000e+001 -7.000000e+001 -2.970000e+003
      vertex -2.500000e+001 -7.000000e+001 -3.000000e+003
    endloop
  endfacet
  facet normal  7.314754e-001  0.000000e+000 -6.818678e-001
    outer loop
      vertex  1.143227e+001 -1.143227e+001 -3.023500e+003
      vertex  1.143227e+001 -5.710214e+001 -3.023500e+003
      vertex  9.899495e+000 -9.899495e+000 -3.025144e+003
    endloop
  endfacet
  facet normal  7.070962e-001 -1.671135e-003 -7.071154e-001
    outer loop
      vertex  9.899495e+000 -9.899495e+000 -3.025144e+003
      vertex  1.143227e+001 -5.710214e+001 -3.023500e+003
      vertex  9.602141e+000 -5.710214e+001 -3.025330e+003
    endloop
  endfacet
  facet normal  5.152121e-001  1.278384e-004 -8.570627e-001
    outer loop
      vertex  9.899495e+000 -9.899495e+000 -3.025144e+003
      vertex  9.602141e+000 -5.710214e+001 -3.025330e+003
      vertex  9.452044e+000 -1.032758e+001 -3.025413e+003
    endloop
  endfacet
  facet normal  2.588367e-001  0.000000e+000 -9.659210e-001
    outer loop
      vertex  7.102142e+000 -5.710214e+001 -3.026000e+003
      vertex  7.102142e+000 -1.206481e+001 -3.026000e+003
      vertex  9.602141e+000 -5.710214e+001 -3.025330e+003
    endloop
  endfacet
  facet normal  2.428815e-001 -9.471657e-004 -9.700556e-001
    outer loop
      vertex  9.602141e+000 -5.710214e+001 -3.025330e+003
      vertex  7.102142e+000 -1.206481e+001 -3.026000e+003
      vertex  9.452044e+000 -1.032758e+001 -3.025413e+003
    endloop
  endfacet
  facet normal  5.942229e-001 -8.042990e-001  1.511394e-003
    outer loop
      vertex  9.452044e+000 -1.032758e+001 -3.025413e+003
      vertex  7.102142e+000 -1.206481e+001 -3.026000e+003
      vertex  8.228993e+000 -1.132624e+001 -3.076000e+003
    endloop
  endfacet
  facet normal  4.539887e-001 -8.910026e-001 -2.929802e-003
    outer loop
      vertex  7.102142e+000 -1.206481e+001 -3.026000e+003
      vertex  4.326238e+000 -1.331479e+001 -3.076000e+003
      vertex  8.228993e+000 -1.132624e+001 -3.076000e+003
    endloop
  endfacet
  facet normal -8.042990e-001 -5.942229e-001  1.511394e-003
    outer loop
      vertex -1.032758e+001 -9.452044e+000 -3.025413e+003
      vertex -1.206481e+001 -7.102142e+000 -3.026000e+003
      vertex -1.132624e+001 -8.228993e+000 -3.076000e+003
    endloop
  endfacet
  facet normal -8.910026e-001 -4.539887e-001 -2.929802e-003
    outer loop
      vertex -1.206481e+001 -7.102142e+000 -3.026000e+003
      vertex -1.331479e+001 -4.326238e+000 -3.076000e+003
      vertex -1.132624e+001 -8.228993e+000 -3.076000e+003
    endloop
  endfacet
  facet normal  8.136454e-001 -5.813603e-001  1.083449e-003
    outer loop
      vertex  1.206481e+001 -7.102142e+000 -3.026000e+003
      vertex  1.062503e+001 -9.116401e+000 -3.025576e+003
      vertex  1.132624e+001 -8.228993e+000 -3.076000e+003
    endloop
  endfacet
  facet normal  8.910026e-001 -4.539887e-001 -2.929802e-003
    outer loop
      vertex  1.206481e+001 -7.102142e+000 -3.026000e+003
      vertex  1.132624e+001 -8.228993e+000 -3.076000e+003
      vertex  1.331479e+001 -4.326238e+000 -3.076000e+003
    endloop
  endfacet
  facet normal  9.214361e-001 -3.885270e-001  1.465334e-003
    outer loop
      vertex  1.206481e+001 -7.102142e+000 -3.026000e+003
      vertex  1.331479e+001 -4.326238e+000 -3.076000e+003
      vertex  1.350754e+001 -3.680536e+000 -3.026000e+003
    endloop
  endfacet
  facet normal -5.813603e-001 -8.136454e-001  1.083449e-003
    outer loop
      vertex -7.102142e+000 -1.206481e+001 -3.026000e+003
      vertex -9.116401e+000 -1.062503e+001 -3.025576e+003
      vertex -8.228993e+000 -1.132624e+001 -3.076000e+003
    endloop
  endfacet
  facet normal -4.539887e-001 -8.910026e-001 -2.929802e-003
    outer loop
      vertex -7.102142e+000 -1.206481e+001 -3.026000e+003
      vertex -8.228993e+000 -1.132624e+001 -3.076000e+003
      vertex -4.326238e+000 -1.331479e+001 -3.076000e+003
    endloop
  endfacet
  facet normal -3.885270e-001 -9.214361e-001  1.465334e-003
    outer loop
      vertex -7.102142e+000 -1.206481e+001 -3.026000e+003
      vertex -4.326238e+000 -1.331479e+001 -3.076000e+003
      vertex -3.680536e+000 -1.350754e+001 -3.026000e+003
    endloop
  endfacet
  facet normal  9.911649e-001 -1.326188e-001 -2.108277e-003
    outer loop
      vertex  1.350754e+001 -3.680536e+000 -3.026000e+003
      vertex  1.331479e+001 -4.326238e+000 -3.076000e+003
      vertex  1.400000e+001  0.000000e+000 -3.026000e+003
    endloop
  endfacet
  facet normal  9.876884e-001 -1.564344e-001  0.000000e+000
    outer loop
      vertex  1.400000e+001  0.000000e+000 -3.026000e+003
      vertex  1.331479e+001 -4.326238e+000 -3.076000e+003
      vertex  1.400000e+001  0.000000e+000 -3.076000e+003
    endloop
  endfacet
  facet normal  7.071044e-001 -7.071044e-001 -2.611125e-003
    outer loop
      vertex  1.132624e+001 -8.228993e+000 -3.076000e+003
      vertex  1.062503e+001 -9.116401e+000 -3.025576e+003
      vertex  8.228993e+000 -1.132624e+001 -3.076000e+003
    endloop
  endfacet
  facet normal  7.321817e-001 -6.810915e-001 -4.942778e-003
    outer loop
      vertex  8.228993e+000 -1.132624e+001 -3.076000e+003
      vertex  1.062503e+001 -9.116401e+000 -3.025576e+003
      vertex  9.899495e+000 -9.899495e+000 -3.025144e+003
    endloop
  endfacet
  facet normal  6.920721e-001 -7.218240e-001 -2.482526e-003
    outer loop
      vertex  8.228993e+000 -1.132624e+001 -3.076000e+003
      vertex  9.899495e+000 -9.899495e+000 -3.025144e+003
      vertex  9.452044e+000 -1.032758e+001 -3.025413e+003
    endloop
  endfacet
  facet normal -1.326188e-001 -9.911649e-001 -2.108277e-003
    outer loop
      vertex -3.680536e+000 -1.350754e+001 -3.026000e+003
      vertex -4.326238e+000 -1.331479e+001 -3.076000e+003
      vertex -4.348030e-015 -1.400000e+001 -3.026000e+003
    endloop
  endfacet
  facet normal -1.564344e-001 -9.876884e-001 -5.557665e-018
    outer loop
      vertex -4.348030e-015 -1.400000e+001 -3.026000e+003
      vertex -4.326238e+000 -1.331479e+001 -3.076000e+003
      vertex -2.571673e-015 -1.400000e+001 -3.076000e+003
    endloop
  endfacet
  facet normal  1.326191e-001 -9.911670e-001  4.711577e-018
    outer loop
      vertex -4.348030e-015 -1.400000e+001 -3.026000e+003
      vertex -2.571673e-015 -1.400000e+001 -3.076000e+003
      vertex  3.680536e+000 -1.350754e+001 -3.026000e+003
    endloop
  endfacet
  facet normal  1.564341e-001 -9.876868e-001 -1.787317e-003
    outer loop
      vertex  3.680536e+000 -1.350754e+001 -3.026000e+003
      vertex -2.571673e-015 -1.400000e+001 -3.076000e+003
      vertex  4.326238e+000 -1.331479e+001 -3.076000e+003
    endloop
  endfacet
  facet normal  3.885270e-001 -9.214361e-001  1.465334e-003
    outer loop
      vertex  3.680536e+000 -1.350754e+001 -3.026000e+003
      vertex  4.326238e+000 -1.331479e+001 -3.076000e+003
      vertex  7.102142e+000 -1.206481e+001 -3.026000e+003
    endloop
  endfacet
  facet normal -7.071044e-001 -7.071044e-001 -2.611125e-003
    outer loop
      vertex -8.228993e+000 -1.132624e+001 -3.076000e+003
      vertex -9.116401e+000 -1.062503e+001 -3.025576e+003
      vertex -1.132624e+001 -8.228993e+000 -3.076000e+003
    endloop
  endfacet
  facet normal -6.810915e-001 -7.321817e-001 -4.942778e-003
    outer loop
      vertex -1.132624e+001 -8.228993e+000 -3.076000e+003
      vertex -9.116401e+000 -1.062503e+001 -3.025576e+003
      vertex -9.899495e+000 -9.899495e+000 -3.025144e+003
    endloop
  endfacet
  facet normal -7.218240e-001 -6.920721e-001 -2.482526e-003
    outer loop
      vertex -1.132624e+001 -8.228993e+000 -3.076000e+003
      vertex -9.899495e+000 -9.899495e+000 -3.025144e+003
      vertex -1.032758e+001 -9.452044e+000 -3.025413e+003
    endloop
  endfacet
  facet normal -9.911670e-001 -1.326191e-001  0.000000e+000
    outer loop
      vertex -1.400000e+001  1.714449e-015 -3.026000e+003
      vertex -1.400000e+001  1.714449e-015 -3.076000e+003
      vertex -1.350754e+001 -3.680536e+000 -3.026000e+003
    endloop
  endfacet
  facet normal -9.876868e-001 -1.564341e-001 -1.787317e-003
    outer loop
      vertex -1.350754e+001 -3.680536e+000 -3.026000e+003
      vertex -1.400000e+001  1.714449e-015 -3.076000e+003
      vertex -1.331479e+001 -4.326238e+000 -3.076000e+003
    endloop
  endfacet
  facet normal -9.214361e-001 -3.885270e-001  1.465334e-003
    outer loop
      vertex -1.350754e+001 -3.680536e+000 -3.026000e+003
      vertex -1.331479e+001 -4.326238e+000 -3.076000e+003
      vertex -1.206481e+001 -7.102142e+000 -3.026000e+003
    endloop
  endfacet
  facet normal  0.000000e+000 -7.314754e-001 -6.818678e-001
    outer loop
      vertex -1.143227e+001 -1.143227e+001 -3.023500e+003
      vertex -5.710214e+001 -1.143227e+001 -3.023500e+003
      vertex -9.899495e+000 -9.899495e+000 -3.025144e+003
    endloop
  endfacet
  facet normal -1.671135e-003 -7.070962e-001 -7.071154e-001
    outer loop
      vertex -9.899495e+000 -9.899495e+000 -3.025144e+003
      vertex -5.710214e+001 -1.143227e+001 -3.023500e+003
      vertex -5.710214e+001 -9.602141e+000 -3.025330e+003
    endloop
  endfacet
  facet normal  1.278384e-004 -5.152121e-001 -8.570627e-001
    outer loop
      vertex -9.899495e+000 -9.899495e+000 -3.025144e+003
      vertex -5.710214e+001 -9.602141e+000 -3.025330e+003
      vertex -1.032758e+001 -9.452044e+000 -3.025413e+003
    endloop
  endfacet
  facet normal  -0.000000e+000 -2.588367e-001 -9.659210e-001
    outer loop
      vertex -5.710214e+001 -7.102142e+000 -3.026000e+003
      vertex -1.206481e+001 -7.102142e+000 -3.026000e+003
      vertex -5.710214e+001 -9.602141e+000 -3.025330e+003
    endloop
  endfacet
  facet normal -9.471657e-004 -2.428815e-001 -9.700556e-001
    outer loop
      vertex -5.710214e+001 -9.602141e+000 -3.025330e+003
      vertex -1.206481e+001 -7.102142e+000 -3.026000e+003
      vertex -1.032758e+001 -9.452044e+000 -3.025413e+003
    endloop
  endfacet
  facet normal  0.000000e+000  0.000000e+000 -1.000000e+000
    outer loop
      vertex  7.102142e+000 -5.710214e+001 -3.026000e+003
      vertex  3.680536e+000 -1.350754e+001 -3.026000e+003
      vertex  7.102142e+000 -1.206481e+001 -3.026000e+003
    endloop
  endfacet
  facet normal  0.000000e+000  0.000000e+000 -1.000000e+000
    outer loop
      vertex -7.102142e+000 -5.710214e+001 -3.026000e+003
      vertex -7.102142e+000 -1.206481e+001 -3.026000e+003
      vertex -3.680536e+000 -1.350754e+001 -3.026000e+003
    endloop
  endfacet
  facet normal  0.000000e+000  -0.000000e+000 -9.999999e-001
    outer loop
      vertex -7.102142e+000 -5.710214e+001 -3.026000e+003
      vertex -3.680536e+000 -1.350754e+001 -3.026000e+003
      vertex -4.348030e-015 -1.400000e+001 -3.026000e+003
    endloop
  endfacet
  facet normal  0.000000e+000  -0.000000e+000 -1.000000e+000
    outer loop
      vertex -7.102142e+000 -5.710214e+001 -3.026000e+003
      vertex -4.348030e-015 -1.400000e+001 -3.026000e+003
      vertex  3.680536e+000 -1.350754e+001 -3.026000e+003
    endloop
  endfacet
  facet normal  0.000000e+000  -0.000000e+000 -1.000000e+000
    outer loop
      vertex -7.102142e+000 -5.710214e+001 -3.026000e+003
      vertex  3.680536e+000 -1.350754e+001 -3.026000e+003
      vertex  7.102142e+000 -5.710214e+001 -3.026000e+003
    endloop
  endfacet
  facet normal -2.057916e-001  0.000000e+000 -9.785959e-001
    outer loop
      vertex -7.102142e+000 -1.206481e+001 -3.026000e+003
      vertex -7.102142e+000 -5.710214e+001 -3.026000e+003
      vertex -9.116401e+000 -1.062503e+001 -3.025576e+003
    endloop
  endfacet
  facet normal -2.588360e-001 -2.414417e-003 -9.659183e-001
    outer loop
      vertex -9.116401e+000 -1.062503e+001 -3.025576e+003
      vertex -7.102142e+000 -5.710214e+001 -3.026000e+003
      vertex -9.602141e+000 -5.710214e+001 -3.025330e+003
    endloop
  endfacet
  facet normal -4.828554e-001  4.050262e-004 -8.757000e-001
    outer loop
      vertex -9.116401e+000 -1.062503e+001 -3.025576e+003
      vertex -9.602141e+000 -5.710214e+001 -3.025330e+003
      vertex -9.899495e+000 -9.899495e+000 -3.025144e+003
    endloop
  endfacet
  facet normal -7.070972e-001  -0.000000e+000 -7.071164e-001
    outer loop
      vertex -1.143227e+001 -5.710214e+001 -3.023500e+003
      vertex -1.143227e+001 -1.143227e+001 -3.023500e+003
      vertex -9.602141e+000 -5.710214e+001 -3.025330e+003
    endloop
  endfacet
  facet normal -7.305833e-001 -1.914716e-003 -6.828210e-001
    outer loop
      vertex -9.602141e+000 -5.710214e+001 -3.025330e+003
      vertex -1.143227e+001 -1.143227e+001 -3.023500e+003
      vertex -9.899495e+000 -9.899495e+000 -3.025144e+003
    endloop
  endfacet
  facet normal -1.110657e-001 -7.027225e-001 -7.027415e-001
    outer loop
      vertex -7.102142e+000 -6.143227e+001 -3.023500e+003
      vertex -9.004459e+000 -6.054541e+001 -3.024086e+003
      vertex -7.102142e+000 -5.960214e+001 -3.025330e+003
    endloop
  endfacet
  facet normal -6.918922e-002 -2.582164e-001 -9.636063e-001
    outer loop
      vertex -7.102142e+000 -5.710214e+001 -3.026000e+003
      vertex -7.102142e+000 -5.960214e+001 -3.025330e+003
      vertex -8.352141e+000 -5.926720e+001 -3.025330e+003
    endloop
  endfacet
  facet normal -1.890274e-001 -1.890278e-001 -9.636063e-001
    outer loop
      vertex -7.102142e+000 -5.710214e+001 -3.026000e+003
      vertex -8.352141e+000 -5.926720e+001 -3.025330e+003
      vertex -9.267205e+000 -5.835214e+001 -3.025330e+003
    endloop
  endfacet
  facet normal -2.582164e-001 -6.918881e-002 -9.636064e-001
    outer loop
      vertex -7.102142e+000 -5.710214e+001 -3.026000e+003
      vertex -9.267205e+000 -5.835214e+001 -3.025330e+003
      vertex -9.602141e+000 -5.710214e+001 -3.025330e+003
    endloop
  endfacet
  facet normal -7.027224e-001 -1.110657e-001 -7.027415e-001
    outer loop
      vertex -1.143227e+001 -5.710214e+001 -3.023500e+003
      vertex -9.602141e+000 -5.710214e+001 -3.025330e+003
      vertex -1.054541e+001 -5.900446e+001 -3.024086e+003
    endloop
  endfacet
  facet normal -6.406773e-001 -1.716688e-001 -7.483732e-001
    outer loop
      vertex -1.054541e+001 -5.900446e+001 -3.024086e+003
      vertex -9.602141e+000 -5.710214e+001 -3.025330e+003
      vertex -9.267205e+000 -5.835214e+001 -3.025330e+003
    endloop
  endfacet
  facet normal -4.762615e-001 -4.762612e-001 -7.391552e-001
    outer loop
      vertex -1.054541e+001 -5.900446e+001 -3.024086e+003
      vertex -9.267205e+000 -5.835214e+001 -3.025330e+003
      vertex -9.004459e+000 -6.054541e+001 -3.024086e+003
    endloop
  endfacet
  facet normal -4.762603e-001 -4.762613e-001 -7.391557e-001
    outer loop
      vertex -9.004459e+000 -6.054541e+001 -3.024086e+003
      vertex -9.267205e+000 -5.835214e+001 -3.025330e+003
      vertex -8.352141e+000 -5.926720e+001 -3.025330e+003
    endloop
  endfacet
  facet normal -1.716696e-001 -6.406764e-001 -7.483737e-001
    outer loop
      vertex -9.004459e+000 -6.054541e+001 -3.024086e+003
      vertex -8.352141e+000 -5.926720e+001 -3.025330e+003
      vertex -7.102142e+000 -5.960214e+001 -3.025330e+003
    endloop
  endfacet
  facet normal  0.000000e+000 -7.070972e-001 -7.071164e-001
    outer loop
      vertex  7.102142e+000 -6.143227e+001 -3.023500e+003
      vertex -7.102142e+000 -6.143227e+001 -3.023500e+003
      vertex  7.102142e+000 -5.960214e+001 -3.025330e+003
    endloop
  endfacet
  facet normal  -0.000000e+000 -7.070972e-001 -7.071164e-001
    outer loop
      vertex  7.102142e+000 -5.960214e+001 -3.025330e+003
      vertex -7.102142e+000 -6.143227e+001 -3.023500e+003
      vertex -7.102142e+000 -5.960214e+001 -3.025330e+003
    endloop
  endfacet
  facet normal  0.000000e+000 -2.588367e-001 -9.659211e-001
    outer loop
      vertex  7.102142e+000 -5.960214e+001 -3.025330e+003
      vertex -7.102142e+000 -5.960214e+001 -3.025330e+003
      vertex  7.102142e+000 -5.710214e+001 -3.026000e+003
    endloop
  endfacet
  facet normal  -0.000000e+000 -2.588367e-001 -9.659211e-001
    outer loop
      vertex  7.102142e+000 -5.710214e+001 -3.026000e+003
      vertex -7.102142e+000 -5.960214e+001 -3.025330e+003
      vertex -7.102142e+000 -5.710214e+001 -3.026000e+003
    endloop
  endfacet
  facet normal  2.582164e-001 -6.918881e-002 -9.636064e-001
    outer loop
      vertex  7.102142e+000 -5.710214e+001 -3.026000e+003
      vertex  9.602141e+000 -5.710214e+001 -3.025330e+003
      vertex  9.267205e+000 -5.835214e+001 -3.025330e+003
    endloop
  endfacet
  facet normal  1.890274e-001 -1.890278e-001 -9.636063e-001
    outer loop
      vertex  7.102142e+000 -5.710214e+001 -3.026000e+003
      vertex  9.267205e+000 -5.835214e+001 -3.025330e+003
      vertex  8.352141e+000 -5.926720e+001 -3.025330e+003
    endloop
  endfacet
  facet normal  6.918922e-002 -2.582164e-001 -9.636063e-001
    outer loop
      vertex  7.102142e+000 -5.710214e+001 -3.026000e+003
      vertex  8.352141e+000 -5.926720e+001 -3.025330e+003
      vertex  7.102142e+000 -5.960214e+001 -3.025330e+003
    endloop
  endfacet
  facet normal  1.110657e-001 -7.027225e-001 -7.027415e-001
    outer loop
      vertex  7.102142e+000 -6.143227e+001 -3.023500e+003
      vertex  7.102142e+000 -5.960214e+001 -3.025330e+003
      vertex  9.004459e+000 -6.054541e+001 -3.024086e+003
    endloop
  endfacet
  facet normal  1.716696e-001 -6.406764e-001 -7.483737e-001
    outer loop
      vertex  9.004459e+000 -6.054541e+001 -3.024086e+003
      vertex  7.102142e+000 -5.960214e+001 -3.025330e+003
      vertex  8.352141e+000 -5.926720e+001 -3.025330e+003
    endloop
  endfacet
  facet normal  4.762611e-001 -4.762608e-001 -7.391557e-001
    outer loop
      vertex  9.004459e+000 -6.054541e+001 -3.024086e+003
      vertex  8.352141e+000 -5.926720e+001 -3.025330e+003
      vertex  1.054541e+001 -5.900446e+001 -3.024086e+003
    endloop
  endfacet
  facet normal  4.762609e-001 -4.762619e-001 -7.391550e-001
    outer loop
      vertex  1.054541e+001 -5.900446e+001 -3.024086e+003
      vertex  8.352141e+000 -5.926720e+001 -3.025330e+003
      vertex  9.267205e+000 -5.835214e+001 -3.025330e+003
    endloop
  endfacet
  facet normal  6.717882e-001 -8.649566e-002 -7.356761e-001
    outer loop
      vertex  1.054541e+001 -5.900446e+001 -3.024086e+003
      vertex  9.267205e+000 -5.835214e+001 -3.025330e+003
      vertex  1.143227e+001 -5.710214e+001 -3.023500e+003
    endloop
  endfacet
  facet normal  6.947375e-001 -1.861542e-001 -6.947563e-001
    outer loop
      vertex  1.143227e+001 -5.710214e+001 -3.023500e+003
      vertex  9.267205e+000 -5.835214e+001 -3.025330e+003
      vertex  9.602141e+000 -5.710214e+001 -3.025330e+003
    endloop
  endfacet
  facet normal  7.070972e-001  0.000000e+000 -7.071164e-001
    outer loop
      vertex  1.143227e+001  5.710214e+001 -3.023500e+003
      vertex  1.143227e+001  1.143227e+001 -3.023500e+003
      vertex  9.602141e+000  5.710214e+001 -3.025330e+003
    endloop
  endfacet
  facet normal  7.305833e-001  1.914716e-003 -6.828210e-001
    outer loop
      vertex  9.602141e+000  5.710214e+001 -3.025330e+003
      vertex  1.143227e+001  1.143227e+001 -3.023500e+003
      vertex  9.899495e+000  9.899495e+000 -3.025144e+003
    endloop
  endfacet
  facet normal  5.152121e-001 -1.278384e-004 -8.570627e-001
    outer loop
      vertex  9.602141e+000  5.710214e+001 -3.025330e+003
      vertex  9.899495e+000  9.899495e+000 -3.025144e+003
      vertex  9.452044e+000  1.032758e+001 -3.025413e+003
    endloop
  endfacet
  facet normal  2.428815e-001  9.471657e-004 -9.700555e-001
    outer loop
      vertex  9.452044e+000  1.032758e+001 -3.025413e+003
      vertex  7.102142e+000  1.206481e+001 -3.026000e+003
      vertex  9.602141e+000  5.710214e+001 -3.025330e+003
    endloop
  endfacet
  facet normal  2.588367e-001  0.000000e+000 -9.659210e-001
    outer loop
      vertex  9.602141e+000  5.710214e+001 -3.025330e+003
      vertex  7.102142e+000  1.206481e+001 -3.026000e+003
      vertex  7.102142e+000  5.710214e+001 -3.026000e+003
    endloop
  endfacet
  facet normal  5.942229e-001  8.042990e-001  1.511394e-003
    outer loop
      vertex  7.102142e+000  1.206481e+001 -3.026000e+003
      vertex  9.452044e+000  1.032758e+001 -3.025413e+003
      vertex  8.228993e+000  1.132624e+001 -3.076000e+003
    endloop
  endfacet
  facet normal  4.539887e-001  8.910026e-001 -2.929802e-003
    outer loop
      vertex  7.102142e+000  1.206481e+001 -3.026000e+003
      vertex  8.228993e+000  1.132624e+001 -3.076000e+003
      vertex  4.326238e+000  1.331479e+001 -3.076000e+003
    endloop
  endfacet
  facet normal  3.885270e-001  9.214361e-001  1.465334e-003
    outer loop
      vertex  7.102142e+000  1.206481e+001 -3.026000e+003
      vertex  4.326238e+000  1.331479e+001 -3.076000e+003
      vertex  3.680536e+000  1.350754e+001 -3.026000e+003
    endloop
  endfacet
  facet normal -3.885270e-001  9.214361e-001  1.465334e-003
    outer loop
      vertex -7.102142e+000  1.206481e+001 -3.026000e+003
      vertex -3.680536e+000  1.350754e+001 -3.026000e+003
      vertex -4.326238e+000  1.331479e+001 -3.076000e+003
    endloop
  endfacet
  facet normal -4.539887e-001  8.910026e-001 -2.929802e-003
    outer loop
      vertex -7.102142e+000  1.206481e+001 -3.026000e+003
      vertex -4.326238e+000  1.331479e+001 -3.076000e+003
      vertex -8.228993e+000  1.132624e+001 -3.076000e+003
    endloop
  endfacet
  facet normal -5.813603e-001  8.136454e-001  1.083449e-003
    outer loop
      vertex -7.102142e+000  1.206481e+001 -3.026000e+003
      vertex -8.228993e+000  1.132624e+001 -3.076000e+003
      vertex -9.116401e+000  1.062503e+001 -3.025576e+003
    endloop
  endfacet
  facet normal -8.042990e-001  5.942229e-001  1.511394e-003
    outer loop
      vertex -1.206481e+001  7.102142e+000 -3.026000e+003
      vertex -1.032758e+001  9.452044e+000 -3.025413e+003
      vertex -1.132624e+001  8.228993e+000 -3.076000e+003
    endloop
  endfacet
  facet normal -8.910026e-001  4.539887e-001 -2.929802e-003
    outer loop
      vertex -1.206481e+001  7.102142e+000 -3.026000e+003
      vertex -1.132624e+001  8.228993e+000 -3.076000e+003
      vertex -1.331479e+001  4.326238e+000 -3.076000e+003
    endloop
  endfacet
  facet normal -9.214361e-001  3.885270e-001  1.465334e-003
    outer loop
      vertex -1.206481e+001  7.102142e+000 -3.026000e+003
      vertex -1.331479e+001  4.326238e+000 -3.076000e+003
      vertex -1.350754e+001  3.680536e+000 -3.026000e+003
    endloop
  endfacet
  facet normal  9.214361e-001  3.885270e-001  1.465334e-003
    outer loop
      vertex  1.206481e+001  7.102142e+000 -3.026000e+003
      vertex  1.350754e+001  3.680536e+000 -3.026000e+003
      vertex  1.331479e+001  4.326238e+000 -3.076000e+003
    endloop
  endfacet
  facet normal  8.910026e-001  4.539887e-001 -2.929802e-003
    outer loop
      vertex  1.206481e+001  7.102142e+000 -3.026000e+003
      vertex  1.331479e+001  4.326238e+000 -3.076000e+003
      vertex  1.132624e+001  8.228993e+000 -3.076000e+003
    endloop
  endfacet
  facet normal  8.136454e-001  5.813603e-001  1.083449e-003
    outer loop
      vertex  1.206481e+001  7.102142e+000 -3.026000e+003
      vertex  1.132624e+001  8.228993e+000 -3.076000e+003
      vertex  1.062503e+001  9.116401e+000 -3.025576e+003
    endloop
  endfacet
  facet normal -9.911649e-001  1.326188e-001 -2.108277e-003
    outer loop
      vertex -1.350754e+001  3.680536e+000 -3.026000e+003
      vertex -1.331479e+001  4.326238e+000 -3.076000e+003
      vertex -1.400000e+001  1.714449e-015 -3.026000e+003
    endloop
  endfacet
  facet normal -9.876884e-001  1.564344e-001  0.000000e+000
    outer loop
      vertex -1.400000e+001  1.714449e-015 -3.026000e+003
      vertex -1.331479e+001  4.326238e+000 -3.076000e+003
      vertex -1.400000e+001  1.714449e-015 -3.076000e+003
    endloop
  endfacet
  facet normal -7.071033e-001  7.071033e-001 -3.136550e-003
    outer loop
      vertex -1.132624e+001  8.228993e+000 -3.076000e+003
      vertex -1.032758e+001  9.452044e+000 -3.025413e+003
      vertex -8.228993e+000  1.132624e+001 -3.076000e+003
    endloop
  endfacet
  facet normal -7.212847e-001  6.926256e-001 -4.261248e-003
    outer loop
      vertex -8.228993e+000  1.132624e+001 -3.076000e+003
      vertex -1.032758e+001  9.452044e+000 -3.025413e+003
      vertex -9.899495e+000  9.899495e+000 -3.025144e+003
    endloop
  endfacet
  facet normal -6.801595e-001  7.330619e-001 -1.775946e-003
    outer loop
      vertex -8.228993e+000  1.132624e+001 -3.076000e+003
      vertex -9.899495e+000  9.899495e+000 -3.025144e+003
      vertex -9.116401e+000  1.062503e+001 -3.025576e+003
    endloop
  endfacet
  facet normal -1.564341e-001  9.876868e-001 -1.787317e-003
    outer loop
      vertex -4.326238e+000  1.331479e+001 -3.076000e+003
      vertex -3.680536e+000  1.350754e+001 -3.026000e+003
      vertex  8.572244e-016  1.400000e+001 -3.076000e+003
    endloop
  endfacet
  facet normal -1.326191e-001  9.911670e-001 -4.711577e-018
    outer loop
      vertex  8.572244e-016  1.400000e+001 -3.076000e+003
      vertex -3.680536e+000  1.350754e+001 -3.026000e+003
      vertex -9.191324e-016  1.400000e+001 -3.026000e+003
    endloop
  endfacet
  facet normal  1.564344e-001  9.876884e-001  5.557665e-018
    outer loop
      vertex  8.572244e-016  1.400000e+001 -3.076000e+003
      vertex -9.191324e-016  1.400000e+001 -3.026000e+003
      vertex  4.326238e+000  1.331479e+001 -3.076000e+003
    endloop
  endfacet
  facet normal  1.326188e-001  9.911649e-001 -2.108277e-003
    outer loop
      vertex  4.326238e+000  1.331479e+001 -3.076000e+003
      vertex -9.191324e-016  1.400000e+001 -3.026000e+003
      vertex  3.680536e+000  1.350754e+001 -3.026000e+003
    endloop
  endfacet
  facet normal  7.071033e-001  7.071033e-001 -3.136550e-003
    outer loop
      vertex  8.228993e+000  1.132624e+001 -3.076000e+003
      vertex  9.452044e+000  1.032758e+001 -3.025413e+003
      vertex  1.132624e+001  8.228993e+000 -3.076000e+003
    endloop
  endfacet
  facet normal  6.926256e-001  7.212847e-001 -4.261248e-003
    outer loop
      vertex  1.132624e+001  8.228993e+000 -3.076000e+003
      vertex  9.452044e+000  1.032758e+001 -3.025413e+003
      vertex  9.899495e+000  9.899495e+000 -3.025144e+003
    endloop
  endfacet
  facet normal  7.330619e-001  6.801595e-001 -1.775946e-003
    outer loop
      vertex  1.132624e+001  8.228993e+000 -3.076000e+003
      vertex  9.899495e+000  9.899495e+000 -3.025144e+003
      vertex  1.062503e+001  9.116401e+000 -3.025576e+003
    endloop
  endfacet
  facet normal  9.911649e-001  1.326188e-001 -2.108277e-003
    outer loop
      vertex  1.350754e+001  3.680536e+000 -3.026000e+003
      vertex  1.400000e+001  0.000000e+000 -3.026000e+003
      vertex  1.331479e+001  4.326238e+000 -3.076000e+003
    endloop
  endfacet
  facet normal  9.876884e-001  1.564344e-001  0.000000e+000
    outer loop
      vertex  1.331479e+001  4.326238e+000 -3.076000e+003
      vertex  1.400000e+001  0.000000e+000 -3.026000e+003
      vertex  1.400000e+001  0.000000e+000 -3.076000e+003
    endloop
  endfacet
  facet normal  0.000000e+000  0.000000e+000 -1.000000e+000
    outer loop
      vertex  7.102142e+000  5.710214e+001 -3.026000e+003
      vertex  7.102142e+000  1.206481e+001 -3.026000e+003
      vertex  3.680536e+000  1.350754e+001 -3.026000e+003
    endloop
  endfacet
  facet normal  0.000000e+000  0.000000e+000 -9.999999e-001
    outer loop
      vertex  7.102142e+000  5.710214e+001 -3.026000e+003
      vertex  3.680536e+000  1.350754e+001 -3.026000e+003
      vertex -9.191324e-016  1.400000e+001 -3.026000e+003
    endloop
  endfacet
  facet normal  -0.000000e+000  0.000000e+000 -1.000000e+000
    outer loop
      vertex  7.102142e+000  5.710214e+001 -3.026000e+003
      vertex -9.191324e-016  1.400000e+001 -3.026000e+003
      vertex -3.680536e+000  1.350754e+001 -3.026000e+003
    endloop
  endfacet
  facet normal  -0.000000e+000  0.000000e+000 -1.000000e+000
    outer loop
      vertex  7.102142e+000  5.710214e+001 -3.026000e+003
      vertex -3.680536e+000  1.350754e+001 -3.026000e+003
      vertex -7.102142e+000  1.206481e+001 -3.026000e+003
    endloop
  endfacet
  facet normal  0.000000e+000  0.000000e+000 -1.000000e+000
    outer loop
      vertex  7.102142e+000  5.710214e+001 -3.026000e+003
      vertex -7.102142e+000  1.206481e+001 -3.026000e+003
      vertex -7.102142e+000  5.710214e+001 -3.026000e+003
    endloop
  endfacet
  facet normal -2.588367e-001  0.000000e+000 -9.659210e-001
    outer loop
      vertex -7.102142e+000  5.710214e+001 -3.026000e+003
      vertex -7.102142e+000  1.206481e+001 -3.026000e+003
      vertex -9.602141e+000  5.710214e+001 -3.025330e+003
    endloop
  endfacet
  facet normal -2.078521e-001  3.012119e-003 -9.781556e-001
    outer loop
      vertex -9.602141e+000  5.710214e+001 -3.025330e+003
      vertex -7.102142e+000  1.206481e+001 -3.026000e+003
      vertex -9.116401e+000  1.062503e+001 -3.025576e+003
    endloop
  endfacet
  facet normal -4.828555e-001 -4.050262e-004 -8.757001e-001
    outer loop
      vertex -9.602141e+000  5.710214e+001 -3.025330e+003
      vertex -9.116401e+000  1.062503e+001 -3.025576e+003
      vertex -9.899495e+000  9.899495e+000 -3.025144e+003
    endloop
  endfacet
  facet normal -7.305833e-001  1.914716e-003 -6.828210e-001
    outer loop
      vertex -9.899495e+000  9.899495e+000 -3.025144e+003
      vertex -1.143227e+001  1.143227e+001 -3.023500e+003
      vertex -9.602141e+000  5.710214e+001 -3.025330e+003
    endloop
  endfacet
  facet normal -7.070972e-001  0.000000e+000 -7.071164e-001
    outer loop
      vertex -9.602141e+000  5.710214e+001 -3.025330e+003
      vertex -1.143227e+001  1.143227e+001 -3.023500e+003
      vertex -1.143227e+001  5.710214e+001 -3.023500e+003
    endloop
  endfacet
  facet normal -1.263748e-001  2.567615e-001 -9.581769e-001
    outer loop
      vertex -7.102142e+000  5.710214e+001 -3.026000e+003
      vertex -9.126043e+000  5.822791e+001 -3.025431e+003
      vertex -7.102142e+000  5.960214e+001 -3.025330e+003
    endloop
  endfacet
  facet normal -2.587710e-001  2.252666e-002 -9.656760e-001
    outer loop
      vertex -7.102142e+000  5.710214e+001 -3.026000e+003
      vertex -9.602141e+000  5.710214e+001 -3.025330e+003
      vertex -9.126043e+000  5.822791e+001 -3.025431e+003
    endloop
  endfacet
  facet normal -1.669480e-001  7.673311e-001 -6.191375e-001
    outer loop
      vertex -7.102142e+000  6.143227e+001 -3.023500e+003
      vertex -8.220296e+000  6.011638e+001 -3.024829e+003
      vertex -9.004459e+000  6.054541e+001 -3.024086e+003
    endloop
  endfacet
  facet normal -6.174917e-001  1.925054e-001 -7.626569e-001
    outer loop
      vertex -9.602141e+000  5.710214e+001 -3.025330e+003
      vertex -1.054541e+001  5.900446e+001 -3.024086e+003
      vertex -9.126043e+000  5.822791e+001 -3.025431e+003
    endloop
  endfacet
  facet normal -7.027224e-001  1.110657e-001 -7.027415e-001
    outer loop
      vertex -1.143227e+001  5.710214e+001 -3.023500e+003
      vertex -1.054541e+001  5.900446e+001 -3.024086e+003
      vertex -9.602141e+000  5.710214e+001 -3.025330e+003
    endloop
  endfacet
  facet normal  8.533186e-003  7.070715e-001 -7.070907e-001
    outer loop
      vertex -7.102142e+000  6.143227e+001 -3.023500e+003
      vertex -7.102142e+000  5.960214e+001 -3.025330e+003
      vertex -8.220296e+000  6.011638e+001 -3.024829e+003
    endloop
  endfacet
  facet normal -2.205422e-001  3.906931e-001 -8.937114e-001
    outer loop
      vertex -8.220296e+000  6.011638e+001 -3.024829e+003
      vertex -7.102142e+000  5.960214e+001 -3.025330e+003
      vertex -9.126043e+000  5.822791e+001 -3.025431e+003
    endloop
  endfacet
  facet normal -4.629830e-001  4.630125e-001 -7.558216e-001
    outer loop
      vertex -8.220296e+000  6.011638e+001 -3.024829e+003
      vertex -9.126043e+000  5.822791e+001 -3.025431e+003
      vertex -9.004459e+000  6.054541e+001 -3.024086e+003
    endloop
  endfacet
  facet normal -4.630073e-001  4.630070e-001 -7.558100e-001
    outer loop
      vertex -9.004459e+000  6.054541e+001 -3.024086e+003
      vertex -9.126043e+000  5.822791e+001 -3.025431e+003
      vertex -1.054541e+001  5.900446e+001 -3.024086e+003
    endloop
  endfacet
  facet normal  0.000000e+000  7.070972e-001 -7.071164e-001
    outer loop
      vertex -7.102142e+000  6.143227e+001 -3.023500e+003
      vertex  7.102142e+000  6.143227e+001 -3.023500e+003
      vertex -7.102142e+000  5.960214e+001 -3.025330e+003
    endloop
  endfacet
  facet normal  0.000000e+000  7.070972e-001 -7.071164e-001
    outer loop
      vertex -7.102142e+000  5.960214e+001 -3.025330e+003
      vertex  7.102142e+000  6.143227e+001 -3.023500e+003
      vertex  7.102142e+000  5.960214e+001 -3.025330e+003
    endloop
  endfacet
  facet normal  0.000000e+000  2.588367e-001 -9.659211e-001
    outer loop
      vertex -7.102142e+000  5.960214e+001 -3.025330e+003
      vertex  7.102142e+000  5.960214e+001 -3.025330e+003
      vertex -7.102142e+000  5.710214e+001 -3.026000e+003
    endloop
  endfacet
  facet normal  0.000000e+000  2.588367e-001 -9.659211e-001
    outer loop
      vertex -7.102142e+000  5.710214e+001 -3.026000e+003
      vertex  7.102142e+000  5.960214e+001 -3.025330e+003
      vertex  7.102142e+000  5.710214e+001 -3.026000e+003
    endloop
  endfacet
  facet normal  1.110657e-001  7.027225e-001 -7.027415e-001
    outer loop
      vertex  7.102142e+000  6.143227e+001 -3.023500e+003
      vertex  9.004459e+000  6.054541e+001 -3.024086e+003
      vertex  7.102142e+000  5.960214e+001 -3.025330e+003
    endloop
  endfacet
  facet normal  6.918922e-002  2.582164e-001 -9.636063e-001
    outer loop
      vertex  7.102142e+000  5.710214e+001 -3.026000e+003
      vertex  7.102142e+000  5.960214e+001 -3.025330e+003
      vertex  8.352141e+000  5.926720e+001 -3.025330e+003
    endloop
  endfacet
  facet normal  1.890274e-001  1.890278e-001 -9.636063e-001
    outer loop
      vertex  7.102142e+000  5.710214e+001 -3.026000e+003
      vertex  8.352141e+000  5.926720e+001 -3.025330e+003
      vertex  9.267205e+000  5.835214e+001 -3.025330e+003
    endloop
  endfacet
  facet normal  2.582164e-001  6.918881e-002 -9.636064e-001
    outer loop
      vertex  7.102142e+000  5.710214e+001 -3.026000e+003
      vertex  9.267205e+000  5.835214e+001 -3.025330e+003
      vertex  9.602141e+000  5.710214e+001 -3.025330e+003
    endloop
  endfacet
  facet normal  7.027224e-001  1.110657e-001 -7.027415e-001
    outer loop
      vertex  1.143227e+001  5.710214e+001 -3.023500e+003
      vertex  9.602141e+000  5.710214e+001 -3.025330e+003
      vertex  1.054541e+001  5.900446e+001 -3.024086e+003
    endloop
  endfacet
  facet normal  6.406773e-001  1.716688e-001 -7.483732e-001
    outer loop
      vertex  1.054541e+001  5.900446e+001 -3.024086e+003
      vertex  9.602141e+000  5.710214e+001 -3.025330e+003
      vertex  9.267205e+000  5.835214e+001 -3.025330e+003
    endloop
  endfacet
  facet normal  4.762615e-001  4.762612e-001 -7.391552e-001
    outer loop
      vertex  1.054541e+001  5.900446e+001 -3.024086e+003
      vertex  9.267205e+000  5.835214e+001 -3.025330e+003
      vertex  9.004459e+000  6.054541e+001 -3.024086e+003
    endloop
  endfacet
  facet normal  4.762603e-001  4.762613e-001 -7.391557e-001
    outer loop
      vertex  9.004459e+000  6.054541e+001 -3.024086e+003
      vertex  9.267205e+000  5.835214e+001 -3.025330e+003
      vertex  8.352141e+000  5.926720e+001 -3.025330e+003
    endloop
  endfacet
  facet normal  1.716696e-001  6.406764e-001 -7.483737e-001
    outer loop
      vertex  9.004459e+000  6.054541e+001 -3.024086e+003
      vertex  8.352141e+000  5.926720e+001 -3.025330e+003
      vertex  7.102142e+000  5.960214e+001 -3.025330e+003
    endloop
  endfacet
  facet normal  0.000000e+000  7.070972e-001 -7.071164e-001
    outer loop
      vertex -5.710214e+001  1.143227e+001 -3.023500e+003
      vertex -1.143227e+001  1.143227e+001 -3.023500e+003
      vertex -5.710214e+001  9.602141e+000 -3.025330e+003
    endloop
  endfacet
  facet normal -1.914716e-003  7.305833e-001 -6.828210e-001
    outer loop
      vertex -5.710214e+001  9.602141e+000 -3.025330e+003
      vertex -1.143227e+001  1.143227e+001 -3.023500e+003
      vertex -9.899495e+000  9.899495e+000 -3.025144e+003
    endloop
  endfacet
  facet normal  1.278384e-004  5.152121e-001 -8.570627e-001
    outer loop
      vertex -5.710214e+001  9.602141e+000 -3.025330e+003
      vertex -9.899495e+000  9.899495e+000 -3.025144e+003
      vertex -1.032758e+001  9.452044e+000 -3.025413e+003
    endloop
  endfacet
  facet normal -9.471657e-004  2.428815e-001 -9.700555e-001
    outer loop
      vertex -1.032758e+001  9.452044e+000 -3.025413e+003
      vertex -1.206481e+001  7.102142e+000 -3.026000e+003
      vertex -5.710214e+001  9.602141e+000 -3.025330e+003
    endloop
  endfacet
  facet normal  0.000000e+000  2.588367e-001 -9.659210e-001
    outer loop
      vertex -5.710214e+001  9.602141e+000 -3.025330e+003
      vertex -1.206481e+001  7.102142e+000 -3.026000e+003
      vertex -5.710214e+001  7.102142e+000 -3.026000e+003
    endloop
  endfacet
  facet normal  0.000000e+000  0.000000e+000 -1.000000e+000
    outer loop
      vertex -5.710214e+001 -7.102142e+000 -3.026000e+003
      vertex -5.710214e+001  7.102142e+000 -3.026000e+003
      vertex -1.206481e+001  7.102142e+000 -3.026000e+003
    endloop
  endfacet
  facet normal  0.000000e+000  0.000000e+000 -1.000000e+000
    outer loop
      vertex -5.710214e+001 -7.102142e+000 -3.026000e+003
      vertex -1.206481e+001  7.102142e+000 -3.026000e+003
      vertex -1.350754e+001  3.680536e+000 -3.026000e+003
    endloop
  endfacet
  facet normal  0.000000e+000  0.000000e+000 -1.000000e+000
    outer loop
      vertex -5.710214e+001 -7.102142e+000 -3.026000e+003
      vertex -1.350754e+001  3.680536e+000 -3.026000e+003
      vertex -1.400000e+001  1.714449e-015 -3.026000e+003
    endloop
  endfacet
  facet normal  0.000000e+000  -0.000000e+000 -1.000000e+000
    outer loop
      vertex -5.710214e+001 -7.102142e+000 -3.026000e+003
      vertex -1.400000e+001  1.714449e-015 -3.026000e+003
      vertex -1.350754e+001 -3.680536e+000 -3.026000e+003
    endloop
  endfacet
  facet normal  0.000000e+000  -0.000000e+000 -1.000000e+000
    outer loop
      vertex -5.710214e+001 -7.102142e+000 -3.026000e+003
      vertex -1.350754e+001 -3.680536e+000 -3.026000e+003
      vertex -1.206481e+001 -7.102142e+000 -3.026000e+003
    endloop
  endfacet
  facet normal -2.567615e-001 -1.263748e-001 -9.581769e-001
    outer loop
      vertex -5.710214e+001 -7.102142e+000 -3.026000e+003
      vertex -5.822791e+001 -9.126043e+000 -3.025431e+003
      vertex -5.960214e+001 -7.102142e+000 -3.025330e+003
    endloop
  endfacet
  facet normal -2.252666e-002 -2.587710e-001 -9.656760e-001
    outer loop
      vertex -5.710214e+001 -7.102142e+000 -3.026000e+003
      vertex -5.710214e+001 -9.602141e+000 -3.025330e+003
      vertex -5.822791e+001 -9.126043e+000 -3.025431e+003
    endloop
  endfacet
  facet normal -7.673311e-001 -1.669480e-001 -6.191375e-001
    outer loop
      vertex -6.143227e+001 -7.102142e+000 -3.023500e+003
      vertex -6.011638e+001 -8.220296e+000 -3.024829e+003
      vertex -6.054541e+001 -9.004459e+000 -3.024086e+003
    endloop
  endfacet
  facet normal -1.925054e-001 -6.174917e-001 -7.626569e-001
    outer loop
      vertex -5.710214e+001 -9.602141e+000 -3.025330e+003
      vertex -5.900446e+001 -1.054541e+001 -3.024086e+003
      vertex -5.822791e+001 -9.126043e+000 -3.025431e+003
    endloop
  endfacet
  facet normal -1.110657e-001 -7.027224e-001 -7.027415e-001
    outer loop
      vertex -5.710214e+001 -1.143227e+001 -3.023500e+003
      vertex -5.900446e+001 -1.054541e+001 -3.024086e+003
      vertex -5.710214e+001 -9.602141e+000 -3.025330e+003
    endloop
  endfacet
  facet normal -7.070715e-001  8.533186e-003 -7.070907e-001
    outer loop
      vertex -6.143227e+001 -7.102142e+000 -3.023500e+003
      vertex -5.960214e+001 -7.102142e+000 -3.025330e+003
      vertex -6.011638e+001 -8.220296e+000 -3.024829e+003
    endloop
  endfacet
  facet normal -3.906931e-001 -2.205422e-001 -8.937114e-001
    outer loop
      vertex -6.011638e+001 -8.220296e+000 -3.024829e+003
      vertex -5.960214e+001 -7.102142e+000 -3.025330e+003
      vertex -5.822791e+001 -9.126043e+000 -3.025431e+003
    endloop
  endfacet
  facet normal -4.630125e-001 -4.629830e-001 -7.558216e-001
    outer loop
      vertex -6.011638e+001 -8.220296e+000 -3.024829e+003
      vertex -5.822791e+001 -9.126043e+000 -3.025431e+003
      vertex -6.054541e+001 -9.004459e+000 -3.024086e+003
    endloop
  endfacet
  facet normal -4.630070e-001 -4.630073e-001 -7.558100e-001
    outer loop
      vertex -6.054541e+001 -9.004459e+000 -3.024086e+003
      vertex -5.822791e+001 -9.126043e+000 -3.025431e+003
      vertex -5.900446e+001 -1.054541e+001 -3.024086e+003
    endloop
  endfacet
  facet normal -7.070972e-001  -0.000000e+000 -7.071164e-001
    outer loop
      vertex -6.143227e+001 -7.102142e+000 -3.023500e+003
      vertex -6.143227e+001  7.102142e+000 -3.023500e+003
      vertex -5.960214e+001 -7.102142e+000 -3.025330e+003
    endloop
  endfacet
  facet normal -7.070972e-001  0.000000e+000 -7.071164e-001
    outer loop
      vertex -5.960214e+001 -7.102142e+000 -3.025330e+003
      vertex -6.143227e+001  7.102142e+000 -3.023500e+003
      vertex -5.960214e+001  7.102142e+000 -3.025330e+003
    endloop
  endfacet
  facet normal -2.588367e-001  -0.000000e+000 -9.659211e-001
    outer loop
      vertex -5.960214e+001 -7.102142e+000 -3.025330e+003
      vertex -5.960214e+001  7.102142e+000 -3.025330e+003
      vertex -5.710214e+001 -7.102142e+000 -3.026000e+003
    endloop
  endfacet
  facet normal -2.588367e-001  0.000000e+000 -9.659211e-001
    outer loop
      vertex -5.710214e+001 -7.102142e+000 -3.026000e+003
      vertex -5.960214e+001  7.102142e+000 -3.025330e+003
      vertex -5.710214e+001  7.102142e+000 -3.026000e+003
    endloop
  endfacet
  facet normal -2.582164e-001  6.918922e-002 -9.636063e-001
    outer loop
      vertex -5.710214e+001  7.102142e+000 -3.026000e+003
      vertex -5.960214e+001  7.102142e+000 -3.025330e+003
      vertex -5.926720e+001  8.352141e+000 -3.025330e+003
    endloop
  endfacet
  facet normal -1.890278e-001  1.890274e-001 -9.636063e-001
    outer loop
      vertex -5.710214e+001  7.102142e+000 -3.026000e+003
      vertex -5.926720e+001  8.352141e+000 -3.025330e+003
      vertex -5.835214e+001  9.267205e+000 -3.025330e+003
    endloop
  endfacet
  facet normal -6.918881e-002  2.582164e-001 -9.636064e-001
    outer loop
      vertex -5.710214e+001  7.102142e+000 -3.026000e+003
      vertex -5.835214e+001  9.267205e+000 -3.025330e+003
      vertex -5.710214e+001  9.602141e+000 -3.025330e+003
    endloop
  endfacet
  facet normal -1.110657e-001  7.027224e-001 -7.027415e-001
    outer loop
      vertex -5.710214e+001  1.143227e+001 -3.023500e+003
      vertex -5.710214e+001  9.602141e+000 -3.025330e+003
      vertex -5.900446e+001  1.054541e+001 -3.024086e+003
    endloop
  endfacet
  facet normal -1.716688e-001  6.406773e-001 -7.483732e-001
    outer loop
      vertex -5.900446e+001  1.054541e+001 -3.024086e+003
      vertex -5.710214e+001  9.602141e+000 -3.025330e+003
      vertex -5.835214e+001  9.267205e+000 -3.025330e+003
    endloop
  endfacet
  facet normal -4.762612e-001  4.762615e-001 -7.391552e-001
    outer loop
      vertex -5.900446e+001  1.054541e+001 -3.024086e+003
      vertex -5.835214e+001  9.267205e+000 -3.025330e+003
      vertex -6.054541e+001  9.004459e+000 -3.024086e+003
    endloop
  endfacet
  facet normal -4.762613e-001  4.762603e-001 -7.391557e-001
    outer loop
      vertex -6.054541e+001  9.004459e+000 -3.024086e+003
      vertex -5.835214e+001  9.267205e+000 -3.025330e+003
      vertex -5.926720e+001  8.352141e+000 -3.025330e+003
    endloop
  endfacet
  facet normal -6.717877e-001  8.649529e-002 -7.356765e-001
    outer loop
      vertex -6.054541e+001  9.004459e+000 -3.024086e+003
      vertex -5.926720e+001  8.352141e+000 -3.025330e+003
      vertex -6.143227e+001  7.102142e+000 -3.023500e+003
    endloop
  endfacet
  facet normal -6.947374e-001  1.861553e-001 -6.947562e-001
    outer loop
      vertex -6.143227e+001  7.102142e+000 -3.023500e+003
      vertex -5.926720e+001  8.352141e+000 -3.025330e+003
      vertex -5.960214e+001  7.102142e+000 -3.025330e+003
    endloop
  endfacet
  facet normal  -0.000000e+000 -2.225045e-001 -9.749317e-001
    outer loop
      vertex  2.500000e+001 -6.000000e+001 -2.992500e+003
      vertex  3.200000e+001 -6.000000e+001 -2.992500e+003
      vertex  2.500000e+001 -6.325413e+001 -2.991757e+003
    endloop
  endfacet
  facet normal  0.000000e+000 -2.225045e-001 -9.749317e-001
    outer loop
      vertex  2.500000e+001 -6.325413e+001 -2.991757e+003
      vertex  3.200000e+001 -6.000000e+001 -2.992500e+003
      vertex  3.200000e+001 -6.325413e+001 -2.991757e+003
    endloop
  endfacet
  facet normal  -0.000000e+000 -6.234823e-001 -7.818375e-001
    outer loop
      vertex  2.500000e+001 -6.325413e+001 -2.991757e+003
      vertex  3.200000e+001 -6.325413e+001 -2.991757e+003
      vertex  2.500000e+001 -6.586374e+001 -2.989676e+003
    endloop
  endfacet
  facet normal  0.000000e+000 -6.234823e-001 -7.818375e-001
    outer loop
      vertex  2.500000e+001 -6.586374e+001 -2.989676e+003
      vertex  3.200000e+001 -6.325413e+001 -2.991757e+003
      vertex  3.200000e+001 -6.586374e+001 -2.989676e+003
    endloop
  endfacet
  facet normal  -0.000000e+000 -9.009725e-001 -4.338760e-001
    outer loop
      vertex  2.500000e+001 -6.586374e+001 -2.989676e+003
      vertex  3.200000e+001 -6.586374e+001 -2.989676e+003
      vertex  2.500000e+001 -6.731196e+001 -2.986669e+003
    endloop
  endfacet
  facet normal  0.000000e+000 -9.009725e-001 -4.338760e-001
    outer loop
      vertex  2.500000e+001 -6.731196e+001 -2.986669e+003
      vertex  3.200000e+001 -6.586374e+001 -2.989676e+003
      vertex  3.200000e+001 -6.731196e+001 -2.986669e+003
    endloop
  endfacet
  facet normal  0.000000e+000 -1.000000e+000  0.000000e+000
    outer loop
      vertex  2.500000e+001 -6.731196e+001 -2.986669e+003
      vertex  3.200000e+001 -6.731196e+001 -2.986669e+003
      vertex  2.500000e+001 -6.731196e+001 -2.983331e+003
    endloop
  endfacet
  facet normal  0.000000e+000 -1.000000e+000  0.000000e+000
    outer loop
      vertex  2.500000e+001 -6.731196e+001 -2.983331e+003
      vertex  3.200000e+001 -6.731196e+001 -2.986669e+003
      vertex  3.200000e+001 -6.731196e+001 -2.983331e+003
    endloop
  endfacet
  facet normal  0.000000e+000 -9.009725e-001  4.338760e-001
    outer loop
      vertex  2.500000e+001 -6.731196e+001 -2.983331e+003
      vertex  3.200000e+001 -6.731196e+001 -2.983331e+003
      vertex  2.500000e+001 -6.586374e+001 -2.980324e+003
    endloop
  endfacet
  facet normal  0.000000e+000 -9.009725e-001  4.338760e-001
    outer loop
      vertex  2.500000e+001 -6.586374e+001 -2.980324e+003
      vertex  3.200000e+001 -6.731196e+001 -2.983331e+003
      vertex  3.200000e+001 -6.586374e+001 -2.980324e+003
    endloop
  endfacet
  facet normal  0.000000e+000 -6.234823e-001  7.818375e-001
    outer loop
      vertex  2.500000e+001 -6.586374e+001 -2.980324e+003
      vertex  3.200000e+001 -6.586374e+001 -2.980324e+003
      vertex  2.500000e+001 -6.325413e+001 -2.978243e+003
    endloop
  endfacet
  facet normal  0.000000e+000 -6.234823e-001  7.818375e-001
    outer loop
      vertex  2.500000e+001 -6.325413e+001 -2.978243e+003
      vertex  3.200000e+001 -6.586374e+001 -2.980324e+003
      vertex  3.200000e+001 -6.325413e+001 -2.978243e+003
    endloop
  endfacet
  facet normal  0.000000e+000 -2.225045e-001  9.749317e-001
    outer loop
      vertex  2.500000e+001 -6.325413e+001 -2.978243e+003
      vertex  3.200000e+001 -6.325413e+001 -2.978243e+003
      vertex  2.500000e+001 -6.000000e+001 -2.977500e+003
    endloop
  endfacet
  facet normal  0.000000e+000 -2.225045e-001  9.749317e-001
    outer loop
      vertex  2.500000e+001 -6.000000e+001 -2.977500e+003
      vertex  3.200000e+001 -6.325413e+001 -2.978243e+003
      vertex  3.200000e+001 -6.000000e+001 -2.977500e+003
    endloop
  endfacet
  facet normal  -0.000000e+000 -2.225045e-001 -9.749317e-001
    outer loop
      vertex -3.200000e+001 -6.000000e+001 -2.992500e+003
      vertex -2.500000e+001 -6.000000e+001 -2.992500e+003
      vertex -3.200000e+001 -6.325413e+001 -2.991757e+003
    endloop
  endfacet
  facet normal  0.000000e+000 -2.225045e-001 -9.749317e-001
    outer loop
      vertex -3.200000e+001 -6.325413e+001 -2.991757e+003
      vertex -2.500000e+001 -6.000000e+001 -2.992500e+003
      vertex -2.500000e+001 -6.325413e+001 -2.991757e+003
    endloop
  endfacet
  facet normal  -0.000000e+000 -6.234823e-001 -7.818375e-001
    outer loop
      vertex -3.200000e+001 -6.325413e+001 -2.991757e+003
      vertex -2.500000e+001 -6.325413e+001 -2.991757e+003
      vertex -3.200000e+001 -6.586374e+001 -2.989676e+003
    endloop
  endfacet
  facet normal  0.000000e+000 -6.234823e-001 -7.818375e-001
    outer loop
      vertex -3.200000e+001 -6.586374e+001 -2.989676e+003
      vertex -2.500000e+001 -6.325413e+001 -2.991757e+003
      vertex -2.500000e+001 -6.586374e+001 -2.989676e+003
    endloop
  endfacet
  facet normal  -0.000000e+000 -9.009725e-001 -4.338760e-001
    outer loop
      vertex -3.200000e+001 -6.586374e+001 -2.989676e+003
      vertex -2.500000e+001 -6.586374e+001 -2.989676e+003
      vertex -3.200000e+001 -6.731196e+001 -2.986669e+003
    endloop
  endfacet
  facet normal  0.000000e+000 -9.009725e-001 -4.338760e-001
    outer loop
      vertex -3.200000e+001 -6.731196e+001 -2.986669e+003
      vertex -2.500000e+001 -6.586374e+001 -2.989676e+003
      vertex -2.500000e+001 -6.731196e+001 -2.986669e+003
    endloop
  endfacet
  facet normal  0.000000e+000 -1.000000e+000  0.000000e+000
    outer loop
      vertex -3.200000e+001 -6.731196e+001 -2.986669e+003
      vertex -2.500000e+001 -6.731196e+001 -2.986669e+003
      vertex -3.200000e+001 -6.731196e+001 -2.983331e+003
    endloop
  endfacet
  facet normal  0.000000e+000 -1.000000e+000  0.000000e+000
    outer loop
      vertex -3.200000e+001 -6.731196e+001 -2.983331e+003
      vertex -2.500000e+001 -6.731196e+001 -2.986669e+003
      vertex -2.500000e+001 -6.731196e+001 -2.983331e+003
    endloop
  endfacet
  facet normal  0.000000e+000 -9.009725e-001  4.338760e-001
    outer loop
      vertex -3.200000e+001 -6.731196e+001 -2.983331e+003
      vertex -2.500000e+001 -6.731196e+001 -2.983331e+003
      vertex -3.200000e+001 -6.586374e+001 -2.980324e+003
    endloop
  endfacet
  facet normal  0.000000e+000 -9.009725e-001  4.338760e-001
    outer loop
      vertex -3.200000e+001 -6.586374e+001 -2.980324e+003
      vertex -2.500000e+001 -6.731196e+001 -2.983331e+003
      vertex -2.500000e+001 -6.586374e+001 -2.980324e+003
    endloop
  endfacet
  facet normal  0.000000e+000 -6.234823e-001  7.818375e-001
    outer loop
      vertex -3.200000e+001 -6.586374e+001 -2.980324e+003
      vertex -2.500000e+001 -6.586374e+001 -2.980324e+003
      vertex -3.200000e+001 -6.325413e+001 -2.978243e+003
    endloop
  endfacet
  facet normal  0.000000e+000 -6.234823e-001  7.818375e-001
    outer loop
      vertex -3.200000e+001 -6.325413e+001 -2.978243e+003
      vertex -2.500000e+001 -6.586374e+001 -2.980324e+003
      vertex -2.500000e+001 -6.325413e+001 -2.978243e+003
    endloop
  endfacet
  facet normal  0.000000e+000 -2.225045e-001  9.749317e-001
    outer loop
      vertex -3.200000e+001 -6.325413e+001 -2.978243e+003
      vertex -2.500000e+001 -6.325413e+001 -2.978243e+003
      vertex -3.200000e+001 -6.000000e+001 -2.977500e+003
    endloop
  endfacet
  facet normal  0.000000e+000 -2.225045e-001  9.749317e-001
    outer loop
      vertex -3.200000e+001 -6.000000e+001 -2.977500e+003
      vertex -2.500000e+001 -6.325413e+001 -2.978243e+003
      vertex -2.500000e+001 -6.000000e+001 -2.977500e+003
    endloop
  endfacet
  facet normal  0.000000e+000  2.225045e-001  9.749317e-001
    outer loop
      vertex  2.500000e+001 -6.000000e+001 -2.977500e+003
      vertex  3.200000e+001 -6.000000e+001 -2.977500e+003
      vertex  2.500000e+001 -5.674587e+001 -2.978243e+003
    endloop
  endfacet
  facet normal  -0.000000e+000  2.225045e-001  9.749317e-001
    outer loop
      vertex  2.500000e+001 -5.674587e+001 -2.978243e+003
      vertex  3.200000e+001 -6.000000e+001 -2.977500e+003
      vertex  3.200000e+001 -5.674587e+001 -2.978243e+003
    endloop
  endfacet
  facet normal  0.000000e+000  6.234829e-001  7.818370e-001
    outer loop
      vertex  2.500000e+001 -5.674587e+001 -2.978243e+003
      vertex  3.200000e+001 -5.674587e+001 -2.978243e+003
      vertex  2.500000e+001 -5.413626e+001 -2.980324e+003
    endloop
  endfacet
  facet normal  -0.000000e+000  6.234829e-001  7.818370e-001
    outer loop
      vertex  2.500000e+001 -5.413626e+001 -2.980324e+003
      vertex  3.200000e+001 -5.674587e+001 -2.978243e+003
      vertex  3.200000e+001 -5.413626e+001 -2.980324e+003
    endloop
  endfacet
  facet normal  0.000000e+000  9.009722e-001  4.338770e-001
    outer loop
      vertex  2.500000e+001 -5.413626e+001 -2.980324e+003
      vertex  3.200000e+001 -5.413626e+001 -2.980324e+003
      vertex  2.500000e+001 -5.268804e+001 -2.983331e+003
    endloop
  endfacet
  facet normal  -0.000000e+000  9.009722e-001  4.338770e-001
    outer loop
      vertex  2.500000e+001 -5.268804e+001 -2.983331e+003
      vertex  3.200000e+001 -5.413626e+001 -2.980324e+003
      vertex  3.200000e+001 -5.268804e+001 -2.983331e+003
    endloop
  endfacet
  facet normal  0.000000e+000  1.000000e+000  0.000000e+000
    outer loop
      vertex  2.500000e+001 -5.268804e+001 -2.983331e+003
      vertex  3.200000e+001 -5.268804e+001 -2.983331e+003
      vertex  2.500000e+001 -5.268804e+001 -2.986669e+003
    endloop
  endfacet
  facet normal  0.000000e+000  1.000000e+000  0.000000e+000
    outer loop
      vertex  2.500000e+001 -5.268804e+001 -2.986669e+003
      vertex  3.200000e+001 -5.268804e+001 -2.983331e+003
      vertex  3.200000e+001 -5.268804e+001 -2.986669e+003
    endloop
  endfacet
  facet normal  0.000000e+000  9.009722e-001 -4.338770e-001
    outer loop
      vertex  2.500000e+001 -5.268804e+001 -2.986669e+003
      vertex  3.200000e+001 -5.268804e+001 -2.986669e+003
      vertex  2.500000e+001 -5.413626e+001 -2.989676e+003
    endloop
  endfacet
  facet normal  0.000000e+000  9.009722e-001 -4.338770e-001
    outer loop
      vertex  2.500000e+001 -5.413626e+001 -2.989676e+003
      vertex  3.200000e+001 -5.268804e+001 -2.986669e+003
      vertex  3.200000e+001 -5.413626e+001 -2.989676e+003
    endloop
  endfacet
  facet normal  0.000000e+000  6.234829e-001 -7.818370e-001
    outer loop
      vertex  2.500000e+001 -5.413626e+001 -2.989676e+003
      vertex  3.200000e+001 -5.413626e+001 -2.989676e+003
      vertex  2.500000e+001 -5.674587e+001 -2.991757e+003
    endloop
  endfacet
  facet normal  0.000000e+000  6.234829e-001 -7.818370e-001
    outer loop
      vertex  2.500000e+001 -5.674587e+001 -2.991757e+003
      vertex  3.200000e+001 -5.413626e+001 -2.989676e+003
      vertex  3.200000e+001 -5.674587e+001 -2.991757e+003
    endloop
  endfacet
  facet normal  0.000000e+000  2.225045e-001 -9.749317e-001
    outer loop
      vertex  2.500000e+001 -5.674587e+001 -2.991757e+003
      vertex  3.200000e+001 -5.674587e+001 -2.991757e+003
      vertex  2.500000e+001 -6.000000e+001 -2.992500e+003
    endloop
  endfacet
  facet normal  0.000000e+000  2.225045e-001 -9.749317e-001
    outer loop
      vertex  2.500000e+001 -6.000000e+001 -2.992500e+003
      vertex  3.200000e+001 -5.674587e+001 -2.991757e+003
      vertex  3.200000e+001 -6.000000e+001 -2.992500e+003
    endloop
  endfacet
  facet normal  0.000000e+000  2.225045e-001  9.749317e-001
    outer loop
      vertex -3.200000e+001 -6.000000e+001 -2.977500e+003
      vertex -2.500000e+001 -6.000000e+001 -2.977500e+003
      vertex -3.200000e+001 -5.674587e+001 -2.978243e+003
    endloop
  endfacet
  facet normal  -0.000000e+000  2.225045e-001  9.749317e-001
    outer loop
      vertex -3.200000e+001 -5.674587e+001 -2.978243e+003
      vertex -2.500000e+001 -6.000000e+001 -2.977500e+003
      vertex -2.500000e+001 -5.674587e+001 -2.978243e+003
    endloop
  endfacet
  facet normal  0.000000e+000  6.234829e-001  7.818370e-001
    outer loop
      vertex -3.200000e+001 -5.674587e+001 -2.978243e+003
      vertex -2.500000e+001 -5.674587e+001 -2.978243e+003
      vertex -3.200000e+001 -5.413626e+001 -2.980324e+003
    endloop
  endfacet
  facet normal  -0.000000e+000  6.234829e-001  7.818370e-001
    outer loop
      vertex -3.200000e+001 -5.413626e+001 -2.980324e+003
      vertex -2.500000e+001 -5.674587e+001 -2.978243e+003
      vertex -2.500000e+001 -5.413626e+001 -2.980324e+003
    endloop
  endfacet
  facet normal  0.000000e+000  9.009722e-001  4.338770e-001
    outer loop
      vertex -3.200000e+001 -5.413626e+001 -2.980324e+003
      vertex -2.500000e+001 -5.413626e+001 -2.980324e+003
      vertex -3.200000e+001 -5.268804e+001 -2.983331e+003
    endloop
  endfacet
  facet normal  -0.000000e+000  9.009722e-001  4.338770e-001
    outer loop
      vertex -3.200000e+001 -5.268804e+001 -2.983331e+003
      vertex -2.500000e+001 -5.413626e+001 -2.980324e+003
      vertex -2.500000e+001 -5.268804e+001 -2.983331e+003
    endloop
  endfacet
  facet normal  0.000000e+000  1.000000e+000  0.000000e+000
    outer loop
      vertex -3.200000e+001 -5.268804e+001 -2.983331e+003
      vertex -2.500000e+001 -5.268804e+001 -2.983331e+003
      vertex -3.200000e+001 -5.268804e+001 -2.986669e+003
    endloop
  endfacet
  facet normal  0.000000e+000  1.000000e+000  0.000000e+000
    outer loop
      vertex -3.200000e+001 -5.268804e+001 -2.986669e+003
      vertex -2.500000e+001 -5.268804e+001 -2.983331e+003
      vertex -2.500000e+001 -5.268804e+001 -2.986669e+003
    endloop
  endfacet
  facet normal  0.000000e+000  9.009722e-001 -4.338770e-001
    outer loop
      vertex -3.200000e+001 -5.268804e+001 -2.986669e+003
      vertex -2.500000e+001 -5.268804e+001 -2.986669e+003
      vertex -3.200000e+001 -5.413626e+001 -2.989676e+003
    endloop
  endfacet
  facet normal  0.000000e+000  9.009722e-001 -4.338770e-001
    outer loop
      vertex -3.200000e+001 -5.413626e+001 -2.989676e+003
      vertex -2.500000e+001 -5.268804e+001 -2.986669e+003
      vertex -2.500000e+001 -5.413626e+001 -2.989676e+003
    endloop
  endfacet
  facet normal  0.000000e+000  6.234829e-001 -7.818370e-001
    outer loop
      vertex -3.200000e+001 -5.413626e+001 -2.989676e+003
      vertex -2.500000e+001 -5.413626e+001 -2.989676e+003
      vertex -3.200000e+001 -5.674587e+001 -2.991757e+003
    endloop
  endfacet
  facet normal  0.000000e+000  6.234829e-001 -7.818370e-001
    outer loop
      vertex -3.200000e+001 -5.674587e+001 -2.991757e+003
      vertex -2.500000e+001 -5.413626e+001 -2.989676e+003
      vertex -2.500000e+001 -5.674587e+001 -2.991757e+003
    endloop
  endfacet
  facet normal  0.000000e+000  2.225045e-001 -9.749317e-001
    outer loop
      vertex -3.200000e+001 -5.674587e+001 -2.991757e+003
      vertex -2.500000e+001 -5.674587e+001 -2.991757e+003
      vertex -3.200000e+001 -6.000000e+001 -2.992500e+003
    endloop
  endfacet
  facet normal  0.000000e+000  2.225045e-001 -9.749317e-001
    outer loop
      vertex -3.200000e+001 -6.000000e+001 -2.992500e+003
      vertex -2.500000e+001 -5.674587e+001 -2.991757e+003
      vertex -2.500000e+001 -6.000000e+001 -2.992500e+003
    endloop
  endfacet
  facet normal -2.225045e-001  0.000000e+000 -9.749317e-001
    outer loop
      vertex -6.000000e+001 -2.500000e+001 -2.992500e+003
      vertex -6.000000e+001 -3.200000e+001 -2.992500e+003
      vertex -6.325413e+001 -2.500000e+001 -2.991757e+003
    endloop
  endfacet
  facet normal -2.225045e-001  -0.000000e+000 -9.749317e-001
    outer loop
      vertex -6.325413e+001 -2.500000e+001 -2.991757e+003
      vertex -6.000000e+001 -3.200000e+001 -2.992500e+003
      vertex -6.325413e+001 -3.200000e+001 -2.991757e+003
    endloop
  endfacet
  facet normal -6.234823e-001  0.000000e+000 -7.818375e-001
    outer loop
      vertex -6.325413e+001 -2.500000e+001 -2.991757e+003
      vertex -6.325413e+001 -3.200000e+001 -2.991757e+003
      vertex -6.586374e+001 -2.500000e+001 -2.989676e+003
    endloop
  endfacet
  facet normal -6.234823e-001  -0.000000e+000 -7.818375e-001
    outer loop
      vertex -6.586374e+001 -2.500000e+001 -2.989676e+003
      vertex -6.325413e+001 -3.200000e+001 -2.991757e+003
      vertex -6.586374e+001 -3.200000e+001 -2.989676e+003
    endloop
  endfacet
  facet normal -9.009725e-001  0.000000e+000 -4.338760e-001
    outer loop
      vertex -6.586374e+001 -2.500000e+001 -2.989676e+003
      vertex -6.586374e+001 -3.200000e+001 -2.989676e+003
      vertex -6.731196e+001 -2.500000e+001 -2.986669e+003
    endloop
  endfacet
  facet normal -9.009725e-001  -0.000000e+000 -4.338760e-001
    outer loop
      vertex -6.731196e+001 -2.500000e+001 -2.986669e+003
      vertex -6.586374e+001 -3.200000e+001 -2.989676e+003
      vertex -6.731196e+001 -3.200000e+001 -2.986669e+003
    endloop
  endfacet
  facet normal -1.000000e+000  0.000000e+000  0.000000e+000
    outer loop
      vertex -6.731196e+001 -2.500000e+001 -2.986669e+003
      vertex -6.731196e+001 -3.200000e+001 -2.986669e+003
      vertex -6.731196e+001 -2.500000e+001 -2.983331e+003
    endloop
  endfacet
  facet normal -1.000000e+000  -0.000000e+000  0.000000e+000
    outer loop
      vertex -6.731196e+001 -2.500000e+001 -2.983331e+003
      vertex -6.731196e+001 -3.200000e+001 -2.986669e+003
      vertex -6.731196e+001 -3.200000e+001 -2.983331e+003
    endloop
  endfacet
  facet normal -9.009725e-001  0.000000e+000  4.338760e-001
    outer loop
      vertex -6.731196e+001 -2.500000e+001 -2.983331e+003
      vertex -6.731196e+001 -3.200000e+001 -2.983331e+003
      vertex -6.586374e+001 -2.500000e+001 -2.980324e+003
    endloop
  endfacet
  facet normal -9.009725e-001  0.000000e+000  4.338760e-001
    outer loop
      vertex -6.586374e+001 -2.500000e+001 -2.980324e+003
      vertex -6.731196e+001 -3.200000e+001 -2.983331e+003
      vertex -6.586374e+001 -3.200000e+001 -2.980324e+003
    endloop
  endfacet
  facet normal -6.234823e-001  0.000000e+000  7.818375e-001
    outer loop
      vertex -6.586374e+001 -2.500000e+001 -2.980324e+003
      vertex -6.586374e+001 -3.200000e+001 -2.980324e+003
      vertex -6.325413e+001 -2.500000e+001 -2.978243e+003
    endloop
  endfacet
  facet normal -6.234823e-001  0.000000e+000  7.818375e-001
    outer loop
      vertex -6.325413e+001 -2.500000e+001 -2.978243e+003
      vertex -6.586374e+001 -3.200000e+001 -2.980324e+003
      vertex -6.325413e+001 -3.200000e+001 -2.978243e+003
    endloop
  endfacet
  facet normal -2.225045e-001  0.000000e+000  9.749317e-001
    outer loop
      vertex -6.325413e+001 -2.500000e+001 -2.978243e+003
      vertex -6.325413e+001 -3.200000e+001 -2.978243e+003
      vertex -6.000000e+001 -2.500000e+001 -2.977500e+003
    endloop
  endfacet
  facet normal -2.225045e-001  0.000000e+000  9.749317e-001
    outer loop
      vertex -6.000000e+001 -2.500000e+001 -2.977500e+003
      vertex -6.325413e+001 -3.200000e+001 -2.978243e+003
      vertex -6.000000e+001 -3.200000e+001 -2.977500e+003
    endloop
  endfacet
  facet normal -2.225045e-001  0.000000e+000 -9.749317e-001
    outer loop
      vertex -6.000000e+001  3.200000e+001 -2.992500e+003
      vertex -6.000000e+001  2.500000e+001 -2.992500e+003
      vertex -6.325413e+001  3.200000e+001 -2.991757e+003
    endloop
  endfacet
  facet normal -2.225045e-001  -0.000000e+000 -9.749317e-001
    outer loop
      vertex -6.325413e+001  3.200000e+001 -2.991757e+003
      vertex -6.000000e+001  2.500000e+001 -2.992500e+003
      vertex -6.325413e+001  2.500000e+001 -2.991757e+003
    endloop
  endfacet
  facet normal -6.234823e-001  0.000000e+000 -7.818375e-001
    outer loop
      vertex -6.325413e+001  3.200000e+001 -2.991757e+003
      vertex -6.325413e+001  2.500000e+001 -2.991757e+003
      vertex -6.586374e+001  3.200000e+001 -2.989676e+003
    endloop
  endfacet
  facet normal -6.234823e-001  -0.000000e+000 -7.818375e-001
    outer loop
      vertex -6.586374e+001  3.200000e+001 -2.989676e+003
      vertex -6.325413e+001  2.500000e+001 -2.991757e+003
      vertex -6.586374e+001  2.500000e+001 -2.989676e+003
    endloop
  endfacet
  facet normal -9.009725e-001  0.000000e+000 -4.338760e-001
    outer loop
      vertex -6.586374e+001  3.200000e+001 -2.989676e+003
      vertex -6.586374e+001  2.500000e+001 -2.989676e+003
      vertex -6.731196e+001  3.200000e+001 -2.986669e+003
    endloop
  endfacet
  facet normal -9.009725e-001  -0.000000e+000 -4.338760e-001
    outer loop
      vertex -6.731196e+001  3.200000e+001 -2.986669e+003
      vertex -6.586374e+001  2.500000e+001 -2.989676e+003
      vertex -6.731196e+001  2.500000e+001 -2.986669e+003
    endloop
  endfacet
  facet normal -1.000000e+000  0.000000e+000  0.000000e+000
    outer loop
      vertex -6.731196e+001  3.200000e+001 -2.986669e+003
      vertex -6.731196e+001  2.500000e+001 -2.986669e+003
      vertex -6.731196e+001  3.200000e+001 -2.983331e+003
    endloop
  endfacet
  facet normal -1.000000e+000  -0.000000e+000  0.000000e+000
    outer loop
      vertex -6.731196e+001  3.200000e+001 -2.983331e+003
      vertex -6.731196e+001  2.500000e+001 -2.986669e+003
      vertex -6.731196e+001  2.500000e+001 -2.983331e+003
    endloop
  endfacet
  facet normal -9.009725e-001  0.000000e+000  4.338760e-001
    outer loop
      vertex -6.731196e+001  3.200000e+001 -2.983331e+003
      vertex -6.731196e+001  2.500000e+001 -2.983331e+003
      vertex -6.586374e+001  3.200000e+001 -2.980324e+003
    endloop
  endfacet
  facet normal -9.009725e-001  0.000000e+000  4.338760e-001
    outer loop
      vertex -6.586374e+001  3.200000e+001 -2.980324e+003
      vertex -6.731196e+001  2.500000e+001 -2.983331e+003
      vertex -6.586374e+001  2.500000e+001 -2.980324e+003
    endloop
  endfacet
  facet normal -6.234823e-001  0.000000e+000  7.818375e-001
    outer loop
      vertex -6.586374e+001  3.200000e+001 -2.980324e+003
      vertex -6.586374e+001  2.500000e+001 -2.980324e+003
      vertex -6.325413e+001  3.200000e+001 -2.978243e+003
    endloop
  endfacet
  facet normal -6.234823e-001  0.000000e+000  7.818375e-001
    outer loop
      vertex -6.325413e+001  3.200000e+001 -2.978243e+003
      vertex -6.586374e+001  2.500000e+001 -2.980324e+003
      vertex -6.325413e+001  2.500000e+001 -2.978243e+003
    endloop
  endfacet
  facet normal -2.225045e-001  0.000000e+000  9.749317e-001
    outer loop
      vertex -6.325413e+001  3.200000e+001 -2.978243e+003
      vertex -6.325413e+001  2.500000e+001 -2.978243e+003
      vertex -6.000000e+001  3.200000e+001 -2.977500e+003
    endloop
  endfacet
  facet normal -2.225045e-001  0.000000e+000  9.749317e-001
    outer loop
      vertex -6.000000e+001  3.200000e+001 -2.977500e+003
      vertex -6.325413e+001  2.500000e+001 -2.978243e+003
      vertex -6.000000e+001  2.500000e+001 -2.977500e+003
    endloop
  endfacet
  facet normal  2.225045e-001  -0.000000e+000  9.749317e-001
    outer loop
      vertex -6.000000e+001 -2.500000e+001 -2.977500e+003
      vertex -6.000000e+001 -3.200000e+001 -2.977500e+003
      vertex -5.674587e+001 -2.500000e+001 -2.978243e+003
    endloop
  endfacet
  facet normal  2.225045e-001  0.000000e+000  9.749317e-001
    outer loop
      vertex -5.674587e+001 -2.500000e+001 -2.978243e+003
      vertex -6.000000e+001 -3.200000e+001 -2.977500e+003
      vertex -5.674587e+001 -3.200000e+001 -2.978243e+003
    endloop
  endfacet
  facet normal  6.234829e-001  -0.000000e+000  7.818370e-001
    outer loop
      vertex -5.674587e+001 -2.500000e+001 -2.978243e+003
      vertex -5.674587e+001 -3.200000e+001 -2.978243e+003
      vertex -5.413626e+001 -2.500000e+001 -2.980324e+003
    endloop
  endfacet
  facet normal  6.234829e-001  0.000000e+000  7.818370e-001
    outer loop
      vertex -5.413626e+001 -2.500000e+001 -2.980324e+003
      vertex -5.674587e+001 -3.200000e+001 -2.978243e+003
      vertex -5.413626e+001 -3.200000e+001 -2.980324e+003
    endloop
  endfacet
  facet normal  9.009722e-001  -0.000000e+000  4.338770e-001
    outer loop
      vertex -5.413626e+001 -2.500000e+001 -2.980324e+003
      vertex -5.413626e+001 -3.200000e+001 -2.980324e+003
      vertex -5.268804e+001 -2.500000e+001 -2.983331e+003
    endloop
  endfacet
  facet normal  9.009722e-001  0.000000e+000  4.338770e-001
    outer loop
      vertex -5.268804e+001 -2.500000e+001 -2.983331e+003
      vertex -5.413626e+001 -3.200000e+001 -2.980324e+003
      vertex -5.268804e+001 -3.200000e+001 -2.983331e+003
    endloop
  endfacet
  facet normal  1.000000e+000  -0.000000e+000  0.000000e+000
    outer loop
      vertex -5.268804e+001 -2.500000e+001 -2.983331e+003
      vertex -5.268804e+001 -3.200000e+001 -2.983331e+003
      vertex -5.268804e+001 -2.500000e+001 -2.986669e+003
    endloop
  endfacet
  facet normal  1.000000e+000  0.000000e+000  0.000000e+000
    outer loop
      vertex -5.268804e+001 -2.500000e+001 -2.986669e+003
      vertex -5.268804e+001 -3.200000e+001 -2.983331e+003
      vertex -5.268804e+001 -3.200000e+001 -2.986669e+003
    endloop
  endfacet
  facet normal  9.009722e-001  0.000000e+000 -4.338770e-001
    outer loop
      vertex -5.268804e+001 -2.500000e+001 -2.986669e+003
      vertex -5.268804e+001 -3.200000e+001 -2.986669e+003
      vertex -5.413626e+001 -2.500000e+001 -2.989676e+003
    endloop
  endfacet
  facet normal  9.009722e-001  0.000000e+000 -4.338770e-001
    outer loop
      vertex -5.413626e+001 -2.500000e+001 -2.989676e+003
      vertex -5.268804e+001 -3.200000e+001 -2.986669e+003
      vertex -5.413626e+001 -3.200000e+001 -2.989676e+003
    endloop
  endfacet
  facet normal  6.234829e-001  0.000000e+000 -7.818370e-001
    outer loop
      vertex -5.413626e+001 -2.500000e+001 -2.989676e+003
      vertex -5.413626e+001 -3.200000e+001 -2.989676e+003
      vertex -5.674587e+001 -2.500000e+001 -2.991757e+003
    endloop
  endfacet
  facet normal  6.234829e-001  0.000000e+000 -7.818370e-001
    outer loop
      vertex -5.674587e+001 -2.500000e+001 -2.991757e+003
      vertex -5.413626e+001 -3.200000e+001 -2.989676e+003
      vertex -5.674587e+001 -3.200000e+001 -2.991757e+003
    endloop
  endfacet
  facet normal  2.225045e-001  0.000000e+000 -9.749317e-001
    outer loop
      vertex -5.674587e+001 -2.500000e+001 -2.991757e+003
      vertex -5.674587e+001 -3.200000e+001 -2.991757e+003
      vertex -6.000000e+001 -2.500000e+001 -2.992500e+003
    endloop
  endfacet
  facet normal  2.225045e-001  0.000000e+000 -9.749317e-001
    outer loop
      vertex -6.000000e+001 -2.500000e+001 -2.992500e+003
      vertex -5.674587e+001 -3.200000e+001 -2.991757e+003
      vertex -6.000000e+001 -3.200000e+001 -2.992500e+003
    endloop
  endfacet
  facet normal  2.225045e-001  -0.000000e+000  9.749317e-001
    outer loop
      vertex -6.000000e+001  3.200000e+001 -2.977500e+003
      vertex -6.000000e+001  2.500000e+001 -2.977500e+003
      vertex -5.674587e+001  3.200000e+001 -2.978243e+003
    endloop
  endfacet
  facet normal  2.225045e-001  0.000000e+000  9.749317e-001
    outer loop
      vertex -5.674587e+001  3.200000e+001 -2.978243e+003
      vertex -6.000000e+001  2.500000e+001 -2.977500e+003
      vertex -5.674587e+001  2.500000e+001 -2.978243e+003
    endloop
  endfacet
  facet normal  6.234829e-001  -0.000000e+000  7.818370e-001
    outer loop
      vertex -5.674587e+001  3.200000e+001 -2.978243e+003
      vertex -5.674587e+001  2.500000e+001 -2.978243e+003
      vertex -5.413626e+001  3.200000e+001 -2.980324e+003
    endloop
  endfacet
  facet normal  6.234829e-001  0.000000e+000  7.818370e-001
    outer loop
      vertex -5.413626e+001  3.200000e+001 -2.980324e+003
      vertex -5.674587e+001  2.500000e+001 -2.978243e+003
      vertex -5.413626e+001  2.500000e+001 -2.980324e+003
    endloop
  endfacet
  facet normal  9.009722e-001  -0.000000e+000  4.338770e-001
    outer loop
      vertex -5.413626e+001  3.200000e+001 -2.980324e+003
      vertex -5.413626e+001  2.500000e+001 -2.980324e+003
      vertex -5.268804e+001  3.200000e+001 -2.983331e+003
    endloop
  endfacet
  facet normal  9.009722e-001  0.000000e+000  4.338770e-001
    outer loop
      vertex -5.268804e+001  3.200000e+001 -2.983331e+003
      vertex -5.413626e+001  2.500000e+001 -2.980324e+003
      vertex -5.268804e+001  2.500000e+001 -2.983331e+003
    endloop
  endfacet
  facet normal  1.000000e+000  -0.000000e+000  0.000000e+000
    outer loop
      vertex -5.268804e+001  3.200000e+001 -2.983331e+003
      vertex -5.268804e+001  2.500000e+001 -2.983331e+003
      vertex -5.268804e+001  3.200000e+001 -2.986669e+003
    endloop
  endfacet
  facet normal  1.000000e+000  0.000000e+000  0.000000e+000
    outer loop
      vertex -5.268804e+001  3.200000e+001 -2.986669e+003
      vertex -5.268804e+001  2.500000e+001 -2.983331e+003
      vertex -5.268804e+001  2.500000e+001 -2.986669e+003
    endloop
  endfacet
  facet normal  9.009722e-001  0.000000e+000 -4.338770e-001
    outer loop
      vertex -5.268804e+001  3.200000e+001 -2.986669e+003
      vertex -5.268804e+001  2.500000e+001 -2.986669e+003
      vertex -5.413626e+001  3.200000e+001 -2.989676e+003
    endloop
  endfacet
  facet normal  9.009722e-001  0.000000e+000 -4.338770e-001
    outer loop
      vertex -5.413626e+001  3.200000e+001 -2.989676e+003
      vertex -5.268804e+001  2.500000e+001 -2.986669e+003
      vertex -5.413626e+001  2.500000e+001 -2.989676e+003
    endloop
  endfacet
  facet normal  6.234829e-001  0.000000e+000 -7.818370e-001
    outer loop
      vertex -5.413626e+001  3.200000e+001 -2.989676e+003
      vertex -5.413626e+001  2.500000e+001 -2.989676e+003
      vertex -5.674587e+001  3.200000e+001 -2.991757e+003
    endloop
  endfacet
  facet normal  6.234829e-001  0.000000e+000 -7.818370e-001
    outer loop
      vertex -5.674587e+001  3.200000e+001 -2.991757e+003
      vertex -5.413626e+001  2.500000e+001 -2.989676e+003
      vertex -5.674587e+001  2.500000e+001 -2.991757e+003
    endloop
  endfacet
  facet normal  2.225045e-001  0.000000e+000 -9.749317e-001
    outer loop
      vertex -5.674587e+001  3.200000e+001 -2.991757e+003
      vertex -5.674587e+001  2.500000e+001 -2.991757e+003
      vertex -6.000000e+001  3.200000e+001 -2.992500e+003
    endloop
  endfacet
  facet normal  2.225045e-001  0.000000e+000 -9.749317e-001
    outer loop
      vertex -6.000000e+001  3.200000e+001 -2.992500e+003
      vertex -5.674587e+001  2.500000e+001 -2.991757e+003
      vertex -6.000000e+001  2.500000e+001 -2.992500e+003
    endloop
  endfacet
  facet normal  0.000000e+000  2.225045e-001 -9.749317e-001
    outer loop
      vertex -2.500000e+001  6.000000e+001 -2.992500e+003
      vertex -3.200000e+001  6.000000e+001 -2.992500e+003
      vertex -2.500000e+001  6.325413e+001 -2.991757e+003
    endloop
  endfacet
  facet normal  0.000000e+000  2.225045e-001 -9.749317e-001
    outer loop
      vertex -2.500000e+001  6.325413e+001 -2.991757e+003
      vertex -3.200000e+001  6.000000e+001 -2.992500e+003
      vertex -3.200000e+001  6.325413e+001 -2.991757e+003
    endloop
  endfacet
  facet normal  0.000000e+000  6.234823e-001 -7.818375e-001
    outer loop
      vertex -2.500000e+001  6.325413e+001 -2.991757e+003
      vertex -3.200000e+001  6.325413e+001 -2.991757e+003
      vertex -2.500000e+001  6.586374e+001 -2.989676e+003
    endloop
  endfacet
  facet normal  0.000000e+000  6.234823e-001 -7.818375e-001
    outer loop
      vertex -2.500000e+001  6.586374e+001 -2.989676e+003
      vertex -3.200000e+001  6.325413e+001 -2.991757e+003
      vertex -3.200000e+001  6.586374e+001 -2.989676e+003
    endloop
  endfacet
  facet normal  0.000000e+000  9.009725e-001 -4.338760e-001
    outer loop
      vertex -2.500000e+001  6.586374e+001 -2.989676e+003
      vertex -3.200000e+001  6.586374e+001 -2.989676e+003
      vertex -2.500000e+001  6.731196e+001 -2.986669e+003
    endloop
  endfacet
  facet normal  0.000000e+000  9.009725e-001 -4.338760e-001
    outer loop
      vertex -2.500000e+001  6.731196e+001 -2.986669e+003
      vertex -3.200000e+001  6.586374e+001 -2.989676e+003
      vertex -3.200000e+001  6.731196e+001 -2.986669e+003
    endloop
  endfacet
  facet normal  0.000000e+000  1.000000e+000  0.000000e+000
    outer loop
      vertex -2.500000e+001  6.731196e+001 -2.986669e+003
      vertex -3.200000e+001  6.731196e+001 -2.986669e+003
      vertex -2.500000e+001  6.731196e+001 -2.983331e+003
    endloop
  endfacet
  facet normal  0.000000e+000  1.000000e+000  0.000000e+000
    outer loop
      vertex -2.500000e+001  6.731196e+001 -2.983331e+003
      vertex -3.200000e+001  6.731196e+001 -2.986669e+003
      vertex -3.200000e+001  6.731196e+001 -2.983331e+003
    endloop
  endfacet
  facet normal  -0.000000e+000  9.009725e-001  4.338760e-001
    outer loop
      vertex -2.500000e+001  6.731196e+001 -2.983331e+003
      vertex -3.200000e+001  6.731196e+001 -2.983331e+003
      vertex -2.500000e+001  6.586374e+001 -2.980324e+003
    endloop
  endfacet
  facet normal  0.000000e+000  9.009725e-001  4.338760e-001
    outer loop
      vertex -2.500000e+001  6.586374e+001 -2.980324e+003
      vertex -3.200000e+001  6.731196e+001 -2.983331e+003
      vertex -3.200000e+001  6.586374e+001 -2.980324e+003
    endloop
  endfacet
  facet normal  -0.000000e+000  6.234823e-001  7.818375e-001
    outer loop
      vertex -2.500000e+001  6.586374e+001 -2.980324e+003
      vertex -3.200000e+001  6.586374e+001 -2.980324e+003
      vertex -2.500000e+001  6.325413e+001 -2.978243e+003
    endloop
  endfacet
  facet normal  0.000000e+000  6.234823e-001  7.818375e-001
    outer loop
      vertex -2.500000e+001  6.325413e+001 -2.978243e+003
      vertex -3.200000e+001  6.586374e+001 -2.980324e+003
      vertex -3.200000e+001  6.325413e+001 -2.978243e+003
    endloop
  endfacet
  facet normal  -0.000000e+000  2.225045e-001  9.749317e-001
    outer loop
      vertex -2.500000e+001  6.325413e+001 -2.978243e+003
      vertex -3.200000e+001  6.325413e+001 -2.978243e+003
      vertex -2.500000e+001  6.000000e+001 -2.977500e+003
    endloop
  endfacet
  facet normal  0.000000e+000  2.225045e-001  9.749317e-001
    outer loop
      vertex -2.500000e+001  6.000000e+001 -2.977500e+003
      vertex -3.200000e+001  6.325413e+001 -2.978243e+003
      vertex -3.200000e+001  6.000000e+001 -2.977500e+003
    endloop
  endfacet
  facet normal  0.000000e+000  2.225045e-001 -9.749317e-001
    outer loop
      vertex  3.200000e+001  6.000000e+001 -2.992500e+003
      vertex  2.500000e+001  6.000000e+001 -2.992500e+003
      vertex  3.200000e+001  6.325413e+001 -2.991757e+003
    endloop
  endfacet
  facet normal  0.000000e+000  2.225045e-001 -9.749317e-001
    outer loop
      vertex  3.200000e+001  6.325413e+001 -2.991757e+003
      vertex  2.500000e+001  6.000000e+001 -2.992500e+003
      vertex  2.500000e+001  6.325413e+001 -2.991757e+003
    endloop
  endfacet
  facet normal  0.000000e+000  6.234823e-001 -7.818375e-001
    outer loop
      vertex  3.200000e+001  6.325413e+001 -2.991757e+003
      vertex  2.500000e+001  6.325413e+001 -2.991757e+003
      vertex  3.200000e+001  6.586374e+001 -2.989676e+003
    endloop
  endfacet
  facet normal  0.000000e+000  6.234823e-001 -7.818375e-001
    outer loop
      vertex  3.200000e+001  6.586374e+001 -2.989676e+003
      vertex  2.500000e+001  6.325413e+001 -2.991757e+003
      vertex  2.500000e+001  6.586374e+001 -2.989676e+003
    endloop
  endfacet
  facet normal  0.000000e+000  9.009725e-001 -4.338760e-001
    outer loop
      vertex  3.200000e+001  6.586374e+001 -2.989676e+003
      vertex  2.500000e+001  6.586374e+001 -2.989676e+003
      vertex  3.200000e+001  6.731196e+001 -2.986669e+003
    endloop
  endfacet
  facet normal  0.000000e+000  9.009725e-001 -4.338760e-001
    outer loop
      vertex  3.200000e+001  6.731196e+001 -2.986669e+003
      vertex  2.500000e+001  6.586374e+001 -2.989676e+003
      vertex  2.500000e+001  6.731196e+001 -2.986669e+003
    endloop
  endfacet
  facet normal  0.000000e+000  1.000000e+000  0.000000e+000
    outer loop
      vertex  3.200000e+001  6.731196e+001 -2.986669e+003
      vertex  2.500000e+001  6.731196e+001 -2.986669e+003
      vertex  3.200000e+001  6.731196e+001 -2.983331e+003
    endloop
  endfacet
  facet normal  0.000000e+000  1.000000e+000  0.000000e+000
    outer loop
      vertex  3.200000e+001  6.731196e+001 -2.983331e+003
      vertex  2.500000e+001  6.731196e+001 -2.986669e+003
      vertex  2.500000e+001  6.731196e+001 -2.983331e+003
    endloop
  endfacet
  facet normal  -0.000000e+000  9.009725e-001  4.338760e-001
    outer loop
      vertex  3.200000e+001  6.731196e+001 -2.983331e+003
      vertex  2.500000e+001  6.731196e+001 -2.983331e+003
      vertex  3.200000e+001  6.586374e+001 -2.980324e+003
    endloop
  endfacet
  facet normal  0.000000e+000  9.009725e-001  4.338760e-001
    outer loop
      vertex  3.200000e+001  6.586374e+001 -2.980324e+003
      vertex  2.500000e+001  6.731196e+001 -2.983331e+003
      vertex  2.500000e+001  6.586374e+001 -2.980324e+003
    endloop
  endfacet
  facet normal  -0.000000e+000  6.234823e-001  7.818375e-001
    outer loop
      vertex  3.200000e+001  6.586374e+001 -2.980324e+003
      vertex  2.500000e+001  6.586374e+001 -2.980324e+003
      vertex  3.200000e+001  6.325413e+001 -2.978243e+003
    endloop
  endfacet
  facet normal  0.000000e+000  6.234823e-001  7.818375e-001
    outer loop
      vertex  3.200000e+001  6.325413e+001 -2.978243e+003
      vertex  2.500000e+001  6.586374e+001 -2.980324e+003
      vertex  2.500000e+001  6.325413e+001 -2.978243e+003
    endloop
  endfacet
  facet normal  -0.000000e+000  2.225045e-001  9.749317e-001
    outer loop
      vertex  3.200000e+001  6.325413e+001 -2.978243e+003
      vertex  2.500000e+001  6.325413e+001 -2.978243e+003
      vertex  3.200000e+001  6.000000e+001 -2.977500e+003
    endloop
  endfacet
  facet normal  0.000000e+000  2.225045e-001  9.749317e-001
    outer loop
      vertex  3.200000e+001  6.000000e+001 -2.977500e+003
      vertex  2.500000e+001  6.325413e+001 -2.978243e+003
      vertex  2.500000e+001  6.000000e+001 -2.977500e+003
    endloop
  endfacet
  facet normal  0.000000e+000 -2.225045e-001  9.749317e-001
    outer loop
      vertex -2.500000e+001  6.000000e+001 -2.977500e+003
      vertex -3.200000e+001  6.000000e+001 -2.977500e+003
      vertex -2.500000e+001  5.674587e+001 -2.978243e+003
    endloop
  endfacet
  facet normal  0.000000e+000 -2.225045e-001  9.749317e-001
    outer loop
      vertex -2.500000e+001  5.674587e+001 -2.978243e+003
      vertex -3.200000e+001  6.000000e+001 -2.977500e+003
      vertex -3.200000e+001  5.674587e+001 -2.978243e+003
    endloop
  endfacet
  facet normal  0.000000e+000 -6.234829e-001  7.818370e-001
    outer loop
      vertex -2.500000e+001  5.674587e+001 -2.978243e+003
      vertex -3.200000e+001  5.674587e+001 -2.978243e+003
      vertex -2.500000e+001  5.413626e+001 -2.980324e+003
    endloop
  endfacet
  facet normal  0.000000e+000 -6.234829e-001  7.818370e-001
    outer loop
      vertex -2.500000e+001  5.413626e+001 -2.980324e+003
      vertex -3.200000e+001  5.674587e+001 -2.978243e+003
      vertex -3.200000e+001  5.413626e+001 -2.980324e+003
    endloop
  endfacet
  facet normal  0.000000e+000 -9.009722e-001  4.338770e-001
    outer loop
      vertex -2.500000e+001  5.413626e+001 -2.980324e+003
      vertex -3.200000e+001  5.413626e+001 -2.980324e+003
      vertex -2.500000e+001  5.268804e+001 -2.983331e+003
    endloop
  endfacet
  facet normal  0.000000e+000 -9.009722e-001  4.338770e-001
    outer loop
      vertex -2.500000e+001  5.268804e+001 -2.983331e+003
      vertex -3.200000e+001  5.413626e+001 -2.980324e+003
      vertex -3.200000e+001  5.268804e+001 -2.983331e+003
    endloop
  endfacet
  facet normal  0.000000e+000 -1.000000e+000  0.000000e+000
    outer loop
      vertex -2.500000e+001  5.268804e+001 -2.983331e+003
      vertex -3.200000e+001  5.268804e+001 -2.983331e+003
      vertex -2.500000e+001  5.268804e+001 -2.986669e+003
    endloop
  endfacet
  facet normal  0.000000e+000 -1.000000e+000  0.000000e+000
    outer loop
      vertex -2.500000e+001  5.268804e+001 -2.986669e+003
      vertex -3.200000e+001  5.268804e+001 -2.983331e+003
      vertex -3.200000e+001  5.268804e+001 -2.986669e+003
    endloop
  endfacet
  facet normal  0.000000e+000 -9.009722e-001 -4.338770e-001
    outer loop
      vertex -2.500000e+001  5.268804e+001 -2.986669e+003
      vertex -3.200000e+001  5.268804e+001 -2.986669e+003
      vertex -2.500000e+001  5.413626e+001 -2.989676e+003
    endloop
  endfacet
  facet normal  -0.000000e+000 -9.009722e-001 -4.338770e-001
    outer loop
      vertex -2.500000e+001  5.413626e+001 -2.989676e+003
      vertex -3.200000e+001  5.268804e+001 -2.986669e+003
      vertex -3.200000e+001  5.413626e+001 -2.989676e+003
    endloop
  endfacet
  facet normal  0.000000e+000 -6.234829e-001 -7.818370e-001
    outer loop
      vertex -2.500000e+001  5.413626e+001 -2.989676e+003
      vertex -3.200000e+001  5.413626e+001 -2.989676e+003
      vertex -2.500000e+001  5.674587e+001 -2.991757e+003
    endloop
  endfacet
  facet normal  -0.000000e+000 -6.234829e-001 -7.818370e-001
    outer loop
      vertex -2.500000e+001  5.674587e+001 -2.991757e+003
      vertex -3.200000e+001  5.413626e+001 -2.989676e+003
      vertex -3.200000e+001  5.674587e+001 -2.991757e+003
    endloop
  endfacet
  facet normal  0.000000e+000 -2.225045e-001 -9.749317e-001
    outer loop
      vertex -2.500000e+001  5.674587e+001 -2.991757e+003
      vertex -3.200000e+001  5.674587e+001 -2.991757e+003
      vertex -2.500000e+001  6.000000e+001 -2.992500e+003
    endloop
  endfacet
  facet normal  -0.000000e+000 -2.225045e-001 -9.749317e-001
    outer loop
      vertex -2.500000e+001  6.000000e+001 -2.992500e+003
      vertex -3.200000e+001  5.674587e+001 -2.991757e+003
      vertex -3.200000e+001  6.000000e+001 -2.992500e+003
    endloop
  endfacet
  facet normal  0.000000e+000 -2.225045e-001  9.749317e-001
    outer loop
      vertex  3.200000e+001  6.000000e+001 -2.977500e+003
      vertex  2.500000e+001  6.000000e+001 -2.977500e+003
      vertex  3.200000e+001  5.674587e+001 -2.978243e+003
    endloop
  endfacet
  facet normal  0.000000e+000 -2.225045e-001  9.749317e-001
    outer loop
      vertex  3.200000e+001  5.674587e+001 -2.978243e+003
      vertex  2.500000e+001  6.000000e+001 -2.977500e+003
      vertex  2.500000e+001  5.674587e+001 -2.978243e+003
    endloop
  endfacet
  facet normal  0.000000e+000 -6.234829e-001  7.818370e-001
    outer loop
      vertex  3.200000e+001  5.674587e+001 -2.978243e+003
      vertex  2.500000e+001  5.674587e+001 -2.978243e+003
      vertex  3.200000e+001  5.413626e+001 -2.980324e+003
    endloop
  endfacet
  facet normal  0.000000e+000 -6.234829e-001  7.818370e-001
    outer loop
      vertex  3.200000e+001  5.413626e+001 -2.980324e+003
      vertex  2.500000e+001  5.674587e+001 -2.978243e+003
      vertex  2.500000e+001  5.413626e+001 -2.980324e+003
    endloop
  endfacet
  facet normal  0.000000e+000 -9.009722e-001  4.338770e-001
    outer loop
      vertex  3.200000e+001  5.413626e+001 -2.980324e+003
      vertex  2.500000e+001  5.413626e+001 -2.980324e+003
      vertex  3.200000e+001  5.268804e+001 -2.983331e+003
    endloop
  endfacet
  facet normal  0.000000e+000 -9.009722e-001  4.338770e-001
    outer loop
      vertex  3.200000e+001  5.268804e+001 -2.983331e+003
      vertex  2.500000e+001  5.413626e+001 -2.980324e+003
      vertex  2.500000e+001  5.268804e+001 -2.983331e+003
    endloop
  endfacet
  facet normal  0.000000e+000 -1.000000e+000  0.000000e+000
    outer loop
      vertex  3.200000e+001  5.268804e+001 -2.983331e+003
      vertex  2.500000e+001  5.268804e+001 -2.983331e+003
      vertex  3.200000e+001  5.268804e+001 -2.986669e+003
    endloop
  endfacet
  facet normal  0.000000e+000 -1.000000e+000  0.000000e+000
    outer loop
      vertex  3.200000e+001  5.268804e+001 -2.986669e+003
      vertex  2.500000e+001  5.268804e+001 -2.983331e+003
      vertex  2.500000e+001  5.268804e+001 -2.986669e+003
    endloop
  endfacet
  facet normal  0.000000e+000 -9.009722e-001 -4.338770e-001
    outer loop
      vertex  3.200000e+001  5.268804e+001 -2.986669e+003
      vertex  2.500000e+001  5.268804e+001 -2.986669e+003
      vertex  3.200000e+001  5.413626e+001 -2.989676e+003
    endloop
  endfacet
  facet normal  -0.000000e+000 -9.009722e-001 -4.338770e-001
    outer loop
      vertex  3.200000e+001  5.413626e+001 -2.989676e+003
      vertex  2.500000e+001  5.268804e+001 -2.986669e+003
      vertex  2.500000e+001  5.413626e+001 -2.989676e+003
    endloop
  endfacet
  facet normal  0.000000e+000 -6.234829e-001 -7.818370e-001
    outer loop
      vertex  3.200000e+001  5.413626e+001 -2.989676e+003
      vertex  2.500000e+001  5.413626e+001 -2.989676e+003
      vertex  3.200000e+001  5.674587e+001 -2.991757e+003
    endloop
  endfacet
  facet normal  -0.000000e+000 -6.234829e-001 -7.818370e-001
    outer loop
      vertex  3.200000e+001  5.674587e+001 -2.991757e+003
      vertex  2.500000e+001  5.413626e+001 -2.989676e+003
      vertex  2.500000e+001  5.674587e+001 -2.991757e+003
    endloop
  endfacet
  facet normal  0.000000e+000 -2.225045e-001 -9.749317e-001
    outer loop
      vertex  3.200000e+001  5.674587e+001 -2.991757e+003
      vertex  2.500000e+001  5.674587e+001 -2.991757e+003
      vertex  3.200000e+001  6.000000e+001 -2.992500e+003
    endloop
  endfacet
  facet normal  -0.000000e+000 -2.225045e-001 -9.749317e-001
    outer loop
      vertex  3.200000e+001  6.000000e+001 -2.992500e+003
      vertex  2.500000e+001  5.674587e+001 -2.991757e+003
      vertex  2.500000e+001  6.000000e+001 -2.992500e+003
    endloop
  endfacet
  facet normal  2.225045e-001  0.000000e+000 -9.749317e-001
    outer loop
      vertex  6.000000e+001  2.500000e+001 -2.992500e+003
      vertex  6.000000e+001  3.200000e+001 -2.992500e+003
      vertex  6.325413e+001  2.500000e+001 -2.991757e+003
    endloop
  endfacet
  facet normal  2.225045e-001  0.000000e+000 -9.749317e-001
    outer loop
      vertex  6.325413e+001  2.500000e+001 -2.991757e+003
      vertex  6.000000e+001  3.200000e+001 -2.992500e+003
      vertex  6.325413e+001  3.200000e+001 -2.991757e+003
    endloop
  endfacet
  facet normal  6.234823e-001  0.000000e+000 -7.818375e-001
    outer loop
      vertex  6.325413e+001  2.500000e+001 -2.991757e+003
      vertex  6.325413e+001  3.200000e+001 -2.991757e+003
      vertex  6.586374e+001  2.500000e+001 -2.989676e+003
    endloop
  endfacet
  facet normal  6.234823e-001  0.000000e+000 -7.818375e-001
    outer loop
      vertex  6.586374e+001  2.500000e+001 -2.989676e+003
      vertex  6.325413e+001  3.200000e+001 -2.991757e+003
      vertex  6.586374e+001  3.200000e+001 -2.989676e+003
    endloop
  endfacet
  facet normal  9.009725e-001  0.000000e+000 -4.338760e-001
    outer loop
      vertex  6.586374e+001  2.500000e+001 -2.989676e+003
      vertex  6.586374e+001  3.200000e+001 -2.989676e+003
      vertex  6.731196e+001  2.500000e+001 -2.986669e+003
    endloop
  endfacet
  facet normal  9.009725e-001  0.000000e+000 -4.338760e-001
    outer loop
      vertex  6.731196e+001  2.500000e+001 -2.986669e+003
      vertex  6.586374e+001  3.200000e+001 -2.989676e+003
      vertex  6.731196e+001  3.200000e+001 -2.986669e+003
    endloop
  endfacet
  facet normal  1.000000e+000  0.000000e+000  0.000000e+000
    outer loop
      vertex  6.731196e+001  2.500000e+001 -2.986669e+003
      vertex  6.731196e+001  3.200000e+001 -2.986669e+003
      vertex  6.731196e+001  2.500000e+001 -2.983331e+003
    endloop
  endfacet
  facet normal  1.000000e+000  -0.000000e+000  0.000000e+000
    outer loop
      vertex  6.731196e+001  2.500000e+001 -2.983331e+003
      vertex  6.731196e+001  3.200000e+001 -2.986669e+003
      vertex  6.731196e+001  3.200000e+001 -2.983331e+003
    endloop
  endfacet
  facet normal  9.009725e-001  0.000000e+000  4.338760e-001
    outer loop
      vertex  6.731196e+001  2.500000e+001 -2.983331e+003
      vertex  6.731196e+001  3.200000e+001 -2.983331e+003
      vertex  6.586374e+001  2.500000e+001 -2.980324e+003
    endloop
  endfacet
  facet normal  9.009725e-001  -0.000000e+000  4.338760e-001
    outer loop
      vertex  6.586374e+001  2.500000e+001 -2.980324e+003
      vertex  6.731196e+001  3.200000e+001 -2.983331e+003
      vertex  6.586374e+001  3.200000e+001 -2.980324e+003
    endloop
  endfacet
  facet normal  6.234823e-001  0.000000e+000  7.818375e-001
    outer loop
      vertex  6.586374e+001  2.500000e+001 -2.980324e+003
      vertex  6.586374e+001  3.200000e+001 -2.980324e+003
      vertex  6.325413e+001  2.500000e+001 -2.978243e+003
    endloop
  endfacet
  facet normal  6.234823e-001  -0.000000e+000  7.818375e-001
    outer loop
      vertex  6.325413e+001  2.500000e+001 -2.978243e+003
      vertex  6.586374e+001  3.200000e+001 -2.980324e+003
      vertex  6.325413e+001  3.200000e+001 -2.978243e+003
    endloop
  endfacet
  facet normal  2.225045e-001  0.000000e+000  9.749317e-001
    outer loop
      vertex  6.325413e+001  2.500000e+001 -2.978243e+003
      vertex  6.325413e+001  3.200000e+001 -2.978243e+003
      vertex  6.000000e+001  2.500000e+001 -2.977500e+003
    endloop
  endfacet
  facet normal  2.225045e-001  -0.000000e+000  9.749317e-001
    outer loop
      vertex  6.000000e+001  2.500000e+001 -2.977500e+003
      vertex  6.325413e+001  3.200000e+001 -2.978243e+003
      vertex  6.000000e+001  3.200000e+001 -2.977500e+003
    endloop
  endfacet
  facet normal  2.225045e-001  0.000000e+000 -9.749317e-001
    outer loop
      vertex  6.000000e+001 -3.200000e+001 -2.992500e+003
      vertex  6.000000e+001 -2.500000e+001 -2.992500e+003
      vertex  6.325413e+001 -3.200000e+001 -2.991757e+003
    endloop
  endfacet
  facet normal  2.225045e-001  0.000000e+000 -9.749317e-001
    outer loop
      vertex  6.325413e+001 -3.200000e+001 -2.991757e+003
      vertex  6.000000e+001 -2.500000e+001 -2.992500e+003
      vertex  6.325413e+001 -2.500000e+001 -2.991757e+003
    endloop
  endfacet
  facet normal  6.234823e-001  0.000000e+000 -7.818375e-001
    outer loop
      vertex  6.325413e+001 -3.200000e+001 -2.991757e+003
      vertex  6.325413e+001 -2.500000e+001 -2.991757e+003
      vertex  6.586374e+001 -3.200000e+001 -2.989676e+003
    endloop
  endfacet
  facet normal  6.234823e-001  0.000000e+000 -7.818375e-001
    outer loop
      vertex  6.586374e+001 -3.200000e+001 -2.989676e+003
      vertex  6.325413e+001 -2.500000e+001 -2.991757e+003
      vertex  6.586374e+001 -2.500000e+001 -2.989676e+003
    endloop
  endfacet
  facet normal  9.009725e-001  0.000000e+000 -4.338760e-001
    outer loop
      vertex  6.586374e+001 -3.200000e+001 -2.989676e+003
      vertex  6.586374e+001 -2.500000e+001 -2.989676e+003
      vertex  6.731196e+001 -3.200000e+001 -2.986669e+003
    endloop
  endfacet
  facet normal  9.009725e-001  0.000000e+000 -4.338760e-001
    outer loop
      vertex  6.731196e+001 -3.200000e+001 -2.986669e+003
      vertex  6.586374e+001 -2.500000e+001 -2.989676e+003
      vertex  6.731196e+001 -2.500000e+001 -2.986669e+003
    endloop
  endfacet
  facet normal  1.000000e+000  0.000000e+000  0.000000e+000
    outer loop
      vertex  6.731196e+001 -3.200000e+001 -2.986669e+003
      vertex  6.731196e+001 -2.500000e+001 -2.986669e+003
      vertex  6.731196e+001 -3.200000e+001 -2.983331e+003
    endloop
  endfacet
  facet normal  1.000000e+000  -0.000000e+000  0.000000e+000
    outer loop
      vertex  6.731196e+001 -3.200000e+001 -2.983331e+003
      vertex  6.731196e+001 -2.500000e+001 -2.986669e+003
      vertex  6.731196e+001 -2.500000e+001 -2.983331e+003
    endloop
  endfacet
  facet normal  9.009725e-001  0.000000e+000  4.338760e-001
    outer loop
      vertex  6.731196e+001 -3.200000e+001 -2.983331e+003
      vertex  6.731196e+001 -2.500000e+001 -2.983331e+003
      vertex  6.586374e+001 -3.200000e+001 -2.980324e+003
    endloop
  endfacet
  facet normal  9.009725e-001  -0.000000e+000  4.338760e-001
    outer loop
      vertex  6.586374e+001 -3.200000e+001 -2.980324e+003
      vertex  6.731196e+001 -2.500000e+001 -2.983331e+003
      vertex  6.586374e+001 -2.500000e+001 -2.980324e+003
    endloop
  endfacet
  facet normal  6.234823e-001  0.000000e+000  7.818375e-001
    outer loop
      vertex  6.586374e+001 -3.200000e+001 -2.980324e+003
      vertex  6.586374e+001 -2.500000e+001 -2.980324e+003
      vertex  6.325413e+001 -3.200000e+001 -2.978243e+003
    endloop
  endfacet
  facet normal  6.234823e-001  -0.000000e+000  7.818375e-001
    outer loop
      vertex  6.325413e+001 -3.200000e+001 -2.978243e+003
      vertex  6.586374e+001 -2.500000e+001 -2.980324e+003
      vertex  6.325413e+001 -2.500000e+001 -2.978243e+003
    endloop
  endfacet
  facet normal  2.225045e-001  0.000000e+000  9.749317e-001
    outer loop
      vertex  6.325413e+001 -3.200000e+001 -2.978243e+003
      vertex  6.325413e+001 -2.500000e+001 -2.978243e+003
      vertex  6.000000e+001 -3.200000e+001 -2.977500e+003
    endloop
  endfacet
  facet normal  2.225045e-001  -0.000000e+000  9.749317e-001
    outer loop
      vertex  6.000000e+001 -3.200000e+001 -2.977500e+003
      vertex  6.325413e+001 -2.500000e+001 -2.978243e+003
      vertex  6.000000e+001 -2.500000e+001 -2.977500e+003
    endloop
  endfacet
  facet normal -2.225045e-001  0.000000e+000  9.749317e-001
    outer loop
      vertex  6.000000e+001  2.500000e+001 -2.977500e+003
      vertex  6.000000e+001  3.200000e+001 -2.977500e+003
      vertex  5.674587e+001  2.500000e+001 -2.978243e+003
    endloop
  endfacet
  facet normal -2.225045e-001  0.000000e+000  9.749317e-001
    outer loop
      vertex  5.674587e+001  2.500000e+001 -2.978243e+003
      vertex  6.000000e+001  3.200000e+001 -2.977500e+003
      vertex  5.674587e+001  3.200000e+001 -2.978243e+003
    endloop
  endfacet
  facet normal -6.234829e-001  0.000000e+000  7.818370e-001
    outer loop
      vertex  5.674587e+001  2.500000e+001 -2.978243e+003
      vertex  5.674587e+001  3.200000e+001 -2.978243e+003
      vertex  5.413626e+001  2.500000e+001 -2.980324e+003
    endloop
  endfacet
  facet normal -6.234829e-001  0.000000e+000  7.818370e-001
    outer loop
      vertex  5.413626e+001  2.500000e+001 -2.980324e+003
      vertex  5.674587e+001  3.200000e+001 -2.978243e+003
      vertex  5.413626e+001  3.200000e+001 -2.980324e+003
    endloop
  endfacet
  facet normal -9.009722e-001  0.000000e+000  4.338770e-001
    outer loop
      vertex  5.413626e+001  2.500000e+001 -2.980324e+003
      vertex  5.413626e+001  3.200000e+001 -2.980324e+003
      vertex  5.268804e+001  2.500000e+001 -2.983331e+003
    endloop
  endfacet
  facet normal -9.009722e-001  0.000000e+000  4.338770e-001
    outer loop
      vertex  5.268804e+001  2.500000e+001 -2.983331e+003
      vertex  5.413626e+001  3.200000e+001 -2.980324e+003
      vertex  5.268804e+001  3.200000e+001 -2.983331e+003
    endloop
  endfacet
  facet normal -1.000000e+000  -0.000000e+000  0.000000e+000
    outer loop
      vertex  5.268804e+001  2.500000e+001 -2.983331e+003
      vertex  5.268804e+001  3.200000e+001 -2.983331e+003
      vertex  5.268804e+001  2.500000e+001 -2.986669e+003
    endloop
  endfacet
  facet normal -1.000000e+000  0.000000e+000  0.000000e+000
    outer loop
      vertex  5.268804e+001  2.500000e+001 -2.986669e+003
      vertex  5.268804e+001  3.200000e+001 -2.983331e+003
      vertex  5.268804e+001  3.200000e+001 -2.986669e+003
    endloop
  endfacet
  facet normal -9.009722e-001  -0.000000e+000 -4.338770e-001
    outer loop
      vertex  5.268804e+001  2.500000e+001 -2.986669e+003
      vertex  5.268804e+001  3.200000e+001 -2.986669e+003
      vertex  5.413626e+001  2.500000e+001 -2.989676e+003
    endloop
  endfacet
  facet normal -9.009722e-001  0.000000e+000 -4.338770e-001
    outer loop
      vertex  5.413626e+001  2.500000e+001 -2.989676e+003
      vertex  5.268804e+001  3.200000e+001 -2.986669e+003
      vertex  5.413626e+001  3.200000e+001 -2.989676e+003
    endloop
  endfacet
  facet normal -6.234829e-001  -0.000000e+000 -7.818370e-001
    outer loop
      vertex  5.413626e+001  2.500000e+001 -2.989676e+003
      vertex  5.413626e+001  3.200000e+001 -2.989676e+003
      vertex  5.674587e+001  2.500000e+001 -2.991757e+003
    endloop
  endfacet
  facet normal -6.234829e-001  0.000000e+000 -7.818370e-001
    outer loop
      vertex  5.674587e+001  2.500000e+001 -2.991757e+003
      vertex  5.413626e+001  3.200000e+001 -2.989676e+003
      vertex  5.674587e+001  3.200000e+001 -2.991757e+003
    endloop
  endfacet
  facet normal -2.225045e-001  -0.000000e+000 -9.749317e-001
    outer loop
      vertex  5.674587e+001  2.500000e+001 -2.991757e+003
      vertex  5.674587e+001  3.200000e+001 -2.991757e+003
      vertex  6.000000e+001  2.500000e+001 -2.992500e+003
    endloop
  endfacet
  facet normal -2.225045e-001  0.000000e+000 -9.749317e-001
    outer loop
      vertex  6.000000e+001  2.500000e+001 -2.992500e+003
      vertex  5.674587e+001  3.200000e+001 -2.991757e+003
      vertex  6.000000e+001  3.200000e+001 -2.992500e+003
    endloop
  endfacet
  facet normal -2.225045e-001  0.000000e+000  9.749317e-001
    outer loop
      vertex  6.000000e+001 -3.200000e+001 -2.977500e+003
      vertex  6.000000e+001 -2.500000e+001 -2.977500e+003
      vertex  5.674587e+001 -3.200000e+001 -2.978243e+003
    endloop
  endfacet
  facet normal -2.225045e-001  0.000000e+000  9.749317e-001
    outer loop
      vertex  5.674587e+001 -3.200000e+001 -2.978243e+003
      vertex  6.000000e+001 -2.500000e+001 -2.977500e+003
      vertex  5.674587e+001 -2.500000e+001 -2.978243e+003
    endloop
  endfacet
  facet normal -6.234829e-001  0.000000e+000  7.818370e-001
    outer loop
      vertex  5.674587e+001 -3.200000e+001 -2.978243e+003
      vertex  5.674587e+001 -2.500000e+001 -2.978243e+003
      vertex  5.413626e+001 -3.200000e+001 -2.980324e+003
    endloop
  endfacet
  facet normal -6.234829e-001  0.000000e+000  7.818370e-001
    outer loop
      vertex  5.413626e+001 -3.200000e+001 -2.980324e+003
      vertex  5.674587e+001 -2.500000e+001 -2.978243e+003
      vertex  5.413626e+001 -2.500000e+001 -2.980324e+003
    endloop
  endfacet
  facet normal -9.009722e-001  0.000000e+000  4.338770e-001
    outer loop
      vertex  5.413626e+001 -3.200000e+001 -2.980324e+003
      vertex  5.413626e+001 -2.500000e+001 -2.980324e+003
      vertex  5.268804e+001 -3.200000e+001 -2.983331e+003
    endloop
  endfacet
  facet normal -9.009722e-001  0.000000e+000  4.338770e-001
    outer loop
      vertex  5.268804e+001 -3.200000e+001 -2.983331e+003
      vertex  5.413626e+001 -2.500000e+001 -2.980324e+003
      vertex  5.268804e+001 -2.500000e+001 -2.983331e+003
    endloop
  endfacet
  facet normal -1.000000e+000  -0.000000e+000  0.000000e+000
    outer loop
      vertex  5.268804e+001 -3.200000e+001 -2.983331e+003
      vertex  5.268804e+001 -2.500000e+001 -2.983331e+003
      vertex  5.268804e+001 -3.200000e+001 -2.986669e+003
    endloop
  endfacet
  facet normal -1.000000e+000  0.000000e+000  0.000000e+000
    outer loop
      vertex  5.268804e+001 -3.200000e+001 -2.986669e+003
      vertex  5.268804e+001 -2.500000e+001 -2.983331e+003
      vertex  5.268804e+001 -2.500000e+001 -2.986669e+003
    endloop
  endfacet
  facet normal -9.009722e-001  -0.000000e+000 -4.338770e-001
    outer loop
      vertex  5.268804e+001 -3.200000e+001 -2.986669e+003
      vertex  5.268804e+001 -2.500000e+001 -2.986669e+003
      vertex  5.413626e+001 -3.200000e+001 -2.989676e+003
    endloop
  endfacet
  facet normal -9.009722e-001  0.000000e+000 -4.338770e-001
    outer loop
      vertex  5.413626e+001 -3.200000e+001 -2.989676e+003
      vertex  5.268804e+001 -2.500000e+001 -2.986669e+003
      vertex  5.413626e+001 -2.500000e+001 -2.989676e+003
    endloop
  endfacet
  facet normal -6.234829e-001  -0.000000e+000 -7.818370e-001
    outer loop
      vertex  5.413626e+001 -3.200000e+001 -2.989676e+003
      vertex  5.413626e+001 -2.500000e+001 -2.989676e+003
      vertex  5.674587e+001 -3.200000e+001 -2.991757e+003
    endloop
  endfacet
  facet normal -6.234829e-001  0.000000e+000 -7.818370e-001
    outer loop
      vertex  5.674587e+001 -3.200000e+001 -2.991757e+003
      vertex  5.413626e+001 -2.500000e+001 -2.989676e+003
      vertex  5.674587e+001 -2.500000e+001 -2.991757e+003
    endloop
  endfacet
  facet normal -2.225045e-001  -0.000000e+000 -9.749317e-001
    outer loop
      vertex  5.674587e+001 -3.200000e+001 -2.991757e+003
      vertex  5.674587e+001 -2.500000e+001 -2.991757e+003
      vertex  6.000000e+001 -3.200000e+001 -2.992500e+003
    endloop
  endfacet
  facet normal -2.225045e-001  0.000000e+000 -9.749317e-001
    outer loop
      vertex  6.000000e+001 -3.200000e+001 -2.992500e+003
      vertex  5.674587e+001 -2.500000e+001 -2.991757e+003
      vertex  6.000000e+001 -2.500000e+001 -2.992500e+003
    endloop
  endfacet
  facet normal  9.679303e-001  6.501001e-002  2.426619e-001
    outer loop
      vertex  3.500000e+001 -6.000000e+001 -2.980500e+003
      vertex  3.500000e+001 -5.775000e+001 -2.981103e+003
      vertex  3.459808e+001 -5.739670e+001 -2.979594e+003
    endloop
  endfacet
  facet normal  9.679303e-001  6.501001e-002 -2.426619e-001
    outer loop
      vertex  3.500000e+001 -6.000000e+001 -2.989500e+003
      vertex  3.459808e+001 -5.739670e+001 -2.990406e+003
      vertex  3.500000e+001 -5.775000e+001 -2.988897e+003
    endloop
  endfacet
  facet normal  9.704216e-001  1.707127e-001 -1.707020e-001
    outer loop
      vertex  3.459808e+001 -5.530901e+001 -2.988741e+003
      vertex  3.500000e+001 -5.610289e+001 -2.987250e+003
      vertex  3.500000e+001 -5.775000e+001 -2.988897e+003
    endloop
  endfacet
  facet normal  9.715624e-001  2.287157e-001 -6.128425e-002
    outer loop
      vertex  3.459808e+001 -5.415043e+001 -2.986335e+003
      vertex  3.500000e+001 -5.550000e+001 -2.985000e+003
      vertex  3.500000e+001 -5.610289e+001 -2.987250e+003
    endloop
  endfacet
  facet normal  9.715624e-001  2.287157e-001  6.128425e-002
    outer loop
      vertex  3.459808e+001 -5.415043e+001 -2.983665e+003
      vertex  3.500000e+001 -5.610289e+001 -2.982750e+003
      vertex  3.500000e+001 -5.550000e+001 -2.985000e+003
    endloop
  endfacet
  facet normal  9.704216e-001  1.707127e-001  1.707020e-001
    outer loop
      vertex  3.459808e+001 -5.530901e+001 -2.981259e+003
      vertex  3.500000e+001 -5.775000e+001 -2.981103e+003
      vertex  3.500000e+001 -5.610289e+001 -2.982750e+003
    endloop
  endfacet
  facet normal  2.527131e-001  2.152823e-001  9.432866e-001
    outer loop
      vertex  3.200000e+001 -5.674587e+001 -2.978243e+003
      vertex  3.200000e+001 -6.000000e+001 -2.977500e+003
      vertex  3.350000e+001 -5.692026e+001 -2.978605e+003
    endloop
  endfacet
  facet normal  2.527100e-001  2.152840e-001  9.432870e-001
    outer loop
      vertex  3.350000e+001 -5.692026e+001 -2.978605e+003
      vertex  3.200000e+001 -6.000000e+001 -2.977500e+003
      vertex  3.350000e+001 -6.000000e+001 -2.977902e+003
    endloop
  endfacet
  facet normal  6.981277e-001  1.593084e-001  6.980247e-001
    outer loop
      vertex  3.350000e+001 -5.692026e+001 -2.978605e+003
      vertex  3.350000e+001 -6.000000e+001 -2.977902e+003
      vertex  3.459808e+001 -5.739670e+001 -2.979594e+003
    endloop
  endfacet
  facet normal  6.980945e-001  1.593394e-001  6.980509e-001
    outer loop
      vertex  3.459808e+001 -5.739670e+001 -2.979594e+003
      vertex  3.350000e+001 -6.000000e+001 -2.977902e+003
      vertex  3.459808e+001 -6.000000e+001 -2.979000e+003
    endloop
  endfacet
  facet normal  9.642445e-001  5.897610e-002  2.583687e-001
    outer loop
      vertex  3.459808e+001 -5.739670e+001 -2.979594e+003
      vertex  3.459808e+001 -6.000000e+001 -2.979000e+003
      vertex  3.500000e+001 -6.000000e+001 -2.980500e+003
    endloop
  endfacet
  facet normal  2.527101e-001  2.152825e-001 -9.432874e-001
    outer loop
      vertex  3.200000e+001 -6.000000e+001 -2.992500e+003
      vertex  3.200000e+001 -5.674587e+001 -2.991757e+003
      vertex  3.350000e+001 -6.000000e+001 -2.992098e+003
    endloop
  endfacet
  facet normal  2.527132e-001  2.152838e-001 -9.432862e-001
    outer loop
      vertex  3.350000e+001 -6.000000e+001 -2.992098e+003
      vertex  3.200000e+001 -5.674587e+001 -2.991757e+003
      vertex  3.350000e+001 -5.692026e+001 -2.991395e+003
    endloop
  endfacet
  facet normal  6.980973e-001  1.593150e-001 -6.980537e-001
    outer loop
      vertex  3.350000e+001 -6.000000e+001 -2.992098e+003
      vertex  3.350000e+001 -5.692026e+001 -2.991395e+003
      vertex  3.459808e+001 -6.000000e+001 -2.991000e+003
    endloop
  endfacet
  facet normal  6.981305e-001  1.593316e-001 -6.980166e-001
    outer loop
      vertex  3.459808e+001 -6.000000e+001 -2.991000e+003
      vertex  3.350000e+001 -5.692026e+001 -2.991395e+003
      vertex  3.459808e+001 -5.739670e+001 -2.990406e+003
    endloop
  endfacet
  facet normal  9.642445e-001  5.897610e-002 -2.583687e-001
    outer loop
      vertex  3.459808e+001 -6.000000e+001 -2.991000e+003
      vertex  3.459808e+001 -5.739670e+001 -2.990406e+003
      vertex  3.500000e+001 -6.000000e+001 -2.989500e+003
    endloop
  endfacet
  facet normal  2.527217e-001  6.032439e-001 -7.564578e-001
    outer loop
      vertex  3.200000e+001 -5.674587e+001 -2.991757e+003
      vertex  3.200000e+001 -5.413626e+001 -2.989676e+003
      vertex  3.350000e+001 -5.692026e+001 -2.991395e+003
    endloop
  endfacet
  facet normal  2.528158e-001  6.032649e-001 -7.564096e-001
    outer loop
      vertex  3.350000e+001 -5.692026e+001 -2.991395e+003
      vertex  3.200000e+001 -5.413626e+001 -2.989676e+003
      vertex  3.350000e+001 -5.445050e+001 -2.989426e+003
    endloop
  endfacet
  facet normal  6.981147e-001  4.464318e-001 -5.597629e-001
    outer loop
      vertex  3.350000e+001 -5.692026e+001 -2.991395e+003
      vertex  3.350000e+001 -5.445050e+001 -2.989426e+003
      vertex  3.459808e+001 -5.739670e+001 -2.990406e+003
    endloop
  endfacet
  facet normal  6.980535e-001  4.464338e-001 -5.598376e-001
    outer loop
      vertex  3.459808e+001 -5.739670e+001 -2.990406e+003
      vertex  3.350000e+001 -5.445050e+001 -2.989426e+003
      vertex  3.459808e+001 -5.530901e+001 -2.988741e+003
    endloop
  endfacet
  facet normal  9.611598e-001  1.720734e-001 -2.157837e-001
    outer loop
      vertex  3.459808e+001 -5.739670e+001 -2.990406e+003
      vertex  3.459808e+001 -5.530901e+001 -2.988741e+003
      vertex  3.500000e+001 -5.775000e+001 -2.988897e+003
    endloop
  endfacet
  facet normal  2.527844e-001  8.717110e-001 -4.197858e-001
    outer loop
      vertex  3.200000e+001 -5.413626e+001 -2.989676e+003
      vertex  3.200000e+001 -5.268804e+001 -2.986669e+003
      vertex  3.350000e+001 -5.445050e+001 -2.989426e+003
    endloop
  endfacet
  facet normal  2.527265e-001  8.717121e-001 -4.198180e-001
    outer loop
      vertex  3.350000e+001 -5.445050e+001 -2.989426e+003
      vertex  3.200000e+001 -5.268804e+001 -2.986669e+003
      vertex  3.350000e+001 -5.307989e+001 -2.986580e+003
    endloop
  endfacet
  facet normal  6.980651e-001  6.451178e-001 -3.106898e-001
    outer loop
      vertex  3.350000e+001 -5.445050e+001 -2.989426e+003
      vertex  3.350000e+001 -5.307989e+001 -2.986580e+003
      vertex  3.459808e+001 -5.530901e+001 -2.988741e+003
    endloop
  endfacet
  facet normal  6.980789e-001  6.451101e-001 -3.106748e-001
    outer loop
      vertex  3.459808e+001 -5.530901e+001 -2.988741e+003
      vertex  3.350000e+001 -5.307989e+001 -2.986580e+003
      vertex  3.459808e+001 -5.415043e+001 -2.986335e+003
    endloop
  endfacet
  facet normal  9.591202e-001  2.549724e-001 -1.227907e-001
    outer loop
      vertex  3.459808e+001 -5.530901e+001 -2.988741e+003
      vertex  3.459808e+001 -5.415043e+001 -2.986335e+003
      vertex  3.500000e+001 -5.610289e+001 -2.987250e+003
    endloop
  endfacet
  facet normal  2.527488e-001  9.675320e-001  0.000000e+000
    outer loop
      vertex  3.200000e+001 -5.268804e+001 -2.986669e+003
      vertex  3.200000e+001 -5.268804e+001 -2.983331e+003
      vertex  3.350000e+001 -5.307989e+001 -2.986580e+003
    endloop
  endfacet
  facet normal  2.527488e-001  9.675319e-001  -0.000000e+000
    outer loop
      vertex  3.350000e+001 -5.307989e+001 -2.986580e+003
      vertex  3.200000e+001 -5.268804e+001 -2.983331e+003
      vertex  3.350000e+001 -5.307989e+001 -2.983420e+003
    endloop
  endfacet
  facet normal  6.980738e-001  7.160258e-001  0.000000e+000
    outer loop
      vertex  3.350000e+001 -5.307989e+001 -2.986580e+003
      vertex  3.350000e+001 -5.307989e+001 -2.983420e+003
      vertex  3.459808e+001 -5.415043e+001 -2.986335e+003
    endloop
  endfacet
  facet normal  6.980737e-001  7.160258e-001  -0.000000e+000
    outer loop
      vertex  3.459808e+001 -5.415043e+001 -2.986335e+003
      vertex  3.350000e+001 -5.307989e+001 -2.983420e+003
      vertex  3.459808e+001 -5.415043e+001 -2.983665e+003
    endloop
  endfacet
  facet normal  9.584002e-001  2.854279e-001  0.000000e+000
    outer loop
      vertex  3.459808e+001 -5.415043e+001 -2.986335e+003
      vertex  3.459808e+001 -5.415043e+001 -2.983665e+003
      vertex  3.500000e+001 -5.550000e+001 -2.985000e+003
    endloop
  endfacet
  facet normal  2.527281e-001  8.717242e-001  4.197921e-001
    outer loop
      vertex  3.200000e+001 -5.268804e+001 -2.983331e+003
      vertex  3.200000e+001 -5.413626e+001 -2.980324e+003
      vertex  3.350000e+001 -5.307989e+001 -2.983420e+003
    endloop
  endfacet
  facet normal  2.527860e-001  8.716981e-001  4.198113e-001
    outer loop
      vertex  3.350000e+001 -5.307989e+001 -2.983420e+003
      vertex  3.200000e+001 -5.413626e+001 -2.980324e+003
      vertex  3.350000e+001 -5.445050e+001 -2.980574e+003
    endloop
  endfacet
  facet normal  6.980778e-001  6.451067e-001  3.106845e-001
    outer loop
      vertex  3.350000e+001 -5.307989e+001 -2.983420e+003
      vertex  3.350000e+001 -5.445050e+001 -2.980574e+003
      vertex  3.459808e+001 -5.415043e+001 -2.983665e+003
    endloop
  endfacet
  facet normal  6.980640e-001  6.451232e-001  3.106812e-001
    outer loop
      vertex  3.459808e+001 -5.415043e+001 -2.983665e+003
      vertex  3.350000e+001 -5.445050e+001 -2.980574e+003
      vertex  3.459808e+001 -5.530901e+001 -2.981259e+003
    endloop
  endfacet
  facet normal  9.591202e-001  2.549724e-001  1.227907e-001
    outer loop
      vertex  3.459808e+001 -5.415043e+001 -2.983665e+003
      vertex  3.459808e+001 -5.530901e+001 -2.981259e+003
      vertex  3.500000e+001 -5.610289e+001 -2.982750e+003
    endloop
  endfacet
  facet normal  2.528133e-001  6.032291e-001  7.564391e-001
    outer loop
      vertex  3.200000e+001 -5.413626e+001 -2.980324e+003
      vertex  3.200000e+001 -5.674587e+001 -2.978243e+003
      vertex  3.350000e+001 -5.445050e+001 -2.980574e+003
    endloop
  endfacet
  facet normal  2.527191e-001  6.032807e-001  7.564294e-001
    outer loop
      vertex  3.350000e+001 -5.445050e+001 -2.980574e+003
      vertex  3.200000e+001 -5.674587e+001 -2.978243e+003
      vertex  3.350000e+001 -5.692026e+001 -2.978605e+003
    endloop
  endfacet
  facet normal  6.980587e-001  4.464659e-001  5.598056e-001
    outer loop
      vertex  3.350000e+001 -5.445050e+001 -2.980574e+003
      vertex  3.350000e+001 -5.692026e+001 -2.978605e+003
      vertex  3.459808e+001 -5.530901e+001 -2.981259e+003
    endloop
  endfacet
  facet normal  6.981199e-001  4.463935e-001  5.597870e-001
    outer loop
      vertex  3.459808e+001 -5.530901e+001 -2.981259e+003
      vertex  3.350000e+001 -5.692026e+001 -2.978605e+003
      vertex  3.459808e+001 -5.739670e+001 -2.979594e+003
    endloop
  endfacet
  facet normal  9.611598e-001  1.720734e-001  2.157837e-001
    outer loop
      vertex  3.459808e+001 -5.530901e+001 -2.981259e+003
      vertex  3.459808e+001 -5.739670e+001 -2.979594e+003
      vertex  3.500000e+001 -5.775000e+001 -2.981103e+003
    endloop
  endfacet
  facet normal  9.679303e-001 -6.501001e-002 -2.426619e-001
    outer loop
      vertex  3.500000e+001 -6.000000e+001 -2.989500e+003
      vertex  3.500000e+001 -6.225000e+001 -2.988897e+003
      vertex  3.459808e+001 -6.260330e+001 -2.990406e+003
    endloop
  endfacet
  facet normal  9.679303e-001 -6.501001e-002  2.426619e-001
    outer loop
      vertex  3.500000e+001 -6.000000e+001 -2.980500e+003
      vertex  3.459808e+001 -6.260330e+001 -2.979594e+003
      vertex  3.500000e+001 -6.225000e+001 -2.981103e+003
    endloop
  endfacet
  facet normal  9.704214e-001 -1.707130e-001  1.707023e-001
    outer loop
      vertex  3.459808e+001 -6.469099e+001 -2.981259e+003
      vertex  3.500000e+001 -6.389711e+001 -2.982750e+003
      vertex  3.500000e+001 -6.225000e+001 -2.981103e+003
    endloop
  endfacet
  facet normal  9.715624e-001 -2.287153e-001  6.128412e-002
    outer loop
      vertex  3.459808e+001 -6.584957e+001 -2.983665e+003
      vertex  3.500000e+001 -6.450000e+001 -2.985000e+003
      vertex  3.500000e+001 -6.389711e+001 -2.982750e+003
    endloop
  endfacet
  facet normal  9.715624e-001 -2.287153e-001 -6.128412e-002
    outer loop
      vertex  3.459808e+001 -6.584957e+001 -2.986335e+003
      vertex  3.500000e+001 -6.389711e+001 -2.987250e+003
      vertex  3.500000e+001 -6.450000e+001 -2.985000e+003
    endloop
  endfacet
  facet normal  9.704214e-001 -1.707130e-001 -1.707023e-001
    outer loop
      vertex  3.459808e+001 -6.469099e+001 -2.988741e+003
      vertex  3.500000e+001 -6.225000e+001 -2.988897e+003
      vertex  3.500000e+001 -6.389711e+001 -2.987250e+003
    endloop
  endfacet
  facet normal  2.527131e-001 -2.152823e-001 -9.432866e-001
    outer loop
      vertex  3.200000e+001 -6.325413e+001 -2.991757e+003
      vertex  3.200000e+001 -6.000000e+001 -2.992500e+003
      vertex  3.350000e+001 -6.307974e+001 -2.991395e+003
    endloop
  endfacet
  facet normal  2.527100e-001 -2.152840e-001 -9.432870e-001
    outer loop
      vertex  3.350000e+001 -6.307974e+001 -2.991395e+003
      vertex  3.200000e+001 -6.000000e+001 -2.992500e+003
      vertex  3.350000e+001 -6.000000e+001 -2.992098e+003
    endloop
  endfacet
  facet normal  6.981277e-001 -1.593084e-001 -6.980247e-001
    outer loop
      vertex  3.350000e+001 -6.307974e+001 -2.991395e+003
      vertex  3.350000e+001 -6.000000e+001 -2.992098e+003
      vertex  3.459808e+001 -6.260330e+001 -2.990406e+003
    endloop
  endfacet
  facet normal  6.980945e-001 -1.593394e-001 -6.980509e-001
    outer loop
      vertex  3.459808e+001 -6.260330e+001 -2.990406e+003
      vertex  3.350000e+001 -6.000000e+001 -2.992098e+003
      vertex  3.459808e+001 -6.000000e+001 -2.991000e+003
    endloop
  endfacet
  facet normal  9.642445e-001 -5.897610e-002 -2.583687e-001
    outer loop
      vertex  3.459808e+001 -6.260330e+001 -2.990406e+003
      vertex  3.459808e+001 -6.000000e+001 -2.991000e+003
      vertex  3.500000e+001 -6.000000e+001 -2.989500e+003
    endloop
  endfacet
  facet normal  2.527101e-001 -2.152825e-001  9.432874e-001
    outer loop
      vertex  3.200000e+001 -6.000000e+001 -2.977500e+003
      vertex  3.200000e+001 -6.325413e+001 -2.978243e+003
      vertex  3.350000e+001 -6.000000e+001 -2.977902e+003
    endloop
  endfacet
  facet normal  2.527132e-001 -2.152838e-001  9.432862e-001
    outer loop
      vertex  3.350000e+001 -6.000000e+001 -2.977902e+003
      vertex  3.200000e+001 -6.325413e+001 -2.978243e+003
      vertex  3.350000e+001 -6.307974e+001 -2.978605e+003
    endloop
  endfacet
  facet normal  6.980973e-001 -1.593150e-001  6.980537e-001
    outer loop
      vertex  3.350000e+001 -6.000000e+001 -2.977902e+003
      vertex  3.350000e+001 -6.307974e+001 -2.978605e+003
      vertex  3.459808e+001 -6.000000e+001 -2.979000e+003
    endloop
  endfacet
  facet normal  6.981305e-001 -1.593316e-001  6.980166e-001
    outer loop
      vertex  3.459808e+001 -6.000000e+001 -2.979000e+003
      vertex  3.350000e+001 -6.307974e+001 -2.978605e+003
      vertex  3.459808e+001 -6.260330e+001 -2.979594e+003
    endloop
  endfacet
  facet normal  9.642445e-001 -5.897610e-002  2.583687e-001
    outer loop
      vertex  3.459808e+001 -6.000000e+001 -2.979000e+003
      vertex  3.459808e+001 -6.260330e+001 -2.979594e+003
      vertex  3.500000e+001 -6.000000e+001 -2.980500e+003
    endloop
  endfacet
  facet normal  2.527218e-001 -6.032434e-001  7.564582e-001
    outer loop
      vertex  3.200000e+001 -6.325413e+001 -2.978243e+003
      vertex  3.200000e+001 -6.586374e+001 -2.980324e+003
      vertex  3.350000e+001 -6.307974e+001 -2.978605e+003
    endloop
  endfacet
  facet normal  2.528173e-001 -6.032647e-001  7.564093e-001
    outer loop
      vertex  3.350000e+001 -6.307974e+001 -2.978605e+003
      vertex  3.200000e+001 -6.586374e+001 -2.980324e+003
      vertex  3.350000e+001 -6.554950e+001 -2.980574e+003
    endloop
  endfacet
  facet normal  6.981147e-001 -4.464318e-001  5.597629e-001
    outer loop
      vertex  3.350000e+001 -6.307974e+001 -2.978605e+003
      vertex  3.350000e+001 -6.554950e+001 -2.980574e+003
      vertex  3.459808e+001 -6.260330e+001 -2.979594e+003
    endloop
  endfacet
  facet normal  6.980543e-001 -4.464338e-001  5.598365e-001
    outer loop
      vertex  3.459808e+001 -6.260330e+001 -2.979594e+003
      vertex  3.350000e+001 -6.554950e+001 -2.980574e+003
      vertex  3.459808e+001 -6.469099e+001 -2.981259e+003
    endloop
  endfacet
  facet normal  9.611598e-001 -1.720737e-001  2.157837e-001
    outer loop
      vertex  3.459808e+001 -6.260330e+001 -2.979594e+003
      vertex  3.459808e+001 -6.469099e+001 -2.981259e+003
      vertex  3.500000e+001 -6.225000e+001 -2.981103e+003
    endloop
  endfacet
  facet normal  2.527864e-001 -8.717109e-001  4.197846e-001
    outer loop
      vertex  3.200000e+001 -6.586374e+001 -2.980324e+003
      vertex  3.200000e+001 -6.731196e+001 -2.983331e+003
      vertex  3.350000e+001 -6.554950e+001 -2.980574e+003
    endloop
  endfacet
  facet normal  2.527265e-001 -8.717121e-001  4.198180e-001
    outer loop
      vertex  3.350000e+001 -6.554950e+001 -2.980574e+003
      vertex  3.200000e+001 -6.731196e+001 -2.983331e+003
      vertex  3.350000e+001 -6.692011e+001 -2.983420e+003
    endloop
  endfacet
  facet normal  6.980663e-001 -6.451167e-001  3.106893e-001
    outer loop
      vertex  3.350000e+001 -6.554950e+001 -2.980574e+003
      vertex  3.350000e+001 -6.692011e+001 -2.983420e+003
      vertex  3.459808e+001 -6.469099e+001 -2.981259e+003
    endloop
  endfacet
  facet normal  6.980776e-001 -6.451104e-001  3.106771e-001
    outer loop
      vertex  3.459808e+001 -6.469099e+001 -2.981259e+003
      vertex  3.350000e+001 -6.692011e+001 -2.983420e+003
      vertex  3.459808e+001 -6.584957e+001 -2.983665e+003
    endloop
  endfacet
  facet normal  9.591201e-001 -2.549722e-001  1.227914e-001
    outer loop
      vertex  3.459808e+001 -6.469099e+001 -2.981259e+003
      vertex  3.459808e+001 -6.584957e+001 -2.983665e+003
      vertex  3.500000e+001 -6.389711e+001 -2.982750e+003
    endloop
  endfacet
  facet normal  2.527488e-001 -9.675320e-001  0.000000e+000
    outer loop
      vertex  3.200000e+001 -6.731196e+001 -2.983331e+003
      vertex  3.200000e+001 -6.731196e+001 -2.986669e+003
      vertex  3.350000e+001 -6.692011e+001 -2.983420e+003
    endloop
  endfacet
  facet normal  2.527488e-001 -9.675319e-001  0.000000e+000
    outer loop
      vertex  3.350000e+001 -6.692011e+001 -2.983420e+003
      vertex  3.200000e+001 -6.731196e+001 -2.986669e+003
      vertex  3.350000e+001 -6.692011e+001 -2.986580e+003
    endloop
  endfacet
  facet normal  6.980726e-001 -7.160271e-001  0.000000e+000
    outer loop
      vertex  3.350000e+001 -6.692011e+001 -2.983420e+003
      vertex  3.350000e+001 -6.692011e+001 -2.986580e+003
      vertex  3.459808e+001 -6.584957e+001 -2.983665e+003
    endloop
  endfacet
  facet normal  6.980726e-001 -7.160271e-001  0.000000e+000
    outer loop
      vertex  3.459808e+001 -6.584957e+001 -2.983665e+003
      vertex  3.350000e+001 -6.692011e+001 -2.986580e+003
      vertex  3.459808e+001 -6.584957e+001 -2.986335e+003
    endloop
  endfacet
  facet normal  9.584004e-001 -2.854272e-001  0.000000e+000
    outer loop
      vertex  3.459808e+001 -6.584957e+001 -2.983665e+003
      vertex  3.459808e+001 -6.584957e+001 -2.986335e+003
      vertex  3.500000e+001 -6.450000e+001 -2.985000e+003
    endloop
  endfacet
  facet normal  2.527281e-001 -8.717246e-001 -4.197913e-001
    outer loop
      vertex  3.200000e+001 -6.731196e+001 -2.986669e+003
      vertex  3.200000e+001 -6.586374e+001 -2.989676e+003
      vertex  3.350000e+001 -6.692011e+001 -2.986580e+003
    endloop
  endfacet
  facet normal  2.527881e-001 -8.716977e-001 -4.198111e-001
    outer loop
      vertex  3.350000e+001 -6.692011e+001 -2.986580e+003
      vertex  3.200000e+001 -6.586374e+001 -2.989676e+003
      vertex  3.350000e+001 -6.554950e+001 -2.989426e+003
    endloop
  endfacet
  facet normal  6.980766e-001 -6.451077e-001 -3.106850e-001
    outer loop
      vertex  3.350000e+001 -6.692011e+001 -2.986580e+003
      vertex  3.350000e+001 -6.554950e+001 -2.989426e+003
      vertex  3.459808e+001 -6.584957e+001 -2.986335e+003
    endloop
  endfacet
  facet normal  6.980654e-001 -6.451212e-001 -3.106823e-001
    outer loop
      vertex  3.459808e+001 -6.584957e+001 -2.986335e+003
      vertex  3.350000e+001 -6.554950e+001 -2.989426e+003
      vertex  3.459808e+001 -6.469099e+001 -2.988741e+003
    endloop
  endfacet
  facet normal  9.591201e-001 -2.549722e-001 -1.227914e-001
    outer loop
      vertex  3.459808e+001 -6.584957e+001 -2.986335e+003
      vertex  3.459808e+001 -6.469099e+001 -2.988741e+003
      vertex  3.500000e+001 -6.389711e+001 -2.987250e+003
    endloop
  endfacet
  facet normal  2.528147e-001 -6.032283e-001 -7.564393e-001
    outer loop
      vertex  3.200000e+001 -6.586374e+001 -2.989676e+003
      vertex  3.200000e+001 -6.325413e+001 -2.991757e+003
      vertex  3.350000e+001 -6.554950e+001 -2.989426e+003
    endloop
  endfacet
  facet normal  2.527191e-001 -6.032807e-001 -7.564294e-001
    outer loop
      vertex  3.350000e+001 -6.554950e+001 -2.989426e+003
      vertex  3.200000e+001 -6.325413e+001 -2.991757e+003
      vertex  3.350000e+001 -6.307974e+001 -2.991395e+003
    endloop
  endfacet
  facet normal  6.980594e-001 -4.464654e-001 -5.598050e-001
    outer loop
      vertex  3.350000e+001 -6.554950e+001 -2.989426e+003
      vertex  3.350000e+001 -6.307974e+001 -2.991395e+003
      vertex  3.459808e+001 -6.469099e+001 -2.988741e+003
    endloop
  endfacet
  facet normal  6.981198e-001 -4.463941e-001 -5.597867e-001
    outer loop
      vertex  3.459808e+001 -6.469099e+001 -2.988741e+003
      vertex  3.350000e+001 -6.307974e+001 -2.991395e+003
      vertex  3.459808e+001 -6.260330e+001 -2.990406e+003
    endloop
  endfacet
  facet normal  9.611598e-001 -1.720737e-001 -2.157837e-001
    outer loop
      vertex  3.459808e+001 -6.469099e+001 -2.988741e+003
      vertex  3.459808e+001 -6.260330e+001 -2.990406e+003
      vertex  3.500000e+001 -6.225000e+001 -2.988897e+003
    endloop
  endfacet
  facet normal  1.000000e+000  0.000000e+000  0.000000e+000
    outer loop
      vertex  3.500000e+001 -6.389711e+001 -2.987250e+003
      vertex  3.500000e+001 -6.389711e+001 -2.982750e+003
      vertex  3.500000e+001 -6.450000e+001 -2.985000e+003
    endloop
  endfacet
  facet normal  9.999999e-001  0.000000e+000  0.000000e+000
    outer loop
      vertex  3.500000e+001 -6.389711e+001 -2.982750e+003
      vertex  3.500000e+001 -6.389711e+001 -2.987250e+003
      vertex  3.500000e+001 -6.225000e+001 -2.981103e+003
    endloop
  endfacet
  facet normal  1.000000e+000  0.000000e+000  0.000000e+000
    outer loop
      vertex  3.500000e+001 -6.225000e+001 -2.981103e+003
      vertex  3.500000e+001 -6.389711e+001 -2.987250e+003
      vertex  3.500000e+001 -6.225000e+001 -2.988897e+003
    endloop
  endfacet
  facet normal  1.000000e+000  0.000000e+000  0.000000e+000
    outer loop
      vertex  3.500000e+001 -6.225000e+001 -2.981103e+003
      vertex  3.500000e+001 -6.225000e+001 -2.988897e+003
      vertex  3.500000e+001 -6.000000e+001 -2.980500e+003
    endloop
  endfacet
  facet normal  1.000000e+000  0.000000e+000  0.000000e+000
    outer loop
      vertex  3.500000e+001 -6.000000e+001 -2.980500e+003
      vertex  3.500000e+001 -6.225000e+001 -2.988897e+003
      vertex  3.500000e+001 -6.000000e+001 -2.989500e+003
    endloop
  endfacet
  facet normal  1.000000e+000  0.000000e+000  0.000000e+000
    outer loop
      vertex  3.500000e+001 -6.000000e+001 -2.980500e+003
      vertex  3.500000e+001 -6.000000e+001 -2.989500e+003
      vertex  3.500000e+001 -5.775000e+001 -2.981103e+003
    endloop
  endfacet
  facet normal  1.000000e+000  0.000000e+000  0.000000e+000
    outer loop
      vertex  3.500000e+001 -5.775000e+001 -2.981103e+003
      vertex  3.500000e+001 -6.000000e+001 -2.989500e+003
      vertex  3.500000e+001 -5.775000e+001 -2.988897e+003
    endloop
  endfacet
  facet normal  1.000000e+000  0.000000e+000  0.000000e+000
    outer loop
      vertex  3.500000e+001 -5.775000e+001 -2.981103e+003
      vertex  3.500000e+001 -5.775000e+001 -2.988897e+003
      vertex  3.500000e+001 -5.610289e+001 -2.982750e+003
    endloop
  endfacet
  facet normal  9.999999e-001  0.000000e+000  0.000000e+000
    outer loop
      vertex  3.500000e+001 -5.610289e+001 -2.982750e+003
      vertex  3.500000e+001 -5.775000e+001 -2.988897e+003
      vertex  3.500000e+001 -5.610289e+001 -2.987250e+003
    endloop
  endfacet
  facet normal  1.000000e+000  0.000000e+000  0.000000e+000
    outer loop
      vertex  3.500000e+001 -5.610289e+001 -2.982750e+003
      vertex  3.500000e+001 -5.610289e+001 -2.987250e+003
      vertex  3.500000e+001 -5.550000e+001 -2.985000e+003
    endloop
  endfacet
  facet normal -9.679303e-001  6.501001e-002 -2.426619e-001
    outer loop
      vertex -3.500000e+001 -6.000000e+001 -2.989500e+003
      vertex -3.500000e+001 -5.775000e+001 -2.988897e+003
      vertex -3.459808e+001 -5.739670e+001 -2.990406e+003
    endloop
  endfacet
  facet normal -9.679303e-001  6.501001e-002  2.426619e-001
    outer loop
      vertex -3.500000e+001 -6.000000e+001 -2.980500e+003
      vertex -3.459808e+001 -5.739670e+001 -2.979594e+003
      vertex -3.500000e+001 -5.775000e+001 -2.981103e+003
    endloop
  endfacet
  facet normal -9.704216e-001  1.707127e-001 -1.707020e-001
    outer loop
      vertex -3.500000e+001 -5.610289e+001 -2.987250e+003
      vertex -3.459808e+001 -5.530901e+001 -2.988741e+003
      vertex -3.500000e+001 -5.775000e+001 -2.988897e+003
    endloop
  endfacet
  facet normal -9.715624e-001  2.287157e-001 -6.128425e-002
    outer loop
      vertex -3.500000e+001 -5.550000e+001 -2.985000e+003
      vertex -3.459808e+001 -5.415043e+001 -2.986335e+003
      vertex -3.500000e+001 -5.610289e+001 -2.987250e+003
    endloop
  endfacet
  facet normal -9.715624e-001  2.287157e-001  6.128425e-002
    outer loop
      vertex -3.500000e+001 -5.610289e+001 -2.982750e+003
      vertex -3.459808e+001 -5.415043e+001 -2.983665e+003
      vertex -3.500000e+001 -5.550000e+001 -2.985000e+003
    endloop
  endfacet
  facet normal -9.704216e-001  1.707127e-001  1.707020e-001
    outer loop
      vertex -3.500000e+001 -5.775000e+001 -2.981103e+003
      vertex -3.459808e+001 -5.530901e+001 -2.981259e+003
      vertex -3.500000e+001 -5.610289e+001 -2.982750e+003
    endloop
  endfacet
  facet normal -2.527101e-001  2.152825e-001  9.432874e-001
    outer loop
      vertex -3.200000e+001 -6.000000e+001 -2.977500e+003
      vertex -3.200000e+001 -5.674587e+001 -2.978243e+003
      vertex -3.350000e+001 -6.000000e+001 -2.977902e+003
    endloop
  endfacet
  facet normal -2.527132e-001  2.152838e-001  9.432862e-001
    outer loop
      vertex -3.350000e+001 -6.000000e+001 -2.977902e+003
      vertex -3.200000e+001 -5.674587e+001 -2.978243e+003
      vertex -3.350000e+001 -5.692026e+001 -2.978605e+003
    endloop
  endfacet
  facet normal -6.980973e-001  1.593150e-001  6.980537e-001
    outer loop
      vertex -3.350000e+001 -6.000000e+001 -2.977902e+003
      vertex -3.350000e+001 -5.692026e+001 -2.978605e+003
      vertex -3.459808e+001 -6.000000e+001 -2.979000e+003
    endloop
  endfacet
  facet normal -6.981305e-001  1.593316e-001  6.980166e-001
    outer loop
      vertex -3.459808e+001 -6.000000e+001 -2.979000e+003
      vertex -3.350000e+001 -5.692026e+001 -2.978605e+003
      vertex -3.459808e+001 -5.739670e+001 -2.979594e+003
    endloop
  endfacet
  facet normal -9.642445e-001  5.897610e-002  2.583687e-001
    outer loop
      vertex -3.459808e+001 -6.000000e+001 -2.979000e+003
      vertex -3.459808e+001 -5.739670e+001 -2.979594e+003
      vertex -3.500000e+001 -6.000000e+001 -2.980500e+003
    endloop
  endfacet
  facet normal -2.527131e-001  2.152823e-001 -9.432866e-001
    outer loop
      vertex -3.200000e+001 -5.674587e+001 -2.991757e+003
      vertex -3.200000e+001 -6.000000e+001 -2.992500e+003
      vertex -3.350000e+001 -5.692026e+001 -2.991395e+003
    endloop
  endfacet
  facet normal -2.527100e-001  2.152840e-001 -9.432870e-001
    outer loop
      vertex -3.350000e+001 -5.692026e+001 -2.991395e+003
      vertex -3.200000e+001 -6.000000e+001 -2.992500e+003
      vertex -3.350000e+001 -6.000000e+001 -2.992098e+003
    endloop
  endfacet
  facet normal -6.981277e-001  1.593084e-001 -6.980247e-001
    outer loop
      vertex -3.350000e+001 -5.692026e+001 -2.991395e+003
      vertex -3.350000e+001 -6.000000e+001 -2.992098e+003
      vertex -3.459808e+001 -5.739670e+001 -2.990406e+003
    endloop
  endfacet
  facet normal -6.980945e-001  1.593394e-001 -6.980509e-001
    outer loop
      vertex -3.459808e+001 -5.739670e+001 -2.990406e+003
      vertex -3.350000e+001 -6.000000e+001 -2.992098e+003
      vertex -3.459808e+001 -6.000000e+001 -2.991000e+003
    endloop
  endfacet
  facet normal -9.642445e-001  5.897610e-002 -2.583687e-001
    outer loop
      vertex -3.459808e+001 -5.739670e+001 -2.990406e+003
      vertex -3.459808e+001 -6.000000e+001 -2.991000e+003
      vertex -3.500000e+001 -6.000000e+001 -2.989500e+003
    endloop
  endfacet
  facet normal -2.528133e-001  6.032291e-001 -7.564391e-001
    outer loop
      vertex -3.200000e+001 -5.413626e+001 -2.989676e+003
      vertex -3.200000e+001 -5.674587e+001 -2.991757e+003
      vertex -3.350000e+001 -5.445050e+001 -2.989426e+003
    endloop
  endfacet
  facet normal -2.527191e-001  6.032807e-001 -7.564294e-001
    outer loop
      vertex -3.350000e+001 -5.445050e+001 -2.989426e+003
      vertex -3.200000e+001 -5.674587e+001 -2.991757e+003
      vertex -3.350000e+001 -5.692026e+001 -2.991395e+003
    endloop
  endfacet
  facet normal -6.980587e-001  4.464659e-001 -5.598056e-001
    outer loop
      vertex -3.350000e+001 -5.445050e+001 -2.989426e+003
      vertex -3.350000e+001 -5.692026e+001 -2.991395e+003
      vertex -3.459808e+001 -5.530901e+001 -2.988741e+003
    endloop
  endfacet
  facet normal -6.981199e-001  4.463935e-001 -5.597870e-001
    outer loop
      vertex -3.459808e+001 -5.530901e+001 -2.988741e+003
      vertex -3.350000e+001 -5.692026e+001 -2.991395e+003
      vertex -3.459808e+001 -5.739670e+001 -2.990406e+003
    endloop
  endfacet
  facet normal -9.611598e-001  1.720734e-001 -2.157837e-001
    outer loop
      vertex -3.459808e+001 -5.530901e+001 -2.988741e+003
      vertex -3.459808e+001 -5.739670e+001 -2.990406e+003
      vertex -3.500000e+001 -5.775000e+001 -2.988897e+003
    endloop
  endfacet
  facet normal -2.527281e-001  8.717242e-001 -4.197921e-001
    outer loop
      vertex -3.200000e+001 -5.268804e+001 -2.986669e+003
      vertex -3.200000e+001 -5.413626e+001 -2.989676e+003
      vertex -3.350000e+001 -5.307989e+001 -2.986580e+003
    endloop
  endfacet
  facet normal -2.527860e-001  8.716981e-001 -4.198113e-001
    outer loop
      vertex -3.350000e+001 -5.307989e+001 -2.986580e+003
      vertex -3.200000e+001 -5.413626e+001 -2.989676e+003
      vertex -3.350000e+001 -5.445050e+001 -2.989426e+003
    endloop
  endfacet
  facet normal -6.980778e-001  6.451067e-001 -3.106845e-001
    outer loop
      vertex -3.350000e+001 -5.307989e+001 -2.986580e+003
      vertex -3.350000e+001 -5.445050e+001 -2.989426e+003
      vertex -3.459808e+001 -5.415043e+001 -2.986335e+003
    endloop
  endfacet
  facet normal -6.980640e-001  6.451232e-001 -3.106812e-001
    outer loop
      vertex -3.459808e+001 -5.415043e+001 -2.986335e+003
      vertex -3.350000e+001 -5.445050e+001 -2.989426e+003
      vertex -3.459808e+001 -5.530901e+001 -2.988741e+003
    endloop
  endfacet
  facet normal -9.591202e-001  2.549724e-001 -1.227907e-001
    outer loop
      vertex -3.459808e+001 -5.415043e+001 -2.986335e+003
      vertex -3.459808e+001 -5.530901e+001 -2.988741e+003
      vertex -3.500000e+001 -5.610289e+001 -2.987250e+003
    endloop
  endfacet
  facet normal -2.527488e-001  9.675320e-001  0.000000e+000
    outer loop
      vertex -3.200000e+001 -5.268804e+001 -2.983331e+003
      vertex -3.200000e+001 -5.268804e+001 -2.986669e+003
      vertex -3.350000e+001 -5.307989e+001 -2.983420e+003
    endloop
  endfacet
  facet normal -2.527488e-001  9.675319e-001  0.000000e+000
    outer loop
      vertex -3.350000e+001 -5.307989e+001 -2.983420e+003
      vertex -3.200000e+001 -5.268804e+001 -2.986669e+003
      vertex -3.350000e+001 -5.307989e+001 -2.986580e+003
    endloop
  endfacet
  facet normal -6.980738e-001  7.160258e-001  0.000000e+000
    outer loop
      vertex -3.350000e+001 -5.307989e+001 -2.983420e+003
      vertex -3.350000e+001 -5.307989e+001 -2.986580e+003
      vertex -3.459808e+001 -5.415043e+001 -2.983665e+003
    endloop
  endfacet
  facet normal -6.980737e-001  7.160258e-001  0.000000e+000
    outer loop
      vertex -3.459808e+001 -5.415043e+001 -2.983665e+003
      vertex -3.350000e+001 -5.307989e+001 -2.986580e+003
      vertex -3.459808e+001 -5.415043e+001 -2.986335e+003
    endloop
  endfacet
  facet normal -9.584002e-001  2.854279e-001  0.000000e+000
    outer loop
      vertex -3.459808e+001 -5.415043e+001 -2.983665e+003
      vertex -3.459808e+001 -5.415043e+001 -2.986335e+003
      vertex -3.500000e+001 -5.550000e+001 -2.985000e+003
    endloop
  endfacet
  facet normal -2.527844e-001  8.717110e-001  4.197858e-001
    outer loop
      vertex -3.200000e+001 -5.413626e+001 -2.980324e+003
      vertex -3.200000e+001 -5.268804e+001 -2.983331e+003
      vertex -3.350000e+001 -5.445050e+001 -2.980574e+003
    endloop
  endfacet
  facet normal -2.527265e-001  8.717121e-001  4.198180e-001
    outer loop
      vertex -3.350000e+001 -5.445050e+001 -2.980574e+003
      vertex -3.200000e+001 -5.268804e+001 -2.983331e+003
      vertex -3.350000e+001 -5.307989e+001 -2.983420e+003
    endloop
  endfacet
  facet normal -6.980651e-001  6.451178e-001  3.106898e-001
    outer loop
      vertex -3.350000e+001 -5.445050e+001 -2.980574e+003
      vertex -3.350000e+001 -5.307989e+001 -2.983420e+003
      vertex -3.459808e+001 -5.530901e+001 -2.981259e+003
    endloop
  endfacet
  facet normal -6.980789e-001  6.451101e-001  3.106748e-001
    outer loop
      vertex -3.459808e+001 -5.530901e+001 -2.981259e+003
      vertex -3.350000e+001 -5.307989e+001 -2.983420e+003
      vertex -3.459808e+001 -5.415043e+001 -2.983665e+003
    endloop
  endfacet
  facet normal -9.591202e-001  2.549724e-001  1.227907e-001
    outer loop
      vertex -3.459808e+001 -5.530901e+001 -2.981259e+003
      vertex -3.459808e+001 -5.415043e+001 -2.983665e+003
      vertex -3.500000e+001 -5.610289e+001 -2.982750e+003
    endloop
  endfacet
  facet normal -2.527217e-001  6.032439e-001  7.564578e-001
    outer loop
      vertex -3.200000e+001 -5.674587e+001 -2.978243e+003
      vertex -3.200000e+001 -5.413626e+001 -2.980324e+003
      vertex -3.350000e+001 -5.692026e+001 -2.978605e+003
    endloop
  endfacet
  facet normal -2.528158e-001  6.032649e-001  7.564096e-001
    outer loop
      vertex -3.350000e+001 -5.692026e+001 -2.978605e+003
      vertex -3.200000e+001 -5.413626e+001 -2.980324e+003
      vertex -3.350000e+001 -5.445050e+001 -2.980574e+003
    endloop
  endfacet
  facet normal -6.981147e-001  4.464318e-001  5.597629e-001
    outer loop
      vertex -3.350000e+001 -5.692026e+001 -2.978605e+003
      vertex -3.350000e+001 -5.445050e+001 -2.980574e+003
      vertex -3.459808e+001 -5.739670e+001 -2.979594e+003
    endloop
  endfacet
  facet normal -6.980535e-001  4.464338e-001  5.598376e-001
    outer loop
      vertex -3.459808e+001 -5.739670e+001 -2.979594e+003
      vertex -3.350000e+001 -5.445050e+001 -2.980574e+003
      vertex -3.459808e+001 -5.530901e+001 -2.981259e+003
    endloop
  endfacet
  facet normal -9.611598e-001  1.720734e-001  2.157837e-001
    outer loop
      vertex -3.459808e+001 -5.739670e+001 -2.979594e+003
      vertex -3.459808e+001 -5.530901e+001 -2.981259e+003
      vertex -3.500000e+001 -5.775000e+001 -2.981103e+003
    endloop
  endfacet
  facet normal -9.679303e-001 -6.501001e-002  2.426619e-001
    outer loop
      vertex -3.500000e+001 -6.000000e+001 -2.980500e+003
      vertex -3.500000e+001 -6.225000e+001 -2.981103e+003
      vertex -3.459808e+001 -6.260330e+001 -2.979594e+003
    endloop
  endfacet
  facet normal -9.679303e-001 -6.501001e-002 -2.426619e-001
    outer loop
      vertex -3.500000e+001 -6.000000e+001 -2.989500e+003
      vertex -3.459808e+001 -6.260330e+001 -2.990406e+003
      vertex -3.500000e+001 -6.225000e+001 -2.988897e+003
    endloop
  endfacet
  facet normal -9.704214e-001 -1.707130e-001  1.707023e-001
    outer loop
      vertex -3.500000e+001 -6.389711e+001 -2.982750e+003
      vertex -3.459808e+001 -6.469099e+001 -2.981259e+003
      vertex -3.500000e+001 -6.225000e+001 -2.981103e+003
    endloop
  endfacet
  facet normal -9.715624e-001 -2.287153e-001  6.128412e-002
    outer loop
      vertex -3.500000e+001 -6.450000e+001 -2.985000e+003
      vertex -3.459808e+001 -6.584957e+001 -2.983665e+003
      vertex -3.500000e+001 -6.389711e+001 -2.982750e+003
    endloop
  endfacet
  facet normal -9.715624e-001 -2.287153e-001 -6.128412e-002
    outer loop
      vertex -3.500000e+001 -6.389711e+001 -2.987250e+003
      vertex -3.459808e+001 -6.584957e+001 -2.986335e+003
      vertex -3.500000e+001 -6.450000e+001 -2.985000e+003
    endloop
  endfacet
  facet normal -9.704214e-001 -1.707130e-001 -1.707023e-001
    outer loop
      vertex -3.500000e+001 -6.225000e+001 -2.988897e+003
      vertex -3.459808e+001 -6.469099e+001 -2.988741e+003
      vertex -3.500000e+001 -6.389711e+001 -2.987250e+003
    endloop
  endfacet
  facet normal -2.527101e-001 -2.152825e-001 -9.432874e-001
    outer loop
      vertex -3.200000e+001 -6.000000e+001 -2.992500e+003
      vertex -3.200000e+001 -6.325413e+001 -2.991757e+003
      vertex -3.350000e+001 -6.000000e+001 -2.992098e+003
    endloop
  endfacet
  facet normal -2.527132e-001 -2.152838e-001 -9.432862e-001
    outer loop
      vertex -3.350000e+001 -6.000000e+001 -2.992098e+003
      vertex -3.200000e+001 -6.325413e+001 -2.991757e+003
      vertex -3.350000e+001 -6.307974e+001 -2.991395e+003
    endloop
  endfacet
  facet normal -6.980973e-001 -1.593150e-001 -6.980537e-001
    outer loop
      vertex -3.350000e+001 -6.000000e+001 -2.992098e+003
      vertex -3.350000e+001 -6.307974e+001 -2.991395e+003
      vertex -3.459808e+001 -6.000000e+001 -2.991000e+003
    endloop
  endfacet
  facet normal -6.981305e-001 -1.593316e-001 -6.980166e-001
    outer loop
      vertex -3.459808e+001 -6.000000e+001 -2.991000e+003
      vertex -3.350000e+001 -6.307974e+001 -2.991395e+003
      vertex -3.459808e+001 -6.260330e+001 -2.990406e+003
    endloop
  endfacet
  facet normal -9.642445e-001 -5.897610e-002 -2.583687e-001
    outer loop
      vertex -3.459808e+001 -6.000000e+001 -2.991000e+003
      vertex -3.459808e+001 -6.260330e+001 -2.990406e+003
      vertex -3.500000e+001 -6.000000e+001 -2.989500e+003
    endloop
  endfacet
  facet normal -2.527131e-001 -2.152823e-001  9.432866e-001
    outer loop
      vertex -3.200000e+001 -6.325413e+001 -2.978243e+003
      vertex -3.200000e+001 -6.000000e+001 -2.977500e+003
      vertex -3.350000e+001 -6.307974e+001 -2.978605e+003
    endloop
  endfacet
  facet normal -2.527100e-001 -2.152840e-001  9.432870e-001
    outer loop
      vertex -3.350000e+001 -6.307974e+001 -2.978605e+003
      vertex -3.200000e+001 -6.000000e+001 -2.977500e+003
      vertex -3.350000e+001 -6.000000e+001 -2.977902e+003
    endloop
  endfacet
  facet normal -6.981277e-001 -1.593084e-001  6.980247e-001
    outer loop
      vertex -3.350000e+001 -6.307974e+001 -2.978605e+003
      vertex -3.350000e+001 -6.000000e+001 -2.977902e+003
      vertex -3.459808e+001 -6.260330e+001 -2.979594e+003
    endloop
  endfacet
  facet normal -6.980945e-001 -1.593394e-001  6.980509e-001
    outer loop
      vertex -3.459808e+001 -6.260330e+001 -2.979594e+003
      vertex -3.350000e+001 -6.000000e+001 -2.977902e+003
      vertex -3.459808e+001 -6.000000e+001 -2.979000e+003
    endloop
  endfacet
  facet normal -9.642445e-001 -5.897610e-002  2.583687e-001
    outer loop
      vertex -3.459808e+001 -6.260330e+001 -2.979594e+003
      vertex -3.459808e+001 -6.000000e+001 -2.979000e+003
      vertex -3.500000e+001 -6.000000e+001 -2.980500e+003
    endloop
  endfacet
  facet normal -2.528147e-001 -6.032283e-001  7.564393e-001
    outer loop
      vertex -3.200000e+001 -6.586374e+001 -2.980324e+003
      vertex -3.200000e+001 -6.325413e+001 -2.978243e+003
      vertex -3.350000e+001 -6.554950e+001 -2.980574e+003
    endloop
  endfacet
  facet normal -2.527191e-001 -6.032807e-001  7.564294e-001
    outer loop
      vertex -3.350000e+001 -6.554950e+001 -2.980574e+003
      vertex -3.200000e+001 -6.325413e+001 -2.978243e+003
      vertex -3.350000e+001 -6.307974e+001 -2.978605e+003
    endloop
  endfacet
  facet normal -6.980594e-001 -4.464654e-001  5.598050e-001
    outer loop
      vertex -3.350000e+001 -6.554950e+001 -2.980574e+003
      vertex -3.350000e+001 -6.307974e+001 -2.978605e+003
      vertex -3.459808e+001 -6.469099e+001 -2.981259e+003
    endloop
  endfacet
  facet normal -6.981198e-001 -4.463941e-001  5.597867e-001
    outer loop
      vertex -3.459808e+001 -6.469099e+001 -2.981259e+003
      vertex -3.350000e+001 -6.307974e+001 -2.978605e+003
      vertex -3.459808e+001 -6.260330e+001 -2.979594e+003
    endloop
  endfacet
  facet normal -9.611598e-001 -1.720737e-001  2.157837e-001
    outer loop
      vertex -3.459808e+001 -6.469099e+001 -2.981259e+003
      vertex -3.459808e+001 -6.260330e+001 -2.979594e+003
      vertex -3.500000e+001 -6.225000e+001 -2.981103e+003
    endloop
  endfacet
  facet normal -2.527281e-001 -8.717246e-001  4.197913e-001
    outer loop
      vertex -3.200000e+001 -6.731196e+001 -2.983331e+003
      vertex -3.200000e+001 -6.586374e+001 -2.980324e+003
      vertex -3.350000e+001 -6.692011e+001 -2.983420e+003
    endloop
  endfacet
  facet normal -2.527881e-001 -8.716977e-001  4.198111e-001
    outer loop
      vertex -3.350000e+001 -6.692011e+001 -2.983420e+003
      vertex -3.200000e+001 -6.586374e+001 -2.980324e+003
      vertex -3.350000e+001 -6.554950e+001 -2.980574e+003
    endloop
  endfacet
  facet normal -6.980766e-001 -6.451077e-001  3.106850e-001
    outer loop
      vertex -3.350000e+001 -6.692011e+001 -2.983420e+003
      vertex -3.350000e+001 -6.554950e+001 -2.980574e+003
      vertex -3.459808e+001 -6.584957e+001 -2.983665e+003
    endloop
  endfacet
  facet normal -6.980654e-001 -6.451212e-001  3.106823e-001
    outer loop
      vertex -3.459808e+001 -6.584957e+001 -2.983665e+003
      vertex -3.350000e+001 -6.554950e+001 -2.980574e+003
      vertex -3.459808e+001 -6.469099e+001 -2.981259e+003
    endloop
  endfacet
  facet normal -9.591201e-001 -2.549722e-001  1.227914e-001
    outer loop
      vertex -3.459808e+001 -6.584957e+001 -2.983665e+003
      vertex -3.459808e+001 -6.469099e+001 -2.981259e+003
      vertex -3.500000e+001 -6.389711e+001 -2.982750e+003
    endloop
  endfacet
  facet normal -2.527488e-001 -9.675320e-001  -0.000000e+000
    outer loop
      vertex -3.200000e+001 -6.731196e+001 -2.986669e+003
      vertex -3.200000e+001 -6.731196e+001 -2.983331e+003
      vertex -3.350000e+001 -6.692011e+001 -2.986580e+003
    endloop
  endfacet
  facet normal -2.527488e-001 -9.675319e-001  0.000000e+000
    outer loop
      vertex -3.350000e+001 -6.692011e+001 -2.986580e+003
      vertex -3.200000e+001 -6.731196e+001 -2.983331e+003
      vertex -3.350000e+001 -6.692011e+001 -2.983420e+003
    endloop
  endfacet
  facet normal -6.980726e-001 -7.160271e-001  -0.000000e+000
    outer loop
      vertex -3.350000e+001 -6.692011e+001 -2.986580e+003
      vertex -3.350000e+001 -6.692011e+001 -2.983420e+003
      vertex -3.459808e+001 -6.584957e+001 -2.986335e+003
    endloop
  endfacet
  facet normal -6.980726e-001 -7.160271e-001  0.000000e+000
    outer loop
      vertex -3.459808e+001 -6.584957e+001 -2.986335e+003
      vertex -3.350000e+001 -6.692011e+001 -2.983420e+003
      vertex -3.459808e+001 -6.584957e+001 -2.983665e+003
    endloop
  endfacet
  facet normal -9.584004e-001 -2.854272e-001  -0.000000e+000
    outer loop
      vertex -3.459808e+001 -6.584957e+001 -2.986335e+003
      vertex -3.459808e+001 -6.584957e+001 -2.983665e+003
      vertex -3.500000e+001 -6.450000e+001 -2.985000e+003
    endloop
  endfacet
  facet normal -2.527864e-001 -8.717109e-001 -4.197846e-001
    outer loop
      vertex -3.200000e+001 -6.586374e+001 -2.989676e+003
      vertex -3.200000e+001 -6.731196e+001 -2.986669e+003
      vertex -3.350000e+001 -6.554950e+001 -2.989426e+003
    endloop
  endfacet
  facet normal -2.527265e-001 -8.717121e-001 -4.198180e-001
    outer loop
      vertex -3.350000e+001 -6.554950e+001 -2.989426e+003
      vertex -3.200000e+001 -6.731196e+001 -2.986669e+003
      vertex -3.350000e+001 -6.692011e+001 -2.986580e+003
    endloop
  endfacet
  facet normal -6.980663e-001 -6.451167e-001 -3.106893e-001
    outer loop
      vertex -3.350000e+001 -6.554950e+001 -2.989426e+003
      vertex -3.350000e+001 -6.692011e+001 -2.986580e+003
      vertex -3.459808e+001 -6.469099e+001 -2.988741e+003
    endloop
  endfacet
  facet normal -6.980776e-001 -6.451104e-001 -3.106771e-001
    outer loop
      vertex -3.459808e+001 -6.469099e+001 -2.988741e+003
      vertex -3.350000e+001 -6.692011e+001 -2.986580e+003
      vertex -3.459808e+001 -6.584957e+001 -2.986335e+003
    endloop
  endfacet
  facet normal -9.591201e-001 -2.549722e-001 -1.227914e-001
    outer loop
      vertex -3.459808e+001 -6.469099e+001 -2.988741e+003
      vertex -3.459808e+001 -6.584957e+001 -2.986335e+003
      vertex -3.500000e+001 -6.389711e+001 -2.987250e+003
    endloop
  endfacet
  facet normal -2.527218e-001 -6.032434e-001 -7.564582e-001
    outer loop
      vertex -3.200000e+001 -6.325413e+001 -2.991757e+003
      vertex -3.200000e+001 -6.586374e+001 -2.989676e+003
      vertex -3.350000e+001 -6.307974e+001 -2.991395e+003
    endloop
  endfacet
  facet normal -2.528173e-001 -6.032647e-001 -7.564093e-001
    outer loop
      vertex -3.350000e+001 -6.307974e+001 -2.991395e+003
      vertex -3.200000e+001 -6.586374e+001 -2.989676e+003
      vertex -3.350000e+001 -6.554950e+001 -2.989426e+003
    endloop
  endfacet
  facet normal -6.981147e-001 -4.464318e-001 -5.597629e-001
    outer loop
      vertex -3.350000e+001 -6.307974e+001 -2.991395e+003
      vertex -3.350000e+001 -6.554950e+001 -2.989426e+003
      vertex -3.459808e+001 -6.260330e+001 -2.990406e+003
    endloop
  endfacet
  facet normal -6.980543e-001 -4.464338e-001 -5.598365e-001
    outer loop
      vertex -3.459808e+001 -6.260330e+001 -2.990406e+003
      vertex -3.350000e+001 -6.554950e+001 -2.989426e+003
      vertex -3.459808e+001 -6.469099e+001 -2.988741e+003
    endloop
  endfacet
  facet normal -9.611598e-001 -1.720737e-001 -2.157837e-001
    outer loop
      vertex -3.459808e+001 -6.260330e+001 -2.990406e+003
      vertex -3.459808e+001 -6.469099e+001 -2.988741e+003
      vertex -3.500000e+001 -6.225000e+001 -2.988897e+003
    endloop
  endfacet
  facet normal -1.000000e+000  0.000000e+000  -0.000000e+000
    outer loop
      vertex -3.500000e+001 -6.450000e+001 -2.985000e+003
      vertex -3.500000e+001 -6.389711e+001 -2.982750e+003
      vertex -3.500000e+001 -6.389711e+001 -2.987250e+003
    endloop
  endfacet
  facet normal -1.000000e+000  0.000000e+000  0.000000e+000
    outer loop
      vertex -3.500000e+001 -5.550000e+001 -2.985000e+003
      vertex -3.500000e+001 -5.610289e+001 -2.987250e+003
      vertex -3.500000e+001 -5.610289e+001 -2.982750e+003
    endloop
  endfacet
  facet normal -9.999999e-001  0.000000e+000  -0.000000e+000
    outer loop
      vertex -3.500000e+001 -5.610289e+001 -2.982750e+003
      vertex -3.500000e+001 -5.610289e+001 -2.987250e+003
      vertex -3.500000e+001 -5.775000e+001 -2.988897e+003
    endloop
  endfacet
  facet normal -1.000000e+000  0.000000e+000  0.000000e+000
    outer loop
      vertex -3.500000e+001 -5.610289e+001 -2.982750e+003
      vertex -3.500000e+001 -5.775000e+001 -2.988897e+003
      vertex -3.500000e+001 -5.775000e+001 -2.981103e+003
    endloop
  endfacet
  facet normal -1.000000e+000  0.000000e+000  -0.000000e+000
    outer loop
      vertex -3.500000e+001 -5.775000e+001 -2.981103e+003
      vertex -3.500000e+001 -5.775000e+001 -2.988897e+003
      vertex -3.500000e+001 -6.000000e+001 -2.989500e+003
    endloop
  endfacet
  facet normal -1.000000e+000  0.000000e+000  0.000000e+000
    outer loop
      vertex -3.500000e+001 -5.775000e+001 -2.981103e+003
      vertex -3.500000e+001 -6.000000e+001 -2.989500e+003
      vertex -3.500000e+001 -6.000000e+001 -2.980500e+003
    endloop
  endfacet
  facet normal -1.000000e+000  0.000000e+000  -0.000000e+000
    outer loop
      vertex -3.500000e+001 -6.000000e+001 -2.980500e+003
      vertex -3.500000e+001 -6.000000e+001 -2.989500e+003
      vertex -3.500000e+001 -6.225000e+001 -2.988897e+003
    endloop
  endfacet
  facet normal -1.000000e+000  0.000000e+000  0.000000e+000
    outer loop
      vertex -3.500000e+001 -6.000000e+001 -2.980500e+003
      vertex -3.500000e+001 -6.225000e+001 -2.988897e+003
      vertex -3.500000e+001 -6.225000e+001 -2.981103e+003
    endloop
  endfacet
  facet normal -1.000000e+000  0.000000e+000  -0.000000e+000
    outer loop
      vertex -3.500000e+001 -6.225000e+001 -2.981103e+003
      vertex -3.500000e+001 -6.225000e+001 -2.988897e+003
      vertex -3.500000e+001 -6.389711e+001 -2.987250e+003
    endloop
  endfacet
  facet normal -9.999999e-001  0.000000e+000  0.000000e+000
    outer loop
      vertex -3.500000e+001 -6.225000e+001 -2.981103e+003
      vertex -3.500000e+001 -6.389711e+001 -2.987250e+003
      vertex -3.500000e+001 -6.389711e+001 -2.982750e+003
    endloop
  endfacet
  facet normal  6.501001e-002 -9.679303e-001  2.426619e-001
    outer loop
      vertex -6.000000e+001 -3.500000e+001 -2.980500e+003
      vertex -5.775000e+001 -3.500000e+001 -2.981103e+003
      vertex -5.739670e+001 -3.459808e+001 -2.979594e+003
    endloop
  endfacet
  facet normal  6.501001e-002 -9.679303e-001 -2.426619e-001
    outer loop
      vertex -6.000000e+001 -3.500000e+001 -2.989500e+003
      vertex -5.739670e+001 -3.459808e+001 -2.990406e+003
      vertex -5.775000e+001 -3.500000e+001 -2.988897e+003
    endloop
  endfacet
  facet normal  1.707127e-001 -9.704216e-001 -1.707020e-001
    outer loop
      vertex -5.530901e+001 -3.459808e+001 -2.988741e+003
      vertex -5.610289e+001 -3.500000e+001 -2.987250e+003
      vertex -5.775000e+001 -3.500000e+001 -2.988897e+003
    endloop
  endfacet
  facet normal  2.287157e-001 -9.715624e-001 -6.128425e-002
    outer loop
      vertex -5.415043e+001 -3.459808e+001 -2.986335e+003
      vertex -5.550000e+001 -3.500000e+001 -2.985000e+003
      vertex -5.610289e+001 -3.500000e+001 -2.987250e+003
    endloop
  endfacet
  facet normal  2.287157e-001 -9.715624e-001  6.128425e-002
    outer loop
      vertex -5.415043e+001 -3.459808e+001 -2.983665e+003
      vertex -5.610289e+001 -3.500000e+001 -2.982750e+003
      vertex -5.550000e+001 -3.500000e+001 -2.985000e+003
    endloop
  endfacet
  facet normal  1.707127e-001 -9.704216e-001  1.707020e-001
    outer loop
      vertex -5.530901e+001 -3.459808e+001 -2.981259e+003
      vertex -5.775000e+001 -3.500000e+001 -2.981103e+003
      vertex -5.610289e+001 -3.500000e+001 -2.982750e+003
    endloop
  endfacet
  facet normal  2.152823e-001 -2.527131e-001  9.432866e-001
    outer loop
      vertex -5.674587e+001 -3.200000e+001 -2.978243e+003
      vertex -6.000000e+001 -3.200000e+001 -2.977500e+003
      vertex -5.692026e+001 -3.350000e+001 -2.978605e+003
    endloop
  endfacet
  facet normal  2.152840e-001 -2.527100e-001  9.432870e-001
    outer loop
      vertex -5.692026e+001 -3.350000e+001 -2.978605e+003
      vertex -6.000000e+001 -3.200000e+001 -2.977500e+003
      vertex -6.000000e+001 -3.350000e+001 -2.977902e+003
    endloop
  endfacet
  facet normal  1.593084e-001 -6.981277e-001  6.980247e-001
    outer loop
      vertex -5.692026e+001 -3.350000e+001 -2.978605e+003
      vertex -6.000000e+001 -3.350000e+001 -2.977902e+003
      vertex -5.739670e+001 -3.459808e+001 -2.979594e+003
    endloop
  endfacet
  facet normal  1.593394e-001 -6.980945e-001  6.980509e-001
    outer loop
      vertex -5.739670e+001 -3.459808e+001 -2.979594e+003
      vertex -6.000000e+001 -3.350000e+001 -2.977902e+003
      vertex -6.000000e+001 -3.459808e+001 -2.979000e+003
    endloop
  endfacet
  facet normal  5.897610e-002 -9.642445e-001  2.583687e-001
    outer loop
      vertex -5.739670e+001 -3.459808e+001 -2.979594e+003
      vertex -6.000000e+001 -3.459808e+001 -2.979000e+003
      vertex -6.000000e+001 -3.500000e+001 -2.980500e+003
    endloop
  endfacet
  facet normal  2.152825e-001 -2.527101e-001 -9.432874e-001
    outer loop
      vertex -6.000000e+001 -3.200000e+001 -2.992500e+003
      vertex -5.674587e+001 -3.200000e+001 -2.991757e+003
      vertex -6.000000e+001 -3.350000e+001 -2.992098e+003
    endloop
  endfacet
  facet normal  2.152838e-001 -2.527132e-001 -9.432862e-001
    outer loop
      vertex -6.000000e+001 -3.350000e+001 -2.992098e+003
      vertex -5.674587e+001 -3.200000e+001 -2.991757e+003
      vertex -5.692026e+001 -3.350000e+001 -2.991395e+003
    endloop
  endfacet
  facet normal  1.593150e-001 -6.980973e-001 -6.980537e-001
    outer loop
      vertex -6.000000e+001 -3.350000e+001 -2.992098e+003
      vertex -5.692026e+001 -3.350000e+001 -2.991395e+003
      vertex -6.000000e+001 -3.459808e+001 -2.991000e+003
    endloop
  endfacet
  facet normal  1.593316e-001 -6.981305e-001 -6.980166e-001
    outer loop
      vertex -6.000000e+001 -3.459808e+001 -2.991000e+003
      vertex -5.692026e+001 -3.350000e+001 -2.991395e+003
      vertex -5.739670e+001 -3.459808e+001 -2.990406e+003
    endloop
  endfacet
  facet normal  5.897610e-002 -9.642445e-001 -2.583687e-001
    outer loop
      vertex -6.000000e+001 -3.459808e+001 -2.991000e+003
      vertex -5.739670e+001 -3.459808e+001 -2.990406e+003
      vertex -6.000000e+001 -3.500000e+001 -2.989500e+003
    endloop
  endfacet
  facet normal  6.032439e-001 -2.527217e-001 -7.564578e-001
    outer loop
      vertex -5.674587e+001 -3.200000e+001 -2.991757e+003
      vertex -5.413626e+001 -3.200000e+001 -2.989676e+003
      vertex -5.692026e+001 -3.350000e+001 -2.991395e+003
    endloop
  endfacet
  facet normal  6.032649e-001 -2.528158e-001 -7.564096e-001
    outer loop
      vertex -5.692026e+001 -3.350000e+001 -2.991395e+003
      vertex -5.413626e+001 -3.200000e+001 -2.989676e+003
      vertex -5.445050e+001 -3.350000e+001 -2.989426e+003
    endloop
  endfacet
  facet normal  4.464318e-001 -6.981147e-001 -5.597629e-001
    outer loop
      vertex -5.692026e+001 -3.350000e+001 -2.991395e+003
      vertex -5.445050e+001 -3.350000e+001 -2.989426e+003
      vertex -5.739670e+001 -3.459808e+001 -2.990406e+003
    endloop
  endfacet
  facet normal  4.464338e-001 -6.980535e-001 -5.598376e-001
    outer loop
      vertex -5.739670e+001 -3.459808e+001 -2.990406e+003
      vertex -5.445050e+001 -3.350000e+001 -2.989426e+003
      vertex -5.530901e+001 -3.459808e+001 -2.988741e+003
    endloop
  endfacet
  facet normal  1.720734e-001 -9.611598e-001 -2.157837e-001
    outer loop
      vertex -5.739670e+001 -3.459808e+001 -2.990406e+003
      vertex -5.530901e+001 -3.459808e+001 -2.988741e+003
      vertex -5.775000e+001 -3.500000e+001 -2.988897e+003
    endloop
  endfacet
  facet normal  8.717110e-001 -2.527844e-001 -4.197858e-001
    outer loop
      vertex -5.413626e+001 -3.200000e+001 -2.989676e+003
      vertex -5.268804e+001 -3.200000e+001 -2.986669e+003
      vertex -5.445050e+001 -3.350000e+001 -2.989426e+003
    endloop
  endfacet
  facet normal  8.717121e-001 -2.527265e-001 -4.198180e-001
    outer loop
      vertex -5.445050e+001 -3.350000e+001 -2.989426e+003
      vertex -5.268804e+001 -3.200000e+001 -2.986669e+003
      vertex -5.307989e+001 -3.350000e+001 -2.986580e+003
    endloop
  endfacet
  facet normal  6.451178e-001 -6.980651e-001 -3.106898e-001
    outer loop
      vertex -5.445050e+001 -3.350000e+001 -2.989426e+003
      vertex -5.307989e+001 -3.350000e+001 -2.986580e+003
      vertex -5.530901e+001 -3.459808e+001 -2.988741e+003
    endloop
  endfacet
  facet normal  6.451101e-001 -6.980789e-001 -3.106748e-001
    outer loop
      vertex -5.530901e+001 -3.459808e+001 -2.988741e+003
      vertex -5.307989e+001 -3.350000e+001 -2.986580e+003
      vertex -5.415043e+001 -3.459808e+001 -2.986335e+003
    endloop
  endfacet
  facet normal  2.549724e-001 -9.591202e-001 -1.227907e-001
    outer loop
      vertex -5.530901e+001 -3.459808e+001 -2.988741e+003
      vertex -5.415043e+001 -3.459808e+001 -2.986335e+003
      vertex -5.610289e+001 -3.500000e+001 -2.987250e+003
    endloop
  endfacet
  facet normal  9.675320e-001 -2.527488e-001  0.000000e+000
    outer loop
      vertex -5.268804e+001 -3.200000e+001 -2.986669e+003
      vertex -5.268804e+001 -3.200000e+001 -2.983331e+003
      vertex -5.307989e+001 -3.350000e+001 -2.986580e+003
    endloop
  endfacet
  facet normal  9.675319e-001 -2.527488e-001  0.000000e+000
    outer loop
      vertex -5.307989e+001 -3.350000e+001 -2.986580e+003
      vertex -5.268804e+001 -3.200000e+001 -2.983331e+003
      vertex -5.307989e+001 -3.350000e+001 -2.983420e+003
    endloop
  endfacet
  facet normal  7.160258e-001 -6.980738e-001  0.000000e+000
    outer loop
      vertex -5.307989e+001 -3.350000e+001 -2.986580e+003
      vertex -5.307989e+001 -3.350000e+001 -2.983420e+003
      vertex -5.415043e+001 -3.459808e+001 -2.986335e+003
    endloop
  endfacet
  facet normal  7.160258e-001 -6.980737e-001  0.000000e+000
    outer loop
      vertex -5.415043e+001 -3.459808e+001 -2.986335e+003
      vertex -5.307989e+001 -3.350000e+001 -2.983420e+003
      vertex -5.415043e+001 -3.459808e+001 -2.983665e+003
    endloop
  endfacet
  facet normal  2.854279e-001 -9.584002e-001  0.000000e+000
    outer loop
      vertex -5.415043e+001 -3.459808e+001 -2.986335e+003
      vertex -5.415043e+001 -3.459808e+001 -2.983665e+003
      vertex -5.550000e+001 -3.500000e+001 -2.985000e+003
    endloop
  endfacet
  facet normal  8.717242e-001 -2.527281e-001  4.197921e-001
    outer loop
      vertex -5.268804e+001 -3.200000e+001 -2.983331e+003
      vertex -5.413626e+001 -3.200000e+001 -2.980324e+003
      vertex -5.307989e+001 -3.350000e+001 -2.983420e+003
    endloop
  endfacet
  facet normal  8.716981e-001 -2.527860e-001  4.198113e-001
    outer loop
      vertex -5.307989e+001 -3.350000e+001 -2.983420e+003
      vertex -5.413626e+001 -3.200000e+001 -2.980324e+003
      vertex -5.445050e+001 -3.350000e+001 -2.980574e+003
    endloop
  endfacet
  facet normal  6.451067e-001 -6.980778e-001  3.106845e-001
    outer loop
      vertex -5.307989e+001 -3.350000e+001 -2.983420e+003
      vertex -5.445050e+001 -3.350000e+001 -2.980574e+003
      vertex -5.415043e+001 -3.459808e+001 -2.983665e+003
    endloop
  endfacet
  facet normal  6.451232e-001 -6.980640e-001  3.106812e-001
    outer loop
      vertex -5.415043e+001 -3.459808e+001 -2.983665e+003
      vertex -5.445050e+001 -3.350000e+001 -2.980574e+003
      vertex -5.530901e+001 -3.459808e+001 -2.981259e+003
    endloop
  endfacet
  facet normal  2.549724e-001 -9.591202e-001  1.227907e-001
    outer loop
      vertex -5.415043e+001 -3.459808e+001 -2.983665e+003
      vertex -5.530901e+001 -3.459808e+001 -2.981259e+003
      vertex -5.610289e+001 -3.500000e+001 -2.982750e+003
    endloop
  endfacet
  facet normal  6.032291e-001 -2.528133e-001  7.564391e-001
    outer loop
      vertex -5.413626e+001 -3.200000e+001 -2.980324e+003
      vertex -5.674587e+001 -3.200000e+001 -2.978243e+003
      vertex -5.445050e+001 -3.350000e+001 -2.980574e+003
    endloop
  endfacet
  facet normal  6.032807e-001 -2.527191e-001  7.564294e-001
    outer loop
      vertex -5.445050e+001 -3.350000e+001 -2.980574e+003
      vertex -5.674587e+001 -3.200000e+001 -2.978243e+003
      vertex -5.692026e+001 -3.350000e+001 -2.978605e+003
    endloop
  endfacet
  facet normal  4.464659e-001 -6.980587e-001  5.598056e-001
    outer loop
      vertex -5.445050e+001 -3.350000e+001 -2.980574e+003
      vertex -5.692026e+001 -3.350000e+001 -2.978605e+003
      vertex -5.530901e+001 -3.459808e+001 -2.981259e+003
    endloop
  endfacet
  facet normal  4.463935e-001 -6.981199e-001  5.597870e-001
    outer loop
      vertex -5.530901e+001 -3.459808e+001 -2.981259e+003
      vertex -5.692026e+001 -3.350000e+001 -2.978605e+003
      vertex -5.739670e+001 -3.459808e+001 -2.979594e+003
    endloop
  endfacet
  facet normal  1.720734e-001 -9.611598e-001  2.157837e-001
    outer loop
      vertex -5.530901e+001 -3.459808e+001 -2.981259e+003
      vertex -5.739670e+001 -3.459808e+001 -2.979594e+003
      vertex -5.775000e+001 -3.500000e+001 -2.981103e+003
    endloop
  endfacet
  facet normal -6.501001e-002 -9.679303e-001 -2.426619e-001
    outer loop
      vertex -6.000000e+001 -3.500000e+001 -2.989500e+003
      vertex -6.225000e+001 -3.500000e+001 -2.988897e+003
      vertex -6.260330e+001 -3.459808e+001 -2.990406e+003
    endloop
  endfacet
  facet normal -6.501001e-002 -9.679303e-001  2.426619e-001
    outer loop
      vertex -6.000000e+001 -3.500000e+001 -2.980500e+003
      vertex -6.260330e+001 -3.459808e+001 -2.979594e+003
      vertex -6.225000e+001 -3.500000e+001 -2.981103e+003
    endloop
  endfacet
  facet normal -1.707130e-001 -9.704214e-001  1.707023e-001
    outer loop
      vertex -6.469099e+001 -3.459808e+001 -2.981259e+003
      vertex -6.389711e+001 -3.500000e+001 -2.982750e+003
      vertex -6.225000e+001 -3.500000e+001 -2.981103e+003
    endloop
  endfacet
  facet normal -2.287153e-001 -9.715624e-001  6.128412e-002
    outer loop
      vertex -6.584957e+001 -3.459808e+001 -2.983665e+003
      vertex -6.450000e+001 -3.500000e+001 -2.985000e+003
      vertex -6.389711e+001 -3.500000e+001 -2.982750e+003
    endloop
  endfacet
  facet normal -2.287153e-001 -9.715624e-001 -6.128412e-002
    outer loop
      vertex -6.584957e+001 -3.459808e+001 -2.986335e+003
      vertex -6.389711e+001 -3.500000e+001 -2.987250e+003
      vertex -6.450000e+001 -3.500000e+001 -2.985000e+003
    endloop
  endfacet
  facet normal -1.707130e-001 -9.704214e-001 -1.707023e-001
    outer loop
      vertex -6.469099e+001 -3.459808e+001 -2.988741e+003
      vertex -6.225000e+001 -3.500000e+001 -2.988897e+003
      vertex -6.389711e+001 -3.500000e+001 -2.987250e+003
    endloop
  endfacet
  facet normal -2.152823e-001 -2.527131e-001 -9.432866e-001
    outer loop
      vertex -6.325413e+001 -3.200000e+001 -2.991757e+003
      vertex -6.000000e+001 -3.200000e+001 -2.992500e+003
      vertex -6.307974e+001 -3.350000e+001 -2.991395e+003
    endloop
  endfacet
  facet normal -2.152840e-001 -2.527100e-001 -9.432870e-001
    outer loop
      vertex -6.307974e+001 -3.350000e+001 -2.991395e+003
      vertex -6.000000e+001 -3.200000e+001 -2.992500e+003
      vertex -6.000000e+001 -3.350000e+001 -2.992098e+003
    endloop
  endfacet
  facet normal -1.593084e-001 -6.981277e-001 -6.980247e-001
    outer loop
      vertex -6.307974e+001 -3.350000e+001 -2.991395e+003
      vertex -6.000000e+001 -3.350000e+001 -2.992098e+003
      vertex -6.260330e+001 -3.459808e+001 -2.990406e+003
    endloop
  endfacet
  facet normal -1.593394e-001 -6.980945e-001 -6.980509e-001
    outer loop
      vertex -6.260330e+001 -3.459808e+001 -2.990406e+003
      vertex -6.000000e+001 -3.350000e+001 -2.992098e+003
      vertex -6.000000e+001 -3.459808e+001 -2.991000e+003
    endloop
  endfacet
  facet normal -5.897610e-002 -9.642445e-001 -2.583687e-001
    outer loop
      vertex -6.260330e+001 -3.459808e+001 -2.990406e+003
      vertex -6.000000e+001 -3.459808e+001 -2.991000e+003
      vertex -6.000000e+001 -3.500000e+001 -2.989500e+003
    endloop
  endfacet
  facet normal -2.152825e-001 -2.527101e-001  9.432874e-001
    outer loop
      vertex -6.000000e+001 -3.200000e+001 -2.977500e+003
      vertex -6.325413e+001 -3.200000e+001 -2.978243e+003
      vertex -6.000000e+001 -3.350000e+001 -2.977902e+003
    endloop
  endfacet
  facet normal -2.152838e-001 -2.527132e-001  9.432862e-001
    outer loop
      vertex -6.000000e+001 -3.350000e+001 -2.977902e+003
      vertex -6.325413e+001 -3.200000e+001 -2.978243e+003
      vertex -6.307974e+001 -3.350000e+001 -2.978605e+003
    endloop
  endfacet
  facet normal -1.593150e-001 -6.980973e-001  6.980537e-001
    outer loop
      vertex -6.000000e+001 -3.350000e+001 -2.977902e+003
      vertex -6.307974e+001 -3.350000e+001 -2.978605e+003
      vertex -6.000000e+001 -3.459808e+001 -2.979000e+003
    endloop
  endfacet
  facet normal -1.593316e-001 -6.981305e-001  6.980166e-001
    outer loop
      vertex -6.000000e+001 -3.459808e+001 -2.979000e+003
      vertex -6.307974e+001 -3.350000e+001 -2.978605e+003
      vertex -6.260330e+001 -3.459808e+001 -2.979594e+003
    endloop
  endfacet
  facet normal -5.897610e-002 -9.642445e-001  2.583687e-001
    outer loop
      vertex -6.000000e+001 -3.459808e+001 -2.979000e+003
      vertex -6.260330e+001 -3.459808e+001 -2.979594e+003
      vertex -6.000000e+001 -3.500000e+001 -2.980500e+003
    endloop
  endfacet
  facet normal -6.032434e-001 -2.527218e-001  7.564582e-001
    outer loop
      vertex -6.325413e+001 -3.200000e+001 -2.978243e+003
      vertex -6.586374e+001 -3.200000e+001 -2.980324e+003
      vertex -6.307974e+001 -3.350000e+001 -2.978605e+003
    endloop
  endfacet
  facet normal -6.032647e-001 -2.528173e-001  7.564093e-001
    outer loop
      vertex -6.307974e+001 -3.350000e+001 -2.978605e+003
      vertex -6.586374e+001 -3.200000e+001 -2.980324e+003
      vertex -6.554950e+001 -3.350000e+001 -2.980574e+003
    endloop
  endfacet
  facet normal -4.464318e-001 -6.981147e-001  5.597629e-001
    outer loop
      vertex -6.307974e+001 -3.350000e+001 -2.978605e+003
      vertex -6.554950e+001 -3.350000e+001 -2.980574e+003
      vertex -6.260330e+001 -3.459808e+001 -2.979594e+003
    endloop
  endfacet
  facet normal -4.464338e-001 -6.980543e-001  5.598365e-001
    outer loop
      vertex -6.260330e+001 -3.459808e+001 -2.979594e+003
      vertex -6.554950e+001 -3.350000e+001 -2.980574e+003
      vertex -6.469099e+001 -3.459808e+001 -2.981259e+003
    endloop
  endfacet
  facet normal -1.720737e-001 -9.611598e-001  2.157837e-001
    outer loop
      vertex -6.260330e+001 -3.459808e+001 -2.979594e+003
      vertex -6.469099e+001 -3.459808e+001 -2.981259e+003
      vertex -6.225000e+001 -3.500000e+001 -2.981103e+003
    endloop
  endfacet
  facet normal -8.717109e-001 -2.527864e-001  4.197846e-001
    outer loop
      vertex -6.586374e+001 -3.200000e+001 -2.980324e+003
      vertex -6.731196e+001 -3.200000e+001 -2.983331e+003
      vertex -6.554950e+001 -3.350000e+001 -2.980574e+003
    endloop
  endfacet
  facet normal -8.717121e-001 -2.527265e-001  4.198180e-001
    outer loop
      vertex -6.554950e+001 -3.350000e+001 -2.980574e+003
      vertex -6.731196e+001 -3.200000e+001 -2.983331e+003
      vertex -6.692011e+001 -3.350000e+001 -2.983420e+003
    endloop
  endfacet
  facet normal -6.451167e-001 -6.980663e-001  3.106893e-001
    outer loop
      vertex -6.554950e+001 -3.350000e+001 -2.980574e+003
      vertex -6.692011e+001 -3.350000e+001 -2.983420e+003
      vertex -6.469099e+001 -3.459808e+001 -2.981259e+003
    endloop
  endfacet
  facet normal -6.451104e-001 -6.980776e-001  3.106771e-001
    outer loop
      vertex -6.469099e+001 -3.459808e+001 -2.981259e+003
      vertex -6.692011e+001 -3.350000e+001 -2.983420e+003
      vertex -6.584957e+001 -3.459808e+001 -2.983665e+003
    endloop
  endfacet
  facet normal -2.549722e-001 -9.591201e-001  1.227914e-001
    outer loop
      vertex -6.469099e+001 -3.459808e+001 -2.981259e+003
      vertex -6.584957e+001 -3.459808e+001 -2.983665e+003
      vertex -6.389711e+001 -3.500000e+001 -2.982750e+003
    endloop
  endfacet
  facet normal -9.675320e-001 -2.527488e-001  0.000000e+000
    outer loop
      vertex -6.731196e+001 -3.200000e+001 -2.983331e+003
      vertex -6.731196e+001 -3.200000e+001 -2.986669e+003
      vertex -6.692011e+001 -3.350000e+001 -2.983420e+003
    endloop
  endfacet
  facet normal -9.675319e-001 -2.527488e-001  -0.000000e+000
    outer loop
      vertex -6.692011e+001 -3.350000e+001 -2.983420e+003
      vertex -6.731196e+001 -3.200000e+001 -2.986669e+003
      vertex -6.692011e+001 -3.350000e+001 -2.986580e+003
    endloop
  endfacet
  facet normal -7.160271e-001 -6.980726e-001  0.000000e+000
    outer loop
      vertex -6.692011e+001 -3.350000e+001 -2.983420e+003
      vertex -6.692011e+001 -3.350000e+001 -2.986580e+003
      vertex -6.584957e+001 -3.459808e+001 -2.983665e+003
    endloop
  endfacet
  facet normal -7.160271e-001 -6.980726e-001  -0.000000e+000
    outer loop
      vertex -6.584957e+001 -3.459808e+001 -2.983665e+003
      vertex -6.692011e+001 -3.350000e+001 -2.986580e+003
      vertex -6.584957e+001 -3.459808e+001 -2.986335e+003
    endloop
  endfacet
  facet normal -2.854272e-001 -9.584004e-001  0.000000e+000
    outer loop
      vertex -6.584957e+001 -3.459808e+001 -2.983665e+003
      vertex -6.584957e+001 -3.459808e+001 -2.986335e+003
      vertex -6.450000e+001 -3.500000e+001 -2.985000e+003
    endloop
  endfacet
  facet normal -8.717246e-001 -2.527281e-001 -4.197913e-001
    outer loop
      vertex -6.731196e+001 -3.200000e+001 -2.986669e+003
      vertex -6.586374e+001 -3.200000e+001 -2.989676e+003
      vertex -6.692011e+001 -3.350000e+001 -2.986580e+003
    endloop
  endfacet
  facet normal -8.716977e-001 -2.527881e-001 -4.198111e-001
    outer loop
      vertex -6.692011e+001 -3.350000e+001 -2.986580e+003
      vertex -6.586374e+001 -3.200000e+001 -2.989676e+003
      vertex -6.554950e+001 -3.350000e+001 -2.989426e+003
    endloop
  endfacet
  facet normal -6.451077e-001 -6.980766e-001 -3.106850e-001
    outer loop
      vertex -6.692011e+001 -3.350000e+001 -2.986580e+003
      vertex -6.554950e+001 -3.350000e+001 -2.989426e+003
      vertex -6.584957e+001 -3.459808e+001 -2.986335e+003
    endloop
  endfacet
  facet normal -6.451212e-001 -6.980654e-001 -3.106823e-001
    outer loop
      vertex -6.584957e+001 -3.459808e+001 -2.986335e+003
      vertex -6.554950e+001 -3.350000e+001 -2.989426e+003
      vertex -6.469099e+001 -3.459808e+001 -2.988741e+003
    endloop
  endfacet
  facet normal -2.549722e-001 -9.591201e-001 -1.227914e-001
    outer loop
      vertex -6.584957e+001 -3.459808e+001 -2.986335e+003
      vertex -6.469099e+001 -3.459808e+001 -2.988741e+003
      vertex -6.389711e+001 -3.500000e+001 -2.987250e+003
    endloop
  endfacet
  facet normal -6.032283e-001 -2.528147e-001 -7.564393e-001
    outer loop
      vertex -6.586374e+001 -3.200000e+001 -2.989676e+003
      vertex -6.325413e+001 -3.200000e+001 -2.991757e+003
      vertex -6.554950e+001 -3.350000e+001 -2.989426e+003
    endloop
  endfacet
  facet normal -6.032807e-001 -2.527191e-001 -7.564294e-001
    outer loop
      vertex -6.554950e+001 -3.350000e+001 -2.989426e+003
      vertex -6.325413e+001 -3.200000e+001 -2.991757e+003
      vertex -6.307974e+001 -3.350000e+001 -2.991395e+003
    endloop
  endfacet
  facet normal -4.464654e-001 -6.980594e-001 -5.598050e-001
    outer loop
      vertex -6.554950e+001 -3.350000e+001 -2.989426e+003
      vertex -6.307974e+001 -3.350000e+001 -2.991395e+003
      vertex -6.469099e+001 -3.459808e+001 -2.988741e+003
    endloop
  endfacet
  facet normal -4.463941e-001 -6.981198e-001 -5.597867e-001
    outer loop
      vertex -6.469099e+001 -3.459808e+001 -2.988741e+003
      vertex -6.307974e+001 -3.350000e+001 -2.991395e+003
      vertex -6.260330e+001 -3.459808e+001 -2.990406e+003
    endloop
  endfacet
  facet normal -1.720737e-001 -9.611598e-001 -2.157837e-001
    outer loop
      vertex -6.469099e+001 -3.459808e+001 -2.988741e+003
      vertex -6.260330e+001 -3.459808e+001 -2.990406e+003
      vertex -6.225000e+001 -3.500000e+001 -2.988897e+003
    endloop
  endfacet
  facet normal  0.000000e+000 -1.000000e+000  -0.000000e+000
    outer loop
      vertex -6.389711e+001 -3.500000e+001 -2.987250e+003
      vertex -6.389711e+001 -3.500000e+001 -2.982750e+003
      vertex -6.450000e+001 -3.500000e+001 -2.985000e+003
    endloop
  endfacet
  facet normal  0.000000e+000 -9.999999e-001  0.000000e+000
    outer loop
      vertex -6.389711e+001 -3.500000e+001 -2.982750e+003
      vertex -6.389711e+001 -3.500000e+001 -2.987250e+003
      vertex -6.225000e+001 -3.500000e+001 -2.981103e+003
    endloop
  endfacet
  facet normal  0.000000e+000 -1.000000e+000  -0.000000e+000
    outer loop
      vertex -6.225000e+001 -3.500000e+001 -2.981103e+003
      vertex -6.389711e+001 -3.500000e+001 -2.987250e+003
      vertex -6.225000e+001 -3.500000e+001 -2.988897e+003
    endloop
  endfacet
  facet normal  0.000000e+000 -1.000000e+000  0.000000e+000
    outer loop
      vertex -6.225000e+001 -3.500000e+001 -2.981103e+003
      vertex -6.225000e+001 -3.500000e+001 -2.988897e+003
      vertex -6.000000e+001 -3.500000e+001 -2.980500e+003
    endloop
  endfacet
  facet normal  0.000000e+000 -1.000000e+000  -0.000000e+000
    outer loop
      vertex -6.000000e+001 -3.500000e+001 -2.980500e+003
      vertex -6.225000e+001 -3.500000e+001 -2.988897e+003
      vertex -6.000000e+001 -3.500000e+001 -2.989500e+003
    endloop
  endfacet
  facet normal  0.000000e+000 -1.000000e+000  0.000000e+000
    outer loop
      vertex -6.000000e+001 -3.500000e+001 -2.980500e+003
      vertex -6.000000e+001 -3.500000e+001 -2.989500e+003
      vertex -5.775000e+001 -3.500000e+001 -2.981103e+003
    endloop
  endfacet
  facet normal  0.000000e+000 -1.000000e+000  -0.000000e+000
    outer loop
      vertex -5.775000e+001 -3.500000e+001 -2.981103e+003
      vertex -6.000000e+001 -3.500000e+001 -2.989500e+003
      vertex -5.775000e+001 -3.500000e+001 -2.988897e+003
    endloop
  endfacet
  facet normal  0.000000e+000 -1.000000e+000  0.000000e+000
    outer loop
      vertex -5.775000e+001 -3.500000e+001 -2.981103e+003
      vertex -5.775000e+001 -3.500000e+001 -2.988897e+003
      vertex -5.610289e+001 -3.500000e+001 -2.982750e+003
    endloop
  endfacet
  facet normal  0.000000e+000 -9.999999e-001  -0.000000e+000
    outer loop
      vertex -5.610289e+001 -3.500000e+001 -2.982750e+003
      vertex -5.775000e+001 -3.500000e+001 -2.988897e+003
      vertex -5.610289e+001 -3.500000e+001 -2.987250e+003
    endloop
  endfacet
  facet normal  0.000000e+000 -1.000000e+000  0.000000e+000
    outer loop
      vertex -5.610289e+001 -3.500000e+001 -2.982750e+003
      vertex -5.610289e+001 -3.500000e+001 -2.987250e+003
      vertex -5.550000e+001 -3.500000e+001 -2.985000e+003
    endloop
  endfacet
  facet normal  6.501001e-002  9.679303e-001 -2.426619e-001
    outer loop
      vertex -6.000000e+001  3.500000e+001 -2.989500e+003
      vertex -5.775000e+001  3.500000e+001 -2.988897e+003
      vertex -5.739670e+001  3.459808e+001 -2.990406e+003
    endloop
  endfacet
  facet normal  6.501001e-002  9.679303e-001  2.426619e-001
    outer loop
      vertex -6.000000e+001  3.500000e+001 -2.980500e+003
      vertex -5.739670e+001  3.459808e+001 -2.979594e+003
      vertex -5.775000e+001  3.500000e+001 -2.981103e+003
    endloop
  endfacet
  facet normal  1.707127e-001  9.704216e-001 -1.707020e-001
    outer loop
      vertex -5.610289e+001  3.500000e+001 -2.987250e+003
      vertex -5.530901e+001  3.459808e+001 -2.988741e+003
      vertex -5.775000e+001  3.500000e+001 -2.988897e+003
    endloop
  endfacet
  facet normal  2.287157e-001  9.715624e-001 -6.128425e-002
    outer loop
      vertex -5.550000e+001  3.500000e+001 -2.985000e+003
      vertex -5.415043e+001  3.459808e+001 -2.986335e+003
      vertex -5.610289e+001  3.500000e+001 -2.987250e+003
    endloop
  endfacet
  facet normal  2.287157e-001  9.715624e-001  6.128425e-002
    outer loop
      vertex -5.610289e+001  3.500000e+001 -2.982750e+003
      vertex -5.415043e+001  3.459808e+001 -2.983665e+003
      vertex -5.550000e+001  3.500000e+001 -2.985000e+003
    endloop
  endfacet
  facet normal  1.707127e-001  9.704216e-001  1.707020e-001
    outer loop
      vertex -5.775000e+001  3.500000e+001 -2.981103e+003
      vertex -5.530901e+001  3.459808e+001 -2.981259e+003
      vertex -5.610289e+001  3.500000e+001 -2.982750e+003
    endloop
  endfacet
  facet normal  2.152825e-001  2.527101e-001  9.432874e-001
    outer loop
      vertex -6.000000e+001  3.200000e+001 -2.977500e+003
      vertex -5.674587e+001  3.200000e+001 -2.978243e+003
      vertex -6.000000e+001  3.350000e+001 -2.977902e+003
    endloop
  endfacet
  facet normal  2.152838e-001  2.527132e-001  9.432862e-001
    outer loop
      vertex -6.000000e+001  3.350000e+001 -2.977902e+003
      vertex -5.674587e+001  3.200000e+001 -2.978243e+003
      vertex -5.692026e+001  3.350000e+001 -2.978605e+003
    endloop
  endfacet
  facet normal  1.593150e-001  6.980973e-001  6.980537e-001
    outer loop
      vertex -6.000000e+001  3.350000e+001 -2.977902e+003
      vertex -5.692026e+001  3.350000e+001 -2.978605e+003
      vertex -6.000000e+001  3.459808e+001 -2.979000e+003
    endloop
  endfacet
  facet normal  1.593316e-001  6.981305e-001  6.980166e-001
    outer loop
      vertex -6.000000e+001  3.459808e+001 -2.979000e+003
      vertex -5.692026e+001  3.350000e+001 -2.978605e+003
      vertex -5.739670e+001  3.459808e+001 -2.979594e+003
    endloop
  endfacet
  facet normal  5.897610e-002  9.642445e-001  2.583687e-001
    outer loop
      vertex -6.000000e+001  3.459808e+001 -2.979000e+003
      vertex -5.739670e+001  3.459808e+001 -2.979594e+003
      vertex -6.000000e+001  3.500000e+001 -2.980500e+003
    endloop
  endfacet
  facet normal  2.152823e-001  2.527131e-001 -9.432866e-001
    outer loop
      vertex -5.674587e+001  3.200000e+001 -2.991757e+003
      vertex -6.000000e+001  3.200000e+001 -2.992500e+003
      vertex -5.692026e+001  3.350000e+001 -2.991395e+003
    endloop
  endfacet
  facet normal  2.152840e-001  2.527100e-001 -9.432870e-001
    outer loop
      vertex -5.692026e+001  3.350000e+001 -2.991395e+003
      vertex -6.000000e+001  3.200000e+001 -2.992500e+003
      vertex -6.000000e+001  3.350000e+001 -2.992098e+003
    endloop
  endfacet
  facet normal  1.593084e-001  6.981277e-001 -6.980247e-001
    outer loop
      vertex -5.692026e+001  3.350000e+001 -2.991395e+003
      vertex -6.000000e+001  3.350000e+001 -2.992098e+003
      vertex -5.739670e+001  3.459808e+001 -2.990406e+003
    endloop
  endfacet
  facet normal  1.593394e-001  6.980945e-001 -6.980509e-001
    outer loop
      vertex -5.739670e+001  3.459808e+001 -2.990406e+003
      vertex -6.000000e+001  3.350000e+001 -2.992098e+003
      vertex -6.000000e+001  3.459808e+001 -2.991000e+003
    endloop
  endfacet
  facet normal  5.897610e-002  9.642445e-001 -2.583687e-001
    outer loop
      vertex -5.739670e+001  3.459808e+001 -2.990406e+003
      vertex -6.000000e+001  3.459808e+001 -2.991000e+003
      vertex -6.000000e+001  3.500000e+001 -2.989500e+003
    endloop
  endfacet
  facet normal  6.032291e-001  2.528133e-001 -7.564391e-001
    outer loop
      vertex -5.413626e+001  3.200000e+001 -2.989676e+003
      vertex -5.674587e+001  3.200000e+001 -2.991757e+003
      vertex -5.445050e+001  3.350000e+001 -2.989426e+003
    endloop
  endfacet
  facet normal  6.032807e-001  2.527191e-001 -7.564294e-001
    outer loop
      vertex -5.445050e+001  3.350000e+001 -2.989426e+003
      vertex -5.674587e+001  3.200000e+001 -2.991757e+003
      vertex -5.692026e+001  3.350000e+001 -2.991395e+003
    endloop
  endfacet
  facet normal  4.464659e-001  6.980587e-001 -5.598056e-001
    outer loop
      vertex -5.445050e+001  3.350000e+001 -2.989426e+003
      vertex -5.692026e+001  3.350000e+001 -2.991395e+003
      vertex -5.530901e+001  3.459808e+001 -2.988741e+003
    endloop
  endfacet
  facet normal  4.463935e-001  6.981199e-001 -5.597870e-001
    outer loop
      vertex -5.530901e+001  3.459808e+001 -2.988741e+003
      vertex -5.692026e+001  3.350000e+001 -2.991395e+003
      vertex -5.739670e+001  3.459808e+001 -2.990406e+003
    endloop
  endfacet
  facet normal  1.720734e-001  9.611598e-001 -2.157837e-001
    outer loop
      vertex -5.530901e+001  3.459808e+001 -2.988741e+003
      vertex -5.739670e+001  3.459808e+001 -2.990406e+003
      vertex -5.775000e+001  3.500000e+001 -2.988897e+003
    endloop
  endfacet
  facet normal  8.717242e-001  2.527281e-001 -4.197921e-001
    outer loop
      vertex -5.268804e+001  3.200000e+001 -2.986669e+003
      vertex -5.413626e+001  3.200000e+001 -2.989676e+003
      vertex -5.307989e+001  3.350000e+001 -2.986580e+003
    endloop
  endfacet
  facet normal  8.716981e-001  2.527860e-001 -4.198113e-001
    outer loop
      vertex -5.307989e+001  3.350000e+001 -2.986580e+003
      vertex -5.413626e+001  3.200000e+001 -2.989676e+003
      vertex -5.445050e+001  3.350000e+001 -2.989426e+003
    endloop
  endfacet
  facet normal  6.451067e-001  6.980778e-001 -3.106845e-001
    outer loop
      vertex -5.307989e+001  3.350000e+001 -2.986580e+003
      vertex -5.445050e+001  3.350000e+001 -2.989426e+003
      vertex -5.415043e+001  3.459808e+001 -2.986335e+003
    endloop
  endfacet
  facet normal  6.451232e-001  6.980640e-001 -3.106812e-001
    outer loop
      vertex -5.415043e+001  3.459808e+001 -2.986335e+003
      vertex -5.445050e+001  3.350000e+001 -2.989426e+003
      vertex -5.530901e+001  3.459808e+001 -2.988741e+003
    endloop
  endfacet
  facet normal  2.549724e-001  9.591202e-001 -1.227907e-001
    outer loop
      vertex -5.415043e+001  3.459808e+001 -2.986335e+003
      vertex -5.530901e+001  3.459808e+001 -2.988741e+003
      vertex -5.610289e+001  3.500000e+001 -2.987250e+003
    endloop
  endfacet
  facet normal  9.675320e-001  2.527488e-001  -0.000000e+000
    outer loop
      vertex -5.268804e+001  3.200000e+001 -2.983331e+003
      vertex -5.268804e+001  3.200000e+001 -2.986669e+003
      vertex -5.307989e+001  3.350000e+001 -2.983420e+003
    endloop
  endfacet
  facet normal  9.675319e-001  2.527488e-001  0.000000e+000
    outer loop
      vertex -5.307989e+001  3.350000e+001 -2.983420e+003
      vertex -5.268804e+001  3.200000e+001 -2.986669e+003
      vertex -5.307989e+001  3.350000e+001 -2.986580e+003
    endloop
  endfacet
  facet normal  7.160258e-001  6.980738e-001  -0.000000e+000
    outer loop
      vertex -5.307989e+001  3.350000e+001 -2.983420e+003
      vertex -5.307989e+001  3.350000e+001 -2.986580e+003
      vertex -5.415043e+001  3.459808e+001 -2.983665e+003
    endloop
  endfacet
  facet normal  7.160258e-001  6.980737e-001  0.000000e+000
    outer loop
      vertex -5.415043e+001  3.459808e+001 -2.983665e+003
      vertex -5.307989e+001  3.350000e+001 -2.986580e+003
      vertex -5.415043e+001  3.459808e+001 -2.986335e+003
    endloop
  endfacet
  facet normal  2.854279e-001  9.584002e-001  -0.000000e+000
    outer loop
      vertex -5.415043e+001  3.459808e+001 -2.983665e+003
      vertex -5.415043e+001  3.459808e+001 -2.986335e+003
      vertex -5.550000e+001  3.500000e+001 -2.985000e+003
    endloop
  endfacet
  facet normal  8.717110e-001  2.527844e-001  4.197858e-001
    outer loop
      vertex -5.413626e+001  3.200000e+001 -2.980324e+003
      vertex -5.268804e+001  3.200000e+001 -2.983331e+003
      vertex -5.445050e+001  3.350000e+001 -2.980574e+003
    endloop
  endfacet
  facet normal  8.717121e-001  2.527265e-001  4.198180e-001
    outer loop
      vertex -5.445050e+001  3.350000e+001 -2.980574e+003
      vertex -5.268804e+001  3.200000e+001 -2.983331e+003
      vertex -5.307989e+001  3.350000e+001 -2.983420e+003
    endloop
  endfacet
  facet normal  6.451178e-001  6.980651e-001  3.106898e-001
    outer loop
      vertex -5.445050e+001  3.350000e+001 -2.980574e+003
      vertex -5.307989e+001  3.350000e+001 -2.983420e+003
      vertex -5.530901e+001  3.459808e+001 -2.981259e+003
    endloop
  endfacet
  facet normal  6.451101e-001  6.980789e-001  3.106748e-001
    outer loop
      vertex -5.530901e+001  3.459808e+001 -2.981259e+003
      vertex -5.307989e+001  3.350000e+001 -2.983420e+003
      vertex -5.415043e+001  3.459808e+001 -2.983665e+003
    endloop
  endfacet
  facet normal  2.549724e-001  9.591202e-001  1.227907e-001
    outer loop
      vertex -5.530901e+001  3.459808e+001 -2.981259e+003
      vertex -5.415043e+001  3.459808e+001 -2.983665e+003
      vertex -5.610289e+001  3.500000e+001 -2.982750e+003
    endloop
  endfacet
  facet normal  6.032439e-001  2.527217e-001  7.564578e-001
    outer loop
      vertex -5.674587e+001  3.200000e+001 -2.978243e+003
      vertex -5.413626e+001  3.200000e+001 -2.980324e+003
      vertex -5.692026e+001  3.350000e+001 -2.978605e+003
    endloop
  endfacet
  facet normal  6.032649e-001  2.528158e-001  7.564096e-001
    outer loop
      vertex -5.692026e+001  3.350000e+001 -2.978605e+003
      vertex -5.413626e+001  3.200000e+001 -2.980324e+003
      vertex -5.445050e+001  3.350000e+001 -2.980574e+003
    endloop
  endfacet
  facet normal  4.464318e-001  6.981147e-001  5.597629e-001
    outer loop
      vertex -5.692026e+001  3.350000e+001 -2.978605e+003
      vertex -5.445050e+001  3.350000e+001 -2.980574e+003
      vertex -5.739670e+001  3.459808e+001 -2.979594e+003
    endloop
  endfacet
  facet normal  4.464338e-001  6.980535e-001  5.598376e-001
    outer loop
      vertex -5.739670e+001  3.459808e+001 -2.979594e+003
      vertex -5.445050e+001  3.350000e+001 -2.980574e+003
      vertex -5.530901e+001  3.459808e+001 -2.981259e+003
    endloop
  endfacet
  facet normal  1.720734e-001  9.611598e-001  2.157837e-001
    outer loop
      vertex -5.739670e+001  3.459808e+001 -2.979594e+003
      vertex -5.530901e+001  3.459808e+001 -2.981259e+003
      vertex -5.775000e+001  3.500000e+001 -2.981103e+003
    endloop
  endfacet
  facet normal -6.501001e-002  9.679303e-001  2.426619e-001
    outer loop
      vertex -6.000000e+001  3.500000e+001 -2.980500e+003
      vertex -6.225000e+001  3.500000e+001 -2.981103e+003
      vertex -6.260330e+001  3.459808e+001 -2.979594e+003
    endloop
  endfacet
  facet normal -6.501001e-002  9.679303e-001 -2.426619e-001
    outer loop
      vertex -6.000000e+001  3.500000e+001 -2.989500e+003
      vertex -6.260330e+001  3.459808e+001 -2.990406e+003
      vertex -6.225000e+001  3.500000e+001 -2.988897e+003
    endloop
  endfacet
  facet normal -1.707130e-001  9.704214e-001  1.707023e-001
    outer loop
      vertex -6.389711e+001  3.500000e+001 -2.982750e+003
      vertex -6.469099e+001  3.459808e+001 -2.981259e+003
      vertex -6.225000e+001  3.500000e+001 -2.981103e+003
    endloop
  endfacet
  facet normal -2.287153e-001  9.715624e-001  6.128412e-002
    outer loop
      vertex -6.450000e+001  3.500000e+001 -2.985000e+003
      vertex -6.584957e+001  3.459808e+001 -2.983665e+003
      vertex -6.389711e+001  3.500000e+001 -2.982750e+003
    endloop
  endfacet
  facet normal -2.287153e-001  9.715624e-001 -6.128412e-002
    outer loop
      vertex -6.389711e+001  3.500000e+001 -2.987250e+003
      vertex -6.584957e+001  3.459808e+001 -2.986335e+003
      vertex -6.450000e+001  3.500000e+001 -2.985000e+003
    endloop
  endfacet
  facet normal -1.707130e-001  9.704214e-001 -1.707023e-001
    outer loop
      vertex -6.225000e+001  3.500000e+001 -2.988897e+003
      vertex -6.469099e+001  3.459808e+001 -2.988741e+003
      vertex -6.389711e+001  3.500000e+001 -2.987250e+003
    endloop
  endfacet
  facet normal -2.152825e-001  2.527101e-001 -9.432874e-001
    outer loop
      vertex -6.000000e+001  3.200000e+001 -2.992500e+003
      vertex -6.325413e+001  3.200000e+001 -2.991757e+003
      vertex -6.000000e+001  3.350000e+001 -2.992098e+003
    endloop
  endfacet
  facet normal -2.152838e-001  2.527132e-001 -9.432862e-001
    outer loop
      vertex -6.000000e+001  3.350000e+001 -2.992098e+003
      vertex -6.325413e+001  3.200000e+001 -2.991757e+003
      vertex -6.307974e+001  3.350000e+001 -2.991395e+003
    endloop
  endfacet
  facet normal -1.593150e-001  6.980973e-001 -6.980537e-001
    outer loop
      vertex -6.000000e+001  3.350000e+001 -2.992098e+003
      vertex -6.307974e+001  3.350000e+001 -2.991395e+003
      vertex -6.000000e+001  3.459808e+001 -2.991000e+003
    endloop
  endfacet
  facet normal -1.593316e-001  6.981305e-001 -6.980166e-001
    outer loop
      vertex -6.000000e+001  3.459808e+001 -2.991000e+003
      vertex -6.307974e+001  3.350000e+001 -2.991395e+003
      vertex -6.260330e+001  3.459808e+001 -2.990406e+003
    endloop
  endfacet
  facet normal -5.897610e-002  9.642445e-001 -2.583687e-001
    outer loop
      vertex -6.000000e+001  3.459808e+001 -2.991000e+003
      vertex -6.260330e+001  3.459808e+001 -2.990406e+003
      vertex -6.000000e+001  3.500000e+001 -2.989500e+003
    endloop
  endfacet
  facet normal -2.152823e-001  2.527131e-001  9.432866e-001
    outer loop
      vertex -6.325413e+001  3.200000e+001 -2.978243e+003
      vertex -6.000000e+001  3.200000e+001 -2.977500e+003
      vertex -6.307974e+001  3.350000e+001 -2.978605e+003
    endloop
  endfacet
  facet normal -2.152840e-001  2.527100e-001  9.432870e-001
    outer loop
      vertex -6.307974e+001  3.350000e+001 -2.978605e+003
      vertex -6.000000e+001  3.200000e+001 -2.977500e+003
      vertex -6.000000e+001  3.350000e+001 -2.977902e+003
    endloop
  endfacet
  facet normal -1.593084e-001  6.981277e-001  6.980247e-001
    outer loop
      vertex -6.307974e+001  3.350000e+001 -2.978605e+003
      vertex -6.000000e+001  3.350000e+001 -2.977902e+003
      vertex -6.260330e+001  3.459808e+001 -2.979594e+003
    endloop
  endfacet
  facet normal -1.593394e-001  6.980945e-001  6.980509e-001
    outer loop
      vertex -6.260330e+001  3.459808e+001 -2.979594e+003
      vertex -6.000000e+001  3.350000e+001 -2.977902e+003
      vertex -6.000000e+001  3.459808e+001 -2.979000e+003
    endloop
  endfacet
  facet normal -5.897610e-002  9.642445e-001  2.583687e-001
    outer loop
      vertex -6.260330e+001  3.459808e+001 -2.979594e+003
      vertex -6.000000e+001  3.459808e+001 -2.979000e+003
      vertex -6.000000e+001  3.500000e+001 -2.980500e+003
    endloop
  endfacet
  facet normal -6.032283e-001  2.528147e-001  7.564393e-001
    outer loop
      vertex -6.586374e+001  3.200000e+001 -2.980324e+003
      vertex -6.325413e+001  3.200000e+001 -2.978243e+003
      vertex -6.554950e+001  3.350000e+001 -2.980574e+003
    endloop
  endfacet
  facet normal -6.032807e-001  2.527191e-001  7.564294e-001
    outer loop
      vertex -6.554950e+001  3.350000e+001 -2.980574e+003
      vertex -6.325413e+001  3.200000e+001 -2.978243e+003
      vertex -6.307974e+001  3.350000e+001 -2.978605e+003
    endloop
  endfacet
  facet normal -4.464654e-001  6.980594e-001  5.598050e-001
    outer loop
      vertex -6.554950e+001  3.350000e+001 -2.980574e+003
      vertex -6.307974e+001  3.350000e+001 -2.978605e+003
      vertex -6.469099e+001  3.459808e+001 -2.981259e+003
    endloop
  endfacet
  facet normal -4.463941e-001  6.981198e-001  5.597867e-001
    outer loop
      vertex -6.469099e+001  3.459808e+001 -2.981259e+003
      vertex -6.307974e+001  3.350000e+001 -2.978605e+003
      vertex -6.260330e+001  3.459808e+001 -2.979594e+003
    endloop
  endfacet
  facet normal -1.720737e-001  9.611598e-001  2.157837e-001
    outer loop
      vertex -6.469099e+001  3.459808e+001 -2.981259e+003
      vertex -6.260330e+001  3.459808e+001 -2.979594e+003
      vertex -6.225000e+001  3.500000e+001 -2.981103e+003
    endloop
  endfacet
  facet normal -8.717246e-001  2.527281e-001  4.197913e-001
    outer loop
      vertex -6.731196e+001  3.200000e+001 -2.983331e+003
      vertex -6.586374e+001  3.200000e+001 -2.980324e+003
      vertex -6.692011e+001  3.350000e+001 -2.983420e+003
    endloop
  endfacet
  facet normal -8.716977e-001  2.527881e-001  4.198111e-001
    outer loop
      vertex -6.692011e+001  3.350000e+001 -2.983420e+003
      vertex -6.586374e+001  3.200000e+001 -2.980324e+003
      vertex -6.554950e+001  3.350000e+001 -2.980574e+003
    endloop
  endfacet
  facet normal -6.451077e-001  6.980766e-001  3.106850e-001
    outer loop
      vertex -6.692011e+001  3.350000e+001 -2.983420e+003
      vertex -6.554950e+001  3.350000e+001 -2.980574e+003
      vertex -6.584957e+001  3.459808e+001 -2.983665e+003
    endloop
  endfacet
  facet normal -6.451212e-001  6.980654e-001  3.106823e-001
    outer loop
      vertex -6.584957e+001  3.459808e+001 -2.983665e+003
      vertex -6.554950e+001  3.350000e+001 -2.980574e+003
      vertex -6.469099e+001  3.459808e+001 -2.981259e+003
    endloop
  endfacet
  facet normal -2.549722e-001  9.591201e-001  1.227914e-001
    outer loop
      vertex -6.584957e+001  3.459808e+001 -2.983665e+003
      vertex -6.469099e+001  3.459808e+001 -2.981259e+003
      vertex -6.389711e+001  3.500000e+001 -2.982750e+003
    endloop
  endfacet
  facet normal -9.675320e-001  2.527488e-001  0.000000e+000
    outer loop
      vertex -6.731196e+001  3.200000e+001 -2.986669e+003
      vertex -6.731196e+001  3.200000e+001 -2.983331e+003
      vertex -6.692011e+001  3.350000e+001 -2.986580e+003
    endloop
  endfacet
  facet normal -9.675319e-001  2.527488e-001  0.000000e+000
    outer loop
      vertex -6.692011e+001  3.350000e+001 -2.986580e+003
      vertex -6.731196e+001  3.200000e+001 -2.983331e+003
      vertex -6.692011e+001  3.350000e+001 -2.983420e+003
    endloop
  endfacet
  facet normal -7.160271e-001  6.980726e-001  0.000000e+000
    outer loop
      vertex -6.692011e+001  3.350000e+001 -2.986580e+003
      vertex -6.692011e+001  3.350000e+001 -2.983420e+003
      vertex -6.584957e+001  3.459808e+001 -2.986335e+003
    endloop
  endfacet
  facet normal -7.160271e-001  6.980726e-001  0.000000e+000
    outer loop
      vertex -6.584957e+001  3.459808e+001 -2.986335e+003
      vertex -6.692011e+001  3.350000e+001 -2.983420e+003
      vertex -6.584957e+001  3.459808e+001 -2.983665e+003
    endloop
  endfacet
  facet normal -2.854272e-001  9.584004e-001  0.000000e+000
    outer loop
      vertex -6.584957e+001  3.459808e+001 -2.986335e+003
      vertex -6.584957e+001  3.459808e+001 -2.983665e+003
      vertex -6.450000e+001  3.500000e+001 -2.985000e+003
    endloop
  endfacet
  facet normal -8.717109e-001  2.527864e-001 -4.197846e-001
    outer loop
      vertex -6.586374e+001  3.200000e+001 -2.989676e+003
      vertex -6.731196e+001  3.200000e+001 -2.986669e+003
      vertex -6.554950e+001  3.350000e+001 -2.989426e+003
    endloop
  endfacet
  facet normal -8.717121e-001  2.527265e-001 -4.198180e-001
    outer loop
      vertex -6.554950e+001  3.350000e+001 -2.989426e+003
      vertex -6.731196e+001  3.200000e+001 -2.986669e+003
      vertex -6.692011e+001  3.350000e+001 -2.986580e+003
    endloop
  endfacet
  facet normal -6.451167e-001  6.980663e-001 -3.106893e-001
    outer loop
      vertex -6.554950e+001  3.350000e+001 -2.989426e+003
      vertex -6.692011e+001  3.350000e+001 -2.986580e+003
      vertex -6.469099e+001  3.459808e+001 -2.988741e+003
    endloop
  endfacet
  facet normal -6.451104e-001  6.980776e-001 -3.106771e-001
    outer loop
      vertex -6.469099e+001  3.459808e+001 -2.988741e+003
      vertex -6.692011e+001  3.350000e+001 -2.986580e+003
      vertex -6.584957e+001  3.459808e+001 -2.986335e+003
    endloop
  endfacet
  facet normal -2.549722e-001  9.591201e-001 -1.227914e-001
    outer loop
      vertex -6.469099e+001  3.459808e+001 -2.988741e+003
      vertex -6.584957e+001  3.459808e+001 -2.986335e+003
      vertex -6.389711e+001  3.500000e+001 -2.987250e+003
    endloop
  endfacet
  facet normal -6.032434e-001  2.527218e-001 -7.564582e-001
    outer loop
      vertex -6.325413e+001  3.200000e+001 -2.991757e+003
      vertex -6.586374e+001  3.200000e+001 -2.989676e+003
      vertex -6.307974e+001  3.350000e+001 -2.991395e+003
    endloop
  endfacet
  facet normal -6.032647e-001  2.528173e-001 -7.564093e-001
    outer loop
      vertex -6.307974e+001  3.350000e+001 -2.991395e+003
      vertex -6.586374e+001  3.200000e+001 -2.989676e+003
      vertex -6.554950e+001  3.350000e+001 -2.989426e+003
    endloop
  endfacet
  facet normal -4.464318e-001  6.981147e-001 -5.597629e-001
    outer loop
      vertex -6.307974e+001  3.350000e+001 -2.991395e+003
      vertex -6.554950e+001  3.350000e+001 -2.989426e+003
      vertex -6.260330e+001  3.459808e+001 -2.990406e+003
    endloop
  endfacet
  facet normal -4.464338e-001  6.980543e-001 -5.598365e-001
    outer loop
      vertex -6.260330e+001  3.459808e+001 -2.990406e+003
      vertex -6.554950e+001  3.350000e+001 -2.989426e+003
      vertex -6.469099e+001  3.459808e+001 -2.988741e+003
    endloop
  endfacet
  facet normal -1.720737e-001  9.611598e-001 -2.157837e-001
    outer loop
      vertex -6.260330e+001  3.459808e+001 -2.990406e+003
      vertex -6.469099e+001  3.459808e+001 -2.988741e+003
      vertex -6.225000e+001  3.500000e+001 -2.988897e+003
    endloop
  endfacet
  facet normal  0.000000e+000  1.000000e+000  0.000000e+000
    outer loop
      vertex -6.450000e+001  3.500000e+001 -2.985000e+003
      vertex -6.389711e+001  3.500000e+001 -2.982750e+003
      vertex -6.389711e+001  3.500000e+001 -2.987250e+003
    endloop
  endfacet
  facet normal  0.000000e+000  1.000000e+000  0.000000e+000
    outer loop
      vertex -5.550000e+001  3.500000e+001 -2.985000e+003
      vertex -5.610289e+001  3.500000e+001 -2.987250e+003
      vertex -5.610289e+001  3.500000e+001 -2.982750e+003
    endloop
  endfacet
  facet normal  0.000000e+000  9.999999e-001  0.000000e+000
    outer loop
      vertex -5.610289e+001  3.500000e+001 -2.982750e+003
      vertex -5.610289e+001  3.500000e+001 -2.987250e+003
      vertex -5.775000e+001  3.500000e+001 -2.988897e+003
    endloop
  endfacet
  facet normal  0.000000e+000  1.000000e+000  0.000000e+000
    outer loop
      vertex -5.610289e+001  3.500000e+001 -2.982750e+003
      vertex -5.775000e+001  3.500000e+001 -2.988897e+003
      vertex -5.775000e+001  3.500000e+001 -2.981103e+003
    endloop
  endfacet
  facet normal  0.000000e+000  1.000000e+000  0.000000e+000
    outer loop
      vertex -5.775000e+001  3.500000e+001 -2.981103e+003
      vertex -5.775000e+001  3.500000e+001 -2.988897e+003
      vertex -6.000000e+001  3.500000e+001 -2.989500e+003
    endloop
  endfacet
  facet normal  0.000000e+000  1.000000e+000  0.000000e+000
    outer loop
      vertex -5.775000e+001  3.500000e+001 -2.981103e+003
      vertex -6.000000e+001  3.500000e+001 -2.989500e+003
      vertex -6.000000e+001  3.500000e+001 -2.980500e+003
    endloop
  endfacet
  facet normal  0.000000e+000  1.000000e+000  0.000000e+000
    outer loop
      vertex -6.000000e+001  3.500000e+001 -2.980500e+003
      vertex -6.000000e+001  3.500000e+001 -2.989500e+003
      vertex -6.225000e+001  3.500000e+001 -2.988897e+003
    endloop
  endfacet
  facet normal  0.000000e+000  1.000000e+000  0.000000e+000
    outer loop
      vertex -6.000000e+001  3.500000e+001 -2.980500e+003
      vertex -6.225000e+001  3.500000e+001 -2.988897e+003
      vertex -6.225000e+001  3.500000e+001 -2.981103e+003
    endloop
  endfacet
  facet normal  0.000000e+000  1.000000e+000  0.000000e+000
    outer loop
      vertex -6.225000e+001  3.500000e+001 -2.981103e+003
      vertex -6.225000e+001  3.500000e+001 -2.988897e+003
      vertex -6.389711e+001  3.500000e+001 -2.987250e+003
    endloop
  endfacet
  facet normal  0.000000e+000  9.999999e-001  0.000000e+000
    outer loop
      vertex -6.225000e+001  3.500000e+001 -2.981103e+003
      vertex -6.389711e+001  3.500000e+001 -2.987250e+003
      vertex -6.389711e+001  3.500000e+001 -2.982750e+003
    endloop
  endfacet
  facet normal -9.679303e-001 -6.501001e-002  2.426619e-001
    outer loop
      vertex -3.500000e+001  6.000000e+001 -2.980500e+003
      vertex -3.500000e+001  5.775000e+001 -2.981103e+003
      vertex -3.459808e+001  5.739670e+001 -2.979594e+003
    endloop
  endfacet
  facet normal -9.679303e-001 -6.501001e-002 -2.426619e-001
    outer loop
      vertex -3.500000e+001  6.000000e+001 -2.989500e+003
      vertex -3.459808e+001  5.739670e+001 -2.990406e+003
      vertex -3.500000e+001  5.775000e+001 -2.988897e+003
    endloop
  endfacet
  facet normal -9.704216e-001 -1.707127e-001 -1.707020e-001
    outer loop
      vertex -3.459808e+001  5.530901e+001 -2.988741e+003
      vertex -3.500000e+001  5.610289e+001 -2.987250e+003
      vertex -3.500000e+001  5.775000e+001 -2.988897e+003
    endloop
  endfacet
  facet normal -9.715624e-001 -2.287157e-001 -6.128425e-002
    outer loop
      vertex -3.459808e+001  5.415043e+001 -2.986335e+003
      vertex -3.500000e+001  5.550000e+001 -2.985000e+003
      vertex -3.500000e+001  5.610289e+001 -2.987250e+003
    endloop
  endfacet
  facet normal -9.715624e-001 -2.287157e-001  6.128425e-002
    outer loop
      vertex -3.459808e+001  5.415043e+001 -2.983665e+003
      vertex -3.500000e+001  5.610289e+001 -2.982750e+003
      vertex -3.500000e+001  5.550000e+001 -2.985000e+003
    endloop
  endfacet
  facet normal -9.704216e-001 -1.707127e-001  1.707020e-001
    outer loop
      vertex -3.459808e+001  5.530901e+001 -2.981259e+003
      vertex -3.500000e+001  5.775000e+001 -2.981103e+003
      vertex -3.500000e+001  5.610289e+001 -2.982750e+003
    endloop
  endfacet
  facet normal -2.527131e-001 -2.152823e-001  9.432866e-001
    outer loop
      vertex -3.200000e+001  5.674587e+001 -2.978243e+003
      vertex -3.200000e+001  6.000000e+001 -2.977500e+003
      vertex -3.350000e+001  5.692026e+001 -2.978605e+003
    endloop
  endfacet
  facet normal -2.527100e-001 -2.152840e-001  9.432870e-001
    outer loop
      vertex -3.350000e+001  5.692026e+001 -2.978605e+003
      vertex -3.200000e+001  6.000000e+001 -2.977500e+003
      vertex -3.350000e+001  6.000000e+001 -2.977902e+003
    endloop
  endfacet
  facet normal -6.981277e-001 -1.593084e-001  6.980247e-001
    outer loop
      vertex -3.350000e+001  5.692026e+001 -2.978605e+003
      vertex -3.350000e+001  6.000000e+001 -2.977902e+003
      vertex -3.459808e+001  5.739670e+001 -2.979594e+003
    endloop
  endfacet
  facet normal -6.980945e-001 -1.593394e-001  6.980509e-001
    outer loop
      vertex -3.459808e+001  5.739670e+001 -2.979594e+003
      vertex -3.350000e+001  6.000000e+001 -2.977902e+003
      vertex -3.459808e+001  6.000000e+001 -2.979000e+003
    endloop
  endfacet
  facet normal -9.642445e-001 -5.897610e-002  2.583687e-001
    outer loop
      vertex -3.459808e+001  5.739670e+001 -2.979594e+003
      vertex -3.459808e+001  6.000000e+001 -2.979000e+003
      vertex -3.500000e+001  6.000000e+001 -2.980500e+003
    endloop
  endfacet
  facet normal -2.527101e-001 -2.152825e-001 -9.432874e-001
    outer loop
      vertex -3.200000e+001  6.000000e+001 -2.992500e+003
      vertex -3.200000e+001  5.674587e+001 -2.991757e+003
      vertex -3.350000e+001  6.000000e+001 -2.992098e+003
    endloop
  endfacet
  facet normal -2.527132e-001 -2.152838e-001 -9.432862e-001
    outer loop
      vertex -3.350000e+001  6.000000e+001 -2.992098e+003
      vertex -3.200000e+001  5.674587e+001 -2.991757e+003
      vertex -3.350000e+001  5.692026e+001 -2.991395e+003
    endloop
  endfacet
  facet normal -6.980973e-001 -1.593150e-001 -6.980537e-001
    outer loop
      vertex -3.350000e+001  6.000000e+001 -2.992098e+003
      vertex -3.350000e+001  5.692026e+001 -2.991395e+003
      vertex -3.459808e+001  6.000000e+001 -2.991000e+003
    endloop
  endfacet
  facet normal -6.981305e-001 -1.593316e-001 -6.980166e-001
    outer loop
      vertex -3.459808e+001  6.000000e+001 -2.991000e+003
      vertex -3.350000e+001  5.692026e+001 -2.991395e+003
      vertex -3.459808e+001  5.739670e+001 -2.990406e+003
    endloop
  endfacet
  facet normal -9.642445e-001 -5.897610e-002 -2.583687e-001
    outer loop
      vertex -3.459808e+001  6.000000e+001 -2.991000e+003
      vertex -3.459808e+001  5.739670e+001 -2.990406e+003
      vertex -3.500000e+001  6.000000e+001 -2.989500e+003
    endloop
  endfacet
  facet normal -2.527217e-001 -6.032439e-001 -7.564578e-001
    outer loop
      vertex -3.200000e+001  5.674587e+001 -2.991757e+003
      vertex -3.200000e+001  5.413626e+001 -2.989676e+003
      vertex -3.350000e+001  5.692026e+001 -2.991395e+003
    endloop
  endfacet
  facet normal -2.528158e-001 -6.032649e-001 -7.564096e-001
    outer loop
      vertex -3.350000e+001  5.692026e+001 -2.991395e+003
      vertex -3.200000e+001  5.413626e+001 -2.989676e+003
      vertex -3.350000e+001  5.445050e+001 -2.989426e+003
    endloop
  endfacet
  facet normal -6.981147e-001 -4.464318e-001 -5.597629e-001
    outer loop
      vertex -3.350000e+001  5.692026e+001 -2.991395e+003
      vertex -3.350000e+001  5.445050e+001 -2.989426e+003
      vertex -3.459808e+001  5.739670e+001 -2.990406e+003
    endloop
  endfacet
  facet normal -6.980535e-001 -4.464338e-001 -5.598376e-001
    outer loop
      vertex -3.459808e+001  5.739670e+001 -2.990406e+003
      vertex -3.350000e+001  5.445050e+001 -2.989426e+003
      vertex -3.459808e+001  5.530901e+001 -2.988741e+003
    endloop
  endfacet
  facet normal -9.611598e-001 -1.720734e-001 -2.157837e-001
    outer loop
      vertex -3.459808e+001  5.739670e+001 -2.990406e+003
      vertex -3.459808e+001  5.530901e+001 -2.988741e+003
      vertex -3.500000e+001  5.775000e+001 -2.988897e+003
    endloop
  endfacet
  facet normal -2.527844e-001 -8.717110e-001 -4.197858e-001
    outer loop
      vertex -3.200000e+001  5.413626e+001 -2.989676e+003
      vertex -3.200000e+001  5.268804e+001 -2.986669e+003
      vertex -3.350000e+001  5.445050e+001 -2.989426e+003
    endloop
  endfacet
  facet normal -2.527265e-001 -8.717121e-001 -4.198180e-001
    outer loop
      vertex -3.350000e+001  5.445050e+001 -2.989426e+003
      vertex -3.200000e+001  5.268804e+001 -2.986669e+003
      vertex -3.350000e+001  5.307989e+001 -2.986580e+003
    endloop
  endfacet
  facet normal -6.980651e-001 -6.451178e-001 -3.106898e-001
    outer loop
      vertex -3.350000e+001  5.445050e+001 -2.989426e+003
      vertex -3.350000e+001  5.307989e+001 -2.986580e+003
      vertex -3.459808e+001  5.530901e+001 -2.988741e+003
    endloop
  endfacet
  facet normal -6.980789e-001 -6.451101e-001 -3.106748e-001
    outer loop
      vertex -3.459808e+001  5.530901e+001 -2.988741e+003
      vertex -3.350000e+001  5.307989e+001 -2.986580e+003
      vertex -3.459808e+001  5.415043e+001 -2.986335e+003
    endloop
  endfacet
  facet normal -9.591202e-001 -2.549724e-001 -1.227907e-001
    outer loop
      vertex -3.459808e+001  5.530901e+001 -2.988741e+003
      vertex -3.459808e+001  5.415043e+001 -2.986335e+003
      vertex -3.500000e+001  5.610289e+001 -2.987250e+003
    endloop
  endfacet
  facet normal -2.527488e-001 -9.675320e-001  -0.000000e+000
    outer loop
      vertex -3.200000e+001  5.268804e+001 -2.986669e+003
      vertex -3.200000e+001  5.268804e+001 -2.983331e+003
      vertex -3.350000e+001  5.307989e+001 -2.986580e+003
    endloop
  endfacet
  facet normal -2.527488e-001 -9.675319e-001  0.000000e+000
    outer loop
      vertex -3.350000e+001  5.307989e+001 -2.986580e+003
      vertex -3.200000e+001  5.268804e+001 -2.983331e+003
      vertex -3.350000e+001  5.307989e+001 -2.983420e+003
    endloop
  endfacet
  facet normal -6.980738e-001 -7.160258e-001  -0.000000e+000
    outer loop
      vertex -3.350000e+001  5.307989e+001 -2.986580e+003
      vertex -3.350000e+001  5.307989e+001 -2.983420e+003
      vertex -3.459808e+001  5.415043e+001 -2.986335e+003
    endloop
  endfacet
  facet normal -6.980737e-001 -7.160258e-001  0.000000e+000
    outer loop
      vertex -3.459808e+001  5.415043e+001 -2.986335e+003
      vertex -3.350000e+001  5.307989e+001 -2.983420e+003
      vertex -3.459808e+001  5.415043e+001 -2.983665e+003
    endloop
  endfacet
  facet normal -9.584002e-001 -2.854279e-001  -0.000000e+000
    outer loop
      vertex -3.459808e+001  5.415043e+001 -2.986335e+003
      vertex -3.459808e+001  5.415043e+001 -2.983665e+003
      vertex -3.500000e+001  5.550000e+001 -2.985000e+003
    endloop
  endfacet
  facet normal -2.527281e-001 -8.717242e-001  4.197921e-001
    outer loop
      vertex -3.200000e+001  5.268804e+001 -2.983331e+003
      vertex -3.200000e+001  5.413626e+001 -2.980324e+003
      vertex -3.350000e+001  5.307989e+001 -2.983420e+003
    endloop
  endfacet
  facet normal -2.527860e-001 -8.716981e-001  4.198113e-001
    outer loop
      vertex -3.350000e+001  5.307989e+001 -2.983420e+003
      vertex -3.200000e+001  5.413626e+001 -2.980324e+003
      vertex -3.350000e+001  5.445050e+001 -2.980574e+003
    endloop
  endfacet
  facet normal -6.980778e-001 -6.451067e-001  3.106845e-001
    outer loop
      vertex -3.350000e+001  5.307989e+001 -2.983420e+003
      vertex -3.350000e+001  5.445050e+001 -2.980574e+003
      vertex -3.459808e+001  5.415043e+001 -2.983665e+003
    endloop
  endfacet
  facet normal -6.980640e-001 -6.451232e-001  3.106812e-001
    outer loop
      vertex -3.459808e+001  5.415043e+001 -2.983665e+003
      vertex -3.350000e+001  5.445050e+001 -2.980574e+003
      vertex -3.459808e+001  5.530901e+001 -2.981259e+003
    endloop
  endfacet
  facet normal -9.591202e-001 -2.549724e-001  1.227907e-001
    outer loop
      vertex -3.459808e+001  5.415043e+001 -2.983665e+003
      vertex -3.459808e+001  5.530901e+001 -2.981259e+003
      vertex -3.500000e+001  5.610289e+001 -2.982750e+003
    endloop
  endfacet
  facet normal -2.528133e-001 -6.032291e-001  7.564391e-001
    outer loop
      vertex -3.200000e+001  5.413626e+001 -2.980324e+003
      vertex -3.200000e+001  5.674587e+001 -2.978243e+003
      vertex -3.350000e+001  5.445050e+001 -2.980574e+003
    endloop
  endfacet
  facet normal -2.527191e-001 -6.032807e-001  7.564294e-001
    outer loop
      vertex -3.350000e+001  5.445050e+001 -2.980574e+003
      vertex -3.200000e+001  5.674587e+001 -2.978243e+003
      vertex -3.350000e+001  5.692026e+001 -2.978605e+003
    endloop
  endfacet
  facet normal -6.980587e-001 -4.464659e-001  5.598056e-001
    outer loop
      vertex -3.350000e+001  5.445050e+001 -2.980574e+003
      vertex -3.350000e+001  5.692026e+001 -2.978605e+003
      vertex -3.459808e+001  5.530901e+001 -2.981259e+003
    endloop
  endfacet
  facet normal -6.981199e-001 -4.463935e-001  5.597870e-001
    outer loop
      vertex -3.459808e+001  5.530901e+001 -2.981259e+003
      vertex -3.350000e+001  5.692026e+001 -2.978605e+003
      vertex -3.459808e+001  5.739670e+001 -2.979594e+003
    endloop
  endfacet
  facet normal -9.611598e-001 -1.720734e-001  2.157837e-001
    outer loop
      vertex -3.459808e+001  5.530901e+001 -2.981259e+003
      vertex -3.459808e+001  5.739670e+001 -2.979594e+003
      vertex -3.500000e+001  5.775000e+001 -2.981103e+003
    endloop
  endfacet
  facet normal -9.679303e-001  6.501001e-002 -2.426619e-001
    outer loop
      vertex -3.500000e+001  6.000000e+001 -2.989500e+003
      vertex -3.500000e+001  6.225000e+001 -2.988897e+003
      vertex -3.459808e+001  6.260330e+001 -2.990406e+003
    endloop
  endfacet
  facet normal -9.679303e-001  6.501001e-002  2.426619e-001
    outer loop
      vertex -3.500000e+001  6.000000e+001 -2.980500e+003
      vertex -3.459808e+001  6.260330e+001 -2.979594e+003
      vertex -3.500000e+001  6.225000e+001 -2.981103e+003
    endloop
  endfacet
  facet normal -9.704214e-001  1.707130e-001  1.707023e-001
    outer loop
      vertex -3.459808e+001  6.469099e+001 -2.981259e+003
      vertex -3.500000e+001  6.389711e+001 -2.982750e+003
      vertex -3.500000e+001  6.225000e+001 -2.981103e+003
    endloop
  endfacet
  facet normal -9.715624e-001  2.287153e-001  6.128412e-002
    outer loop
      vertex -3.459808e+001  6.584957e+001 -2.983665e+003
      vertex -3.500000e+001  6.450000e+001 -2.985000e+003
      vertex -3.500000e+001  6.389711e+001 -2.982750e+003
    endloop
  endfacet
  facet normal -9.715624e-001  2.287153e-001 -6.128412e-002
    outer loop
      vertex -3.459808e+001  6.584957e+001 -2.986335e+003
      vertex -3.500000e+001  6.389711e+001 -2.987250e+003
      vertex -3.500000e+001  6.450000e+001 -2.985000e+003
    endloop
  endfacet
  facet normal -9.704214e-001  1.707130e-001 -1.707023e-001
    outer loop
      vertex -3.459808e+001  6.469099e+001 -2.988741e+003
      vertex -3.500000e+001  6.225000e+001 -2.988897e+003
      vertex -3.500000e+001  6.389711e+001 -2.987250e+003
    endloop
  endfacet
  facet normal -2.527131e-001  2.152823e-001 -9.432866e-001
    outer loop
      vertex -3.200000e+001  6.325413e+001 -2.991757e+003
      vertex -3.200000e+001  6.000000e+001 -2.992500e+003
      vertex -3.350000e+001  6.307974e+001 -2.991395e+003
    endloop
  endfacet
  facet normal -2.527100e-001  2.152840e-001 -9.432870e-001
    outer loop
      vertex -3.350000e+001  6.307974e+001 -2.991395e+003
      vertex -3.200000e+001  6.000000e+001 -2.992500e+003
      vertex -3.350000e+001  6.000000e+001 -2.992098e+003
    endloop
  endfacet
  facet normal -6.981277e-001  1.593084e-001 -6.980247e-001
    outer loop
      vertex -3.350000e+001  6.307974e+001 -2.991395e+003
      vertex -3.350000e+001  6.000000e+001 -2.992098e+003
      vertex -3.459808e+001  6.260330e+001 -2.990406e+003
    endloop
  endfacet
  facet normal -6.980945e-001  1.593394e-001 -6.980509e-001
    outer loop
      vertex -3.459808e+001  6.260330e+001 -2.990406e+003
      vertex -3.350000e+001  6.000000e+001 -2.992098e+003
      vertex -3.459808e+001  6.000000e+001 -2.991000e+003
    endloop
  endfacet
  facet normal -9.642445e-001  5.897610e-002 -2.583687e-001
    outer loop
      vertex -3.459808e+001  6.260330e+001 -2.990406e+003
      vertex -3.459808e+001  6.000000e+001 -2.991000e+003
      vertex -3.500000e+001  6.000000e+001 -2.989500e+003
    endloop
  endfacet
  facet normal -2.527101e-001  2.152825e-001  9.432874e-001
    outer loop
      vertex -3.200000e+001  6.000000e+001 -2.977500e+003
      vertex -3.200000e+001  6.325413e+001 -2.978243e+003
      vertex -3.350000e+001  6.000000e+001 -2.977902e+003
    endloop
  endfacet
  facet normal -2.527132e-001  2.152838e-001  9.432862e-001
    outer loop
      vertex -3.350000e+001  6.000000e+001 -2.977902e+003
      vertex -3.200000e+001  6.325413e+001 -2.978243e+003
      vertex -3.350000e+001  6.307974e+001 -2.978605e+003
    endloop
  endfacet
  facet normal -6.980973e-001  1.593150e-001  6.980537e-001
    outer loop
      vertex -3.350000e+001  6.000000e+001 -2.977902e+003
      vertex -3.350000e+001  6.307974e+001 -2.978605e+003
      vertex -3.459808e+001  6.000000e+001 -2.979000e+003
    endloop
  endfacet
  facet normal -6.981305e-001  1.593316e-001  6.980166e-001
    outer loop
      vertex -3.459808e+001  6.000000e+001 -2.979000e+003
      vertex -3.350000e+001  6.307974e+001 -2.978605e+003
      vertex -3.459808e+001  6.260330e+001 -2.979594e+003
    endloop
  endfacet
  facet normal -9.642445e-001  5.897610e-002  2.583687e-001
    outer loop
      vertex -3.459808e+001  6.000000e+001 -2.979000e+003
      vertex -3.459808e+001  6.260330e+001 -2.979594e+003
      vertex -3.500000e+001  6.000000e+001 -2.980500e+003
    endloop
  endfacet
  facet normal -2.527218e-001  6.032434e-001  7.564582e-001
    outer loop
      vertex -3.200000e+001  6.325413e+001 -2.978243e+003
      vertex -3.200000e+001  6.586374e+001 -2.980324e+003
      vertex -3.350000e+001  6.307974e+001 -2.978605e+003
    endloop
  endfacet
  facet normal -2.528173e-001  6.032647e-001  7.564093e-001
    outer loop
      vertex -3.350000e+001  6.307974e+001 -2.978605e+003
      vertex -3.200000e+001  6.586374e+001 -2.980324e+003
      vertex -3.350000e+001  6.554950e+001 -2.980574e+003
    endloop
  endfacet
  facet normal -6.981147e-001  4.464318e-001  5.597629e-001
    outer loop
      vertex -3.350000e+001  6.307974e+001 -2.978605e+003
      vertex -3.350000e+001  6.554950e+001 -2.980574e+003
      vertex -3.459808e+001  6.260330e+001 -2.979594e+003
    endloop
  endfacet
  facet normal -6.980543e-001  4.464338e-001  5.598365e-001
    outer loop
      vertex -3.459808e+001  6.260330e+001 -2.979594e+003
      vertex -3.350000e+001  6.554950e+001 -2.980574e+003
      vertex -3.459808e+001  6.469099e+001 -2.981259e+003
    endloop
  endfacet
  facet normal -9.611598e-001  1.720737e-001  2.157837e-001
    outer loop
      vertex -3.459808e+001  6.260330e+001 -2.979594e+003
      vertex -3.459808e+001  6.469099e+001 -2.981259e+003
      vertex -3.500000e+001  6.225000e+001 -2.981103e+003
    endloop
  endfacet
  facet normal -2.527864e-001  8.717109e-001  4.197846e-001
    outer loop
      vertex -3.200000e+001  6.586374e+001 -2.980324e+003
      vertex -3.200000e+001  6.731196e+001 -2.983331e+003
      vertex -3.350000e+001  6.554950e+001 -2.980574e+003
    endloop
  endfacet
  facet normal -2.527265e-001  8.717121e-001  4.198180e-001
    outer loop
      vertex -3.350000e+001  6.554950e+001 -2.980574e+003
      vertex -3.200000e+001  6.731196e+001 -2.983331e+003
      vertex -3.350000e+001  6.692011e+001 -2.983420e+003
    endloop
  endfacet
  facet normal -6.980663e-001  6.451167e-001  3.106893e-001
    outer loop
      vertex -3.350000e+001  6.554950e+001 -2.980574e+003
      vertex -3.350000e+001  6.692011e+001 -2.983420e+003
      vertex -3.459808e+001  6.469099e+001 -2.981259e+003
    endloop
  endfacet
  facet normal -6.980776e-001  6.451104e-001  3.106771e-001
    outer loop
      vertex -3.459808e+001  6.469099e+001 -2.981259e+003
      vertex -3.350000e+001  6.692011e+001 -2.983420e+003
      vertex -3.459808e+001  6.584957e+001 -2.983665e+003
    endloop
  endfacet
  facet normal -9.591201e-001  2.549722e-001  1.227914e-001
    outer loop
      vertex -3.459808e+001  6.469099e+001 -2.981259e+003
      vertex -3.459808e+001  6.584957e+001 -2.983665e+003
      vertex -3.500000e+001  6.389711e+001 -2.982750e+003
    endloop
  endfacet
  facet normal -2.527488e-001  9.675320e-001  0.000000e+000
    outer loop
      vertex -3.200000e+001  6.731196e+001 -2.983331e+003
      vertex -3.200000e+001  6.731196e+001 -2.986669e+003
      vertex -3.350000e+001  6.692011e+001 -2.983420e+003
    endloop
  endfacet
  facet normal -2.527488e-001  9.675319e-001  0.000000e+000
    outer loop
      vertex -3.350000e+001  6.692011e+001 -2.983420e+003
      vertex -3.200000e+001  6.731196e+001 -2.986669e+003
      vertex -3.350000e+001  6.692011e+001 -2.986580e+003
    endloop
  endfacet
  facet normal -6.980726e-001  7.160271e-001  0.000000e+000
    outer loop
      vertex -3.350000e+001  6.692011e+001 -2.983420e+003
      vertex -3.350000e+001  6.692011e+001 -2.986580e+003
      vertex -3.459808e+001  6.584957e+001 -2.983665e+003
    endloop
  endfacet
  facet normal -6.980726e-001  7.160271e-001  0.000000e+000
    outer loop
      vertex -3.459808e+001  6.584957e+001 -2.983665e+003
      vertex -3.350000e+001  6.692011e+001 -2.986580e+003
      vertex -3.459808e+001  6.584957e+001 -2.986335e+003
    endloop
  endfacet
  facet normal -9.584004e-001  2.854272e-001  0.000000e+000
    outer loop
      vertex -3.459808e+001  6.584957e+001 -2.983665e+003
      vertex -3.459808e+001  6.584957e+001 -2.986335e+003
      vertex -3.500000e+001  6.450000e+001 -2.985000e+003
    endloop
  endfacet
  facet normal -2.527281e-001  8.717246e-001 -4.197913e-001
    outer loop
      vertex -3.200000e+001  6.731196e+001 -2.986669e+003
      vertex -3.200000e+001  6.586374e+001 -2.989676e+003
      vertex -3.350000e+001  6.692011e+001 -2.986580e+003
    endloop
  endfacet
  facet normal -2.527881e-001  8.716977e-001 -4.198111e-001
    outer loop
      vertex -3.350000e+001  6.692011e+001 -2.986580e+003
      vertex -3.200000e+001  6.586374e+001 -2.989676e+003
      vertex -3.350000e+001  6.554950e+001 -2.989426e+003
    endloop
  endfacet
  facet normal -6.980766e-001  6.451077e-001 -3.106850e-001
    outer loop
      vertex -3.350000e+001  6.692011e+001 -2.986580e+003
      vertex -3.350000e+001  6.554950e+001 -2.989426e+003
      vertex -3.459808e+001  6.584957e+001 -2.986335e+003
    endloop
  endfacet
  facet normal -6.980654e-001  6.451212e-001 -3.106823e-001
    outer loop
      vertex -3.459808e+001  6.584957e+001 -2.986335e+003
      vertex -3.350000e+001  6.554950e+001 -2.989426e+003
      vertex -3.459808e+001  6.469099e+001 -2.988741e+003
    endloop
  endfacet
  facet normal -9.591201e-001  2.549722e-001 -1.227914e-001
    outer loop
      vertex -3.459808e+001  6.584957e+001 -2.986335e+003
      vertex -3.459808e+001  6.469099e+001 -2.988741e+003
      vertex -3.500000e+001  6.389711e+001 -2.987250e+003
    endloop
  endfacet
  facet normal -2.528147e-001  6.032283e-001 -7.564393e-001
    outer loop
      vertex -3.200000e+001  6.586374e+001 -2.989676e+003
      vertex -3.200000e+001  6.325413e+001 -2.991757e+003
      vertex -3.350000e+001  6.554950e+001 -2.989426e+003
    endloop
  endfacet
  facet normal -2.527191e-001  6.032807e-001 -7.564294e-001
    outer loop
      vertex -3.350000e+001  6.554950e+001 -2.989426e+003
      vertex -3.200000e+001  6.325413e+001 -2.991757e+003
      vertex -3.350000e+001  6.307974e+001 -2.991395e+003
    endloop
  endfacet
  facet normal -6.980594e-001  4.464654e-001 -5.598050e-001
    outer loop
      vertex -3.350000e+001  6.554950e+001 -2.989426e+003
      vertex -3.350000e+001  6.307974e+001 -2.991395e+003
      vertex -3.459808e+001  6.469099e+001 -2.988741e+003
    endloop
  endfacet
  facet normal -6.981198e-001  4.463941e-001 -5.597867e-001
    outer loop
      vertex -3.459808e+001  6.469099e+001 -2.988741e+003
      vertex -3.350000e+001  6.307974e+001 -2.991395e+003
      vertex -3.459808e+001  6.260330e+001 -2.990406e+003
    endloop
  endfacet
  facet normal -9.611598e-001  1.720737e-001 -2.157837e-001
    outer loop
      vertex -3.459808e+001  6.469099e+001 -2.988741e+003
      vertex -3.459808e+001  6.260330e+001 -2.990406e+003
      vertex -3.500000e+001  6.225000e+001 -2.988897e+003
    endloop
  endfacet
  facet normal -1.000000e+000  0.000000e+000  0.000000e+000
    outer loop
      vertex -3.500000e+001  6.389711e+001 -2.987250e+003
      vertex -3.500000e+001  6.389711e+001 -2.982750e+003
      vertex -3.500000e+001  6.450000e+001 -2.985000e+003
    endloop
  endfacet
  facet normal -9.999999e-001  0.000000e+000  0.000000e+000
    outer loop
      vertex -3.500000e+001  6.389711e+001 -2.982750e+003
      vertex -3.500000e+001  6.389711e+001 -2.987250e+003
      vertex -3.500000e+001  6.225000e+001 -2.981103e+003
    endloop
  endfacet
  facet normal -1.000000e+000  0.000000e+000  0.000000e+000
    outer loop
      vertex -3.500000e+001  6.225000e+001 -2.981103e+003
      vertex -3.500000e+001  6.389711e+001 -2.987250e+003
      vertex -3.500000e+001  6.225000e+001 -2.988897e+003
    endloop
  endfacet
  facet normal -1.000000e+000  0.000000e+000  0.000000e+000
    outer loop
      vertex -3.500000e+001  6.225000e+001 -2.981103e+003
      vertex -3.500000e+001  6.225000e+001 -2.988897e+003
      vertex -3.500000e+001  6.000000e+001 -2.980500e+003
    endloop
  endfacet
  facet normal -1.000000e+000  0.000000e+000  0.000000e+000
    outer loop
      vertex -3.500000e+001  6.000000e+001 -2.980500e+003
      vertex -3.500000e+001  6.225000e+001 -2.988897e+003
      vertex -3.500000e+001  6.000000e+001 -2.989500e+003
    endloop
  endfacet
  facet normal -1.000000e+000  0.000000e+000  0.000000e+000
    outer loop
      vertex -3.500000e+001  6.000000e+001 -2.980500e+003
      vertex -3.500000e+001  6.000000e+001 -2.989500e+003
      vertex -3.500000e+001  5.775000e+001 -2.981103e+003
    endloop
  endfacet
  facet normal -1.000000e+000  0.000000e+000  0.000000e+000
    outer loop
      vertex -3.500000e+001  5.775000e+001 -2.981103e+003
      vertex -3.500000e+001  6.000000e+001 -2.989500e+003
      vertex -3.500000e+001  5.775000e+001 -2.988897e+003
    endloop
  endfacet
  facet normal -1.000000e+000  0.000000e+000  0.000000e+000
    outer loop
      vertex -3.500000e+001  5.775000e+001 -2.981103e+003
      vertex -3.500000e+001  5.775000e+001 -2.988897e+003
      vertex -3.500000e+001  5.610289e+001 -2.982750e+003
    endloop
  endfacet
  facet normal -9.999999e-001  0.000000e+000  0.000000e+000
    outer loop
      vertex -3.500000e+001  5.610289e+001 -2.982750e+003
      vertex -3.500000e+001  5.775000e+001 -2.988897e+003
      vertex -3.500000e+001  5.610289e+001 -2.987250e+003
    endloop
  endfacet
  facet normal -1.000000e+000  0.000000e+000  0.000000e+000
    outer loop
      vertex -3.500000e+001  5.610289e+001 -2.982750e+003
      vertex -3.500000e+001  5.610289e+001 -2.987250e+003
      vertex -3.500000e+001  5.550000e+001 -2.985000e+003
    endloop
  endfacet
  facet normal  9.679303e-001 -6.501001e-002 -2.426619e-001
    outer loop
      vertex  3.500000e+001  6.000000e+001 -2.989500e+003
      vertex  3.500000e+001  5.775000e+001 -2.988897e+003
      vertex  3.459808e+001  5.739670e+001 -2.990406e+003
    endloop
  endfacet
  facet normal  9.679303e-001 -6.501001e-002  2.426619e-001
    outer loop
      vertex  3.500000e+001  6.000000e+001 -2.980500e+003
      vertex  3.459808e+001  5.739670e+001 -2.979594e+003
      vertex  3.500000e+001  5.775000e+001 -2.981103e+003
    endloop
  endfacet
  facet normal  9.704216e-001 -1.707127e-001 -1.707020e-001
    outer loop
      vertex  3.500000e+001  5.610289e+001 -2.987250e+003
      vertex  3.459808e+001  5.530901e+001 -2.988741e+003
      vertex  3.500000e+001  5.775000e+001 -2.988897e+003
    endloop
  endfacet
  facet normal  9.715624e-001 -2.287157e-001 -6.128425e-002
    outer loop
      vertex  3.500000e+001  5.550000e+001 -2.985000e+003
      vertex  3.459808e+001  5.415043e+001 -2.986335e+003
      vertex  3.500000e+001  5.610289e+001 -2.987250e+003
    endloop
  endfacet
  facet normal  9.715624e-001 -2.287157e-001  6.128425e-002
    outer loop
      vertex  3.500000e+001  5.610289e+001 -2.982750e+003
      vertex  3.459808e+001  5.415043e+001 -2.983665e+003
      vertex  3.500000e+001  5.550000e+001 -2.985000e+003
    endloop
  endfacet
  facet normal  9.704216e-001 -1.707127e-001  1.707020e-001
    outer loop
      vertex  3.500000e+001  5.775000e+001 -2.981103e+003
      vertex  3.459808e+001  5.530901e+001 -2.981259e+003
      vertex  3.500000e+001  5.610289e+001 -2.982750e+003
    endloop
  endfacet
  facet normal  2.527101e-001 -2.152825e-001  9.432874e-001
    outer loop
      vertex  3.200000e+001  6.000000e+001 -2.977500e+003
      vertex  3.200000e+001  5.674587e+001 -2.978243e+003
      vertex  3.350000e+001  6.000000e+001 -2.977902e+003
    endloop
  endfacet
  facet normal  2.527132e-001 -2.152838e-001  9.432862e-001
    outer loop
      vertex  3.350000e+001  6.000000e+001 -2.977902e+003
      vertex  3.200000e+001  5.674587e+001 -2.978243e+003
      vertex  3.350000e+001  5.692026e+001 -2.978605e+003
    endloop
  endfacet
  facet normal  6.980973e-001 -1.593150e-001  6.980537e-001
    outer loop
      vertex  3.350000e+001  6.000000e+001 -2.977902e+003
      vertex  3.350000e+001  5.692026e+001 -2.978605e+003
      vertex  3.459808e+001  6.000000e+001 -2.979000e+003
    endloop
  endfacet
  facet normal  6.981305e-001 -1.593316e-001  6.980166e-001
    outer loop
      vertex  3.459808e+001  6.000000e+001 -2.979000e+003
      vertex  3.350000e+001  5.692026e+001 -2.978605e+003
      vertex  3.459808e+001  5.739670e+001 -2.979594e+003
    endloop
  endfacet
  facet normal  9.642445e-001 -5.897610e-002  2.583687e-001
    outer loop
      vertex  3.459808e+001  6.000000e+001 -2.979000e+003
      vertex  3.459808e+001  5.739670e+001 -2.979594e+003
      vertex  3.500000e+001  6.000000e+001 -2.980500e+003
    endloop
  endfacet
  facet normal  2.527131e-001 -2.152823e-001 -9.432866e-001
    outer loop
      vertex  3.200000e+001  5.674587e+001 -2.991757e+003
      vertex  3.200000e+001  6.000000e+001 -2.992500e+003
      vertex  3.350000e+001  5.692026e+001 -2.991395e+003
    endloop
  endfacet
  facet normal  2.527100e-001 -2.152840e-001 -9.432870e-001
    outer loop
      vertex  3.350000e+001  5.692026e+001 -2.991395e+003
      vertex  3.200000e+001  6.000000e+001 -2.992500e+003
      vertex  3.350000e+001  6.000000e+001 -2.992098e+003
    endloop
  endfacet
  facet normal  6.981277e-001 -1.593084e-001 -6.980247e-001
    outer loop
      vertex  3.350000e+001  5.692026e+001 -2.991395e+003
      vertex  3.350000e+001  6.000000e+001 -2.992098e+003
      vertex  3.459808e+001  5.739670e+001 -2.990406e+003
    endloop
  endfacet
  facet normal  6.980945e-001 -1.593394e-001 -6.980509e-001
    outer loop
      vertex  3.459808e+001  5.739670e+001 -2.990406e+003
      vertex  3.350000e+001  6.000000e+001 -2.992098e+003
      vertex  3.459808e+001  6.000000e+001 -2.991000e+003
    endloop
  endfacet
  facet normal  9.642445e-001 -5.897610e-002 -2.583687e-001
    outer loop
      vertex  3.459808e+001  5.739670e+001 -2.990406e+003
      vertex  3.459808e+001  6.000000e+001 -2.991000e+003
      vertex  3.500000e+001  6.000000e+001 -2.989500e+003
    endloop
  endfacet
  facet normal  2.528133e-001 -6.032291e-001 -7.564391e-001
    outer loop
      vertex  3.200000e+001  5.413626e+001 -2.989676e+003
      vertex  3.200000e+001  5.674587e+001 -2.991757e+003
      vertex  3.350000e+001  5.445050e+001 -2.989426e+003
    endloop
  endfacet
  facet normal  2.527191e-001 -6.032807e-001 -7.564294e-001
    outer loop
      vertex  3.350000e+001  5.445050e+001 -2.989426e+003
      vertex  3.200000e+001  5.674587e+001 -2.991757e+003
      vertex  3.350000e+001  5.692026e+001 -2.991395e+003
    endloop
  endfacet
  facet normal  6.980587e-001 -4.464659e-001 -5.598056e-001
    outer loop
      vertex  3.350000e+001  5.445050e+001 -2.989426e+003
      vertex  3.350000e+001  5.692026e+001 -2.991395e+003
      vertex  3.459808e+001  5.530901e+001 -2.988741e+003
    endloop
  endfacet
  facet normal  6.981199e-001 -4.463935e-001 -5.597870e-001
    outer loop
      vertex  3.459808e+001  5.530901e+001 -2.988741e+003
      vertex  3.350000e+001  5.692026e+001 -2.991395e+003
      vertex  3.459808e+001  5.739670e+001 -2.990406e+003
    endloop
  endfacet
  facet normal  9.611598e-001 -1.720734e-001 -2.157837e-001
    outer loop
      vertex  3.459808e+001  5.530901e+001 -2.988741e+003
      vertex  3.459808e+001  5.739670e+001 -2.990406e+003
      vertex  3.500000e+001  5.775000e+001 -2.988897e+003
    endloop
  endfacet
  facet normal  2.527281e-001 -8.717242e-001 -4.197921e-001
    outer loop
      vertex  3.200000e+001  5.268804e+001 -2.986669e+003
      vertex  3.200000e+001  5.413626e+001 -2.989676e+003
      vertex  3.350000e+001  5.307989e+001 -2.986580e+003
    endloop
  endfacet
  facet normal  2.527860e-001 -8.716981e-001 -4.198113e-001
    outer loop
      vertex  3.350000e+001  5.307989e+001 -2.986580e+003
      vertex  3.200000e+001  5.413626e+001 -2.989676e+003
      vertex  3.350000e+001  5.445050e+001 -2.989426e+003
    endloop
  endfacet
  facet normal  6.980778e-001 -6.451067e-001 -3.106845e-001
    outer loop
      vertex  3.350000e+001  5.307989e+001 -2.986580e+003
      vertex  3.350000e+001  5.445050e+001 -2.989426e+003
      vertex  3.459808e+001  5.415043e+001 -2.986335e+003
    endloop
  endfacet
  facet normal  6.980640e-001 -6.451232e-001 -3.106812e-001
    outer loop
      vertex  3.459808e+001  5.415043e+001 -2.986335e+003
      vertex  3.350000e+001  5.445050e+001 -2.989426e+003
      vertex  3.459808e+001  5.530901e+001 -2.988741e+003
    endloop
  endfacet
  facet normal  9.591202e-001 -2.549724e-001 -1.227907e-001
    outer loop
      vertex  3.459808e+001  5.415043e+001 -2.986335e+003
      vertex  3.459808e+001  5.530901e+001 -2.988741e+003
      vertex  3.500000e+001  5.610289e+001 -2.987250e+003
    endloop
  endfacet
  facet normal  2.527488e-001 -9.675320e-001  0.000000e+000
    outer loop
      vertex  3.200000e+001  5.268804e+001 -2.983331e+003
      vertex  3.200000e+001  5.268804e+001 -2.986669e+003
      vertex  3.350000e+001  5.307989e+001 -2.983420e+003
    endloop
  endfacet
  facet normal  2.527488e-001 -9.675319e-001  0.000000e+000
    outer loop
      vertex  3.350000e+001  5.307989e+001 -2.983420e+003
      vertex  3.200000e+001  5.268804e+001 -2.986669e+003
      vertex  3.350000e+001  5.307989e+001 -2.986580e+003
    endloop
  endfacet
  facet normal  6.980738e-001 -7.160258e-001  0.000000e+000
    outer loop
      vertex  3.350000e+001  5.307989e+001 -2.983420e+003
      vertex  3.350000e+001  5.307989e+001 -2.986580e+003
      vertex  3.459808e+001  5.415043e+001 -2.983665e+003
    endloop
  endfacet
  facet normal  6.980737e-001 -7.160258e-001  0.000000e+000
    outer loop
      vertex  3.459808e+001  5.415043e+001 -2.983665e+003
      vertex  3.350000e+001  5.307989e+001 -2.986580e+003
      vertex  3.459808e+001  5.415043e+001 -2.986335e+003
    endloop
  endfacet
  facet normal  9.584002e-001 -2.854279e-001  0.000000e+000
    outer loop
      vertex  3.459808e+001  5.415043e+001 -2.983665e+003
      vertex  3.459808e+001  5.415043e+001 -2.986335e+003
      vertex  3.500000e+001  5.550000e+001 -2.985000e+003
    endloop
  endfacet
  facet normal  2.527844e-001 -8.717110e-001  4.197858e-001
    outer loop
      vertex  3.200000e+001  5.413626e+001 -2.980324e+003
      vertex  3.200000e+001  5.268804e+001 -2.983331e+003
      vertex  3.350000e+001  5.445050e+001 -2.980574e+003
    endloop
  endfacet
  facet normal  2.527265e-001 -8.717121e-001  4.198180e-001
    outer loop
      vertex  3.350000e+001  5.445050e+001 -2.980574e+003
      vertex  3.200000e+001  5.268804e+001 -2.983331e+003
      vertex  3.350000e+001  5.307989e+001 -2.983420e+003
    endloop
  endfacet
  facet normal  6.980651e-001 -6.451178e-001  3.106898e-001
    outer loop
      vertex  3.350000e+001  5.445050e+001 -2.980574e+003
      vertex  3.350000e+001  5.307989e+001 -2.983420e+003
      vertex  3.459808e+001  5.530901e+001 -2.981259e+003
    endloop
  endfacet
  facet normal  6.980789e-001 -6.451101e-001  3.106748e-001
    outer loop
      vertex  3.459808e+001  5.530901e+001 -2.981259e+003
      vertex  3.350000e+001  5.307989e+001 -2.983420e+003
      vertex  3.459808e+001  5.415043e+001 -2.983665e+003
    endloop
  endfacet
  facet normal  9.591202e-001 -2.549724e-001  1.227907e-001
    outer loop
      vertex  3.459808e+001  5.530901e+001 -2.981259e+003
      vertex  3.459808e+001  5.415043e+001 -2.983665e+003
      vertex  3.500000e+001  5.610289e+001 -2.982750e+003
    endloop
  endfacet
  facet normal  2.527217e-001 -6.032439e-001  7.564578e-001
    outer loop
      vertex  3.200000e+001  5.674587e+001 -2.978243e+003
      vertex  3.200000e+001  5.413626e+001 -2.980324e+003
      vertex  3.350000e+001  5.692026e+001 -2.978605e+003
    endloop
  endfacet
  facet normal  2.528158e-001 -6.032649e-001  7.564096e-001
    outer loop
      vertex  3.350000e+001  5.692026e+001 -2.978605e+003
      vertex  3.200000e+001  5.413626e+001 -2.980324e+003
      vertex  3.350000e+001  5.445050e+001 -2.980574e+003
    endloop
  endfacet
  facet normal  6.981147e-001 -4.464318e-001  5.597629e-001
    outer loop
      vertex  3.350000e+001  5.692026e+001 -2.978605e+003
      vertex  3.350000e+001  5.445050e+001 -2.980574e+003
      vertex  3.459808e+001  5.739670e+001 -2.979594e+003
    endloop
  endfacet
  facet normal  6.980535e-001 -4.464338e-001  5.598376e-001
    outer loop
      vertex  3.459808e+001  5.739670e+001 -2.979594e+003
      vertex  3.350000e+001  5.445050e+001 -2.980574e+003
      vertex  3.459808e+001  5.530901e+001 -2.981259e+003
    endloop
  endfacet
  facet normal  9.611598e-001 -1.720734e-001  2.157837e-001
    outer loop
      vertex  3.459808e+001  5.739670e+001 -2.979594e+003
      vertex  3.459808e+001  5.530901e+001 -2.981259e+003
      vertex  3.500000e+001  5.775000e+001 -2.981103e+003
    endloop
  endfacet
  facet normal  9.679303e-001  6.501001e-002  2.426619e-001
    outer loop
      vertex  3.500000e+001  6.000000e+001 -2.980500e+003
      vertex  3.500000e+001  6.225000e+001 -2.981103e+003
      vertex  3.459808e+001  6.260330e+001 -2.979594e+003
    endloop
  endfacet
  facet normal  9.679303e-001  6.501001e-002 -2.426619e-001
    outer loop
      vertex  3.500000e+001  6.000000e+001 -2.989500e+003
      vertex  3.459808e+001  6.260330e+001 -2.990406e+003
      vertex  3.500000e+001  6.225000e+001 -2.988897e+003
    endloop
  endfacet
  facet normal  9.704214e-001  1.707130e-001  1.707023e-001
    outer loop
      vertex  3.500000e+001  6.389711e+001 -2.982750e+003
      vertex  3.459808e+001  6.469099e+001 -2.981259e+003
      vertex  3.500000e+001  6.225000e+001 -2.981103e+003
    endloop
  endfacet
  facet normal  9.715624e-001  2.287153e-001  6.128412e-002
    outer loop
      vertex  3.500000e+001  6.450000e+001 -2.985000e+003
      vertex  3.459808e+001  6.584957e+001 -2.983665e+003
      vertex  3.500000e+001  6.389711e+001 -2.982750e+003
    endloop
  endfacet
  facet normal  9.715624e-001  2.287153e-001 -6.128412e-002
    outer loop
      vertex  3.500000e+001  6.389711e+001 -2.987250e+003
      vertex  3.459808e+001  6.584957e+001 -2.986335e+003
      vertex  3.500000e+001  6.450000e+001 -2.985000e+003
    endloop
  endfacet
  facet normal  9.704214e-001  1.707130e-001 -1.707023e-001
    outer loop
      vertex  3.500000e+001  6.225000e+001 -2.988897e+003
      vertex  3.459808e+001  6.469099e+001 -2.988741e+003
      vertex  3.500000e+001  6.389711e+001 -2.987250e+003
    endloop
  endfacet
  facet normal  2.527101e-001  2.152825e-001 -9.432874e-001
    outer loop
      vertex  3.200000e+001  6.000000e+001 -2.992500e+003
      vertex  3.200000e+001  6.325413e+001 -2.991757e+003
      vertex  3.350000e+001  6.000000e+001 -2.992098e+003
    endloop
  endfacet
  facet normal  2.527132e-001  2.152838e-001 -9.432862e-001
    outer loop
      vertex  3.350000e+001  6.000000e+001 -2.992098e+003
      vertex  3.200000e+001  6.325413e+001 -2.991757e+003
      vertex  3.350000e+001  6.307974e+001 -2.991395e+003
    endloop
  endfacet
  facet normal  6.980973e-001  1.593150e-001 -6.980537e-001
    outer loop
      vertex  3.350000e+001  6.000000e+001 -2.992098e+003
      vertex  3.350000e+001  6.307974e+001 -2.991395e+003
      vertex  3.459808e+001  6.000000e+001 -2.991000e+003
    endloop
  endfacet
  facet normal  6.981305e-001  1.593316e-001 -6.980166e-001
    outer loop
      vertex  3.459808e+001  6.000000e+001 -2.991000e+003
      vertex  3.350000e+001  6.307974e+001 -2.991395e+003
      vertex  3.459808e+001  6.260330e+001 -2.990406e+003
    endloop
  endfacet
  facet normal  9.642445e-001  5.897610e-002 -2.583687e-001
    outer loop
      vertex  3.459808e+001  6.000000e+001 -2.991000e+003
      vertex  3.459808e+001  6.260330e+001 -2.990406e+003
      vertex  3.500000e+001  6.000000e+001 -2.989500e+003
    endloop
  endfacet
  facet normal  2.527131e-001  2.152823e-001  9.432866e-001
    outer loop
      vertex  3.200000e+001  6.325413e+001 -2.978243e+003
      vertex  3.200000e+001  6.000000e+001 -2.977500e+003
      vertex  3.350000e+001  6.307974e+001 -2.978605e+003
    endloop
  endfacet
  facet normal  2.527100e-001  2.152840e-001  9.432870e-001
    outer loop
      vertex  3.350000e+001  6.307974e+001 -2.978605e+003
      vertex  3.200000e+001  6.000000e+001 -2.977500e+003
      vertex  3.350000e+001  6.000000e+001 -2.977902e+003
    endloop
  endfacet
  facet normal  6.981277e-001  1.593084e-001  6.980247e-001
    outer loop
      vertex  3.350000e+001  6.307974e+001 -2.978605e+003
      vertex  3.350000e+001  6.000000e+001 -2.977902e+003
      vertex  3.459808e+001  6.260330e+001 -2.979594e+003
    endloop
  endfacet
  facet normal  6.980945e-001  1.593394e-001  6.980509e-001
    outer loop
      vertex  3.459808e+001  6.260330e+001 -2.979594e+003
      vertex  3.350000e+001  6.000000e+001 -2.977902e+003
      vertex  3.459808e+001  6.000000e+001 -2.979000e+003
    endloop
  endfacet
  facet normal  9.642445e-001  5.897610e-002  2.583687e-001
    outer loop
      vertex  3.459808e+001  6.260330e+001 -2.979594e+003
      vertex  3.459808e+001  6.000000e+001 -2.979000e+003
      vertex  3.500000e+001  6.000000e+001 -2.980500e+003
    endloop
  endfacet
  facet normal  2.528147e-001  6.032283e-001  7.564393e-001
    outer loop
      vertex  3.200000e+001  6.586374e+001 -2.980324e+003
      vertex  3.200000e+001  6.325413e+001 -2.978243e+003
      vertex  3.350000e+001  6.554950e+001 -2.980574e+003
    endloop
  endfacet
  facet normal  2.527191e-001  6.032807e-001  7.564294e-001
    outer loop
      vertex  3.350000e+001  6.554950e+001 -2.980574e+003
      vertex  3.200000e+001  6.325413e+001 -2.978243e+003
      vertex  3.350000e+001  6.307974e+001 -2.978605e+003
    endloop
  endfacet
  facet normal  6.980594e-001  4.464654e-001  5.598050e-001
    outer loop
      vertex  3.350000e+001  6.554950e+001 -2.980574e+003
      vertex  3.350000e+001  6.307974e+001 -2.978605e+003
      vertex  3.459808e+001  6.469099e+001 -2.981259e+003
    endloop
  endfacet
  facet normal  6.981198e-001  4.463941e-001  5.597867e-001
    outer loop
      vertex  3.459808e+001  6.469099e+001 -2.981259e+003
      vertex  3.350000e+001  6.307974e+001 -2.978605e+003
      vertex  3.459808e+001  6.260330e+001 -2.979594e+003
    endloop
  endfacet
  facet normal  9.611598e-001  1.720737e-001  2.157837e-001
    outer loop
      vertex  3.459808e+001  6.469099e+001 -2.981259e+003
      vertex  3.459808e+001  6.260330e+001 -2.979594e+003
      vertex  3.500000e+001  6.225000e+001 -2.981103e+003
    endloop
  endfacet
  facet normal  2.527281e-001  8.717246e-001  4.197913e-001
    outer loop
      vertex  3.200000e+001  6.731196e+001 -2.983331e+003
      vertex  3.200000e+001  6.586374e+001 -2.980324e+003
      vertex  3.350000e+001  6.692011e+001 -2.983420e+003
    endloop
  endfacet
  facet normal  2.527881e-001  8.716977e-001  4.198111e-001
    outer loop
      vertex  3.350000e+001  6.692011e+001 -2.983420e+003
      vertex  3.200000e+001  6.586374e+001 -2.980324e+003
      vertex  3.350000e+001  6.554950e+001 -2.980574e+003
    endloop
  endfacet
  facet normal  6.980766e-001  6.451077e-001  3.106850e-001
    outer loop
      vertex  3.350000e+001  6.692011e+001 -2.983420e+003
      vertex  3.350000e+001  6.554950e+001 -2.980574e+003
      vertex  3.459808e+001  6.584957e+001 -2.983665e+003
    endloop
  endfacet
  facet normal  6.980654e-001  6.451212e-001  3.106823e-001
    outer loop
      vertex  3.459808e+001  6.584957e+001 -2.983665e+003
      vertex  3.350000e+001  6.554950e+001 -2.980574e+003
      vertex  3.459808e+001  6.469099e+001 -2.981259e+003
    endloop
  endfacet
  facet normal  9.591201e-001  2.549722e-001  1.227914e-001
    outer loop
      vertex  3.459808e+001  6.584957e+001 -2.983665e+003
      vertex  3.459808e+001  6.469099e+001 -2.981259e+003
      vertex  3.500000e+001  6.389711e+001 -2.982750e+003
    endloop
  endfacet
  facet normal  2.527488e-001  9.675320e-001  0.000000e+000
    outer loop
      vertex  3.200000e+001  6.731196e+001 -2.986669e+003
      vertex  3.200000e+001  6.731196e+001 -2.983331e+003
      vertex  3.350000e+001  6.692011e+001 -2.986580e+003
    endloop
  endfacet
  facet normal  2.527488e-001  9.675319e-001  -0.000000e+000
    outer loop
      vertex  3.350000e+001  6.692011e+001 -2.986580e+003
      vertex  3.200000e+001  6.731196e+001 -2.983331e+003
      vertex  3.350000e+001  6.692011e+001 -2.983420e+003
    endloop
  endfacet
  facet normal  6.980726e-001  7.160271e-001  0.000000e+000
    outer loop
      vertex  3.350000e+001  6.692011e+001 -2.986580e+003
      vertex  3.350000e+001  6.692011e+001 -2.983420e+003
      vertex  3.459808e+001  6.584957e+001 -2.986335e+003
    endloop
  endfacet
  facet normal  6.980726e-001  7.160271e-001  -0.000000e+000
    outer loop
      vertex  3.459808e+001  6.584957e+001 -2.986335e+003
      vertex  3.350000e+001  6.692011e+001 -2.983420e+003
      vertex  3.459808e+001  6.584957e+001 -2.983665e+003
    endloop
  endfacet
  facet normal  9.584004e-001  2.854272e-001  0.000000e+000
    outer loop
      vertex  3.459808e+001  6.584957e+001 -2.986335e+003
      vertex  3.459808e+001  6.584957e+001 -2.983665e+003
      vertex  3.500000e+001  6.450000e+001 -2.985000e+003
    endloop
  endfacet
  facet normal  2.527864e-001  8.717109e-001 -4.197846e-001
    outer loop
      vertex  3.200000e+001  6.586374e+001 -2.989676e+003
      vertex  3.200000e+001  6.731196e+001 -2.986669e+003
      vertex  3.350000e+001  6.554950e+001 -2.989426e+003
    endloop
  endfacet
  facet normal  2.527265e-001  8.717121e-001 -4.198180e-001
    outer loop
      vertex  3.350000e+001  6.554950e+001 -2.989426e+003
      vertex  3.200000e+001  6.731196e+001 -2.986669e+003
      vertex  3.350000e+001  6.692011e+001 -2.986580e+003
    endloop
  endfacet
  facet normal  6.980663e-001  6.451167e-001 -3.106893e-001
    outer loop
      vertex  3.350000e+001  6.554950e+001 -2.989426e+003
      vertex  3.350000e+001  6.692011e+001 -2.986580e+003
      vertex  3.459808e+001  6.469099e+001 -2.988741e+003
    endloop
  endfacet
  facet normal  6.980776e-001  6.451104e-001 -3.106771e-001
    outer loop
      vertex  3.459808e+001  6.469099e+001 -2.988741e+003
      vertex  3.350000e+001  6.692011e+001 -2.986580e+003
      vertex  3.459808e+001  6.584957e+001 -2.986335e+003
    endloop
  endfacet
  facet normal  9.591201e-001  2.549722e-001 -1.227914e-001
    outer loop
      vertex  3.459808e+001  6.469099e+001 -2.988741e+003
      vertex  3.459808e+001  6.584957e+001 -2.986335e+003
      vertex  3.500000e+001  6.389711e+001 -2.987250e+003
    endloop
  endfacet
  facet normal  2.527218e-001  6.032434e-001 -7.564582e-001
    outer loop
      vertex  3.200000e+001  6.325413e+001 -2.991757e+003
      vertex  3.200000e+001  6.586374e+001 -2.989676e+003
      vertex  3.350000e+001  6.307974e+001 -2.991395e+003
    endloop
  endfacet
  facet normal  2.528173e-001  6.032647e-001 -7.564093e-001
    outer loop
      vertex  3.350000e+001  6.307974e+001 -2.991395e+003
      vertex  3.200000e+001  6.586374e+001 -2.989676e+003
      vertex  3.350000e+001  6.554950e+001 -2.989426e+003
    endloop
  endfacet
  facet normal  6.981147e-001  4.464318e-001 -5.597629e-001
    outer loop
      vertex  3.350000e+001  6.307974e+001 -2.991395e+003
      vertex  3.350000e+001  6.554950e+001 -2.989426e+003
      vertex  3.459808e+001  6.260330e+001 -2.990406e+003
    endloop
  endfacet
  facet normal  6.980543e-001  4.464338e-001 -5.598365e-001
    outer loop
      vertex  3.459808e+001  6.260330e+001 -2.990406e+003
      vertex  3.350000e+001  6.554950e+001 -2.989426e+003
      vertex  3.459808e+001  6.469099e+001 -2.988741e+003
    endloop
  endfacet
  facet normal  9.611598e-001  1.720737e-001 -2.157837e-001
    outer loop
      vertex  3.459808e+001  6.260330e+001 -2.990406e+003
      vertex  3.459808e+001  6.469099e+001 -2.988741e+003
      vertex  3.500000e+001  6.225000e+001 -2.988897e+003
    endloop
  endfacet
  facet normal  1.000000e+000  0.000000e+000  0.000000e+000
    outer loop
      vertex  3.500000e+001  6.450000e+001 -2.985000e+003
      vertex  3.500000e+001  6.389711e+001 -2.982750e+003
      vertex  3.500000e+001  6.389711e+001 -2.987250e+003
    endloop
  endfacet
  facet normal  1.000000e+000  0.000000e+000  -0.000000e+000
    outer loop
      vertex  3.500000e+001  5.550000e+001 -2.985000e+003
      vertex  3.500000e+001  5.610289e+001 -2.987250e+003
      vertex  3.500000e+001  5.610289e+001 -2.982750e+003
    endloop
  endfacet
  facet normal  9.999999e-001  0.000000e+000  0.000000e+000
    outer loop
      vertex  3.500000e+001  5.610289e+001 -2.982750e+003
      vertex  3.500000e+001  5.610289e+001 -2.987250e+003
      vertex  3.500000e+001  5.775000e+001 -2.988897e+003
    endloop
  endfacet
  facet normal  1.000000e+000  0.000000e+000  -0.000000e+000
    outer loop
      vertex  3.500000e+001  5.610289e+001 -2.982750e+003
      vertex  3.500000e+001  5.775000e+001 -2.988897e+003
      vertex  3.500000e+001  5.775000e+001 -2.981103e+003
    endloop
  endfacet
  facet normal  1.000000e+000  0.000000e+000  0.000000e+000
    outer loop
      vertex  3.500000e+001  5.775000e+001 -2.981103e+003
      vertex  3.500000e+001  5.775000e+001 -2.988897e+003
      vertex  3.500000e+001  6.000000e+001 -2.989500e+003
    endloop
  endfacet
  facet normal  1.000000e+000  0.000000e+000  -0.000000e+000
    outer loop
      vertex  3.500000e+001  5.775000e+001 -2.981103e+003
      vertex  3.500000e+001  6.000000e+001 -2.989500e+003
      vertex  3.500000e+001  6.000000e+001 -2.980500e+003
    endloop
  endfacet
  facet normal  1.000000e+000  0.000000e+000  0.000000e+000
    outer loop
      vertex  3.500000e+001  6.000000e+001 -2.980500e+003
      vertex  3.500000e+001  6.000000e+001 -2.989500e+003
      vertex  3.500000e+001  6.225000e+001 -2.988897e+003
    endloop
  endfacet
  facet normal  1.000000e+000  0.000000e+000  -0.000000e+000
    outer loop
      vertex  3.500000e+001  6.000000e+001 -2.980500e+003
      vertex  3.500000e+001  6.225000e+001 -2.988897e+003
      vertex  3.500000e+001  6.225000e+001 -2.981103e+003
    endloop
  endfacet
  facet normal  1.000000e+000  0.000000e+000  0.000000e+000
    outer loop
      vertex  3.500000e+001  6.225000e+001 -2.981103e+003
      vertex  3.500000e+001  6.225000e+001 -2.988897e+003
      vertex  3.500000e+001  6.389711e+001 -2.987250e+003
    endloop
  endfacet
  facet normal  9.999999e-001  0.000000e+000  -0.000000e+000
    outer loop
      vertex  3.500000e+001  6.225000e+001 -2.981103e+003
      vertex  3.500000e+001  6.389711e+001 -2.987250e+003
      vertex  3.500000e+001  6.389711e+001 -2.982750e+003
    endloop
  endfacet
  facet normal  0.000000e+000  1.000000e+000  0.000000e+000
    outer loop
      vertex  6.389711e+001  3.500000e+001 -2.987250e+003
      vertex  6.389711e+001  3.500000e+001 -2.982750e+003
      vertex  6.450000e+001  3.500000e+001 -2.985000e+003
    endloop
  endfacet
  facet normal  0.000000e+000  9.999999e-001  -0.000000e+000
    outer loop
      vertex  6.389711e+001  3.500000e+001 -2.982750e+003
      vertex  6.389711e+001  3.500000e+001 -2.987250e+003
      vertex  6.225000e+001  3.500000e+001 -2.981103e+003
    endloop
  endfacet
  facet normal  0.000000e+000  1.000000e+000  0.000000e+000
    outer loop
      vertex  6.225000e+001  3.500000e+001 -2.981103e+003
      vertex  6.389711e+001  3.500000e+001 -2.987250e+003
      vertex  6.225000e+001  3.500000e+001 -2.988897e+003
    endloop
  endfacet
  facet normal  0.000000e+000  1.000000e+000  -0.000000e+000
    outer loop
      vertex  6.225000e+001  3.500000e+001 -2.981103e+003
      vertex  6.225000e+001  3.500000e+001 -2.988897e+003
      vertex  6.000000e+001  3.500000e+001 -2.980500e+003
    endloop
  endfacet
  facet normal  0.000000e+000  1.000000e+000  0.000000e+000
    outer loop
      vertex  6.000000e+001  3.500000e+001 -2.980500e+003
      vertex  6.225000e+001  3.500000e+001 -2.988897e+003
      vertex  6.000000e+001  3.500000e+001 -2.989500e+003
    endloop
  endfacet
  facet normal  0.000000e+000  1.000000e+000  -0.000000e+000
    outer loop
      vertex  6.000000e+001  3.500000e+001 -2.980500e+003
      vertex  6.000000e+001  3.500000e+001 -2.989500e+003
      vertex  5.775000e+001  3.500000e+001 -2.981103e+003
    endloop
  endfacet
  facet normal  0.000000e+000  1.000000e+000  0.000000e+000
    outer loop
      vertex  5.775000e+001  3.500000e+001 -2.981103e+003
      vertex  6.000000e+001  3.500000e+001 -2.989500e+003
      vertex  5.775000e+001  3.500000e+001 -2.988897e+003
    endloop
  endfacet
  facet normal  0.000000e+000  1.000000e+000  -0.000000e+000
    outer loop
      vertex  5.775000e+001  3.500000e+001 -2.981103e+003
      vertex  5.775000e+001  3.500000e+001 -2.988897e+003
      vertex  5.610289e+001  3.500000e+001 -2.982750e+003
    endloop
  endfacet
  facet normal  0.000000e+000  9.999999e-001  0.000000e+000
    outer loop
      vertex  5.610289e+001  3.500000e+001 -2.982750e+003
      vertex  5.775000e+001  3.500000e+001 -2.988897e+003
      vertex  5.610289e+001  3.500000e+001 -2.987250e+003
    endloop
  endfacet
  facet normal  0.000000e+000  1.000000e+000  -0.000000e+000
    outer loop
      vertex  5.610289e+001  3.500000e+001 -2.982750e+003
      vertex  5.610289e+001  3.500000e+001 -2.987250e+003
      vertex  5.550000e+001  3.500000e+001 -2.985000e+003
    endloop
  endfacet
  facet normal -6.501001e-002  9.679303e-001  2.426619e-001
    outer loop
      vertex  6.000000e+001  3.500000e+001 -2.980500e+003
      vertex  5.775000e+001  3.500000e+001 -2.981103e+003
      vertex  5.739670e+001  3.459808e+001 -2.979594e+003
    endloop
  endfacet
  facet normal -6.501001e-002  9.679303e-001 -2.426619e-001
    outer loop
      vertex  6.000000e+001  3.500000e+001 -2.989500e+003
      vertex  5.739670e+001  3.459808e+001 -2.990406e+003
      vertex  5.775000e+001  3.500000e+001 -2.988897e+003
    endloop
  endfacet
  facet normal -1.707127e-001  9.704216e-001 -1.707020e-001
    outer loop
      vertex  5.530901e+001  3.459808e+001 -2.988741e+003
      vertex  5.610289e+001  3.500000e+001 -2.987250e+003
      vertex  5.775000e+001  3.500000e+001 -2.988897e+003
    endloop
  endfacet
  facet normal -2.287157e-001  9.715624e-001 -6.128425e-002
    outer loop
      vertex  5.415043e+001  3.459808e+001 -2.986335e+003
      vertex  5.550000e+001  3.500000e+001 -2.985000e+003
      vertex  5.610289e+001  3.500000e+001 -2.987250e+003
    endloop
  endfacet
  facet normal -2.287157e-001  9.715624e-001  6.128425e-002
    outer loop
      vertex  5.415043e+001  3.459808e+001 -2.983665e+003
      vertex  5.610289e+001  3.500000e+001 -2.982750e+003
      vertex  5.550000e+001  3.500000e+001 -2.985000e+003
    endloop
  endfacet
  facet normal -1.707127e-001  9.704216e-001  1.707020e-001
    outer loop
      vertex  5.530901e+001  3.459808e+001 -2.981259e+003
      vertex  5.775000e+001  3.500000e+001 -2.981103e+003
      vertex  5.610289e+001  3.500000e+001 -2.982750e+003
    endloop
  endfacet
  facet normal -2.152823e-001  2.527131e-001  9.432866e-001
    outer loop
      vertex  5.674587e+001  3.200000e+001 -2.978243e+003
      vertex  6.000000e+001  3.200000e+001 -2.977500e+003
      vertex  5.692026e+001  3.350000e+001 -2.978605e+003
    endloop
  endfacet
  facet normal -2.152840e-001  2.527100e-001  9.432870e-001
    outer loop
      vertex  5.692026e+001  3.350000e+001 -2.978605e+003
      vertex  6.000000e+001  3.200000e+001 -2.977500e+003
      vertex  6.000000e+001  3.350000e+001 -2.977902e+003
    endloop
  endfacet
  facet normal -1.593084e-001  6.981277e-001  6.980247e-001
    outer loop
      vertex  5.692026e+001  3.350000e+001 -2.978605e+003
      vertex  6.000000e+001  3.350000e+001 -2.977902e+003
      vertex  5.739670e+001  3.459808e+001 -2.979594e+003
    endloop
  endfacet
  facet normal -1.593394e-001  6.980945e-001  6.980509e-001
    outer loop
      vertex  5.739670e+001  3.459808e+001 -2.979594e+003
      vertex  6.000000e+001  3.350000e+001 -2.977902e+003
      vertex  6.000000e+001  3.459808e+001 -2.979000e+003
    endloop
  endfacet
  facet normal -5.897610e-002  9.642445e-001  2.583687e-001
    outer loop
      vertex  5.739670e+001  3.459808e+001 -2.979594e+003
      vertex  6.000000e+001  3.459808e+001 -2.979000e+003
      vertex  6.000000e+001  3.500000e+001 -2.980500e+003
    endloop
  endfacet
  facet normal -2.152825e-001  2.527101e-001 -9.432874e-001
    outer loop
      vertex  6.000000e+001  3.200000e+001 -2.992500e+003
      vertex  5.674587e+001  3.200000e+001 -2.991757e+003
      vertex  6.000000e+001  3.350000e+001 -2.992098e+003
    endloop
  endfacet
  facet normal -2.152838e-001  2.527132e-001 -9.432862e-001
    outer loop
      vertex  6.000000e+001  3.350000e+001 -2.992098e+003
      vertex  5.674587e+001  3.200000e+001 -2.991757e+003
      vertex  5.692026e+001  3.350000e+001 -2.991395e+003
    endloop
  endfacet
  facet normal -1.593150e-001  6.980973e-001 -6.980537e-001
    outer loop
      vertex  6.000000e+001  3.350000e+001 -2.992098e+003
      vertex  5.692026e+001  3.350000e+001 -2.991395e+003
      vertex  6.000000e+001  3.459808e+001 -2.991000e+003
    endloop
  endfacet
  facet normal -1.593316e-001  6.981305e-001 -6.980166e-001
    outer loop
      vertex  6.000000e+001  3.459808e+001 -2.991000e+003
      vertex  5.692026e+001  3.350000e+001 -2.991395e+003
      vertex  5.739670e+001  3.459808e+001 -2.990406e+003
    endloop
  endfacet
  facet normal -5.897610e-002  9.642445e-001 -2.583687e-001
    outer loop
      vertex  6.000000e+001  3.459808e+001 -2.991000e+003
      vertex  5.739670e+001  3.459808e+001 -2.990406e+003
      vertex  6.000000e+001  3.500000e+001 -2.989500e+003
    endloop
  endfacet
  facet normal -6.032439e-001  2.527217e-001 -7.564578e-001
    outer loop
      vertex  5.674587e+001  3.200000e+001 -2.991757e+003
      vertex  5.413626e+001  3.200000e+001 -2.989676e+003
      vertex  5.692026e+001  3.350000e+001 -2.991395e+003
    endloop
  endfacet
  facet normal -6.032649e-001  2.528158e-001 -7.564096e-001
    outer loop
      vertex  5.692026e+001  3.350000e+001 -2.991395e+003
      vertex  5.413626e+001  3.200000e+001 -2.989676e+003
      vertex  5.445050e+001  3.350000e+001 -2.989426e+003
    endloop
  endfacet
  facet normal -4.464318e-001  6.981147e-001 -5.597629e-001
    outer loop
      vertex  5.692026e+001  3.350000e+001 -2.991395e+003
      vertex  5.445050e+001  3.350000e+001 -2.989426e+003
      vertex  5.739670e+001  3.459808e+001 -2.990406e+003
    endloop
  endfacet
  facet normal -4.464338e-001  6.980535e-001 -5.598376e-001
    outer loop
      vertex  5.739670e+001  3.459808e+001 -2.990406e+003
      vertex  5.445050e+001  3.350000e+001 -2.989426e+003
      vertex  5.530901e+001  3.459808e+001 -2.988741e+003
    endloop
  endfacet
  facet normal -1.720734e-001  9.611598e-001 -2.157837e-001
    outer loop
      vertex  5.739670e+001  3.459808e+001 -2.990406e+003
      vertex  5.530901e+001  3.459808e+001 -2.988741e+003
      vertex  5.775000e+001  3.500000e+001 -2.988897e+003
    endloop
  endfacet
  facet normal -8.717110e-001  2.527844e-001 -4.197858e-001
    outer loop
      vertex  5.413626e+001  3.200000e+001 -2.989676e+003
      vertex  5.268804e+001  3.200000e+001 -2.986669e+003
      vertex  5.445050e+001  3.350000e+001 -2.989426e+003
    endloop
  endfacet
  facet normal -8.717121e-001  2.527265e-001 -4.198180e-001
    outer loop
      vertex  5.445050e+001  3.350000e+001 -2.989426e+003
      vertex  5.268804e+001  3.200000e+001 -2.986669e+003
      vertex  5.307989e+001  3.350000e+001 -2.986580e+003
    endloop
  endfacet
  facet normal -6.451178e-001  6.980651e-001 -3.106898e-001
    outer loop
      vertex  5.445050e+001  3.350000e+001 -2.989426e+003
      vertex  5.307989e+001  3.350000e+001 -2.986580e+003
      vertex  5.530901e+001  3.459808e+001 -2.988741e+003
    endloop
  endfacet
  facet normal -6.451101e-001  6.980789e-001 -3.106748e-001
    outer loop
      vertex  5.530901e+001  3.459808e+001 -2.988741e+003
      vertex  5.307989e+001  3.350000e+001 -2.986580e+003
      vertex  5.415043e+001  3.459808e+001 -2.986335e+003
    endloop
  endfacet
  facet normal -2.549724e-001  9.591202e-001 -1.227907e-001
    outer loop
      vertex  5.530901e+001  3.459808e+001 -2.988741e+003
      vertex  5.415043e+001  3.459808e+001 -2.986335e+003
      vertex  5.610289e+001  3.500000e+001 -2.987250e+003
    endloop
  endfacet
  facet normal -9.675320e-001  2.527488e-001  0.000000e+000
    outer loop
      vertex  5.268804e+001  3.200000e+001 -2.986669e+003
      vertex  5.268804e+001  3.200000e+001 -2.983331e+003
      vertex  5.307989e+001  3.350000e+001 -2.986580e+003
    endloop
  endfacet
  facet normal -9.675319e-001  2.527488e-001  0.000000e+000
    outer loop
      vertex  5.307989e+001  3.350000e+001 -2.986580e+003
      vertex  5.268804e+001  3.200000e+001 -2.983331e+003
      vertex  5.307989e+001  3.350000e+001 -2.983420e+003
    endloop
  endfacet
  facet normal -7.160258e-001  6.980738e-001  0.000000e+000
    outer loop
      vertex  5.307989e+001  3.350000e+001 -2.986580e+003
      vertex  5.307989e+001  3.350000e+001 -2.983420e+003
      vertex  5.415043e+001  3.459808e+001 -2.986335e+003
    endloop
  endfacet
  facet normal -7.160258e-001  6.980737e-001  0.000000e+000
    outer loop
      vertex  5.415043e+001  3.459808e+001 -2.986335e+003
      vertex  5.307989e+001  3.350000e+001 -2.983420e+003
      vertex  5.415043e+001  3.459808e+001 -2.983665e+003
    endloop
  endfacet
  facet normal -2.854279e-001  9.584002e-001  0.000000e+000
    outer loop
      vertex  5.415043e+001  3.459808e+001 -2.986335e+003
      vertex  5.415043e+001  3.459808e+001 -2.983665e+003
      vertex  5.550000e+001  3.500000e+001 -2.985000e+003
    endloop
  endfacet
  facet normal -8.717242e-001  2.527281e-001  4.197921e-001
    outer loop
      vertex  5.268804e+001  3.200000e+001 -2.983331e+003
      vertex  5.413626e+001  3.200000e+001 -2.980324e+003
      vertex  5.307989e+001  3.350000e+001 -2.983420e+003
    endloop
  endfacet
  facet normal -8.716981e-001  2.527860e-001  4.198113e-001
    outer loop
      vertex  5.307989e+001  3.350000e+001 -2.983420e+003
      vertex  5.413626e+001  3.200000e+001 -2.980324e+003
      vertex  5.445050e+001  3.350000e+001 -2.980574e+003
    endloop
  endfacet
  facet normal -6.451067e-001  6.980778e-001  3.106845e-001
    outer loop
      vertex  5.307989e+001  3.350000e+001 -2.983420e+003
      vertex  5.445050e+001  3.350000e+001 -2.980574e+003
      vertex  5.415043e+001  3.459808e+001 -2.983665e+003
    endloop
  endfacet
  facet normal -6.451232e-001  6.980640e-001  3.106812e-001
    outer loop
      vertex  5.415043e+001  3.459808e+001 -2.983665e+003
      vertex  5.445050e+001  3.350000e+001 -2.980574e+003
      vertex  5.530901e+001  3.459808e+001 -2.981259e+003
    endloop
  endfacet
  facet normal -2.549724e-001  9.591202e-001  1.227907e-001
    outer loop
      vertex  5.415043e+001  3.459808e+001 -2.983665e+003
      vertex  5.530901e+001  3.459808e+001 -2.981259e+003
      vertex  5.610289e+001  3.500000e+001 -2.982750e+003
    endloop
  endfacet
  facet normal -6.032291e-001  2.528133e-001  7.564391e-001
    outer loop
      vertex  5.413626e+001  3.200000e+001 -2.980324e+003
      vertex  5.674587e+001  3.200000e+001 -2.978243e+003
      vertex  5.445050e+001  3.350000e+001 -2.980574e+003
    endloop
  endfacet
  facet normal -6.032807e-001  2.527191e-001  7.564294e-001
    outer loop
      vertex  5.445050e+001  3.350000e+001 -2.980574e+003
      vertex  5.674587e+001  3.200000e+001 -2.978243e+003
      vertex  5.692026e+001  3.350000e+001 -2.978605e+003
    endloop
  endfacet
  facet normal -4.464659e-001  6.980587e-001  5.598056e-001
    outer loop
      vertex  5.445050e+001  3.350000e+001 -2.980574e+003
      vertex  5.692026e+001  3.350000e+001 -2.978605e+003
      vertex  5.530901e+001  3.459808e+001 -2.981259e+003
    endloop
  endfacet
  facet normal -4.463935e-001  6.981199e-001  5.597870e-001
    outer loop
      vertex  5.530901e+001  3.459808e+001 -2.981259e+003
      vertex  5.692026e+001  3.350000e+001 -2.978605e+003
      vertex  5.739670e+001  3.459808e+001 -2.979594e+003
    endloop
  endfacet
  facet normal -1.720734e-001  9.611598e-001  2.157837e-001
    outer loop
      vertex  5.530901e+001  3.459808e+001 -2.981259e+003
      vertex  5.739670e+001  3.459808e+001 -2.979594e+003
      vertex  5.775000e+001  3.500000e+001 -2.981103e+003
    endloop
  endfacet
  facet normal  6.501001e-002  9.679303e-001 -2.426619e-001
    outer loop
      vertex  6.000000e+001  3.500000e+001 -2.989500e+003
      vertex  6.225000e+001  3.500000e+001 -2.988897e+003
      vertex  6.260330e+001  3.459808e+001 -2.990406e+003
    endloop
  endfacet
  facet normal  6.501001e-002  9.679303e-001  2.426619e-001
    outer loop
      vertex  6.000000e+001  3.500000e+001 -2.980500e+003
      vertex  6.260330e+001  3.459808e+001 -2.979594e+003
      vertex  6.225000e+001  3.500000e+001 -2.981103e+003
    endloop
  endfacet
  facet normal  1.707130e-001  9.704214e-001  1.707023e-001
    outer loop
      vertex  6.469099e+001  3.459808e+001 -2.981259e+003
      vertex  6.389711e+001  3.500000e+001 -2.982750e+003
      vertex  6.225000e+001  3.500000e+001 -2.981103e+003
    endloop
  endfacet
  facet normal  2.287153e-001  9.715624e-001  6.128412e-002
    outer loop
      vertex  6.584957e+001  3.459808e+001 -2.983665e+003
      vertex  6.450000e+001  3.500000e+001 -2.985000e+003
      vertex  6.389711e+001  3.500000e+001 -2.982750e+003
    endloop
  endfacet
  facet normal  2.287153e-001  9.715624e-001 -6.128412e-002
    outer loop
      vertex  6.584957e+001  3.459808e+001 -2.986335e+003
      vertex  6.389711e+001  3.500000e+001 -2.987250e+003
      vertex  6.450000e+001  3.500000e+001 -2.985000e+003
    endloop
  endfacet
  facet normal  1.707130e-001  9.704214e-001 -1.707023e-001
    outer loop
      vertex  6.469099e+001  3.459808e+001 -2.988741e+003
      vertex  6.225000e+001  3.500000e+001 -2.988897e+003
      vertex  6.389711e+001  3.500000e+001 -2.987250e+003
    endloop
  endfacet
  facet normal  2.152823e-001  2.527131e-001 -9.432866e-001
    outer loop
      vertex  6.325413e+001  3.200000e+001 -2.991757e+003
      vertex  6.000000e+001  3.200000e+001 -2.992500e+003
      vertex  6.307974e+001  3.350000e+001 -2.991395e+003
    endloop
  endfacet
  facet normal  2.152840e-001  2.527100e-001 -9.432870e-001
    outer loop
      vertex  6.307974e+001  3.350000e+001 -2.991395e+003
      vertex  6.000000e+001  3.200000e+001 -2.992500e+003
      vertex  6.000000e+001  3.350000e+001 -2.992098e+003
    endloop
  endfacet
  facet normal  1.593084e-001  6.981277e-001 -6.980247e-001
    outer loop
      vertex  6.307974e+001  3.350000e+001 -2.991395e+003
      vertex  6.000000e+001  3.350000e+001 -2.992098e+003
      vertex  6.260330e+001  3.459808e+001 -2.990406e+003
    endloop
  endfacet
  facet normal  1.593394e-001  6.980945e-001 -6.980509e-001
    outer loop
      vertex  6.260330e+001  3.459808e+001 -2.990406e+003
      vertex  6.000000e+001  3.350000e+001 -2.992098e+003
      vertex  6.000000e+001  3.459808e+001 -2.991000e+003
    endloop
  endfacet
  facet normal  5.897610e-002  9.642445e-001 -2.583687e-001
    outer loop
      vertex  6.260330e+001  3.459808e+001 -2.990406e+003
      vertex  6.000000e+001  3.459808e+001 -2.991000e+003
      vertex  6.000000e+001  3.500000e+001 -2.989500e+003
    endloop
  endfacet
  facet normal  2.152825e-001  2.527101e-001  9.432874e-001
    outer loop
      vertex  6.000000e+001  3.200000e+001 -2.977500e+003
      vertex  6.325413e+001  3.200000e+001 -2.978243e+003
      vertex  6.000000e+001  3.350000e+001 -2.977902e+003
    endloop
  endfacet
  facet normal  2.152838e-001  2.527132e-001  9.432862e-001
    outer loop
      vertex  6.000000e+001  3.350000e+001 -2.977902e+003
      vertex  6.325413e+001  3.200000e+001 -2.978243e+003
      vertex  6.307974e+001  3.350000e+001 -2.978605e+003
    endloop
  endfacet
  facet normal  1.593150e-001  6.980973e-001  6.980537e-001
    outer loop
      vertex  6.000000e+001  3.350000e+001 -2.977902e+003
      vertex  6.307974e+001  3.350000e+001 -2.978605e+003
      vertex  6.000000e+001  3.459808e+001 -2.979000e+003
    endloop
  endfacet
  facet normal  1.593316e-001  6.981305e-001  6.980166e-001
    outer loop
      vertex  6.000000e+001  3.459808e+001 -2.979000e+003
      vertex  6.307974e+001  3.350000e+001 -2.978605e+003
      vertex  6.260330e+001  3.459808e+001 -2.979594e+003
    endloop
  endfacet
  facet normal  5.897610e-002  9.642445e-001  2.583687e-001
    outer loop
      vertex  6.000000e+001  3.459808e+001 -2.979000e+003
      vertex  6.260330e+001  3.459808e+001 -2.979594e+003
      vertex  6.000000e+001  3.500000e+001 -2.980500e+003
    endloop
  endfacet
  facet normal  6.032434e-001  2.527218e-001  7.564582e-001
    outer loop
      vertex  6.325413e+001  3.200000e+001 -2.978243e+003
      vertex  6.586374e+001  3.200000e+001 -2.980324e+003
      vertex  6.307974e+001  3.350000e+001 -2.978605e+003
    endloop
  endfacet
  facet normal  6.032647e-001  2.528173e-001  7.564093e-001
    outer loop
      vertex  6.307974e+001  3.350000e+001 -2.978605e+003
      vertex  6.586374e+001  3.200000e+001 -2.980324e+003
      vertex  6.554950e+001  3.350000e+001 -2.980574e+003
    endloop
  endfacet
  facet normal  4.464318e-001  6.981147e-001  5.597629e-001
    outer loop
      vertex  6.307974e+001  3.350000e+001 -2.978605e+003
      vertex  6.554950e+001  3.350000e+001 -2.980574e+003
      vertex  6.260330e+001  3.459808e+001 -2.979594e+003
    endloop
  endfacet
  facet normal  4.464338e-001  6.980543e-001  5.598365e-001
    outer loop
      vertex  6.260330e+001  3.459808e+001 -2.979594e+003
      vertex  6.554950e+001  3.350000e+001 -2.980574e+003
      vertex  6.469099e+001  3.459808e+001 -2.981259e+003
    endloop
  endfacet
  facet normal  1.720737e-001  9.611598e-001  2.157837e-001
    outer loop
      vertex  6.260330e+001  3.459808e+001 -2.979594e+003
      vertex  6.469099e+001  3.459808e+001 -2.981259e+003
      vertex  6.225000e+001  3.500000e+001 -2.981103e+003
    endloop
  endfacet
  facet normal  8.717109e-001  2.527864e-001  4.197846e-001
    outer loop
      vertex  6.586374e+001  3.200000e+001 -2.980324e+003
      vertex  6.731196e+001  3.200000e+001 -2.983331e+003
      vertex  6.554950e+001  3.350000e+001 -2.980574e+003
    endloop
  endfacet
  facet normal  8.717121e-001  2.527265e-001  4.198180e-001
    outer loop
      vertex  6.554950e+001  3.350000e+001 -2.980574e+003
      vertex  6.731196e+001  3.200000e+001 -2.983331e+003
      vertex  6.692011e+001  3.350000e+001 -2.983420e+003
    endloop
  endfacet
  facet normal  6.451167e-001  6.980663e-001  3.106893e-001
    outer loop
      vertex  6.554950e+001  3.350000e+001 -2.980574e+003
      vertex  6.692011e+001  3.350000e+001 -2.983420e+003
      vertex  6.469099e+001  3.459808e+001 -2.981259e+003
    endloop
  endfacet
  facet normal  6.451104e-001  6.980776e-001  3.106771e-001
    outer loop
      vertex  6.469099e+001  3.459808e+001 -2.981259e+003
      vertex  6.692011e+001  3.350000e+001 -2.983420e+003
      vertex  6.584957e+001  3.459808e+001 -2.983665e+003
    endloop
  endfacet
  facet normal  2.549722e-001  9.591201e-001  1.227914e-001
    outer loop
      vertex  6.469099e+001  3.459808e+001 -2.981259e+003
      vertex  6.584957e+001  3.459808e+001 -2.983665e+003
      vertex  6.389711e+001  3.500000e+001 -2.982750e+003
    endloop
  endfacet
  facet normal  9.675320e-001  2.527488e-001  -0.000000e+000
    outer loop
      vertex  6.731196e+001  3.200000e+001 -2.983331e+003
      vertex  6.731196e+001  3.200000e+001 -2.986669e+003
      vertex  6.692011e+001  3.350000e+001 -2.983420e+003
    endloop
  endfacet
  facet normal  9.675319e-001  2.527488e-001  0.000000e+000
    outer loop
      vertex  6.692011e+001  3.350000e+001 -2.983420e+003
      vertex  6.731196e+001  3.200000e+001 -2.986669e+003
      vertex  6.692011e+001  3.350000e+001 -2.986580e+003
    endloop
  endfacet
  facet normal  7.160271e-001  6.980726e-001  -0.000000e+000
    outer loop
      vertex  6.692011e+001  3.350000e+001 -2.983420e+003
      vertex  6.692011e+001  3.350000e+001 -2.986580e+003
      vertex  6.584957e+001  3.459808e+001 -2.983665e+003
    endloop
  endfacet
  facet normal  7.160271e-001  6.980726e-001  0.000000e+000
    outer loop
      vertex  6.584957e+001  3.459808e+001 -2.983665e+003
      vertex  6.692011e+001  3.350000e+001 -2.986580e+003
      vertex  6.584957e+001  3.459808e+001 -2.986335e+003
    endloop
  endfacet
  facet normal  2.854272e-001  9.584004e-001  -0.000000e+000
    outer loop
      vertex  6.584957e+001  3.459808e+001 -2.983665e+003
      vertex  6.584957e+001  3.459808e+001 -2.986335e+003
      vertex  6.450000e+001  3.500000e+001 -2.985000e+003
    endloop
  endfacet
  facet normal  8.717246e-001  2.527281e-001 -4.197913e-001
    outer loop
      vertex  6.731196e+001  3.200000e+001 -2.986669e+003
      vertex  6.586374e+001  3.200000e+001 -2.989676e+003
      vertex  6.692011e+001  3.350000e+001 -2.986580e+003
    endloop
  endfacet
  facet normal  8.716977e-001  2.527881e-001 -4.198111e-001
    outer loop
      vertex  6.692011e+001  3.350000e+001 -2.986580e+003
      vertex  6.586374e+001  3.200000e+001 -2.989676e+003
      vertex  6.554950e+001  3.350000e+001 -2.989426e+003
    endloop
  endfacet
  facet normal  6.451077e-001  6.980766e-001 -3.106850e-001
    outer loop
      vertex  6.692011e+001  3.350000e+001 -2.986580e+003
      vertex  6.554950e+001  3.350000e+001 -2.989426e+003
      vertex  6.584957e+001  3.459808e+001 -2.986335e+003
    endloop
  endfacet
  facet normal  6.451212e-001  6.980654e-001 -3.106823e-001
    outer loop
      vertex  6.584957e+001  3.459808e+001 -2.986335e+003
      vertex  6.554950e+001  3.350000e+001 -2.989426e+003
      vertex  6.469099e+001  3.459808e+001 -2.988741e+003
    endloop
  endfacet
  facet normal  2.549722e-001  9.591201e-001 -1.227914e-001
    outer loop
      vertex  6.584957e+001  3.459808e+001 -2.986335e+003
      vertex  6.469099e+001  3.459808e+001 -2.988741e+003
      vertex  6.389711e+001  3.500000e+001 -2.987250e+003
    endloop
  endfacet
  facet normal  6.032283e-001  2.528147e-001 -7.564393e-001
    outer loop
      vertex  6.586374e+001  3.200000e+001 -2.989676e+003
      vertex  6.325413e+001  3.200000e+001 -2.991757e+003
      vertex  6.554950e+001  3.350000e+001 -2.989426e+003
    endloop
  endfacet
  facet normal  6.032807e-001  2.527191e-001 -7.564294e-001
    outer loop
      vertex  6.554950e+001  3.350000e+001 -2.989426e+003
      vertex  6.325413e+001  3.200000e+001 -2.991757e+003
      vertex  6.307974e+001  3.350000e+001 -2.991395e+003
    endloop
  endfacet
  facet normal  4.464654e-001  6.980594e-001 -5.598050e-001
    outer loop
      vertex  6.554950e+001  3.350000e+001 -2.989426e+003
      vertex  6.307974e+001  3.350000e+001 -2.991395e+003
      vertex  6.469099e+001  3.459808e+001 -2.988741e+003
    endloop
  endfacet
  facet normal  4.463941e-001  6.981198e-001 -5.597867e-001
    outer loop
      vertex  6.469099e+001  3.459808e+001 -2.988741e+003
      vertex  6.307974e+001  3.350000e+001 -2.991395e+003
      vertex  6.260330e+001  3.459808e+001 -2.990406e+003
    endloop
  endfacet
  facet normal  1.720737e-001  9.611598e-001 -2.157837e-001
    outer loop
      vertex  6.469099e+001  3.459808e+001 -2.988741e+003
      vertex  6.260330e+001  3.459808e+001 -2.990406e+003
      vertex  6.225000e+001  3.500000e+001 -2.988897e+003
    endloop
  endfacet
  facet normal  0.000000e+000 -1.000000e+000  0.000000e+000
    outer loop
      vertex  6.450000e+001 -3.500000e+001 -2.985000e+003
      vertex  6.389711e+001 -3.500000e+001 -2.982750e+003
      vertex  6.389711e+001 -3.500000e+001 -2.987250e+003
    endloop
  endfacet
  facet normal  0.000000e+000 -1.000000e+000  0.000000e+000
    outer loop
      vertex  5.550000e+001 -3.500000e+001 -2.985000e+003
      vertex  5.610289e+001 -3.500000e+001 -2.987250e+003
      vertex  5.610289e+001 -3.500000e+001 -2.982750e+003
    endloop
  endfacet
  facet normal  0.000000e+000 -9.999999e-001  0.000000e+000
    outer loop
      vertex  5.610289e+001 -3.500000e+001 -2.982750e+003
      vertex  5.610289e+001 -3.500000e+001 -2.987250e+003
      vertex  5.775000e+001 -3.500000e+001 -2.988897e+003
    endloop
  endfacet
  facet normal  0.000000e+000 -1.000000e+000  0.000000e+000
    outer loop
      vertex  5.610289e+001 -3.500000e+001 -2.982750e+003
      vertex  5.775000e+001 -3.500000e+001 -2.988897e+003
      vertex  5.775000e+001 -3.500000e+001 -2.981103e+003
    endloop
  endfacet
  facet normal  0.000000e+000 -1.000000e+000  0.000000e+000
    outer loop
      vertex  5.775000e+001 -3.500000e+001 -2.981103e+003
      vertex  5.775000e+001 -3.500000e+001 -2.988897e+003
      vertex  6.000000e+001 -3.500000e+001 -2.989500e+003
    endloop
  endfacet
  facet normal  0.000000e+000 -1.000000e+000  0.000000e+000
    outer loop
      vertex  5.775000e+001 -3.500000e+001 -2.981103e+003
      vertex  6.000000e+001 -3.500000e+001 -2.989500e+003
      vertex  6.000000e+001 -3.500000e+001 -2.980500e+003
    endloop
  endfacet
  facet normal  0.000000e+000 -1.000000e+000  0.000000e+000
    outer loop
      vertex  6.000000e+001 -3.500000e+001 -2.980500e+003
      vertex  6.000000e+001 -3.500000e+001 -2.989500e+003
      vertex  6.225000e+001 -3.500000e+001 -2.988897e+003
    endloop
  endfacet
  facet normal  0.000000e+000 -1.000000e+000  0.000000e+000
    outer loop
      vertex  6.000000e+001 -3.500000e+001 -2.980500e+003
      vertex  6.225000e+001 -3.500000e+001 -2.988897e+003
      vertex  6.225000e+001 -3.500000e+001 -2.981103e+003
    endloop
  endfacet
  facet normal  0.000000e+000 -1.000000e+000  0.000000e+000
    outer loop
      vertex  6.225000e+001 -3.500000e+001 -2.981103e+003
      vertex  6.225000e+001 -3.500000e+001 -2.988897e+003
      vertex  6.389711e+001 -3.500000e+001 -2.987250e+003
    endloop
  endfacet
  facet normal  0.000000e+000 -9.999999e-001  0.000000e+000
    outer loop
      vertex  6.225000e+001 -3.500000e+001 -2.981103e+003
      vertex  6.389711e+001 -3.500000e+001 -2.987250e+003
      vertex  6.389711e+001 -3.500000e+001 -2.982750e+003
    endloop
  endfacet
  facet normal -6.501001e-002 -9.679303e-001 -2.426619e-001
    outer loop
      vertex  6.000000e+001 -3.500000e+001 -2.989500e+003
      vertex  5.775000e+001 -3.500000e+001 -2.988897e+003
      vertex  5.739670e+001 -3.459808e+001 -2.990406e+003
    endloop
  endfacet
  facet normal -6.501001e-002 -9.679303e-001  2.426619e-001
    outer loop
      vertex  6.000000e+001 -3.500000e+001 -2.980500e+003
      vertex  5.739670e+001 -3.459808e+001 -2.979594e+003
      vertex  5.775000e+001 -3.500000e+001 -2.981103e+003
    endloop
  endfacet
  facet normal -1.707127e-001 -9.704216e-001 -1.707020e-001
    outer loop
      vertex  5.610289e+001 -3.500000e+001 -2.987250e+003
      vertex  5.530901e+001 -3.459808e+001 -2.988741e+003
      vertex  5.775000e+001 -3.500000e+001 -2.988897e+003
    endloop
  endfacet
  facet normal -2.287157e-001 -9.715624e-001 -6.128425e-002
    outer loop
      vertex  5.550000e+001 -3.500000e+001 -2.985000e+003
      vertex  5.415043e+001 -3.459808e+001 -2.986335e+003
      vertex  5.610289e+001 -3.500000e+001 -2.987250e+003
    endloop
  endfacet
  facet normal -2.287157e-001 -9.715624e-001  6.128425e-002
    outer loop
      vertex  5.610289e+001 -3.500000e+001 -2.982750e+003
      vertex  5.415043e+001 -3.459808e+001 -2.983665e+003
      vertex  5.550000e+001 -3.500000e+001 -2.985000e+003
    endloop
  endfacet
  facet normal -1.707127e-001 -9.704216e-001  1.707020e-001
    outer loop
      vertex  5.775000e+001 -3.500000e+001 -2.981103e+003
      vertex  5.530901e+001 -3.459808e+001 -2.981259e+003
      vertex  5.610289e+001 -3.500000e+001 -2.982750e+003
    endloop
  endfacet
  facet normal -2.152825e-001 -2.527101e-001  9.432874e-001
    outer loop
      vertex  6.000000e+001 -3.200000e+001 -2.977500e+003
      vertex  5.674587e+001 -3.200000e+001 -2.978243e+003
      vertex  6.000000e+001 -3.350000e+001 -2.977902e+003
    endloop
  endfacet
  facet normal -2.152838e-001 -2.527132e-001  9.432862e-001
    outer loop
      vertex  6.000000e+001 -3.350000e+001 -2.977902e+003
      vertex  5.674587e+001 -3.200000e+001 -2.978243e+003
      vertex  5.692026e+001 -3.350000e+001 -2.978605e+003
    endloop
  endfacet
  facet normal -1.593150e-001 -6.980973e-001  6.980537e-001
    outer loop
      vertex  6.000000e+001 -3.350000e+001 -2.977902e+003
      vertex  5.692026e+001 -3.350000e+001 -2.978605e+003
      vertex  6.000000e+001 -3.459808e+001 -2.979000e+003
    endloop
  endfacet
  facet normal -1.593316e-001 -6.981305e-001  6.980166e-001
    outer loop
      vertex  6.000000e+001 -3.459808e+001 -2.979000e+003
      vertex  5.692026e+001 -3.350000e+001 -2.978605e+003
      vertex  5.739670e+001 -3.459808e+001 -2.979594e+003
    endloop
  endfacet
  facet normal -5.897610e-002 -9.642445e-001  2.583687e-001
    outer loop
      vertex  6.000000e+001 -3.459808e+001 -2.979000e+003
      vertex  5.739670e+001 -3.459808e+001 -2.979594e+003
      vertex  6.000000e+001 -3.500000e+001 -2.980500e+003
    endloop
  endfacet
  facet normal -2.152823e-001 -2.527131e-001 -9.432866e-001
    outer loop
      vertex  5.674587e+001 -3.200000e+001 -2.991757e+003
      vertex  6.000000e+001 -3.200000e+001 -2.992500e+003
      vertex  5.692026e+001 -3.350000e+001 -2.991395e+003
    endloop
  endfacet
  facet normal -2.152840e-001 -2.527100e-001 -9.432870e-001
    outer loop
      vertex  5.692026e+001 -3.350000e+001 -2.991395e+003
      vertex  6.000000e+001 -3.200000e+001 -2.992500e+003
      vertex  6.000000e+001 -3.350000e+001 -2.992098e+003
    endloop
  endfacet
  facet normal -1.593084e-001 -6.981277e-001 -6.980247e-001
    outer loop
      vertex  5.692026e+001 -3.350000e+001 -2.991395e+003
      vertex  6.000000e+001 -3.350000e+001 -2.992098e+003
      vertex  5.739670e+001 -3.459808e+001 -2.990406e+003
    endloop
  endfacet
  facet normal -1.593394e-001 -6.980945e-001 -6.980509e-001
    outer loop
      vertex  5.739670e+001 -3.459808e+001 -2.990406e+003
      vertex  6.000000e+001 -3.350000e+001 -2.992098e+003
      vertex  6.000000e+001 -3.459808e+001 -2.991000e+003
    endloop
  endfacet
  facet normal -5.897610e-002 -9.642445e-001 -2.583687e-001
    outer loop
      vertex  5.739670e+001 -3.459808e+001 -2.990406e+003
      vertex  6.000000e+001 -3.459808e+001 -2.991000e+003
      vertex  6.000000e+001 -3.500000e+001 -2.989500e+003
    endloop
  endfacet
  facet normal -6.032291e-001 -2.528133e-001 -7.564391e-001
    outer loop
      vertex  5.413626e+001 -3.200000e+001 -2.989676e+003
      vertex  5.674587e+001 -3.200000e+001 -2.991757e+003
      vertex  5.445050e+001 -3.350000e+001 -2.989426e+003
    endloop
  endfacet
  facet normal -6.032807e-001 -2.527191e-001 -7.564294e-001
    outer loop
      vertex  5.445050e+001 -3.350000e+001 -2.989426e+003
      vertex  5.674587e+001 -3.200000e+001 -2.991757e+003
      vertex  5.692026e+001 -3.350000e+001 -2.991395e+003
    endloop
  endfacet
  facet normal -4.464659e-001 -6.980587e-001 -5.598056e-001
    outer loop
      vertex  5.445050e+001 -3.350000e+001 -2.989426e+003
      vertex  5.692026e+001 -3.350000e+001 -2.991395e+003
      vertex  5.530901e+001 -3.459808e+001 -2.988741e+003
    endloop
  endfacet
  facet normal -4.463935e-001 -6.981199e-001 -5.597870e-001
    outer loop
      vertex  5.530901e+001 -3.459808e+001 -2.988741e+003
      vertex  5.692026e+001 -3.350000e+001 -2.991395e+003
      vertex  5.739670e+001 -3.459808e+001 -2.990406e+003
    endloop
  endfacet
  facet normal -1.720734e-001 -9.611598e-001 -2.157837e-001
    outer loop
      vertex  5.530901e+001 -3.459808e+001 -2.988741e+003
      vertex  5.739670e+001 -3.459808e+001 -2.990406e+003
      vertex  5.775000e+001 -3.500000e+001 -2.988897e+003
    endloop
  endfacet
  facet normal -8.717242e-001 -2.527281e-001 -4.197921e-001
    outer loop
      vertex  5.268804e+001 -3.200000e+001 -2.986669e+003
      vertex  5.413626e+001 -3.200000e+001 -2.989676e+003
      vertex  5.307989e+001 -3.350000e+001 -2.986580e+003
    endloop
  endfacet
  facet normal -8.716981e-001 -2.527860e-001 -4.198113e-001
    outer loop
      vertex  5.307989e+001 -3.350000e+001 -2.986580e+003
      vertex  5.413626e+001 -3.200000e+001 -2.989676e+003
      vertex  5.445050e+001 -3.350000e+001 -2.989426e+003
    endloop
  endfacet
  facet normal -6.451067e-001 -6.980778e-001 -3.106845e-001
    outer loop
      vertex  5.307989e+001 -3.350000e+001 -2.986580e+003
      vertex  5.445050e+001 -3.350000e+001 -2.989426e+003
      vertex  5.415043e+001 -3.459808e+001 -2.986335e+003
    endloop
  endfacet
  facet normal -6.451232e-001 -6.980640e-001 -3.106812e-001
    outer loop
      vertex  5.415043e+001 -3.459808e+001 -2.986335e+003
      vertex  5.445050e+001 -3.350000e+001 -2.989426e+003
      vertex  5.530901e+001 -3.459808e+001 -2.988741e+003
    endloop
  endfacet
  facet normal -2.549724e-001 -9.591202e-001 -1.227907e-001
    outer loop
      vertex  5.415043e+001 -3.459808e+001 -2.986335e+003
      vertex  5.530901e+001 -3.459808e+001 -2.988741e+003
      vertex  5.610289e+001 -3.500000e+001 -2.987250e+003
    endloop
  endfacet
  facet normal -9.675320e-001 -2.527488e-001  0.000000e+000
    outer loop
      vertex  5.268804e+001 -3.200000e+001 -2.983331e+003
      vertex  5.268804e+001 -3.200000e+001 -2.986669e+003
      vertex  5.307989e+001 -3.350000e+001 -2.983420e+003
    endloop
  endfacet
  facet normal -9.675319e-001 -2.527488e-001  -0.000000e+000
    outer loop
      vertex  5.307989e+001 -3.350000e+001 -2.983420e+003
      vertex  5.268804e+001 -3.200000e+001 -2.986669e+003
      vertex  5.307989e+001 -3.350000e+001 -2.986580e+003
    endloop
  endfacet
  facet normal -7.160258e-001 -6.980738e-001  0.000000e+000
    outer loop
      vertex  5.307989e+001 -3.350000e+001 -2.983420e+003
      vertex  5.307989e+001 -3.350000e+001 -2.986580e+003
      vertex  5.415043e+001 -3.459808e+001 -2.983665e+003
    endloop
  endfacet
  facet normal -7.160258e-001 -6.980737e-001  -0.000000e+000
    outer loop
      vertex  5.415043e+001 -3.459808e+001 -2.983665e+003
      vertex  5.307989e+001 -3.350000e+001 -2.986580e+003
      vertex  5.415043e+001 -3.459808e+001 -2.986335e+003
    endloop
  endfacet
  facet normal -2.854279e-001 -9.584002e-001  0.000000e+000
    outer loop
      vertex  5.415043e+001 -3.459808e+001 -2.983665e+003
      vertex  5.415043e+001 -3.459808e+001 -2.986335e+003
      vertex  5.550000e+001 -3.500000e+001 -2.985000e+003
    endloop
  endfacet
  facet normal -8.717110e-001 -2.527844e-001  4.197858e-001
    outer loop
      vertex  5.413626e+001 -3.200000e+001 -2.980324e+003
      vertex  5.268804e+001 -3.200000e+001 -2.983331e+003
      vertex  5.445050e+001 -3.350000e+001 -2.980574e+003
    endloop
  endfacet
  facet normal -8.717121e-001 -2.527265e-001  4.198180e-001
    outer loop
      vertex  5.445050e+001 -3.350000e+001 -2.980574e+003
      vertex  5.268804e+001 -3.200000e+001 -2.983331e+003
      vertex  5.307989e+001 -3.350000e+001 -2.983420e+003
    endloop
  endfacet
  facet normal -6.451178e-001 -6.980651e-001  3.106898e-001
    outer loop
      vertex  5.445050e+001 -3.350000e+001 -2.980574e+003
      vertex  5.307989e+001 -3.350000e+001 -2.983420e+003
      vertex  5.530901e+001 -3.459808e+001 -2.981259e+003
    endloop
  endfacet
  facet normal -6.451101e-001 -6.980789e-001  3.106748e-001
    outer loop
      vertex  5.530901e+001 -3.459808e+001 -2.981259e+003
      vertex  5.307989e+001 -3.350000e+001 -2.983420e+003
      vertex  5.415043e+001 -3.459808e+001 -2.983665e+003
    endloop
  endfacet
  facet normal -2.549724e-001 -9.591202e-001  1.227907e-001
    outer loop
      vertex  5.530901e+001 -3.459808e+001 -2.981259e+003
      vertex  5.415043e+001 -3.459808e+001 -2.983665e+003
      vertex  5.610289e+001 -3.500000e+001 -2.982750e+003
    endloop
  endfacet
  facet normal -6.032439e-001 -2.527217e-001  7.564578e-001
    outer loop
      vertex  5.674587e+001 -3.200000e+001 -2.978243e+003
      vertex  5.413626e+001 -3.200000e+001 -2.980324e+003
      vertex  5.692026e+001 -3.350000e+001 -2.978605e+003
    endloop
  endfacet
  facet normal -6.032649e-001 -2.528158e-001  7.564096e-001
    outer loop
      vertex  5.692026e+001 -3.350000e+001 -2.978605e+003
      vertex  5.413626e+001 -3.200000e+001 -2.980324e+003
      vertex  5.445050e+001 -3.350000e+001 -2.980574e+003
    endloop
  endfacet
  facet normal -4.464318e-001 -6.981147e-001  5.597629e-001
    outer loop
      vertex  5.692026e+001 -3.350000e+001 -2.978605e+003
      vertex  5.445050e+001 -3.350000e+001 -2.980574e+003
      vertex  5.739670e+001 -3.459808e+001 -2.979594e+003
    endloop
  endfacet
  facet normal -4.464338e-001 -6.980535e-001  5.598376e-001
    outer loop
      vertex  5.739670e+001 -3.459808e+001 -2.979594e+003
      vertex  5.445050e+001 -3.350000e+001 -2.980574e+003
      vertex  5.530901e+001 -3.459808e+001 -2.981259e+003
    endloop
  endfacet
  facet normal -1.720734e-001 -9.611598e-001  2.157837e-001
    outer loop
      vertex  5.739670e+001 -3.459808e+001 -2.979594e+003
      vertex  5.530901e+001 -3.459808e+001 -2.981259e+003
      vertex  5.775000e+001 -3.500000e+001 -2.981103e+003
    endloop
  endfacet
  facet normal  6.501001e-002 -9.679303e-001  2.426619e-001
    outer loop
      vertex  6.000000e+001 -3.500000e+001 -2.980500e+003
      vertex  6.225000e+001 -3.500000e+001 -2.981103e+003
      vertex  6.260330e+001 -3.459808e+001 -2.979594e+003
    endloop
  endfacet
  facet normal  6.501001e-002 -9.679303e-001 -2.426619e-001
    outer loop
      vertex  6.000000e+001 -3.500000e+001 -2.989500e+003
      vertex  6.260330e+001 -3.459808e+001 -2.990406e+003
      vertex  6.225000e+001 -3.500000e+001 -2.988897e+003
    endloop
  endfacet
  facet normal  1.707130e-001 -9.704214e-001  1.707023e-001
    outer loop
      vertex  6.389711e+001 -3.500000e+001 -2.982750e+003
      vertex  6.469099e+001 -3.459808e+001 -2.981259e+003
      vertex  6.225000e+001 -3.500000e+001 -2.981103e+003
    endloop
  endfacet
  facet normal  2.287153e-001 -9.715624e-001  6.128412e-002
    outer loop
      vertex  6.450000e+001 -3.500000e+001 -2.985000e+003
      vertex  6.584957e+001 -3.459808e+001 -2.983665e+003
      vertex  6.389711e+001 -3.500000e+001 -2.982750e+003
    endloop
  endfacet
  facet normal  2.287153e-001 -9.715624e-001 -6.128412e-002
    outer loop
      vertex  6.389711e+001 -3.500000e+001 -2.987250e+003
      vertex  6.584957e+001 -3.459808e+001 -2.986335e+003
      vertex  6.450000e+001 -3.500000e+001 -2.985000e+003
    endloop
  endfacet
  facet normal  1.707130e-001 -9.704214e-001 -1.707023e-001
    outer loop
      vertex  6.225000e+001 -3.500000e+001 -2.988897e+003
      vertex  6.469099e+001 -3.459808e+001 -2.988741e+003
      vertex  6.389711e+001 -3.500000e+001 -2.987250e+003
    endloop
  endfacet
  facet normal  2.152825e-001 -2.527101e-001 -9.432874e-001
    outer loop
      vertex  6.000000e+001 -3.200000e+001 -2.992500e+003
      vertex  6.325413e+001 -3.200000e+001 -2.991757e+003
      vertex  6.000000e+001 -3.350000e+001 -2.992098e+003
    endloop
  endfacet
  facet normal  2.152838e-001 -2.527132e-001 -9.432862e-001
    outer loop
      vertex  6.000000e+001 -3.350000e+001 -2.992098e+003
      vertex  6.325413e+001 -3.200000e+001 -2.991757e+003
      vertex  6.307974e+001 -3.350000e+001 -2.991395e+003
    endloop
  endfacet
  facet normal  1.593150e-001 -6.980973e-001 -6.980537e-001
    outer loop
      vertex  6.000000e+001 -3.350000e+001 -2.992098e+003
      vertex  6.307974e+001 -3.350000e+001 -2.991395e+003
      vertex  6.000000e+001 -3.459808e+001 -2.991000e+003
    endloop
  endfacet
  facet normal  1.593316e-001 -6.981305e-001 -6.980166e-001
    outer loop
      vertex  6.000000e+001 -3.459808e+001 -2.991000e+003
      vertex  6.307974e+001 -3.350000e+001 -2.991395e+003
      vertex  6.260330e+001 -3.459808e+001 -2.990406e+003
    endloop
  endfacet
  facet normal  5.897610e-002 -9.642445e-001 -2.583687e-001
    outer loop
      vertex  6.000000e+001 -3.459808e+001 -2.991000e+003
      vertex  6.260330e+001 -3.459808e+001 -2.990406e+003
      vertex  6.000000e+001 -3.500000e+001 -2.989500e+003
    endloop
  endfacet
  facet normal  2.152823e-001 -2.527131e-001  9.432866e-001
    outer loop
      vertex  6.325413e+001 -3.200000e+001 -2.978243e+003
      vertex  6.000000e+001 -3.200000e+001 -2.977500e+003
      vertex  6.307974e+001 -3.350000e+001 -2.978605e+003
    endloop
  endfacet
  facet normal  2.152840e-001 -2.527100e-001  9.432870e-001
    outer loop
      vertex  6.307974e+001 -3.350000e+001 -2.978605e+003
      vertex  6.000000e+001 -3.200000e+001 -2.977500e+003
      vertex  6.000000e+001 -3.350000e+001 -2.977902e+003
    endloop
  endfacet
  facet normal  1.593084e-001 -6.981277e-001  6.980247e-001
    outer loop
      vertex  6.307974e+001 -3.350000e+001 -2.978605e+003
      vertex  6.000000e+001 -3.350000e+001 -2.977902e+003
      vertex  6.260330e+001 -3.459808e+001 -2.979594e+003
    endloop
  endfacet
  facet normal  1.593394e-001 -6.980945e-001  6.980509e-001
    outer loop
      vertex  6.260330e+001 -3.459808e+001 -2.979594e+003
      vertex  6.000000e+001 -3.350000e+001 -2.977902e+003
      vertex  6.000000e+001 -3.459808e+001 -2.979000e+003
    endloop
  endfacet
  facet normal  5.897610e-002 -9.642445e-001  2.583687e-001
    outer loop
      vertex  6.260330e+001 -3.459808e+001 -2.979594e+003
      vertex  6.000000e+001 -3.459808e+001 -2.979000e+003
      vertex  6.000000e+001 -3.500000e+001 -2.980500e+003
    endloop
  endfacet
  facet normal  6.032283e-001 -2.528147e-001  7.564393e-001
    outer loop
      vertex  6.586374e+001 -3.200000e+001 -2.980324e+003
      vertex  6.325413e+001 -3.200000e+001 -2.978243e+003
      vertex  6.554950e+001 -3.350000e+001 -2.980574e+003
    endloop
  endfacet
  facet normal  6.032807e-001 -2.527191e-001  7.564294e-001
    outer loop
      vertex  6.554950e+001 -3.350000e+001 -2.980574e+003
      vertex  6.325413e+001 -3.200000e+001 -2.978243e+003
      vertex  6.307974e+001 -3.350000e+001 -2.978605e+003
    endloop
  endfacet
  facet normal  4.464654e-001 -6.980594e-001  5.598050e-001
    outer loop
      vertex  6.554950e+001 -3.350000e+001 -2.980574e+003
      vertex  6.307974e+001 -3.350000e+001 -2.978605e+003
      vertex  6.469099e+001 -3.459808e+001 -2.981259e+003
    endloop
  endfacet
  facet normal  4.463941e-001 -6.981198e-001  5.597867e-001
    outer loop
      vertex  6.469099e+001 -3.459808e+001 -2.981259e+003
      vertex  6.307974e+001 -3.350000e+001 -2.978605e+003
      vertex  6.260330e+001 -3.459808e+001 -2.979594e+003
    endloop
  endfacet
  facet normal  1.720737e-001 -9.611598e-001  2.157837e-001
    outer loop
      vertex  6.469099e+001 -3.459808e+001 -2.981259e+003
      vertex  6.260330e+001 -3.459808e+001 -2.979594e+003
      vertex  6.225000e+001 -3.500000e+001 -2.981103e+003
    endloop
  endfacet
  facet normal  8.717246e-001 -2.527281e-001  4.197913e-001
    outer loop
      vertex  6.731196e+001 -3.200000e+001 -2.983331e+003
      vertex  6.586374e+001 -3.200000e+001 -2.980324e+003
      vertex  6.692011e+001 -3.350000e+001 -2.983420e+003
    endloop
  endfacet
  facet normal  8.716977e-001 -2.527881e-001  4.198111e-001
    outer loop
      vertex  6.692011e+001 -3.350000e+001 -2.983420e+003
      vertex  6.586374e+001 -3.200000e+001 -2.980324e+003
      vertex  6.554950e+001 -3.350000e+001 -2.980574e+003
    endloop
  endfacet
  facet normal  6.451077e-001 -6.980766e-001  3.106850e-001
    outer loop
      vertex  6.692011e+001 -3.350000e+001 -2.983420e+003
      vertex  6.554950e+001 -3.350000e+001 -2.980574e+003
      vertex  6.584957e+001 -3.459808e+001 -2.983665e+003
    endloop
  endfacet
  facet normal  6.451212e-001 -6.980654e-001  3.106823e-001
    outer loop
      vertex  6.584957e+001 -3.459808e+001 -2.983665e+003
      vertex  6.554950e+001 -3.350000e+001 -2.980574e+003
      vertex  6.469099e+001 -3.459808e+001 -2.981259e+003
    endloop
  endfacet
  facet normal  2.549722e-001 -9.591201e-001  1.227914e-001
    outer loop
      vertex  6.584957e+001 -3.459808e+001 -2.983665e+003
      vertex  6.469099e+001 -3.459808e+001 -2.981259e+003
      vertex  6.389711e+001 -3.500000e+001 -2.982750e+003
    endloop
  endfacet
  facet normal  9.675320e-001 -2.527488e-001  0.000000e+000
    outer loop
      vertex  6.731196e+001 -3.200000e+001 -2.986669e+003
      vertex  6.731196e+001 -3.200000e+001 -2.983331e+003
      vertex  6.692011e+001 -3.350000e+001 -2.986580e+003
    endloop
  endfacet
  facet normal  9.675319e-001 -2.527488e-001  0.000000e+000
    outer loop
      vertex  6.692011e+001 -3.350000e+001 -2.986580e+003
      vertex  6.731196e+001 -3.200000e+001 -2.983331e+003
      vertex  6.692011e+001 -3.350000e+001 -2.983420e+003
    endloop
  endfacet
  facet normal  7.160271e-001 -6.980726e-001  0.000000e+000
    outer loop
      vertex  6.692011e+001 -3.350000e+001 -2.986580e+003
      vertex  6.692011e+001 -3.350000e+001 -2.983420e+003
      vertex  6.584957e+001 -3.459808e+001 -2.986335e+003
    endloop
  endfacet
  facet normal  7.160271e-001 -6.980726e-001  0.000000e+000
    outer loop
      vertex  6.584957e+001 -3.459808e+001 -2.986335e+003
      vertex  6.692011e+001 -3.350000e+001 -2.983420e+003
      vertex  6.584957e+001 -3.459808e+001 -2.983665e+003
    endloop
  endfacet
  facet normal  2.854272e-001 -9.584004e-001  0.000000e+000
    outer loop
      vertex  6.584957e+001 -3.459808e+001 -2.986335e+003
      vertex  6.584957e+001 -3.459808e+001 -2.983665e+003
      vertex  6.450000e+001 -3.500000e+001 -2.985000e+003
    endloop
  endfacet
  facet normal  8.717109e-001 -2.527864e-001 -4.197846e-001
    outer loop
      vertex  6.586374e+001 -3.200000e+001 -2.989676e+003
      vertex  6.731196e+001 -3.200000e+001 -2.986669e+003
      vertex  6.554950e+001 -3.350000e+001 -2.989426e+003
    endloop
  endfacet
  facet normal  8.717121e-001 -2.527265e-001 -4.198180e-001
    outer loop
      vertex  6.554950e+001 -3.350000e+001 -2.989426e+003
      vertex  6.731196e+001 -3.200000e+001 -2.986669e+003
      vertex  6.692011e+001 -3.350000e+001 -2.986580e+003
    endloop
  endfacet
  facet normal  6.451167e-001 -6.980663e-001 -3.106893e-001
    outer loop
      vertex  6.554950e+001 -3.350000e+001 -2.989426e+003
      vertex  6.692011e+001 -3.350000e+001 -2.986580e+003
      vertex  6.469099e+001 -3.459808e+001 -2.988741e+003
    endloop
  endfacet
  facet normal  6.451104e-001 -6.980776e-001 -3.106771e-001
    outer loop
      vertex  6.469099e+001 -3.459808e+001 -2.988741e+003
      vertex  6.692011e+001 -3.350000e+001 -2.986580e+003
      vertex  6.584957e+001 -3.459808e+001 -2.986335e+003
    endloop
  endfacet
  facet normal  2.549722e-001 -9.591201e-001 -1.227914e-001
    outer loop
      vertex  6.469099e+001 -3.459808e+001 -2.988741e+003
      vertex  6.584957e+001 -3.459808e+001 -2.986335e+003
      vertex  6.389711e+001 -3.500000e+001 -2.987250e+003
    endloop
  endfacet
  facet normal  6.032434e-001 -2.527218e-001 -7.564582e-001
    outer loop
      vertex  6.325413e+001 -3.200000e+001 -2.991757e+003
      vertex  6.586374e+001 -3.200000e+001 -2.989676e+003
      vertex  6.307974e+001 -3.350000e+001 -2.991395e+003
    endloop
  endfacet
  facet normal  6.032647e-001 -2.528173e-001 -7.564093e-001
    outer loop
      vertex  6.307974e+001 -3.350000e+001 -2.991395e+003
      vertex  6.586374e+001 -3.200000e+001 -2.989676e+003
      vertex  6.554950e+001 -3.350000e+001 -2.989426e+003
    endloop
  endfacet
  facet normal  4.464318e-001 -6.981147e-001 -5.597629e-001
    outer loop
      vertex  6.307974e+001 -3.350000e+001 -2.991395e+003
      vertex  6.554950e+001 -3.350000e+001 -2.989426e+003
      vertex  6.260330e+001 -3.459808e+001 -2.990406e+003
    endloop
  endfacet
  facet normal  4.464338e-001 -6.980543e-001 -5.598365e-001
    outer loop
      vertex  6.260330e+001 -3.459808e+001 -2.990406e+003
      vertex  6.554950e+001 -3.350000e+001 -2.989426e+003
      vertex  6.469099e+001 -3.459808e+001 -2.988741e+003
    endloop
  endfacet
  facet normal  1.720737e-001 -9.611598e-001 -2.157837e-001
    outer loop
      vertex  6.260330e+001 -3.459808e+001 -2.990406e+003
      vertex  6.469099e+001 -3.459808e+001 -2.988741e+003
      vertex  6.225000e+001 -3.500000e+001 -2.988897e+003
    endloop
  endfacet
  facet normal  0.000000e+000  0.000000e+000 -1.000000e+000
    outer loop
      vertex  8.572244e-016  1.400000e+001 -3.076000e+003
      vertex  4.326238e+000  1.331479e+001 -3.076000e+003
      vertex -4.326238e+000  1.331479e+001 -3.076000e+003
    endloop
  endfacet
  facet normal  0.000000e+000  0.000000e+000 -1.000000e+000
    outer loop
      vertex -2.571673e-015 -1.400000e+001 -3.076000e+003
      vertex -4.326238e+000 -1.331479e+001 -3.076000e+003
      vertex  4.326238e+000 -1.331479e+001 -3.076000e+003
    endloop
  endfacet
  facet normal  0.000000e+000  0.000000e+000 -1.000000e+000
    outer loop
      vertex  4.326238e+000 -1.331479e+001 -3.076000e+003
      vertex -4.326238e+000 -1.331479e+001 -3.076000e+003
      vertex -8.228993e+000 -1.132624e+001 -3.076000e+003
    endloop
  endfacet
  facet normal  0.000000e+000  0.000000e+000 -1.000000e+000
    outer loop
      vertex  4.326238e+000 -1.331479e+001 -3.076000e+003
      vertex -8.228993e+000 -1.132624e+001 -3.076000e+003
      vertex  8.228993e+000 -1.132624e+001 -3.076000e+003
    endloop
  endfacet
  facet normal  0.000000e+000  0.000000e+000 -1.000000e+000
    outer loop
      vertex  8.228993e+000 -1.132624e+001 -3.076000e+003
      vertex -8.228993e+000 -1.132624e+001 -3.076000e+003
      vertex -1.132624e+001 -8.228993e+000 -3.076000e+003
    endloop
  endfacet
  facet normal  0.000000e+000  0.000000e+000 -1.000000e+000
    outer loop
      vertex  8.228993e+000 -1.132624e+001 -3.076000e+003
      vertex -1.132624e+001 -8.228993e+000 -3.076000e+003
      vertex  1.132624e+001 -8.228993e+000 -3.076000e+003
    endloop
  endfacet
  facet normal  0.000000e+000  0.000000e+000 -1.000000e+000
    outer loop
      vertex  1.132624e+001 -8.228993e+000 -3.076000e+003
      vertex -1.132624e+001 -8.228993e+000 -3.076000e+003
      vertex -1.331479e+001 -4.326238e+000 -3.076000e+003
    endloop
  endfacet
  facet normal  0.000000e+000  0.000000e+000 -1.000000e+000
    outer loop
      vertex  1.132624e+001 -8.228993e+000 -3.076000e+003
      vertex -1.331479e+001 -4.326238e+000 -3.076000e+003
      vertex  1.331479e+001 -4.326238e+000 -3.076000e+003
    endloop
  endfacet
  facet normal  0.000000e+000  0.000000e+000 -1.000000e+000
    outer loop
      vertex  1.331479e+001 -4.326238e+000 -3.076000e+003
      vertex -1.331479e+001 -4.326238e+000 -3.076000e+003
      vertex -1.400000e+001  1.714449e-015 -3.076000e+003
    endloop
  endfacet
  facet normal  0.000000e+000  0.000000e+000 -1.000000e+000
    outer loop
      vertex  1.331479e+001 -4.326238e+000 -3.076000e+003
      vertex -1.400000e+001  1.714449e-015 -3.076000e+003
      vertex  1.400000e+001  0.000000e+000 -3.076000e+003
    endloop
  endfacet
  facet normal  0.000000e+000  0.000000e+000 -1.000000e+000
    outer loop
      vertex  1.400000e+001  0.000000e+000 -3.076000e+003
      vertex -1.400000e+001  1.714449e-015 -3.076000e+003
      vertex -1.331479e+001  4.326238e+000 -3.076000e+003
    endloop
  endfacet
  facet normal  0.000000e+000  0.000000e+000 -1.000000e+000
    outer loop
      vertex  1.400000e+001  0.000000e+000 -3.076000e+003
      vertex -1.331479e+001  4.326238e+000 -3.076000e+003
      vertex  1.331479e+001  4.326238e+000 -3.076000e+003
    endloop
  endfacet
  facet normal  0.000000e+000  0.000000e+000 -1.000000e+000
    outer loop
      vertex  1.331479e+001  4.326238e+000 -3.076000e+003
      vertex -1.331479e+001  4.326238e+000 -3.076000e+003
      vertex -1.132624e+001  8.228993e+000 -3.076000e+003
    endloop
  endfacet
  facet normal  0.000000e+000  0.000000e+000 -1.000000e+000
    outer loop
      vertex  1.331479e+001  4.326238e+000 -3.076000e+003
      vertex -1.132624e+001  8.228993e+000 -3.076000e+003
      vertex  1.132624e+001  8.228993e+000 -3.076000e+003
    endloop
  endfacet
  facet normal  0.000000e+000  0.000000e+000 -1.000000e+000
    outer loop
      vertex  1.132624e+001  8.228993e+000 -3.076000e+003
      vertex -1.132624e+001  8.228993e+000 -3.076000e+003
      vertex -8.228993e+000  1.132624e+001 -3.076000e+003
    endloop
  endfacet
  facet normal  0.000000e+000  0.000000e+000 -1.000000e+000
    outer loop
      vertex  1.132624e+001  8.228993e+000 -3.076000e+003
      vertex -8.228993e+000  1.132624e+001 -3.076000e+003
      vertex  8.228993e+000  1.132624e+001 -3.076000e+003
    endloop
  endfacet
  facet normal  0.000000e+000  0.000000e+000 -1.000000e+000
    outer loop
      vertex  8.228993e+000  1.132624e+001 -3.076000e+003
      vertex -8.228993e+000  1.132624e+001 -3.076000e+003
      vertex -4.326238e+000  1.331479e+001 -3.076000e+003
    endloop
  endfacet
  facet normal  0.000000e+000  0.000000e+000 -1.000000e+000
    outer loop
      vertex  8.228993e+000  1.132624e+001 -3.076000e+003
      vertex -4.326238e+000  1.331479e+001 -3.076000e+003
      vertex  4.326238e+000  1.331479e+001 -3.076000e+003
    endloop
  endfacet
endsolid CATIA STL
