solid CATIA STL
  facet normal  4.539734e-001  8.673435e-003  8.909732e-001
    outer loop
      vertex  8.225250e+000 -4.983000e+003  3.754374e+001
      vertex  8.816779e+000 -4.972000e+003  3.713525e+001
      vertex  4.635255e+000 -4.972000e+003  3.926585e+001
    endloop
  endfacet
  facet normal  4.216713e-001 -4.336906e-003  9.067384e-001
    outer loop
      vertex  8.225250e+000 -4.983000e+003  3.754374e+001
      vertex  4.635255e+000 -4.972000e+003  3.926585e+001
      vertex  4.292085e+000 -4.983000e+003  3.937282e+001
    endloop
  endfacet
  facet normal -4.539734e-001  8.673435e-003  8.909732e-001
    outer loop
      vertex -4.635255e+000 -4.972000e+003  3.926585e+001
      vertex -8.816779e+000 -4.972000e+003  3.713525e+001
      vertex -8.225250e+000 -4.983000e+003  3.754374e+001
    endloop
  endfacet
  facet normal  7.896939e-001 -3.704423e-004  6.135011e-001
    outer loop
      vertex  1.147059e+001 -4.983000e+003  3.466569e+001
      vertex  1.220202e+001 -4.983087e+003  3.372414e+001
      vertex  1.213525e+001 -4.972000e+003  3.381678e+001
    endloop
  endfacet
  facet normal  7.070570e-001  1.184292e-002  7.070574e-001
    outer loop
      vertex  1.147059e+001 -4.983000e+003  3.466569e+001
      vertex  1.213525e+001 -4.972000e+003  3.381678e+001
      vertex  8.816779e+000 -4.972000e+003  3.713525e+001
    endloop
  endfacet
  facet normal  6.634797e-001 -7.896440e-003  7.481526e-001
    outer loop
      vertex  1.147059e+001 -4.983000e+003  3.466569e+001
      vertex  8.816779e+000 -4.972000e+003  3.713525e+001
      vertex  8.225250e+000 -4.983000e+003  3.754374e+001
    endloop
  endfacet
  facet normal -6.634797e-001 -7.896440e-003  7.481526e-001
    outer loop
      vertex -1.147059e+001 -4.983000e+003  3.466569e+001
      vertex -8.225250e+000 -4.983000e+003  3.754374e+001
      vertex -8.816779e+000 -4.972000e+003  3.713525e+001
    endloop
  endfacet
  facet normal -7.070570e-001  1.184292e-002  7.070574e-001
    outer loop
      vertex -1.147059e+001 -4.983000e+003  3.466569e+001
      vertex -8.816779e+000 -4.972000e+003  3.713525e+001
      vertex -1.213525e+001 -4.972000e+003  3.381678e+001
    endloop
  endfacet
  facet normal -8.019949e-001 -2.361998e-003  5.973262e-001
    outer loop
      vertex -1.147059e+001 -4.983000e+003  3.466569e+001
      vertex -1.213525e+001 -4.972000e+003  3.381678e+001
      vertex -1.255009e+001 -4.983192e+003  3.321555e+001
    endloop
  endfacet
  facet normal  9.894315e-001  0.000000e+000  1.450011e-001
    outer loop
      vertex  1.500000e+001 -4.987000e+003  2.500000e+001
      vertex  1.500000e+001 -4.972000e+003  2.500000e+001
      vertex  1.436924e+001 -4.984718e+003  2.930406e+001
    endloop
  endfacet
  facet normal  9.876806e-001  3.955769e-003  1.564331e-001
    outer loop
      vertex  1.436924e+001 -4.984718e+003  2.930406e+001
      vertex  1.500000e+001 -4.972000e+003  2.500000e+001
      vertex  1.426585e+001 -4.972000e+003  2.963526e+001
    endloop
  endfacet
  facet normal  9.330823e-001 -1.780523e-003  3.596585e-001
    outer loop
      vertex  1.436924e+001 -4.984718e+003  2.930406e+001
      vertex  1.426585e+001 -4.972000e+003  2.963526e+001
      vertex  1.355015e+001 -4.983768e+003  3.143377e+001
    endloop
  endfacet
  facet normal  8.619178e-001  9.539687e-004  5.070472e-001
    outer loop
      vertex  1.220202e+001 -4.983087e+003  3.372414e+001
      vertex  1.355015e+001 -4.983768e+003  3.143377e+001
      vertex  1.213525e+001 -4.972000e+003  3.381678e+001
    endloop
  endfacet
  facet normal  8.909036e-001  1.519344e-002  4.539381e-001
    outer loop
      vertex  1.213525e+001 -4.972000e+003  3.381678e+001
      vertex  1.355015e+001 -4.983768e+003  3.143377e+001
      vertex  1.426585e+001 -4.972000e+003  2.963526e+001
    endloop
  endfacet
  facet normal  1.445870e-001  5.112018e-003  9.894789e-001
    outer loop
      vertex  4.292085e+000 -4.983000e+003  3.937282e+001
      vertex  4.635255e+000 -4.972000e+003  3.926585e+001
      vertex -1.446318e-014 -4.983000e+003  4.000000e+001
    endloop
  endfacet
  facet normal  1.564348e-001 -1.894664e-016  9.876883e-001
    outer loop
      vertex -1.446318e-014 -4.983000e+003  4.000000e+001
      vertex  4.635255e+000 -4.972000e+003  3.926585e+001
      vertex -1.140499e-015 -4.972000e+003  4.000000e+001
    endloop
  endfacet
  facet normal -1.445889e-001  1.751191e-016  9.894918e-001
    outer loop
      vertex -1.446318e-014 -4.983000e+003  4.000000e+001
      vertex -1.140499e-015 -4.972000e+003  4.000000e+001
      vertex -4.292085e+000 -4.983000e+003  3.937282e+001
    endloop
  endfacet
  facet normal -1.564330e-001  4.724932e-003  9.876773e-001
    outer loop
      vertex -4.292085e+000 -4.983000e+003  3.937282e+001
      vertex -1.140499e-015 -4.972000e+003  4.000000e+001
      vertex -4.635255e+000 -4.972000e+003  3.926585e+001
    endloop
  endfacet
  facet normal -4.216713e-001 -4.336906e-003  9.067384e-001
    outer loop
      vertex -4.292085e+000 -4.983000e+003  3.937282e+001
      vertex -4.635255e+000 -4.972000e+003  3.926585e+001
      vertex -8.225250e+000 -4.983000e+003  3.754374e+001
    endloop
  endfacet
  facet normal -8.713374e-001  5.938984e-003  4.906482e-001
    outer loop
      vertex -1.255009e+001 -4.983192e+003  3.321555e+001
      vertex -1.213525e+001 -4.972000e+003  3.381678e+001
      vertex -1.351074e+001 -4.983736e+003  3.151612e+001
    endloop
  endfacet
  facet normal -8.909004e-001  1.542873e-002  4.539365e-001
    outer loop
      vertex -1.351074e+001 -4.983736e+003  3.151612e+001
      vertex -1.213525e+001 -4.972000e+003  3.381678e+001
      vertex -1.426585e+001 -4.972000e+003  2.963526e+001
    endloop
  endfacet
  facet normal -9.319832e-001 -1.869364e-003  3.624966e-001
    outer loop
      vertex -1.351074e+001 -4.983736e+003  3.151612e+001
      vertex -1.426585e+001 -4.972000e+003  2.963526e+001
      vertex -1.436952e+001 -4.984718e+003  2.930313e+001
    endloop
  endfacet
  facet normal -9.876884e-001  0.000000e+000  1.564344e-001
    outer loop
      vertex -1.500000e+001 -4.972000e+003  2.500000e+001
      vertex -1.500000e+001 -4.987000e+003  2.500000e+001
      vertex -1.426585e+001 -4.972000e+003  2.963526e+001
    endloop
  endfacet
  facet normal -9.897544e-001  4.340989e-003  1.427138e-001
    outer loop
      vertex -1.426585e+001 -4.972000e+003  2.963526e+001
      vertex -1.500000e+001 -4.987000e+003  2.500000e+001
      vertex -1.436952e+001 -4.984718e+003  2.930313e+001
    endloop
  endfacet
  facet normal -3.827678e-001  9.238446e-001  0.000000e+000
    outer loop
      vertex -1.300000e+001 -4.985000e+003  1.000000e+002
      vertex -1.300000e+001 -4.985000e+003  3.595445e+001
      vertex -1.441421e+001 -4.985586e+003  1.000000e+002
    endloop
  endfacet
  facet normal -3.087201e-001  9.511511e-001  1.884895e-003
    outer loop
      vertex -1.441421e+001 -4.985586e+003  1.000000e+002
      vertex -1.300000e+001 -4.985000e+003  3.595445e+001
      vertex -1.415609e+001 -4.985368e+003  3.238493e+001
    endloop
  endfacet
  facet normal -7.092876e-001  7.049190e-001 -4.373546e-004
    outer loop
      vertex -1.441421e+001 -4.985586e+003  1.000000e+002
      vertex -1.415609e+001 -4.985368e+003  3.238493e+001
      vertex -1.464273e+001 -4.985859e+003  2.987688e+001
    endloop
  endfacet
  facet normal -9.542828e-001  2.989051e-001  0.000000e+000
    outer loop
      vertex -1.500000e+001 -4.987000e+003  2.500000e+001
      vertex -1.500000e+001 -4.987000e+003  1.000000e+002
      vertex -1.464273e+001 -4.985859e+003  2.987688e+001
    endloop
  endfacet
  facet normal -9.238639e-001  3.827181e-001  1.518286e-003
    outer loop
      vertex -1.464273e+001 -4.985859e+003  2.987688e+001
      vertex -1.500000e+001 -4.987000e+003  1.000000e+002
      vertex -1.441421e+001 -4.985586e+003  1.000000e+002
    endloop
  endfacet
  facet normal  0.000000e+000  9.999999e-001  -0.000000e+000
    outer loop
      vertex  3.635493e+000 -4.985000e+003  7.622314e+001
      vertex  1.476183e-015 -4.985000e+003  4.200000e+001
      vertex -1.391600e-014 -4.985000e+003  7.550000e+001
    endloop
  endfacet
  facet normal  0.000000e+000  9.999999e-001  0.000000e+000
    outer loop
      vertex  1.476183e-015 -4.985000e+003  4.200000e+001
      vertex -3.635493e+000 -4.985000e+003  7.622314e+001
      vertex -1.391600e-014 -4.985000e+003  7.550000e+001
    endloop
  endfacet
  facet normal  0.000000e+000  1.000000e+000  0.000000e+000
    outer loop
      vertex -6.717515e+000 -4.985000e+003  7.828249e+001
      vertex  1.476183e-015 -4.985000e+003  4.200000e+001
      vertex -8.776855e+000 -4.985000e+003  8.136451e+001
    endloop
  endfacet
  facet normal  0.000000e+000  1.000000e+000  0.000000e+000
    outer loop
      vertex -3.635493e+000 -4.985000e+003  7.622314e+001
      vertex  1.476183e-015 -4.985000e+003  4.200000e+001
      vertex -6.717515e+000 -4.985000e+003  7.828249e+001
    endloop
  endfacet
  facet normal  -0.000000e+000  1.000000e+000  0.000000e+000
    outer loop
      vertex  1.476183e-015 -4.985000e+003  4.200000e+001
      vertex  6.717515e+000 -4.985000e+003  7.828249e+001
      vertex  8.776855e+000 -4.985000e+003  8.136451e+001
    endloop
  endfacet
  facet normal  -0.000000e+000  1.000000e+000  0.000000e+000
    outer loop
      vertex  1.476183e-015 -4.985000e+003  4.200000e+001
      vertex  3.635493e+000 -4.985000e+003  7.622314e+001
      vertex  6.717515e+000 -4.985000e+003  7.828249e+001
    endloop
  endfacet
  facet normal  0.000000e+000  1.000000e+000  0.000000e+000
    outer loop
      vertex -1.300000e+001 -4.985000e+003  1.000000e+002
      vertex  1.300000e+001 -4.985000e+003  1.000000e+002
      vertex  2.230672e-015 -4.985000e+003  9.450000e+001
    endloop
  endfacet
  facet normal  0.000000e+000  1.000000e+000  0.000000e+000
    outer loop
      vertex -1.300000e+001 -4.985000e+003  1.000000e+002
      vertex  2.230672e-015 -4.985000e+003  9.450000e+001
      vertex -3.635493e+000 -4.985000e+003  9.377686e+001
    endloop
  endfacet
  facet normal  0.000000e+000  1.000000e+000  0.000000e+000
    outer loop
      vertex -1.300000e+001 -4.985000e+003  1.000000e+002
      vertex -3.635493e+000 -4.985000e+003  9.377686e+001
      vertex -6.717515e+000 -4.985000e+003  9.171751e+001
    endloop
  endfacet
  facet normal  0.000000e+000  9.999999e-001  0.000000e+000
    outer loop
      vertex -1.300000e+001 -4.985000e+003  1.000000e+002
      vertex -6.717515e+000 -4.985000e+003  9.171751e+001
      vertex -8.776855e+000 -4.985000e+003  8.863549e+001
    endloop
  endfacet
  facet normal  0.000000e+000  1.000000e+000  0.000000e+000
    outer loop
      vertex -1.300000e+001 -4.985000e+003  1.000000e+002
      vertex -8.776855e+000 -4.985000e+003  8.863549e+001
      vertex -9.500000e+000 -4.985000e+003  8.500000e+001
    endloop
  endfacet
  facet normal  0.000000e+000  9.999999e-001  0.000000e+000
    outer loop
      vertex -1.300000e+001 -4.985000e+003  1.000000e+002
      vertex -9.500000e+000 -4.985000e+003  8.500000e+001
      vertex -8.776855e+000 -4.985000e+003  8.136451e+001
    endloop
  endfacet
  facet normal  0.000000e+000  1.000000e+000  0.000000e+000
    outer loop
      vertex -1.300000e+001 -4.985000e+003  1.000000e+002
      vertex -8.776855e+000 -4.985000e+003  8.136451e+001
      vertex  1.476183e-015 -4.985000e+003  4.200000e+001
    endloop
  endfacet
  facet normal  0.000000e+000  1.000000e+000  0.000000e+000
    outer loop
      vertex -1.300000e+001 -4.985000e+003  1.000000e+002
      vertex  1.476183e-015 -4.985000e+003  4.200000e+001
      vertex -4.864363e+000 -4.985000e+003  4.128920e+001
    endloop
  endfacet
  facet normal  0.000000e+000  9.999999e-001  0.000000e+000
    outer loop
      vertex -1.300000e+001 -4.985000e+003  1.000000e+002
      vertex -4.864363e+000 -4.985000e+003  4.128920e+001
      vertex -9.321950e+000 -4.985000e+003  3.921623e+001
    endloop
  endfacet
  facet normal  0.000000e+000  1.000000e+000  0.000000e+000
    outer loop
      vertex -1.300000e+001 -4.985000e+003  1.000000e+002
      vertex -9.321950e+000 -4.985000e+003  3.921623e+001
      vertex -1.300000e+001 -4.985000e+003  3.595445e+001
    endloop
  endfacet
  facet normal  0.000000e+000  1.000000e+000  -0.000000e+000
    outer loop
      vertex  1.300000e+001 -4.985000e+003  1.000000e+002
      vertex  1.300000e+001 -4.985000e+003  3.595445e+001
      vertex  9.321950e+000 -4.985000e+003  3.921623e+001
    endloop
  endfacet
  facet normal  0.000000e+000  9.999999e-001  -0.000000e+000
    outer loop
      vertex  1.300000e+001 -4.985000e+003  1.000000e+002
      vertex  9.321950e+000 -4.985000e+003  3.921623e+001
      vertex  4.864363e+000 -4.985000e+003  4.128920e+001
    endloop
  endfacet
  facet normal  0.000000e+000  1.000000e+000  -0.000000e+000
    outer loop
      vertex  1.300000e+001 -4.985000e+003  1.000000e+002
      vertex  4.864363e+000 -4.985000e+003  4.128920e+001
      vertex  1.476183e-015 -4.985000e+003  4.200000e+001
    endloop
  endfacet
  facet normal  0.000000e+000  1.000000e+000  0.000000e+000
    outer loop
      vertex  1.300000e+001 -4.985000e+003  1.000000e+002
      vertex  1.476183e-015 -4.985000e+003  4.200000e+001
      vertex  8.776855e+000 -4.985000e+003  8.136451e+001
    endloop
  endfacet
  facet normal  0.000000e+000  9.999999e-001  0.000000e+000
    outer loop
      vertex  1.300000e+001 -4.985000e+003  1.000000e+002
      vertex  8.776855e+000 -4.985000e+003  8.136451e+001
      vertex  9.500000e+000 -4.985000e+003  8.500000e+001
    endloop
  endfacet
  facet normal  0.000000e+000  1.000000e+000  -0.000000e+000
    outer loop
      vertex  1.300000e+001 -4.985000e+003  1.000000e+002
      vertex  9.500000e+000 -4.985000e+003  8.500000e+001
      vertex  8.776855e+000 -4.985000e+003  8.863549e+001
    endloop
  endfacet
  facet normal  0.000000e+000  9.999999e-001  -0.000000e+000
    outer loop
      vertex  1.300000e+001 -4.985000e+003  1.000000e+002
      vertex  8.776855e+000 -4.985000e+003  8.863549e+001
      vertex  6.717515e+000 -4.985000e+003  9.171751e+001
    endloop
  endfacet
  facet normal  0.000000e+000  1.000000e+000  -0.000000e+000
    outer loop
      vertex  1.300000e+001 -4.985000e+003  1.000000e+002
      vertex  6.717515e+000 -4.985000e+003  9.171751e+001
      vertex  3.635493e+000 -4.985000e+003  9.377686e+001
    endloop
  endfacet
  facet normal  0.000000e+000  1.000000e+000  -0.000000e+000
    outer loop
      vertex  1.300000e+001 -4.985000e+003  1.000000e+002
      vertex  3.635493e+000 -4.985000e+003  9.377686e+001
      vertex  2.230672e-015 -4.985000e+003  9.450000e+001
    endloop
  endfacet
  facet normal  9.238650e-001  3.827186e-001  -0.000000e+000
    outer loop
      vertex  1.500000e+001 -4.987000e+003  1.000000e+002
      vertex  1.500000e+001 -4.987000e+003  2.500000e+001
      vertex  1.441421e+001 -4.985586e+003  1.000000e+002
    endloop
  endfacet
  facet normal  9.919366e-001  1.266219e-001  5.360162e-003
    outer loop
      vertex  1.441421e+001 -4.985586e+003  1.000000e+002
      vertex  1.500000e+001 -4.987000e+003  2.500000e+001
      vertex  1.491182e+001 -4.986413e+003  2.744237e+001
    endloop
  endfacet
  facet normal  8.117186e-001  5.840477e-001 -1.087311e-003
    outer loop
      vertex  1.441421e+001 -4.985586e+003  1.000000e+002
      vertex  1.491182e+001 -4.986413e+003  2.744237e+001
      vertex  1.417842e+001 -4.985384e+003  3.229161e+001
    endloop
  endfacet
  facet normal  3.148850e-001  9.491282e-001  1.730259e-003
    outer loop
      vertex  1.417842e+001 -4.985384e+003  3.229161e+001
      vertex  1.300000e+001 -4.985000e+003  3.595445e+001
      vertex  1.441421e+001 -4.985586e+003  1.000000e+002
    endloop
  endfacet
  facet normal  3.827678e-001  9.238446e-001  0.000000e+000
    outer loop
      vertex  1.441421e+001 -4.985586e+003  1.000000e+002
      vertex  1.300000e+001 -4.985000e+003  3.595445e+001
      vertex  1.300000e+001 -4.985000e+003  1.000000e+002
    endloop
  endfacet
  facet normal -6.504465e-001  7.477200e-001  1.335447e-001
    outer loop
      vertex -1.300000e+001 -4.985000e+003  3.595445e+001
      vertex -1.278164e+001 -4.984393e+003  3.361979e+001
      vertex -1.415609e+001 -4.985368e+003  3.238493e+001
    endloop
  endfacet
  facet normal -3.233010e-001  9.227797e-001  2.096527e-001
    outer loop
      vertex -1.300000e+001 -4.985000e+003  3.595445e+001
      vertex -1.191854e+001 -4.984414e+003  3.504316e+001
      vertex -1.278164e+001 -4.984393e+003  3.361979e+001
    endloop
  endfacet
  facet normal -7.798833e-001  6.252592e-001  2.886203e-002
    outer loop
      vertex -1.361629e+001 -4.984672e+003  3.188674e+001
      vertex -1.464273e+001 -4.985859e+003  2.987688e+001
      vertex -1.415609e+001 -4.985368e+003  3.238493e+001
    endloop
  endfacet
  facet normal -6.882741e-001  6.911984e-001  2.202806e-001
    outer loop
      vertex -1.415609e+001 -4.985368e+003  3.238493e+001
      vertex -1.278164e+001 -4.984393e+003  3.361979e+001
      vertex -1.361629e+001 -4.984672e+003  3.188674e+001
    endloop
  endfacet
  facet normal -7.887832e-001  3.790433e-001  4.838876e-001
    outer loop
      vertex -1.191854e+001 -4.984414e+003  3.504316e+001
      vertex -1.147059e+001 -4.983000e+003  3.466569e+001
      vertex -1.278164e+001 -4.984393e+003  3.361979e+001
    endloop
  endfacet
  facet normal -7.776047e-001  3.300070e-001  5.351881e-001
    outer loop
      vertex -1.278164e+001 -4.984393e+003  3.361979e+001
      vertex -1.147059e+001 -4.983000e+003  3.466569e+001
      vertex -1.255009e+001 -4.983192e+003  3.321555e+001
    endloop
  endfacet
  facet normal -8.784001e-001  2.956877e-001  3.754758e-001
    outer loop
      vertex -1.278164e+001 -4.984393e+003  3.361979e+001
      vertex -1.255009e+001 -4.983192e+003  3.321555e+001
      vertex -1.361629e+001 -4.984672e+003  3.188674e+001
    endloop
  endfacet
  facet normal -8.737639e-001  2.610106e-001  4.103779e-001
    outer loop
      vertex -1.361629e+001 -4.984672e+003  3.188674e+001
      vertex -1.255009e+001 -4.983192e+003  3.321555e+001
      vertex -1.351074e+001 -4.983736e+003  3.151612e+001
    endloop
  endfacet
  facet normal -9.149032e-001  2.335323e-001  3.292640e-001
    outer loop
      vertex -1.361629e+001 -4.984672e+003  3.188674e+001
      vertex -1.351074e+001 -4.983736e+003  3.151612e+001
      vertex -1.464273e+001 -4.985859e+003  2.987688e+001
    endloop
  endfacet
  facet normal -9.208622e-001  3.271322e-001  2.121257e-001
    outer loop
      vertex -1.464273e+001 -4.985859e+003  2.987688e+001
      vertex -1.351074e+001 -4.983736e+003  3.151612e+001
      vertex -1.436952e+001 -4.984718e+003  2.930313e+001
    endloop
  endfacet
  facet normal -9.706722e-001  2.399390e-001  1.499189e-002
    outer loop
      vertex -1.464273e+001 -4.985859e+003  2.987688e+001
      vertex -1.436952e+001 -4.984718e+003  2.930313e+001
      vertex -1.500000e+001 -4.987000e+003  2.500000e+001
    endloop
  endfacet
  facet normal  1.760544e-001  9.294594e-001  3.242067e-001
    outer loop
      vertex  9.079294e+000 -4.984414e+003  3.766819e+001
      vertex  5.681192e+000 -4.984414e+003  3.951347e+001
      vertex  9.321950e+000 -4.985000e+003  3.921623e+001
    endloop
  endfacet
  facet normal  8.854853e-002  9.330727e-001  3.486179e-001
    outer loop
      vertex  5.681192e+000 -4.984414e+003  3.951347e+001
      vertex  1.933399e+000 -4.984414e+003  4.046540e+001
      vertex  4.864363e+000 -4.985000e+003  4.128920e+001
    endloop
  endfacet
  facet normal  1.771473e-001  9.074765e-001  3.809270e-001
    outer loop
      vertex  9.321950e+000 -4.985000e+003  3.921623e+001
      vertex  5.681192e+000 -4.984414e+003  3.951347e+001
      vertex  4.864363e+000 -4.985000e+003  4.128920e+001
    endloop
  endfacet
  facet normal  3.764895e-001  4.503693e-001  8.095821e-001
    outer loop
      vertex  8.225250e+000 -4.983000e+003  3.754374e+001
      vertex  4.292085e+000 -4.983000e+003  3.937282e+001
      vertex  5.681192e+000 -4.984414e+003  3.951347e+001
    endloop
  endfacet
  facet normal  -0.000000e+000  9.342181e-001  3.567021e-001
    outer loop
      vertex  1.933399e+000 -4.984414e+003  4.046540e+001
      vertex -1.933399e+000 -4.984414e+003  4.046540e+001
      vertex  1.476183e-015 -4.985000e+003  4.200000e+001
    endloop
  endfacet
  facet normal  6.181704e-002  9.039975e-001  4.230451e-001
    outer loop
      vertex  4.864363e+000 -4.985000e+003  4.128920e+001
      vertex  1.933399e+000 -4.984414e+003  4.046540e+001
      vertex  1.476183e-015 -4.985000e+003  4.200000e+001
    endloop
  endfacet
  facet normal  1.281051e-001  4.636936e-001  8.766855e-001
    outer loop
      vertex  4.292085e+000 -4.983000e+003  3.937282e+001
      vertex -1.446318e-014 -4.983000e+003  4.000000e+001
      vertex  1.933399e+000 -4.984414e+003  4.046540e+001
    endloop
  endfacet
  facet normal  2.332029e-001  3.204075e-001  9.181260e-001
    outer loop
      vertex  5.681192e+000 -4.984414e+003  3.951347e+001
      vertex  4.292085e+000 -4.983000e+003  3.937282e+001
      vertex  1.933399e+000 -4.984414e+003  4.046540e+001
    endloop
  endfacet
  facet normal -8.854853e-002  9.330727e-001  3.486179e-001
    outer loop
      vertex -1.933399e+000 -4.984414e+003  4.046540e+001
      vertex -5.681192e+000 -4.984414e+003  3.951347e+001
      vertex -4.864363e+000 -4.985000e+003  4.128920e+001
    endloop
  endfacet
  facet normal -6.181704e-002  9.039975e-001  4.230451e-001
    outer loop
      vertex  1.476183e-015 -4.985000e+003  4.200000e+001
      vertex -1.933399e+000 -4.984414e+003  4.046540e+001
      vertex -4.864363e+000 -4.985000e+003  4.128920e+001
    endloop
  endfacet
  facet normal -1.281051e-001  4.636936e-001  8.766855e-001
    outer loop
      vertex -1.446318e-014 -4.983000e+003  4.000000e+001
      vertex -4.292085e+000 -4.983000e+003  3.937282e+001
      vertex -1.933399e+000 -4.984414e+003  4.046540e+001
    endloop
  endfacet
  facet normal  0.000000e+000  3.126286e-001  9.498755e-001
    outer loop
      vertex  1.933399e+000 -4.984414e+003  4.046540e+001
      vertex -1.446318e-014 -4.983000e+003  4.000000e+001
      vertex -1.933399e+000 -4.984414e+003  4.046540e+001
    endloop
  endfacet
  facet normal -1.760544e-001  9.294594e-001  3.242067e-001
    outer loop
      vertex -5.681192e+000 -4.984414e+003  3.951347e+001
      vertex -9.079294e+000 -4.984414e+003  3.766819e+001
      vertex -9.321950e+000 -4.985000e+003  3.921623e+001
    endloop
  endfacet
  facet normal -1.771473e-001  9.074765e-001  3.809270e-001
    outer loop
      vertex -4.864363e+000 -4.985000e+003  4.128920e+001
      vertex -5.681192e+000 -4.984414e+003  3.951347e+001
      vertex -9.321950e+000 -4.985000e+003  3.921623e+001
    endloop
  endfacet
  facet normal -3.764895e-001  4.503693e-001  8.095821e-001
    outer loop
      vertex -4.292085e+000 -4.983000e+003  3.937282e+001
      vertex -8.225250e+000 -4.983000e+003  3.754374e+001
      vertex -5.681192e+000 -4.984414e+003  3.951347e+001
    endloop
  endfacet
  facet normal -2.332029e-001  3.204075e-001  9.181260e-001
    outer loop
      vertex -1.933399e+000 -4.984414e+003  4.046540e+001
      vertex -4.292085e+000 -4.983000e+003  3.937282e+001
      vertex -5.681192e+000 -4.984414e+003  3.951347e+001
    endloop
  endfacet
  facet normal -4.482007e-001  3.433420e-001  8.253680e-001
    outer loop
      vertex -5.681192e+000 -4.984414e+003  3.951347e+001
      vertex -8.225250e+000 -4.983000e+003  3.754374e+001
      vertex -9.079294e+000 -4.984414e+003  3.766819e+001
    endloop
  endfacet
  facet normal -2.693281e-001  9.139085e-001  3.037000e-001
    outer loop
      vertex -9.321950e+000 -4.985000e+003  3.921623e+001
      vertex -9.079294e+000 -4.984414e+003  3.766819e+001
      vertex -1.300000e+001 -4.985000e+003  3.595445e+001
    endloop
  endfacet
  facet normal -2.615706e-001  9.227889e-001  2.829159e-001
    outer loop
      vertex -1.300000e+001 -4.985000e+003  3.595445e+001
      vertex -9.079294e+000 -4.984414e+003  3.766819e+001
      vertex -1.191854e+001 -4.984414e+003  3.504316e+001
    endloop
  endfacet
  facet normal -6.132897e-001  4.287888e-001  6.633368e-001
    outer loop
      vertex -9.079294e+000 -4.984414e+003  3.766819e+001
      vertex -8.225250e+000 -4.983000e+003  3.754374e+001
      vertex -1.191854e+001 -4.984414e+003  3.504316e+001
    endloop
  endfacet
  facet normal -6.139256e-001  3.792775e-001  6.922745e-001
    outer loop
      vertex -1.191854e+001 -4.984414e+003  3.504316e+001
      vertex -8.225250e+000 -4.983000e+003  3.754374e+001
      vertex -1.147059e+001 -4.983000e+003  3.466569e+001
    endloop
  endfacet
  facet normal  4.696560e-001  7.032133e-001  5.337737e-001
    outer loop
      vertex  1.167549e+001 -4.984000e+003  3.483835e+001
      vertex  9.079294e+000 -4.984414e+003  3.766819e+001
      vertex  1.223530e+001 -4.984732e+003  3.531007e+001
    endloop
  endfacet
  facet normal  3.104103e-001  9.041386e-001  2.935624e-001
    outer loop
      vertex  1.223530e+001 -4.984732e+003  3.531007e+001
      vertex  9.079294e+000 -4.984414e+003  3.766819e+001
      vertex  9.321950e+000 -4.985000e+003  3.921623e+001
    endloop
  endfacet
  facet normal  1.734968e-001  9.652070e-001  1.956386e-001
    outer loop
      vertex  1.223530e+001 -4.984732e+003  3.531007e+001
      vertex  9.321950e+000 -4.985000e+003  3.921623e+001
      vertex  1.300000e+001 -4.985000e+003  3.595445e+001
    endloop
  endfacet
  facet normal  4.482007e-001  3.433420e-001  8.253680e-001
    outer loop
      vertex  5.681192e+000 -4.984414e+003  3.951347e+001
      vertex  9.079294e+000 -4.984414e+003  3.766819e+001
      vertex  8.225250e+000 -4.983000e+003  3.754374e+001
    endloop
  endfacet
  facet normal  6.300203e-001  4.370109e-001  6.419470e-001
    outer loop
      vertex  8.225250e+000 -4.983000e+003  3.754374e+001
      vertex  9.079294e+000 -4.984414e+003  3.766819e+001
      vertex  1.167549e+001 -4.984000e+003  3.483835e+001
    endloop
  endfacet
  facet normal  6.413411e-001  2.562807e-001  7.231887e-001
    outer loop
      vertex  8.225250e+000 -4.983000e+003  3.754374e+001
      vertex  1.167549e+001 -4.984000e+003  3.483835e+001
      vertex  1.147059e+001 -4.983000e+003  3.466569e+001
    endloop
  endfacet
  facet normal  7.251745e-002  9.484549e-001  3.085040e-001
    outer loop
      vertex  1.300000e+001 -4.985000e+003  3.595445e+001
      vertex  1.249363e+001 -4.984367e+003  3.412648e+001
      vertex  1.223530e+001 -4.984732e+003  3.531007e+001
    endloop
  endfacet
  facet normal  9.402533e-001  2.100672e-001  2.679469e-001
    outer loop
      vertex  1.365162e+001 -4.984691e+003  3.180158e+001
      vertex  1.436924e+001 -4.984718e+003  2.930406e+001
      vertex  1.355015e+001 -4.983768e+003  3.143377e+001
    endloop
  endfacet
  facet normal  8.632739e-001  2.657943e-001  4.290822e-001
    outer loop
      vertex  1.355015e+001 -4.983768e+003  3.143377e+001
      vertex  1.220202e+001 -4.983087e+003  3.372414e+001
      vertex  1.365162e+001 -4.984691e+003  3.180158e+001
    endloop
  endfacet
  facet normal  8.654459e-001  3.187231e-001  3.865478e-001
    outer loop
      vertex  1.365162e+001 -4.984691e+003  3.180158e+001
      vertex  1.220202e+001 -4.983087e+003  3.372414e+001
      vertex  1.249363e+001 -4.984367e+003  3.412648e+001
    endloop
  endfacet
  facet normal  6.816018e-001  6.901599e-001  2.431019e-001
    outer loop
      vertex  1.365162e+001 -4.984691e+003  3.180158e+001
      vertex  1.249363e+001 -4.984367e+003  3.412648e+001
      vertex  1.417842e+001 -4.985384e+003  3.229161e+001
    endloop
  endfacet
  facet normal  5.983704e-001  7.937382e-001  1.092362e-001
    outer loop
      vertex  1.417842e+001 -4.985384e+003  3.229161e+001
      vertex  1.249363e+001 -4.984367e+003  3.412648e+001
      vertex  1.300000e+001 -4.985000e+003  3.595445e+001
    endloop
  endfacet
  facet normal -2.331199e-001  9.435407e-001 -2.353427e-001
    outer loop
      vertex  1.491182e+001 -4.986413e+003  2.744237e+001
      vertex  1.500000e+001 -4.987000e+003  2.500000e+001
      vertex  1.417842e+001 -4.985384e+003  3.229161e+001
    endloop
  endfacet
  facet normal  9.902197e-001  1.086738e-001  8.749229e-002
    outer loop
      vertex  1.417842e+001 -4.985384e+003  3.229161e+001
      vertex  1.500000e+001 -4.987000e+003  2.500000e+001
      vertex  1.436924e+001 -4.984718e+003  2.930406e+001
    endloop
  endfacet
  facet normal  7.086101e-001  6.777009e-001  1.964515e-001
    outer loop
      vertex  1.417842e+001 -4.985384e+003  3.229161e+001
      vertex  1.436924e+001 -4.984718e+003  2.930406e+001
      vertex  1.365162e+001 -4.984691e+003  3.180158e+001
    endloop
  endfacet
  facet normal  7.559402e-001  3.468017e-001  5.552323e-001
    outer loop
      vertex  1.220202e+001 -4.983087e+003  3.372414e+001
      vertex  1.147059e+001 -4.983000e+003  3.466569e+001
      vertex  1.249363e+001 -4.984367e+003  3.412648e+001
    endloop
  endfacet
  facet normal  6.974310e-001  2.583267e-001  6.684740e-001
    outer loop
      vertex  1.249363e+001 -4.984367e+003  3.412648e+001
      vertex  1.147059e+001 -4.983000e+003  3.466569e+001
      vertex  1.167549e+001 -4.984000e+003  3.483835e+001
    endloop
  endfacet
  facet normal  6.202834e-001  7.010944e-001  3.517316e-001
    outer loop
      vertex  1.249363e+001 -4.984367e+003  3.412648e+001
      vertex  1.167549e+001 -4.984000e+003  3.483835e+001
      vertex  1.223530e+001 -4.984732e+003  3.531007e+001
    endloop
  endfacet
  facet normal -4.539734e-001 -8.673435e-003  8.909732e-001
    outer loop
      vertex -8.225250e+000 -5.017000e+003  3.754374e+001
      vertex -8.816779e+000 -5.028000e+003  3.713525e+001
      vertex -4.635255e+000 -5.028000e+003  3.926585e+001
    endloop
  endfacet
  facet normal -4.216713e-001  4.336906e-003  9.067384e-001
    outer loop
      vertex -8.225250e+000 -5.017000e+003  3.754374e+001
      vertex -4.635255e+000 -5.028000e+003  3.926585e+001
      vertex -4.292085e+000 -5.017000e+003  3.937282e+001
    endloop
  endfacet
  facet normal  4.539734e-001 -8.673435e-003  8.909732e-001
    outer loop
      vertex  4.635255e+000 -5.028000e+003  3.926585e+001
      vertex  8.816779e+000 -5.028000e+003  3.713525e+001
      vertex  8.225250e+000 -5.017000e+003  3.754374e+001
    endloop
  endfacet
  facet normal -7.896939e-001  3.704423e-004  6.135011e-001
    outer loop
      vertex -1.147059e+001 -5.017000e+003  3.466569e+001
      vertex -1.220202e+001 -5.016913e+003  3.372414e+001
      vertex -1.213525e+001 -5.028000e+003  3.381678e+001
    endloop
  endfacet
  facet normal -7.070570e-001 -1.184292e-002  7.070574e-001
    outer loop
      vertex -1.147059e+001 -5.017000e+003  3.466569e+001
      vertex -1.213525e+001 -5.028000e+003  3.381678e+001
      vertex -8.816779e+000 -5.028000e+003  3.713525e+001
    endloop
  endfacet
  facet normal -6.634797e-001  7.896440e-003  7.481526e-001
    outer loop
      vertex -1.147059e+001 -5.017000e+003  3.466569e+001
      vertex -8.816779e+000 -5.028000e+003  3.713525e+001
      vertex -8.225250e+000 -5.017000e+003  3.754374e+001
    endloop
  endfacet
  facet normal  6.634797e-001  7.896440e-003  7.481526e-001
    outer loop
      vertex  1.147059e+001 -5.017000e+003  3.466569e+001
      vertex  8.225250e+000 -5.017000e+003  3.754374e+001
      vertex  8.816779e+000 -5.028000e+003  3.713525e+001
    endloop
  endfacet
  facet normal  7.070570e-001 -1.184292e-002  7.070574e-001
    outer loop
      vertex  1.147059e+001 -5.017000e+003  3.466569e+001
      vertex  8.816779e+000 -5.028000e+003  3.713525e+001
      vertex  1.213525e+001 -5.028000e+003  3.381678e+001
    endloop
  endfacet
  facet normal  8.019949e-001  2.361998e-003  5.973262e-001
    outer loop
      vertex  1.147059e+001 -5.017000e+003  3.466569e+001
      vertex  1.213525e+001 -5.028000e+003  3.381678e+001
      vertex  1.255009e+001 -5.016808e+003  3.321555e+001
    endloop
  endfacet
  facet normal -9.894315e-001  0.000000e+000  1.450011e-001
    outer loop
      vertex -1.500000e+001 -5.013000e+003  2.500000e+001
      vertex -1.500000e+001 -5.028000e+003  2.500000e+001
      vertex -1.436924e+001 -5.015282e+003  2.930406e+001
    endloop
  endfacet
  facet normal -9.876806e-001 -3.955769e-003  1.564331e-001
    outer loop
      vertex -1.436924e+001 -5.015282e+003  2.930406e+001
      vertex -1.500000e+001 -5.028000e+003  2.500000e+001
      vertex -1.426585e+001 -5.028000e+003  2.963526e+001
    endloop
  endfacet
  facet normal -9.330823e-001  1.780523e-003  3.596585e-001
    outer loop
      vertex -1.436924e+001 -5.015282e+003  2.930406e+001
      vertex -1.426585e+001 -5.028000e+003  2.963526e+001
      vertex -1.355015e+001 -5.016232e+003  3.143377e+001
    endloop
  endfacet
  facet normal -8.619178e-001 -9.539687e-004  5.070472e-001
    outer loop
      vertex -1.220202e+001 -5.016913e+003  3.372414e+001
      vertex -1.355015e+001 -5.016232e+003  3.143377e+001
      vertex -1.213525e+001 -5.028000e+003  3.381678e+001
    endloop
  endfacet
  facet normal -8.909036e-001 -1.519344e-002  4.539381e-001
    outer loop
      vertex -1.213525e+001 -5.028000e+003  3.381678e+001
      vertex -1.355015e+001 -5.016232e+003  3.143377e+001
      vertex -1.426585e+001 -5.028000e+003  2.963526e+001
    endloop
  endfacet
  facet normal -1.445870e-001 -5.112018e-003  9.894789e-001
    outer loop
      vertex -4.292085e+000 -5.017000e+003  3.937282e+001
      vertex -4.635255e+000 -5.028000e+003  3.926585e+001
      vertex  1.252533e-014 -5.017000e+003  4.000000e+001
    endloop
  endfacet
  facet normal -1.564348e-001  1.894664e-016  9.876883e-001
    outer loop
      vertex  1.252533e-014 -5.017000e+003  4.000000e+001
      vertex -4.635255e+000 -5.028000e+003  3.926585e+001
      vertex -7.973494e-016 -5.028000e+003  4.000000e+001
    endloop
  endfacet
  facet normal  1.445889e-001 -1.751191e-016  9.894918e-001
    outer loop
      vertex  1.252533e-014 -5.017000e+003  4.000000e+001
      vertex -7.973494e-016 -5.028000e+003  4.000000e+001
      vertex  4.292085e+000 -5.017000e+003  3.937282e+001
    endloop
  endfacet
  facet normal  1.564330e-001 -4.724932e-003  9.876773e-001
    outer loop
      vertex  4.292085e+000 -5.017000e+003  3.937282e+001
      vertex -7.973494e-016 -5.028000e+003  4.000000e+001
      vertex  4.635255e+000 -5.028000e+003  3.926585e+001
    endloop
  endfacet
  facet normal  4.216713e-001  4.336906e-003  9.067384e-001
    outer loop
      vertex  4.292085e+000 -5.017000e+003  3.937282e+001
      vertex  4.635255e+000 -5.028000e+003  3.926585e+001
      vertex  8.225250e+000 -5.017000e+003  3.754374e+001
    endloop
  endfacet
  facet normal  8.713374e-001 -5.938984e-003  4.906482e-001
    outer loop
      vertex  1.255009e+001 -5.016808e+003  3.321555e+001
      vertex  1.213525e+001 -5.028000e+003  3.381678e+001
      vertex  1.351074e+001 -5.016264e+003  3.151612e+001
    endloop
  endfacet
  facet normal  8.909004e-001 -1.542873e-002  4.539365e-001
    outer loop
      vertex  1.351074e+001 -5.016264e+003  3.151612e+001
      vertex  1.213525e+001 -5.028000e+003  3.381678e+001
      vertex  1.426585e+001 -5.028000e+003  2.963526e+001
    endloop
  endfacet
  facet normal  9.319832e-001  1.869364e-003  3.624966e-001
    outer loop
      vertex  1.351074e+001 -5.016264e+003  3.151612e+001
      vertex  1.426585e+001 -5.028000e+003  2.963526e+001
      vertex  1.436952e+001 -5.015282e+003  2.930313e+001
    endloop
  endfacet
  facet normal  9.876884e-001  0.000000e+000  1.564344e-001
    outer loop
      vertex  1.500000e+001 -5.028000e+003  2.500000e+001
      vertex  1.500000e+001 -5.013000e+003  2.500000e+001
      vertex  1.426585e+001 -5.028000e+003  2.963526e+001
    endloop
  endfacet
  facet normal  9.897544e-001 -4.340989e-003  1.427138e-001
    outer loop
      vertex  1.426585e+001 -5.028000e+003  2.963526e+001
      vertex  1.500000e+001 -5.013000e+003  2.500000e+001
      vertex  1.436952e+001 -5.015282e+003  2.930313e+001
    endloop
  endfacet
  facet normal -9.238650e-001 -3.827186e-001  0.000000e+000
    outer loop
      vertex -1.500000e+001 -5.013000e+003  1.000000e+002
      vertex -1.500000e+001 -5.013000e+003  2.500000e+001
      vertex -1.441421e+001 -5.014414e+003  1.000000e+002
    endloop
  endfacet
  facet normal -9.919366e-001 -1.266219e-001  5.360162e-003
    outer loop
      vertex -1.441421e+001 -5.014414e+003  1.000000e+002
      vertex -1.500000e+001 -5.013000e+003  2.500000e+001
      vertex -1.491182e+001 -5.013587e+003  2.744237e+001
    endloop
  endfacet
  facet normal -8.117186e-001 -5.840477e-001 -1.087311e-003
    outer loop
      vertex -1.441421e+001 -5.014414e+003  1.000000e+002
      vertex -1.491182e+001 -5.013587e+003  2.744237e+001
      vertex -1.417842e+001 -5.014616e+003  3.229161e+001
    endloop
  endfacet
  facet normal -3.148850e-001 -9.491282e-001  1.730259e-003
    outer loop
      vertex -1.417842e+001 -5.014616e+003  3.229161e+001
      vertex -1.300000e+001 -5.015000e+003  3.595445e+001
      vertex -1.441421e+001 -5.014414e+003  1.000000e+002
    endloop
  endfacet
  facet normal -3.827678e-001 -9.238446e-001  0.000000e+000
    outer loop
      vertex -1.441421e+001 -5.014414e+003  1.000000e+002
      vertex -1.300000e+001 -5.015000e+003  3.595445e+001
      vertex -1.300000e+001 -5.015000e+003  1.000000e+002
    endloop
  endfacet
  facet normal  0.000000e+000 -9.999999e-001  0.000000e+000
    outer loop
      vertex -1.391600e-014 -5.015000e+003  7.550000e+001
      vertex -2.157707e-015 -5.015000e+003  4.200000e+001
      vertex  3.635493e+000 -5.015000e+003  7.622314e+001
    endloop
  endfacet
  facet normal  0.000000e+000 -9.999999e-001  0.000000e+000
    outer loop
      vertex -1.391600e-014 -5.015000e+003  7.550000e+001
      vertex -3.635493e+000 -5.015000e+003  7.622314e+001
      vertex -2.157707e-015 -5.015000e+003  4.200000e+001
    endloop
  endfacet
  facet normal  0.000000e+000 -1.000000e+000  0.000000e+000
    outer loop
      vertex -8.776855e+000 -5.015000e+003  8.136451e+001
      vertex -2.157707e-015 -5.015000e+003  4.200000e+001
      vertex -6.717515e+000 -5.015000e+003  7.828249e+001
    endloop
  endfacet
  facet normal  0.000000e+000 -1.000000e+000  0.000000e+000
    outer loop
      vertex -6.717515e+000 -5.015000e+003  7.828249e+001
      vertex -2.157707e-015 -5.015000e+003  4.200000e+001
      vertex -3.635493e+000 -5.015000e+003  7.622314e+001
    endloop
  endfacet
  facet normal  0.000000e+000 -1.000000e+000  -0.000000e+000
    outer loop
      vertex  8.776855e+000 -5.015000e+003  8.136451e+001
      vertex  6.717515e+000 -5.015000e+003  7.828249e+001
      vertex -2.157707e-015 -5.015000e+003  4.200000e+001
    endloop
  endfacet
  facet normal  0.000000e+000 -1.000000e+000  -0.000000e+000
    outer loop
      vertex  6.717515e+000 -5.015000e+003  7.828249e+001
      vertex  3.635493e+000 -5.015000e+003  7.622314e+001
      vertex -2.157707e-015 -5.015000e+003  4.200000e+001
    endloop
  endfacet
  facet normal  0.000000e+000 -1.000000e+000  0.000000e+000
    outer loop
      vertex -1.300000e+001 -5.015000e+003  1.000000e+002
      vertex -1.300000e+001 -5.015000e+003  3.595445e+001
      vertex -9.321950e+000 -5.015000e+003  3.921623e+001
    endloop
  endfacet
  facet normal  0.000000e+000 -9.999999e-001  0.000000e+000
    outer loop
      vertex -1.300000e+001 -5.015000e+003  1.000000e+002
      vertex -9.321950e+000 -5.015000e+003  3.921623e+001
      vertex -4.864363e+000 -5.015000e+003  4.128920e+001
    endloop
  endfacet
  facet normal  0.000000e+000 -1.000000e+000  0.000000e+000
    outer loop
      vertex -1.300000e+001 -5.015000e+003  1.000000e+002
      vertex -4.864363e+000 -5.015000e+003  4.128920e+001
      vertex -2.157707e-015 -5.015000e+003  4.200000e+001
    endloop
  endfacet
  facet normal  0.000000e+000 -1.000000e+000  0.000000e+000
    outer loop
      vertex -1.300000e+001 -5.015000e+003  1.000000e+002
      vertex -2.157707e-015 -5.015000e+003  4.200000e+001
      vertex -8.776855e+000 -5.015000e+003  8.136451e+001
    endloop
  endfacet
  facet normal  0.000000e+000 -9.999999e-001  0.000000e+000
    outer loop
      vertex -1.300000e+001 -5.015000e+003  1.000000e+002
      vertex -8.776855e+000 -5.015000e+003  8.136451e+001
      vertex -9.500000e+000 -5.015000e+003  8.500000e+001
    endloop
  endfacet
  facet normal  0.000000e+000 -1.000000e+000  0.000000e+000
    outer loop
      vertex -1.300000e+001 -5.015000e+003  1.000000e+002
      vertex -9.500000e+000 -5.015000e+003  8.500000e+001
      vertex -8.776855e+000 -5.015000e+003  8.863549e+001
    endloop
  endfacet
  facet normal  0.000000e+000 -9.999999e-001  0.000000e+000
    outer loop
      vertex -1.300000e+001 -5.015000e+003  1.000000e+002
      vertex -8.776855e+000 -5.015000e+003  8.863549e+001
      vertex -6.717515e+000 -5.015000e+003  9.171751e+001
    endloop
  endfacet
  facet normal  0.000000e+000 -1.000000e+000  0.000000e+000
    outer loop
      vertex -1.300000e+001 -5.015000e+003  1.000000e+002
      vertex -6.717515e+000 -5.015000e+003  9.171751e+001
      vertex -3.635493e+000 -5.015000e+003  9.377686e+001
    endloop
  endfacet
  facet normal  0.000000e+000 -1.000000e+000  0.000000e+000
    outer loop
      vertex -1.300000e+001 -5.015000e+003  1.000000e+002
      vertex -3.635493e+000 -5.015000e+003  9.377686e+001
      vertex  2.230672e-015 -5.015000e+003  9.450000e+001
    endloop
  endfacet
  facet normal  0.000000e+000 -1.000000e+000  0.000000e+000
    outer loop
      vertex -1.300000e+001 -5.015000e+003  1.000000e+002
      vertex  2.230672e-015 -5.015000e+003  9.450000e+001
      vertex  1.300000e+001 -5.015000e+003  1.000000e+002
    endloop
  endfacet
  facet normal  0.000000e+000 -1.000000e+000  0.000000e+000
    outer loop
      vertex  1.300000e+001 -5.015000e+003  1.000000e+002
      vertex  2.230672e-015 -5.015000e+003  9.450000e+001
      vertex  3.635493e+000 -5.015000e+003  9.377686e+001
    endloop
  endfacet
  facet normal  0.000000e+000 -1.000000e+000  0.000000e+000
    outer loop
      vertex  1.300000e+001 -5.015000e+003  1.000000e+002
      vertex  3.635493e+000 -5.015000e+003  9.377686e+001
      vertex  6.717515e+000 -5.015000e+003  9.171751e+001
    endloop
  endfacet
  facet normal  0.000000e+000 -9.999999e-001  0.000000e+000
    outer loop
      vertex  1.300000e+001 -5.015000e+003  1.000000e+002
      vertex  6.717515e+000 -5.015000e+003  9.171751e+001
      vertex  8.776855e+000 -5.015000e+003  8.863549e+001
    endloop
  endfacet
  facet normal  0.000000e+000 -1.000000e+000  0.000000e+000
    outer loop
      vertex  1.300000e+001 -5.015000e+003  1.000000e+002
      vertex  8.776855e+000 -5.015000e+003  8.863549e+001
      vertex  9.500000e+000 -5.015000e+003  8.500000e+001
    endloop
  endfacet
  facet normal  0.000000e+000 -9.999999e-001  -0.000000e+000
    outer loop
      vertex  1.300000e+001 -5.015000e+003  1.000000e+002
      vertex  9.500000e+000 -5.015000e+003  8.500000e+001
      vertex  8.776855e+000 -5.015000e+003  8.136451e+001
    endloop
  endfacet
  facet normal  0.000000e+000 -1.000000e+000  -0.000000e+000
    outer loop
      vertex  1.300000e+001 -5.015000e+003  1.000000e+002
      vertex  8.776855e+000 -5.015000e+003  8.136451e+001
      vertex -2.157707e-015 -5.015000e+003  4.200000e+001
    endloop
  endfacet
  facet normal  0.000000e+000 -1.000000e+000  0.000000e+000
    outer loop
      vertex  1.300000e+001 -5.015000e+003  1.000000e+002
      vertex -2.157707e-015 -5.015000e+003  4.200000e+001
      vertex  4.864363e+000 -5.015000e+003  4.128920e+001
    endloop
  endfacet
  facet normal  0.000000e+000 -9.999999e-001  0.000000e+000
    outer loop
      vertex  1.300000e+001 -5.015000e+003  1.000000e+002
      vertex  4.864363e+000 -5.015000e+003  4.128920e+001
      vertex  9.321950e+000 -5.015000e+003  3.921623e+001
    endloop
  endfacet
  facet normal  0.000000e+000 -1.000000e+000  0.000000e+000
    outer loop
      vertex  1.300000e+001 -5.015000e+003  1.000000e+002
      vertex  9.321950e+000 -5.015000e+003  3.921623e+001
      vertex  1.300000e+001 -5.015000e+003  3.595445e+001
    endloop
  endfacet
  facet normal  3.827678e-001 -9.238446e-001  0.000000e+000
    outer loop
      vertex  1.300000e+001 -5.015000e+003  1.000000e+002
      vertex  1.300000e+001 -5.015000e+003  3.595445e+001
      vertex  1.441421e+001 -5.014414e+003  1.000000e+002
    endloop
  endfacet
  facet normal  3.087201e-001 -9.511511e-001  1.884895e-003
    outer loop
      vertex  1.441421e+001 -5.014414e+003  1.000000e+002
      vertex  1.300000e+001 -5.015000e+003  3.595445e+001
      vertex  1.415609e+001 -5.014632e+003  3.238493e+001
    endloop
  endfacet
  facet normal  7.092876e-001 -7.049190e-001 -4.373546e-004
    outer loop
      vertex  1.441421e+001 -5.014414e+003  1.000000e+002
      vertex  1.415609e+001 -5.014632e+003  3.238493e+001
      vertex  1.464273e+001 -5.014141e+003  2.987688e+001
    endloop
  endfacet
  facet normal  9.542828e-001 -2.989051e-001  0.000000e+000
    outer loop
      vertex  1.500000e+001 -5.013000e+003  2.500000e+001
      vertex  1.500000e+001 -5.013000e+003  1.000000e+002
      vertex  1.464273e+001 -5.014141e+003  2.987688e+001
    endloop
  endfacet
  facet normal  9.238639e-001 -3.827181e-001  1.518286e-003
    outer loop
      vertex  1.464273e+001 -5.014141e+003  2.987688e+001
      vertex  1.500000e+001 -5.013000e+003  1.000000e+002
      vertex  1.441421e+001 -5.014414e+003  1.000000e+002
    endloop
  endfacet
  facet normal  6.504465e-001 -7.477200e-001  1.335447e-001
    outer loop
      vertex  1.300000e+001 -5.015000e+003  3.595445e+001
      vertex  1.278164e+001 -5.015607e+003  3.361979e+001
      vertex  1.415609e+001 -5.014632e+003  3.238493e+001
    endloop
  endfacet
  facet normal  3.233010e-001 -9.227797e-001  2.096527e-001
    outer loop
      vertex  1.300000e+001 -5.015000e+003  3.595445e+001
      vertex  1.191854e+001 -5.015586e+003  3.504316e+001
      vertex  1.278164e+001 -5.015607e+003  3.361979e+001
    endloop
  endfacet
  facet normal  7.798833e-001 -6.252592e-001  2.886203e-002
    outer loop
      vertex  1.361629e+001 -5.015328e+003  3.188674e+001
      vertex  1.464273e+001 -5.014141e+003  2.987688e+001
      vertex  1.415609e+001 -5.014632e+003  3.238493e+001
    endloop
  endfacet
  facet normal  6.882741e-001 -6.911984e-001  2.202806e-001
    outer loop
      vertex  1.415609e+001 -5.014632e+003  3.238493e+001
      vertex  1.278164e+001 -5.015607e+003  3.361979e+001
      vertex  1.361629e+001 -5.015328e+003  3.188674e+001
    endloop
  endfacet
  facet normal  7.887832e-001 -3.790433e-001  4.838876e-001
    outer loop
      vertex  1.191854e+001 -5.015586e+003  3.504316e+001
      vertex  1.147059e+001 -5.017000e+003  3.466569e+001
      vertex  1.278164e+001 -5.015607e+003  3.361979e+001
    endloop
  endfacet
  facet normal  7.776047e-001 -3.300070e-001  5.351881e-001
    outer loop
      vertex  1.278164e+001 -5.015607e+003  3.361979e+001
      vertex  1.147059e+001 -5.017000e+003  3.466569e+001
      vertex  1.255009e+001 -5.016808e+003  3.321555e+001
    endloop
  endfacet
  facet normal  8.784001e-001 -2.956877e-001  3.754758e-001
    outer loop
      vertex  1.278164e+001 -5.015607e+003  3.361979e+001
      vertex  1.255009e+001 -5.016808e+003  3.321555e+001
      vertex  1.361629e+001 -5.015328e+003  3.188674e+001
    endloop
  endfacet
  facet normal  8.737639e-001 -2.610106e-001  4.103779e-001
    outer loop
      vertex  1.361629e+001 -5.015328e+003  3.188674e+001
      vertex  1.255009e+001 -5.016808e+003  3.321555e+001
      vertex  1.351074e+001 -5.016264e+003  3.151612e+001
    endloop
  endfacet
  facet normal  9.149032e-001 -2.335323e-001  3.292640e-001
    outer loop
      vertex  1.361629e+001 -5.015328e+003  3.188674e+001
      vertex  1.351074e+001 -5.016264e+003  3.151612e+001
      vertex  1.464273e+001 -5.014141e+003  2.987688e+001
    endloop
  endfacet
  facet normal  9.208622e-001 -3.271322e-001  2.121257e-001
    outer loop
      vertex  1.464273e+001 -5.014141e+003  2.987688e+001
      vertex  1.351074e+001 -5.016264e+003  3.151612e+001
      vertex  1.436952e+001 -5.015282e+003  2.930313e+001
    endloop
  endfacet
  facet normal  9.706722e-001 -2.399390e-001  1.499189e-002
    outer loop
      vertex  1.464273e+001 -5.014141e+003  2.987688e+001
      vertex  1.436952e+001 -5.015282e+003  2.930313e+001
      vertex  1.500000e+001 -5.013000e+003  2.500000e+001
    endloop
  endfacet
  facet normal  4.482007e-001 -3.433420e-001  8.253680e-001
    outer loop
      vertex  9.079294e+000 -5.015586e+003  3.766819e+001
      vertex  5.681192e+000 -5.015586e+003  3.951347e+001
      vertex  8.225250e+000 -5.017000e+003  3.754374e+001
    endloop
  endfacet
  facet normal  2.332029e-001 -3.204075e-001  9.181260e-001
    outer loop
      vertex  5.681192e+000 -5.015586e+003  3.951347e+001
      vertex  1.933399e+000 -5.015586e+003  4.046540e+001
      vertex  4.292085e+000 -5.017000e+003  3.937282e+001
    endloop
  endfacet
  facet normal  3.764895e-001 -4.503693e-001  8.095821e-001
    outer loop
      vertex  8.225250e+000 -5.017000e+003  3.754374e+001
      vertex  5.681192e+000 -5.015586e+003  3.951347e+001
      vertex  4.292085e+000 -5.017000e+003  3.937282e+001
    endloop
  endfacet
  facet normal  1.771473e-001 -9.074765e-001  3.809270e-001
    outer loop
      vertex  9.321950e+000 -5.015000e+003  3.921623e+001
      vertex  4.864363e+000 -5.015000e+003  4.128920e+001
      vertex  5.681192e+000 -5.015586e+003  3.951347e+001
    endloop
  endfacet
  facet normal  1.760544e-001 -9.294594e-001  3.242067e-001
    outer loop
      vertex  9.079294e+000 -5.015586e+003  3.766819e+001
      vertex  9.321950e+000 -5.015000e+003  3.921623e+001
      vertex  5.681192e+000 -5.015586e+003  3.951347e+001
    endloop
  endfacet
  facet normal  0.000000e+000 -3.126286e-001  9.498755e-001
    outer loop
      vertex  1.933399e+000 -5.015586e+003  4.046540e+001
      vertex -1.933399e+000 -5.015586e+003  4.046540e+001
      vertex  1.252533e-014 -5.017000e+003  4.000000e+001
    endloop
  endfacet
  facet normal  1.281051e-001 -4.636936e-001  8.766855e-001
    outer loop
      vertex  4.292085e+000 -5.017000e+003  3.937282e+001
      vertex  1.933399e+000 -5.015586e+003  4.046540e+001
      vertex  1.252533e-014 -5.017000e+003  4.000000e+001
    endloop
  endfacet
  facet normal  6.181704e-002 -9.039975e-001  4.230451e-001
    outer loop
      vertex  4.864363e+000 -5.015000e+003  4.128920e+001
      vertex -2.157707e-015 -5.015000e+003  4.200000e+001
      vertex  1.933399e+000 -5.015586e+003  4.046540e+001
    endloop
  endfacet
  facet normal  8.854853e-002 -9.330727e-001  3.486179e-001
    outer loop
      vertex  5.681192e+000 -5.015586e+003  3.951347e+001
      vertex  4.864363e+000 -5.015000e+003  4.128920e+001
      vertex  1.933399e+000 -5.015586e+003  4.046540e+001
    endloop
  endfacet
  facet normal -2.332029e-001 -3.204075e-001  9.181260e-001
    outer loop
      vertex -1.933399e+000 -5.015586e+003  4.046540e+001
      vertex -5.681192e+000 -5.015586e+003  3.951347e+001
      vertex -4.292085e+000 -5.017000e+003  3.937282e+001
    endloop
  endfacet
  facet normal -1.281051e-001 -4.636936e-001  8.766855e-001
    outer loop
      vertex  1.252533e-014 -5.017000e+003  4.000000e+001
      vertex -1.933399e+000 -5.015586e+003  4.046540e+001
      vertex -4.292085e+000 -5.017000e+003  3.937282e+001
    endloop
  endfacet
  facet normal -6.181704e-002 -9.039975e-001  4.230451e-001
    outer loop
      vertex -2.157707e-015 -5.015000e+003  4.200000e+001
      vertex -4.864363e+000 -5.015000e+003  4.128920e+001
      vertex -1.933399e+000 -5.015586e+003  4.046540e+001
    endloop
  endfacet
  facet normal  0.000000e+000 -9.342181e-001  3.567021e-001
    outer loop
      vertex  1.933399e+000 -5.015586e+003  4.046540e+001
      vertex -2.157707e-015 -5.015000e+003  4.200000e+001
      vertex -1.933399e+000 -5.015586e+003  4.046540e+001
    endloop
  endfacet
  facet normal -3.764895e-001 -4.503693e-001  8.095821e-001
    outer loop
      vertex -4.292085e+000 -5.017000e+003  3.937282e+001
      vertex -5.681192e+000 -5.015586e+003  3.951347e+001
      vertex -8.225250e+000 -5.017000e+003  3.754374e+001
    endloop
  endfacet
  facet normal -1.771473e-001 -9.074765e-001  3.809270e-001
    outer loop
      vertex -4.864363e+000 -5.015000e+003  4.128920e+001
      vertex -9.321950e+000 -5.015000e+003  3.921623e+001
      vertex -5.681192e+000 -5.015586e+003  3.951347e+001
    endloop
  endfacet
  facet normal -8.854853e-002 -9.330727e-001  3.486179e-001
    outer loop
      vertex -1.933399e+000 -5.015586e+003  4.046540e+001
      vertex -4.864363e+000 -5.015000e+003  4.128920e+001
      vertex -5.681192e+000 -5.015586e+003  3.951347e+001
    endloop
  endfacet
  facet normal -1.760544e-001 -9.294594e-001  3.242067e-001
    outer loop
      vertex -5.681192e+000 -5.015586e+003  3.951347e+001
      vertex -9.321950e+000 -5.015000e+003  3.921623e+001
      vertex -9.079294e+000 -5.015586e+003  3.766819e+001
    endloop
  endfacet
  facet normal -4.696560e-001 -7.032133e-001  5.337737e-001
    outer loop
      vertex -1.167549e+001 -5.016000e+003  3.483835e+001
      vertex -9.079294e+000 -5.015586e+003  3.766819e+001
      vertex -1.223530e+001 -5.015268e+003  3.531007e+001
    endloop
  endfacet
  facet normal -3.104103e-001 -9.041386e-001  2.935624e-001
    outer loop
      vertex -1.223530e+001 -5.015268e+003  3.531007e+001
      vertex -9.079294e+000 -5.015586e+003  3.766819e+001
      vertex -9.321950e+000 -5.015000e+003  3.921623e+001
    endloop
  endfacet
  facet normal -1.734968e-001 -9.652070e-001  1.956386e-001
    outer loop
      vertex -1.223530e+001 -5.015268e+003  3.531007e+001
      vertex -9.321950e+000 -5.015000e+003  3.921623e+001
      vertex -1.300000e+001 -5.015000e+003  3.595445e+001
    endloop
  endfacet
  facet normal  2.693281e-001 -9.139085e-001  3.037000e-001
    outer loop
      vertex  9.321950e+000 -5.015000e+003  3.921623e+001
      vertex  9.079294e+000 -5.015586e+003  3.766819e+001
      vertex  1.300000e+001 -5.015000e+003  3.595445e+001
    endloop
  endfacet
  facet normal  2.615706e-001 -9.227889e-001  2.829159e-001
    outer loop
      vertex  1.300000e+001 -5.015000e+003  3.595445e+001
      vertex  9.079294e+000 -5.015586e+003  3.766819e+001
      vertex  1.191854e+001 -5.015586e+003  3.504316e+001
    endloop
  endfacet
  facet normal  6.132897e-001 -4.287888e-001  6.633368e-001
    outer loop
      vertex  9.079294e+000 -5.015586e+003  3.766819e+001
      vertex  8.225250e+000 -5.017000e+003  3.754374e+001
      vertex  1.191854e+001 -5.015586e+003  3.504316e+001
    endloop
  endfacet
  facet normal  6.139256e-001 -3.792775e-001  6.922745e-001
    outer loop
      vertex  1.191854e+001 -5.015586e+003  3.504316e+001
      vertex  8.225250e+000 -5.017000e+003  3.754374e+001
      vertex  1.147059e+001 -5.017000e+003  3.466569e+001
    endloop
  endfacet
  facet normal -4.482007e-001 -3.433420e-001  8.253680e-001
    outer loop
      vertex -5.681192e+000 -5.015586e+003  3.951347e+001
      vertex -9.079294e+000 -5.015586e+003  3.766819e+001
      vertex -8.225250e+000 -5.017000e+003  3.754374e+001
    endloop
  endfacet
  facet normal -6.300203e-001 -4.370109e-001  6.419470e-001
    outer loop
      vertex -8.225250e+000 -5.017000e+003  3.754374e+001
      vertex -9.079294e+000 -5.015586e+003  3.766819e+001
      vertex -1.167549e+001 -5.016000e+003  3.483835e+001
    endloop
  endfacet
  facet normal -6.413411e-001 -2.562807e-001  7.231887e-001
    outer loop
      vertex -8.225250e+000 -5.017000e+003  3.754374e+001
      vertex -1.167549e+001 -5.016000e+003  3.483835e+001
      vertex -1.147059e+001 -5.017000e+003  3.466569e+001
    endloop
  endfacet
  facet normal -7.251745e-002 -9.484549e-001  3.085040e-001
    outer loop
      vertex -1.300000e+001 -5.015000e+003  3.595445e+001
      vertex -1.249363e+001 -5.015633e+003  3.412648e+001
      vertex -1.223530e+001 -5.015268e+003  3.531007e+001
    endloop
  endfacet
  facet normal -9.402533e-001 -2.100672e-001  2.679469e-001
    outer loop
      vertex -1.365162e+001 -5.015309e+003  3.180158e+001
      vertex -1.436924e+001 -5.015282e+003  2.930406e+001
      vertex -1.355015e+001 -5.016232e+003  3.143377e+001
    endloop
  endfacet
  facet normal -8.632739e-001 -2.657943e-001  4.290822e-001
    outer loop
      vertex -1.355015e+001 -5.016232e+003  3.143377e+001
      vertex -1.220202e+001 -5.016913e+003  3.372414e+001
      vertex -1.365162e+001 -5.015309e+003  3.180158e+001
    endloop
  endfacet
  facet normal -8.654459e-001 -3.187231e-001  3.865478e-001
    outer loop
      vertex -1.365162e+001 -5.015309e+003  3.180158e+001
      vertex -1.220202e+001 -5.016913e+003  3.372414e+001
      vertex -1.249363e+001 -5.015633e+003  3.412648e+001
    endloop
  endfacet
  facet normal -6.816018e-001 -6.901599e-001  2.431019e-001
    outer loop
      vertex -1.365162e+001 -5.015309e+003  3.180158e+001
      vertex -1.249363e+001 -5.015633e+003  3.412648e+001
      vertex -1.417842e+001 -5.014616e+003  3.229161e+001
    endloop
  endfacet
  facet normal -5.983704e-001 -7.937382e-001  1.092362e-001
    outer loop
      vertex -1.417842e+001 -5.014616e+003  3.229161e+001
      vertex -1.249363e+001 -5.015633e+003  3.412648e+001
      vertex -1.300000e+001 -5.015000e+003  3.595445e+001
    endloop
  endfacet
  facet normal  2.331199e-001 -9.435407e-001 -2.353427e-001
    outer loop
      vertex -1.491182e+001 -5.013587e+003  2.744237e+001
      vertex -1.500000e+001 -5.013000e+003  2.500000e+001
      vertex -1.417842e+001 -5.014616e+003  3.229161e+001
    endloop
  endfacet
  facet normal -9.902197e-001 -1.086738e-001  8.749229e-002
    outer loop
      vertex -1.417842e+001 -5.014616e+003  3.229161e+001
      vertex -1.500000e+001 -5.013000e+003  2.500000e+001
      vertex -1.436924e+001 -5.015282e+003  2.930406e+001
    endloop
  endfacet
  facet normal -7.086101e-001 -6.777009e-001  1.964515e-001
    outer loop
      vertex -1.417842e+001 -5.014616e+003  3.229161e+001
      vertex -1.436924e+001 -5.015282e+003  2.930406e+001
      vertex -1.365162e+001 -5.015309e+003  3.180158e+001
    endloop
  endfacet
  facet normal -7.559402e-001 -3.468017e-001  5.552323e-001
    outer loop
      vertex -1.220202e+001 -5.016913e+003  3.372414e+001
      vertex -1.147059e+001 -5.017000e+003  3.466569e+001
      vertex -1.249363e+001 -5.015633e+003  3.412648e+001
    endloop
  endfacet
  facet normal -6.974310e-001 -2.583267e-001  6.684740e-001
    outer loop
      vertex -1.249363e+001 -5.015633e+003  3.412648e+001
      vertex -1.147059e+001 -5.017000e+003  3.466569e+001
      vertex -1.167549e+001 -5.016000e+003  3.483835e+001
    endloop
  endfacet
  facet normal -6.202834e-001 -7.010944e-001  3.517316e-001
    outer loop
      vertex -1.249363e+001 -5.015633e+003  3.412648e+001
      vertex -1.167549e+001 -5.016000e+003  3.483835e+001
      vertex -1.223530e+001 -5.015268e+003  3.531007e+001
    endloop
  endfacet
  facet normal  3.820662e-001 -9.221516e-001 -6.051339e-002
    outer loop
      vertex  1.300000e+001 -5.030000e+003 -2.500000e+001
      vertex  1.236373e+001 -5.030000e+003 -2.901722e+001
      vertex  1.441421e+001 -5.029414e+003 -2.500000e+001
    endloop
  endfacet
  facet normal  3.820662e-001 -9.221516e-001 -6.051331e-002
    outer loop
      vertex  1.441421e+001 -5.029414e+003 -2.500000e+001
      vertex  1.236373e+001 -5.030000e+003 -2.901722e+001
      vertex  1.370873e+001 -5.029414e+003 -2.945424e+001
    endloop
  endfacet
  facet normal  9.141305e-001 -3.786860e-001 -1.447840e-001
    outer loop
      vertex  1.441421e+001 -5.029414e+003 -2.500000e+001
      vertex  1.370873e+001 -5.029414e+003 -2.945424e+001
      vertex  1.500000e+001 -5.028000e+003 -2.500000e+001
    endloop
  endfacet
  facet normal  9.141304e-001 -3.786861e-001 -1.447839e-001
    outer loop
      vertex  1.500000e+001 -5.028000e+003 -2.500000e+001
      vertex  1.370873e+001 -5.029414e+003 -2.945424e+001
      vertex  1.426585e+001 -5.028000e+003 -2.963526e+001
    endloop
  endfacet
  facet normal -3.820661e-001 -9.221516e-001 -6.051336e-002
    outer loop
      vertex -1.236373e+001 -5.030000e+003 -2.901722e+001
      vertex -1.300000e+001 -5.030000e+003 -2.500000e+001
      vertex -1.370873e+001 -5.029414e+003 -2.945424e+001
    endloop
  endfacet
  facet normal -3.820663e-001 -9.221516e-001 -6.051333e-002
    outer loop
      vertex -1.370873e+001 -5.029414e+003 -2.945424e+001
      vertex -1.300000e+001 -5.030000e+003 -2.500000e+001
      vertex -1.441421e+001 -5.029414e+003 -2.500000e+001
    endloop
  endfacet
  facet normal -9.141304e-001 -3.786860e-001 -1.447840e-001
    outer loop
      vertex -1.370873e+001 -5.029414e+003 -2.945424e+001
      vertex -1.441421e+001 -5.029414e+003 -2.500000e+001
      vertex -1.426585e+001 -5.028000e+003 -2.963526e+001
    endloop
  endfacet
  facet normal -9.141305e-001 -3.786860e-001 -1.447839e-001
    outer loop
      vertex -1.426585e+001 -5.028000e+003 -2.963526e+001
      vertex -1.441421e+001 -5.029414e+003 -2.500000e+001
      vertex -1.500000e+001 -5.028000e+003 -2.500000e+001
    endloop
  endfacet
  facet normal -3.446669e-001 -9.221516e-001 -1.756166e-001
    outer loop
      vertex -1.051722e+001 -5.030000e+003 -3.264121e+001
      vertex -1.236373e+001 -5.030000e+003 -2.901722e+001
      vertex -1.166134e+001 -5.029414e+003 -3.347246e+001
    endloop
  endfacet
  facet normal -3.446669e-001 -9.221516e-001 -1.756166e-001
    outer loop
      vertex -1.166134e+001 -5.029414e+003 -3.347246e+001
      vertex -1.236373e+001 -5.030000e+003 -2.901722e+001
      vertex -1.370873e+001 -5.029414e+003 -2.945424e+001
    endloop
  endfacet
  facet normal -8.246489e-001 -3.786863e-001 -4.201797e-001
    outer loop
      vertex -1.166134e+001 -5.029414e+003 -3.347246e+001
      vertex -1.370873e+001 -5.029414e+003 -2.945424e+001
      vertex -1.213525e+001 -5.028000e+003 -3.381678e+001
    endloop
  endfacet
  facet normal -8.246489e-001 -3.786862e-001 -4.201796e-001
    outer loop
      vertex -1.213525e+001 -5.028000e+003 -3.381678e+001
      vertex -1.370873e+001 -5.029414e+003 -2.945424e+001
      vertex -1.426585e+001 -5.028000e+003 -2.963526e+001
    endloop
  endfacet
  facet normal -2.735291e-001 -9.221516e-001 -2.735293e-001
    outer loop
      vertex -7.641208e+000 -5.030000e+003 -3.551722e+001
      vertex -1.051722e+001 -5.030000e+003 -3.264121e+001
      vertex -8.472462e+000 -5.029414e+003 -3.666134e+001
    endloop
  endfacet
  facet normal -2.735293e-001 -9.221516e-001 -2.735293e-001
    outer loop
      vertex -8.472462e+000 -5.029414e+003 -3.666134e+001
      vertex -1.051722e+001 -5.030000e+003 -3.264121e+001
      vertex -1.166134e+001 -5.029414e+003 -3.347246e+001
    endloop
  endfacet
  facet normal -6.544451e-001 -3.786861e-001 -6.544452e-001
    outer loop
      vertex -8.472462e+000 -5.029414e+003 -3.666134e+001
      vertex -1.166134e+001 -5.029414e+003 -3.347246e+001
      vertex -8.816779e+000 -5.028000e+003 -3.713525e+001
    endloop
  endfacet
  facet normal -6.544448e-001 -3.786864e-001 -6.544452e-001
    outer loop
      vertex -8.816779e+000 -5.028000e+003 -3.713525e+001
      vertex -1.166134e+001 -5.029414e+003 -3.347246e+001
      vertex -1.213525e+001 -5.028000e+003 -3.381678e+001
    endloop
  endfacet
  facet normal -1.756167e-001 -9.221516e-001 -3.446667e-001
    outer loop
      vertex -4.017221e+000 -5.030000e+003 -3.736374e+001
      vertex -7.641208e+000 -5.030000e+003 -3.551722e+001
      vertex -4.454237e+000 -5.029414e+003 -3.870873e+001
    endloop
  endfacet
  facet normal -1.756167e-001 -9.221516e-001 -3.446668e-001
    outer loop
      vertex -4.454237e+000 -5.029414e+003 -3.870873e+001
      vertex -7.641208e+000 -5.030000e+003 -3.551722e+001
      vertex -8.472462e+000 -5.029414e+003 -3.666134e+001
    endloop
  endfacet
  facet normal -4.201803e-001 -3.786845e-001 -8.246493e-001
    outer loop
      vertex -4.454237e+000 -5.029414e+003 -3.870873e+001
      vertex -8.472462e+000 -5.029414e+003 -3.666134e+001
      vertex -4.635255e+000 -5.028000e+003 -3.926585e+001
    endloop
  endfacet
  facet normal -4.201795e-001 -3.786860e-001 -8.246490e-001
    outer loop
      vertex -4.635255e+000 -5.028000e+003 -3.926585e+001
      vertex -8.472462e+000 -5.029414e+003 -3.666134e+001
      vertex -8.816779e+000 -5.028000e+003 -3.713525e+001
    endloop
  endfacet
  facet normal -6.051324e-002 -9.221517e-001 -3.820658e-001
    outer loop
      vertex  1.107911e-015 -5.030000e+003 -3.800000e+001
      vertex -4.017221e+000 -5.030000e+003 -3.736374e+001
      vertex  1.613781e-015 -5.029414e+003 -3.941422e+001
    endloop
  endfacet
  facet normal -6.051338e-002 -9.221516e-001 -3.820661e-001
    outer loop
      vertex  1.613781e-015 -5.029414e+003 -3.941422e+001
      vertex -4.017221e+000 -5.030000e+003 -3.736374e+001
      vertex -4.454237e+000 -5.029414e+003 -3.870873e+001
    endloop
  endfacet
  facet normal -1.447842e-001 -3.786849e-001 -9.141309e-001
    outer loop
      vertex  1.613781e-015 -5.029414e+003 -3.941422e+001
      vertex -4.454237e+000 -5.029414e+003 -3.870873e+001
      vertex  7.226533e-015 -5.028000e+003 -4.000000e+001
    endloop
  endfacet
  facet normal -1.447845e-001 -3.786844e-001 -9.141311e-001
    outer loop
      vertex  7.226533e-015 -5.028000e+003 -4.000000e+001
      vertex -4.454237e+000 -5.029414e+003 -3.870873e+001
      vertex -4.635255e+000 -5.028000e+003 -3.926585e+001
    endloop
  endfacet
  facet normal  6.051328e-002 -9.221516e-001 -3.820661e-001
    outer loop
      vertex  4.017221e+000 -5.030000e+003 -3.736374e+001
      vertex  1.107911e-015 -5.030000e+003 -3.800000e+001
      vertex  4.454237e+000 -5.029414e+003 -3.870873e+001
    endloop
  endfacet
  facet normal  6.051334e-002 -9.221517e-001 -3.820658e-001
    outer loop
      vertex  4.454237e+000 -5.029414e+003 -3.870873e+001
      vertex  1.107911e-015 -5.030000e+003 -3.800000e+001
      vertex  1.613781e-015 -5.029414e+003 -3.941422e+001
    endloop
  endfacet
  facet normal  1.447843e-001 -3.786844e-001 -9.141311e-001
    outer loop
      vertex  4.454237e+000 -5.029414e+003 -3.870873e+001
      vertex  1.613781e-015 -5.029414e+003 -3.941422e+001
      vertex  4.635255e+000 -5.028000e+003 -3.926585e+001
    endloop
  endfacet
  facet normal  1.447844e-001 -3.786848e-001 -9.141308e-001
    outer loop
      vertex  4.635255e+000 -5.028000e+003 -3.926585e+001
      vertex  1.613781e-015 -5.029414e+003 -3.941422e+001
      vertex  7.226533e-015 -5.028000e+003 -4.000000e+001
    endloop
  endfacet
  facet normal  1.756167e-001 -9.221516e-001 -3.446668e-001
    outer loop
      vertex  7.641208e+000 -5.030000e+003 -3.551722e+001
      vertex  4.017221e+000 -5.030000e+003 -3.736374e+001
      vertex  8.472462e+000 -5.029414e+003 -3.666134e+001
    endloop
  endfacet
  facet normal  1.756167e-001 -9.221516e-001 -3.446668e-001
    outer loop
      vertex  8.472462e+000 -5.029414e+003 -3.666134e+001
      vertex  4.017221e+000 -5.030000e+003 -3.736374e+001
      vertex  4.454237e+000 -5.029414e+003 -3.870873e+001
    endloop
  endfacet
  facet normal  4.201800e-001 -3.786860e-001 -8.246488e-001
    outer loop
      vertex  8.472462e+000 -5.029414e+003 -3.666134e+001
      vertex  4.454237e+000 -5.029414e+003 -3.870873e+001
      vertex  8.816779e+000 -5.028000e+003 -3.713525e+001
    endloop
  endfacet
  facet normal  4.201798e-001 -3.786845e-001 -8.246496e-001
    outer loop
      vertex  8.816779e+000 -5.028000e+003 -3.713525e+001
      vertex  4.454237e+000 -5.029414e+003 -3.870873e+001
      vertex  4.635255e+000 -5.028000e+003 -3.926585e+001
    endloop
  endfacet
  facet normal  2.735292e-001 -9.221515e-001 -2.735294e-001
    outer loop
      vertex  1.051722e+001 -5.030000e+003 -3.264121e+001
      vertex  7.641208e+000 -5.030000e+003 -3.551722e+001
      vertex  1.166134e+001 -5.029414e+003 -3.347246e+001
    endloop
  endfacet
  facet normal  2.735292e-001 -9.221516e-001 -2.735292e-001
    outer loop
      vertex  1.166134e+001 -5.029414e+003 -3.347246e+001
      vertex  7.641208e+000 -5.030000e+003 -3.551722e+001
      vertex  8.472462e+000 -5.029414e+003 -3.666134e+001
    endloop
  endfacet
  facet normal  6.544449e-001 -3.786865e-001 -6.544451e-001
    outer loop
      vertex  1.166134e+001 -5.029414e+003 -3.347246e+001
      vertex  8.472462e+000 -5.029414e+003 -3.666134e+001
      vertex  1.213525e+001 -5.028000e+003 -3.381678e+001
    endloop
  endfacet
  facet normal  6.544449e-001 -3.786861e-001 -6.544454e-001
    outer loop
      vertex  1.213525e+001 -5.028000e+003 -3.381678e+001
      vertex  8.472462e+000 -5.029414e+003 -3.666134e+001
      vertex  8.816779e+000 -5.028000e+003 -3.713525e+001
    endloop
  endfacet
  facet normal  3.446669e-001 -9.221516e-001 -1.756165e-001
    outer loop
      vertex  1.236373e+001 -5.030000e+003 -2.901722e+001
      vertex  1.051722e+001 -5.030000e+003 -3.264121e+001
      vertex  1.370873e+001 -5.029414e+003 -2.945424e+001
    endloop
  endfacet
  facet normal  3.446669e-001 -9.221516e-001 -1.756166e-001
    outer loop
      vertex  1.370873e+001 -5.029414e+003 -2.945424e+001
      vertex  1.051722e+001 -5.030000e+003 -3.264121e+001
      vertex  1.166134e+001 -5.029414e+003 -3.347246e+001
    endloop
  endfacet
  facet normal  8.246489e-001 -3.786862e-001 -4.201797e-001
    outer loop
      vertex  1.370873e+001 -5.029414e+003 -2.945424e+001
      vertex  1.166134e+001 -5.029414e+003 -3.347246e+001
      vertex  1.426585e+001 -5.028000e+003 -2.963526e+001
    endloop
  endfacet
  facet normal  8.246489e-001 -3.786862e-001 -4.201796e-001
    outer loop
      vertex  1.426585e+001 -5.028000e+003 -2.963526e+001
      vertex  1.166134e+001 -5.029414e+003 -3.347246e+001
      vertex  1.213525e+001 -5.028000e+003 -3.381678e+001
    endloop
  endfacet
  facet normal -1.000000e+000  0.000000e+000  0.000000e+000
    outer loop
      vertex -1.500000e+001 -5.025000e+003  0.000000e+000
      vertex -1.500000e+001 -5.025000e+003 -2.500000e+001
      vertex -1.500000e+001 -5.028000e+003 -2.500000e+001
    endloop
  endfacet
  facet normal -1.000000e+000  0.000000e+000  0.000000e+000
    outer loop
      vertex -1.500000e+001 -5.025000e+003  0.000000e+000
      vertex -1.500000e+001 -5.028000e+003 -2.500000e+001
      vertex -1.500000e+001 -5.028000e+003  2.500000e+001
    endloop
  endfacet
  facet normal -1.000000e+000  0.000000e+000  0.000000e+000
    outer loop
      vertex -1.500000e+001 -5.025000e+003  0.000000e+000
      vertex -1.500000e+001 -5.028000e+003  2.500000e+001
      vertex -1.500000e+001 -5.013000e+003  2.500000e+001
    endloop
  endfacet
  facet normal -1.000000e+000  0.000000e+000  -0.000000e+000
    outer loop
      vertex -1.500000e+001 -5.025000e+003  0.000000e+000
      vertex -1.500000e+001 -5.013000e+003  2.500000e+001
      vertex -1.500000e+001 -4.987000e+003  2.500000e+001
    endloop
  endfacet
  facet normal -1.000000e+000  0.000000e+000  -0.000000e+000
    outer loop
      vertex -1.500000e+001 -5.025000e+003  0.000000e+000
      vertex -1.500000e+001 -4.987000e+003  2.500000e+001
      vertex -1.500000e+001 -4.972000e+003  2.500000e+001
    endloop
  endfacet
  facet normal -1.000000e+000  0.000000e+000  0.000000e+000
    outer loop
      vertex -1.500000e+001 -5.025000e+003  0.000000e+000
      vertex -1.500000e+001 -4.972000e+003  2.500000e+001
      vertex -1.500000e+001 -4.975000e+003  0.000000e+000
    endloop
  endfacet
  facet normal -9.999999e-001  0.000000e+000  0.000000e+000
    outer loop
      vertex -1.500000e+001 -5.013000e+003  2.500000e+001
      vertex -1.500000e+001 -5.013000e+003  1.000000e+002
      vertex -1.500000e+001 -4.987000e+003  2.500000e+001
    endloop
  endfacet
  facet normal -9.999999e-001  0.000000e+000  0.000000e+000
    outer loop
      vertex -1.500000e+001 -4.987000e+003  2.500000e+001
      vertex -1.500000e+001 -5.013000e+003  1.000000e+002
      vertex -1.500000e+001 -4.987000e+003  1.000000e+002
    endloop
  endfacet
  facet normal -1.000000e+000  0.000000e+000  0.000000e+000
    outer loop
      vertex -1.500000e+001 -4.975000e+003 -2.500000e+001
      vertex -1.500000e+001 -4.975000e+003  0.000000e+000
      vertex -1.500000e+001 -4.972000e+003 -2.500000e+001
    endloop
  endfacet
  facet normal -1.000000e+000  0.000000e+000  0.000000e+000
    outer loop
      vertex -1.500000e+001 -4.972000e+003 -2.500000e+001
      vertex -1.500000e+001 -4.975000e+003  0.000000e+000
      vertex -1.500000e+001 -4.972000e+003  2.500000e+001
    endloop
  endfacet
  facet normal  1.000000e+000  0.000000e+000  -0.000000e+000
    outer loop
      vertex  1.500000e+001 -5.025000e+003  0.000000e+000
      vertex  1.500000e+001 -4.975000e+003  0.000000e+000
      vertex  1.500000e+001 -4.972000e+003  2.500000e+001
    endloop
  endfacet
  facet normal  1.000000e+000  0.000000e+000  0.000000e+000
    outer loop
      vertex  1.500000e+001 -5.025000e+003  0.000000e+000
      vertex  1.500000e+001 -4.972000e+003  2.500000e+001
      vertex  1.500000e+001 -4.987000e+003  2.500000e+001
    endloop
  endfacet
  facet normal  1.000000e+000  0.000000e+000  0.000000e+000
    outer loop
      vertex  1.500000e+001 -5.025000e+003  0.000000e+000
      vertex  1.500000e+001 -4.987000e+003  2.500000e+001
      vertex  1.500000e+001 -5.013000e+003  2.500000e+001
    endloop
  endfacet
  facet normal  1.000000e+000  0.000000e+000  0.000000e+000
    outer loop
      vertex  1.500000e+001 -5.025000e+003  0.000000e+000
      vertex  1.500000e+001 -5.013000e+003  2.500000e+001
      vertex  1.500000e+001 -5.028000e+003  2.500000e+001
    endloop
  endfacet
  facet normal  1.000000e+000  0.000000e+000  0.000000e+000
    outer loop
      vertex  1.500000e+001 -5.025000e+003  0.000000e+000
      vertex  1.500000e+001 -5.028000e+003  2.500000e+001
      vertex  1.500000e+001 -5.028000e+003 -2.500000e+001
    endloop
  endfacet
  facet normal  1.000000e+000  0.000000e+000  0.000000e+000
    outer loop
      vertex  1.500000e+001 -5.025000e+003  0.000000e+000
      vertex  1.500000e+001 -5.028000e+003 -2.500000e+001
      vertex  1.500000e+001 -5.025000e+003 -2.500000e+001
    endloop
  endfacet
  facet normal  9.999999e-001  0.000000e+000  0.000000e+000
    outer loop
      vertex  1.500000e+001 -5.013000e+003  2.500000e+001
      vertex  1.500000e+001 -4.987000e+003  2.500000e+001
      vertex  1.500000e+001 -5.013000e+003  1.000000e+002
    endloop
  endfacet
  facet normal  9.999999e-001  -0.000000e+000  0.000000e+000
    outer loop
      vertex  1.500000e+001 -5.013000e+003  1.000000e+002
      vertex  1.500000e+001 -4.987000e+003  2.500000e+001
      vertex  1.500000e+001 -4.987000e+003  1.000000e+002
    endloop
  endfacet
  facet normal  1.000000e+000  0.000000e+000  0.000000e+000
    outer loop
      vertex  1.500000e+001 -4.975000e+003 -2.500000e+001
      vertex  1.500000e+001 -4.972000e+003 -2.500000e+001
      vertex  1.500000e+001 -4.975000e+003  0.000000e+000
    endloop
  endfacet
  facet normal  1.000000e+000  -0.000000e+000  0.000000e+000
    outer loop
      vertex  1.500000e+001 -4.975000e+003  0.000000e+000
      vertex  1.500000e+001 -4.972000e+003 -2.500000e+001
      vertex  1.500000e+001 -4.972000e+003  2.500000e+001
    endloop
  endfacet
  facet normal  0.000000e+000 -1.000000e+000  -0.000000e+000
    outer loop
      vertex  7.801838e-015 -5.030000e+003 -3.250000e+001
      vertex -3.254128e+000 -5.030000e+003 -3.175727e+001
      vertex -1.051722e+001 -5.030000e+003 -3.264121e+001
    endloop
  endfacet
  facet normal  0.000000e+000 -1.000000e+000  0.000000e+000
    outer loop
      vertex  7.801838e-015 -5.030000e+003 -3.250000e+001
      vertex -1.051722e+001 -5.030000e+003 -3.264121e+001
      vertex -7.641208e+000 -5.030000e+003 -3.551722e+001
    endloop
  endfacet
  facet normal  0.000000e+000 -1.000000e+000  0.000000e+000
    outer loop
      vertex  7.801838e-015 -5.030000e+003 -3.250000e+001
      vertex -7.641208e+000 -5.030000e+003 -3.551722e+001
      vertex -4.017221e+000 -5.030000e+003 -3.736374e+001
    endloop
  endfacet
  facet normal  0.000000e+000 -1.000000e+000  0.000000e+000
    outer loop
      vertex  7.801838e-015 -5.030000e+003 -3.250000e+001
      vertex -4.017221e+000 -5.030000e+003 -3.736374e+001
      vertex  1.107911e-015 -5.030000e+003 -3.800000e+001
    endloop
  endfacet
  facet normal  0.000000e+000 -1.000000e+000  0.000000e+000
    outer loop
      vertex  7.801838e-015 -5.030000e+003 -3.250000e+001
      vertex  1.107911e-015 -5.030000e+003 -3.800000e+001
      vertex  4.017221e+000 -5.030000e+003 -3.736374e+001
    endloop
  endfacet
  facet normal  0.000000e+000 -1.000000e+000  0.000000e+000
    outer loop
      vertex  7.801838e-015 -5.030000e+003 -3.250000e+001
      vertex  4.017221e+000 -5.030000e+003 -3.736374e+001
      vertex  7.641208e+000 -5.030000e+003 -3.551722e+001
    endloop
  endfacet
  facet normal  0.000000e+000 -1.000000e+000  0.000000e+000
    outer loop
      vertex  7.801838e-015 -5.030000e+003 -3.250000e+001
      vertex  7.641208e+000 -5.030000e+003 -3.551722e+001
      vertex  1.051722e+001 -5.030000e+003 -3.264121e+001
    endloop
  endfacet
  facet normal  0.000000e+000 -1.000000e+000  0.000000e+000
    outer loop
      vertex  7.801838e-015 -5.030000e+003 -3.250000e+001
      vertex  1.051722e+001 -5.030000e+003 -3.264121e+001
      vertex  3.254128e+000 -5.030000e+003 -3.175727e+001
    endloop
  endfacet
  facet normal  0.000000e+000 -1.000000e+000  0.000000e+000
    outer loop
      vertex -1.300000e+001 -5.030000e+003 -2.500000e+001
      vertex -1.236373e+001 -5.030000e+003 -2.901722e+001
      vertex -5.863736e+000 -5.030000e+003 -2.967617e+001
    endloop
  endfacet
  facet normal  0.000000e+000 -1.000000e+000  0.000000e+000
    outer loop
      vertex -1.300000e+001 -5.030000e+003 -2.500000e+001
      vertex -5.863736e+000 -5.030000e+003 -2.967617e+001
      vertex -7.311959e+000 -5.030000e+003 -2.666891e+001
    endloop
  endfacet
  facet normal  0.000000e+000 -1.000000e+000  0.000000e+000
    outer loop
      vertex -1.300000e+001 -5.030000e+003 -2.500000e+001
      vertex -7.311959e+000 -5.030000e+003 -2.666891e+001
      vertex -7.311959e+000 -5.030000e+003 -2.333109e+001
    endloop
  endfacet
  facet normal  -0.000000e+000 -1.000000e+000  0.000000e+000
    outer loop
      vertex -1.300000e+001 -5.030000e+003 -2.500000e+001
      vertex -7.311959e+000 -5.030000e+003 -2.333109e+001
      vertex -1.300000e+001 -5.030000e+003  2.500000e+001
    endloop
  endfacet
  facet normal  0.000000e+000 -1.000000e+000  0.000000e+000
    outer loop
      vertex -1.300000e+001 -5.030000e+003  2.500000e+001
      vertex -7.311959e+000 -5.030000e+003 -2.333109e+001
      vertex -5.863736e+000 -5.030000e+003 -2.032383e+001
    endloop
  endfacet
  facet normal  0.000000e+000 -1.000000e+000  0.000000e+000
    outer loop
      vertex -1.300000e+001 -5.030000e+003  2.500000e+001
      vertex -5.863736e+000 -5.030000e+003 -2.032383e+001
      vertex -3.254128e+000 -5.030000e+003 -1.824273e+001
    endloop
  endfacet
  facet normal  0.000000e+000 -1.000000e+000  0.000000e+000
    outer loop
      vertex -1.300000e+001 -5.030000e+003  2.500000e+001
      vertex -3.254128e+000 -5.030000e+003 -1.824273e+001
      vertex  3.552714e-015 -5.030000e+003 -1.750000e+001
    endloop
  endfacet
  facet normal  0.000000e+000 -1.000000e+000  0.000000e+000
    outer loop
      vertex -1.300000e+001 -5.030000e+003  2.500000e+001
      vertex  3.552714e-015 -5.030000e+003 -1.750000e+001
      vertex  2.257426e+000 -5.030000e+003  3.780250e+001
    endloop
  endfacet
  facet normal  -0.000000e+000 -1.000000e+000  0.000000e+000
    outer loop
      vertex -1.300000e+001 -5.030000e+003  2.500000e+001
      vertex  2.257426e+000 -5.030000e+003  3.780250e+001
      vertex -2.257426e+000 -5.030000e+003  3.780250e+001
    endloop
  endfacet
  facet normal  0.000000e+000 -1.000000e+000  0.000000e+000
    outer loop
      vertex -1.300000e+001 -5.030000e+003  2.500000e+001
      vertex -2.257426e+000 -5.030000e+003  3.780250e+001
      vertex -6.500000e+000 -5.030000e+003  3.625833e+001
    endloop
  endfacet
  facet normal  0.000000e+000 -1.000000e+000  0.000000e+000
    outer loop
      vertex -1.300000e+001 -5.030000e+003  2.500000e+001
      vertex -6.500000e+000 -5.030000e+003  3.625833e+001
      vertex -9.958578e+000 -5.030000e+003  3.335624e+001
    endloop
  endfacet
  facet normal  0.000000e+000 -1.000000e+000  0.000000e+000
    outer loop
      vertex -1.300000e+001 -5.030000e+003  2.500000e+001
      vertex -9.958578e+000 -5.030000e+003  3.335624e+001
      vertex -1.221600e+001 -5.030000e+003  2.944626e+001
    endloop
  endfacet
  facet normal  -0.000000e+000 -9.999999e-001  0.000000e+000
    outer loop
      vertex  3.552714e-015 -5.030000e+003 -1.750000e+001
      vertex  1.300000e+001 -5.030000e+003  2.500000e+001
      vertex  1.221600e+001 -5.030000e+003  2.944626e+001
    endloop
  endfacet
  facet normal  -0.000000e+000 -1.000000e+000  0.000000e+000
    outer loop
      vertex  3.552714e-015 -5.030000e+003 -1.750000e+001
      vertex  1.221600e+001 -5.030000e+003  2.944626e+001
      vertex  9.958578e+000 -5.030000e+003  3.335624e+001
    endloop
  endfacet
  facet normal  -0.000000e+000 -1.000000e+000  0.000000e+000
    outer loop
      vertex  3.552714e-015 -5.030000e+003 -1.750000e+001
      vertex  9.958578e+000 -5.030000e+003  3.335624e+001
      vertex  6.500000e+000 -5.030000e+003  3.625833e+001
    endloop
  endfacet
  facet normal  -0.000000e+000 -1.000000e+000  0.000000e+000
    outer loop
      vertex  3.552714e-015 -5.030000e+003 -1.750000e+001
      vertex  6.500000e+000 -5.030000e+003  3.625833e+001
      vertex  2.257426e+000 -5.030000e+003  3.780250e+001
    endloop
  endfacet
  facet normal  0.000000e+000 -1.000000e+000  0.000000e+000
    outer loop
      vertex  1.300000e+001 -5.030000e+003  2.500000e+001
      vertex  3.552714e-015 -5.030000e+003 -1.750000e+001
      vertex  3.254128e+000 -5.030000e+003 -1.824273e+001
    endloop
  endfacet
  facet normal  0.000000e+000 -1.000000e+000  0.000000e+000
    outer loop
      vertex  1.300000e+001 -5.030000e+003  2.500000e+001
      vertex  3.254128e+000 -5.030000e+003 -1.824273e+001
      vertex  5.863736e+000 -5.030000e+003 -2.032383e+001
    endloop
  endfacet
  facet normal  0.000000e+000 -1.000000e+000  0.000000e+000
    outer loop
      vertex  1.300000e+001 -5.030000e+003  2.500000e+001
      vertex  5.863736e+000 -5.030000e+003 -2.032383e+001
      vertex  7.311959e+000 -5.030000e+003 -2.333109e+001
    endloop
  endfacet
  facet normal  0.000000e+000 -1.000000e+000  0.000000e+000
    outer loop
      vertex  1.300000e+001 -5.030000e+003  2.500000e+001
      vertex  7.311959e+000 -5.030000e+003 -2.333109e+001
      vertex  7.311959e+000 -5.030000e+003 -2.666891e+001
    endloop
  endfacet
  facet normal  0.000000e+000 -1.000000e+000  0.000000e+000
    outer loop
      vertex  1.300000e+001 -5.030000e+003  2.500000e+001
      vertex  7.311959e+000 -5.030000e+003 -2.666891e+001
      vertex  1.300000e+001 -5.030000e+003 -2.500000e+001
    endloop
  endfacet
  facet normal  0.000000e+000 -1.000000e+000  0.000000e+000
    outer loop
      vertex -5.863736e+000 -5.030000e+003 -2.967617e+001
      vertex -1.236373e+001 -5.030000e+003 -2.901722e+001
      vertex -3.254128e+000 -5.030000e+003 -3.175727e+001
    endloop
  endfacet
  facet normal  -0.000000e+000 -9.999999e-001  0.000000e+000
    outer loop
      vertex -3.254128e+000 -5.030000e+003 -3.175727e+001
      vertex -1.236373e+001 -5.030000e+003 -2.901722e+001
      vertex -1.051722e+001 -5.030000e+003 -3.264121e+001
    endloop
  endfacet
  facet normal  0.000000e+000 -1.000000e+000  0.000000e+000
    outer loop
      vertex  1.300000e+001 -5.030000e+003 -2.500000e+001
      vertex  7.311959e+000 -5.030000e+003 -2.666891e+001
      vertex  1.236373e+001 -5.030000e+003 -2.901722e+001
    endloop
  endfacet
  facet normal  -0.000000e+000 -1.000000e+000  0.000000e+000
    outer loop
      vertex  1.236373e+001 -5.030000e+003 -2.901722e+001
      vertex  7.311959e+000 -5.030000e+003 -2.666891e+001
      vertex  5.863736e+000 -5.030000e+003 -2.967617e+001
    endloop
  endfacet
  facet normal  0.000000e+000 -1.000000e+000  0.000000e+000
    outer loop
      vertex  1.236373e+001 -5.030000e+003 -2.901722e+001
      vertex  5.863736e+000 -5.030000e+003 -2.967617e+001
      vertex  1.051722e+001 -5.030000e+003 -3.264121e+001
    endloop
  endfacet
  facet normal  0.000000e+000 -1.000000e+000  0.000000e+000
    outer loop
      vertex  1.051722e+001 -5.030000e+003 -3.264121e+001
      vertex  5.863736e+000 -5.030000e+003 -2.967617e+001
      vertex  3.254128e+000 -5.030000e+003 -3.175727e+001
    endloop
  endfacet
  facet normal -9.876883e-001  -0.000000e+000 -1.564343e-001
    outer loop
      vertex -1.500000e+001 -5.028000e+003 -2.500000e+001
      vertex -1.500000e+001 -5.025000e+003 -2.500000e+001
      vertex -1.426585e+001 -5.028000e+003 -2.963526e+001
    endloop
  endfacet
  facet normal -9.876883e-001  0.000000e+000 -1.564343e-001
    outer loop
      vertex -1.426585e+001 -5.028000e+003 -2.963526e+001
      vertex -1.500000e+001 -5.025000e+003 -2.500000e+001
      vertex -1.426585e+001 -5.025000e+003 -2.963526e+001
    endloop
  endfacet
  facet normal -8.910065e-001  -0.000000e+000 -4.539905e-001
    outer loop
      vertex -1.426585e+001 -5.028000e+003 -2.963526e+001
      vertex -1.426585e+001 -5.025000e+003 -2.963526e+001
      vertex -1.213525e+001 -5.028000e+003 -3.381678e+001
    endloop
  endfacet
  facet normal -8.910065e-001  0.000000e+000 -4.539905e-001
    outer loop
      vertex -1.213525e+001 -5.028000e+003 -3.381678e+001
      vertex -1.426585e+001 -5.025000e+003 -2.963526e+001
      vertex -1.213525e+001 -5.025000e+003 -3.381678e+001
    endloop
  endfacet
  facet normal -7.071066e-001  -0.000000e+000 -7.071069e-001
    outer loop
      vertex -1.213525e+001 -5.028000e+003 -3.381678e+001
      vertex -1.213525e+001 -5.025000e+003 -3.381678e+001
      vertex -8.816779e+000 -5.028000e+003 -3.713525e+001
    endloop
  endfacet
  facet normal -7.071066e-001  0.000000e+000 -7.071069e-001
    outer loop
      vertex -8.816779e+000 -5.028000e+003 -3.713525e+001
      vertex -1.213525e+001 -5.025000e+003 -3.381678e+001
      vertex -8.816779e+000 -5.025000e+003 -3.713525e+001
    endloop
  endfacet
  facet normal -4.539904e-001  -0.000000e+000 -8.910066e-001
    outer loop
      vertex -8.816779e+000 -5.028000e+003 -3.713525e+001
      vertex -8.816779e+000 -5.025000e+003 -3.713525e+001
      vertex -4.635255e+000 -5.028000e+003 -3.926585e+001
    endloop
  endfacet
  facet normal -4.539904e-001  0.000000e+000 -8.910066e-001
    outer loop
      vertex -4.635255e+000 -5.028000e+003 -3.926585e+001
      vertex -8.816779e+000 -5.025000e+003 -3.713525e+001
      vertex -4.635255e+000 -5.025000e+003 -3.926585e+001
    endloop
  endfacet
  facet normal -1.564348e-001  -0.000000e+000 -9.876883e-001
    outer loop
      vertex -4.635255e+000 -5.028000e+003 -3.926585e+001
      vertex -4.635255e+000 -5.025000e+003 -3.926585e+001
      vertex  7.226533e-015 -5.028000e+003 -4.000000e+001
    endloop
  endfacet
  facet normal -1.564348e-001 -9.578551e-017 -9.876883e-001
    outer loop
      vertex  7.226533e-015 -5.028000e+003 -4.000000e+001
      vertex -4.635255e+000 -5.025000e+003 -3.926585e+001
      vertex  5.389623e-015 -5.025000e+003 -4.000000e+001
    endloop
  endfacet
  facet normal  1.564348e-001  9.578551e-017 -9.876883e-001
    outer loop
      vertex  7.226533e-015 -5.028000e+003 -4.000000e+001
      vertex  5.389623e-015 -5.025000e+003 -4.000000e+001
      vertex  4.635255e+000 -5.028000e+003 -3.926585e+001
    endloop
  endfacet
  facet normal  1.564348e-001  0.000000e+000 -9.876883e-001
    outer loop
      vertex  4.635255e+000 -5.028000e+003 -3.926585e+001
      vertex  5.389623e-015 -5.025000e+003 -4.000000e+001
      vertex  4.635255e+000 -5.025000e+003 -3.926585e+001
    endloop
  endfacet
  facet normal  4.539904e-001  0.000000e+000 -8.910066e-001
    outer loop
      vertex  4.635255e+000 -5.028000e+003 -3.926585e+001
      vertex  4.635255e+000 -5.025000e+003 -3.926585e+001
      vertex  8.816779e+000 -5.028000e+003 -3.713525e+001
    endloop
  endfacet
  facet normal  4.539904e-001  0.000000e+000 -8.910066e-001
    outer loop
      vertex  8.816779e+000 -5.028000e+003 -3.713525e+001
      vertex  4.635255e+000 -5.025000e+003 -3.926585e+001
      vertex  8.816779e+000 -5.025000e+003 -3.713525e+001
    endloop
  endfacet
  facet normal  7.071066e-001  0.000000e+000 -7.071069e-001
    outer loop
      vertex  8.816779e+000 -5.028000e+003 -3.713525e+001
      vertex  8.816779e+000 -5.025000e+003 -3.713525e+001
      vertex  1.213525e+001 -5.028000e+003 -3.381678e+001
    endloop
  endfacet
  facet normal  7.071066e-001  0.000000e+000 -7.071069e-001
    outer loop
      vertex  1.213525e+001 -5.028000e+003 -3.381678e+001
      vertex  8.816779e+000 -5.025000e+003 -3.713525e+001
      vertex  1.213525e+001 -5.025000e+003 -3.381678e+001
    endloop
  endfacet
  facet normal  8.910065e-001  0.000000e+000 -4.539905e-001
    outer loop
      vertex  1.213525e+001 -5.028000e+003 -3.381678e+001
      vertex  1.213525e+001 -5.025000e+003 -3.381678e+001
      vertex  1.426585e+001 -5.028000e+003 -2.963526e+001
    endloop
  endfacet
  facet normal  8.910065e-001  0.000000e+000 -4.539905e-001
    outer loop
      vertex  1.426585e+001 -5.028000e+003 -2.963526e+001
      vertex  1.213525e+001 -5.025000e+003 -3.381678e+001
      vertex  1.426585e+001 -5.025000e+003 -2.963526e+001
    endloop
  endfacet
  facet normal  9.876883e-001  0.000000e+000 -1.564343e-001
    outer loop
      vertex  1.426585e+001 -5.028000e+003 -2.963526e+001
      vertex  1.426585e+001 -5.025000e+003 -2.963526e+001
      vertex  1.500000e+001 -5.028000e+003 -2.500000e+001
    endloop
  endfacet
  facet normal  9.876883e-001  0.000000e+000 -1.564343e-001
    outer loop
      vertex  1.500000e+001 -5.028000e+003 -2.500000e+001
      vertex  1.426585e+001 -5.025000e+003 -2.963526e+001
      vertex  1.500000e+001 -5.025000e+003 -2.500000e+001
    endloop
  endfacet
  facet normal  3.827677e-001 -9.238446e-001  0.000000e+000
    outer loop
      vertex  1.300000e+001 -5.030000e+003  2.500000e+001
      vertex  1.300000e+001 -5.030000e+003 -2.500000e+001
      vertex  1.441421e+001 -5.029414e+003  2.500000e+001
    endloop
  endfacet
  facet normal  3.827677e-001 -9.238446e-001  0.000000e+000
    outer loop
      vertex  1.441421e+001 -5.029414e+003  2.500000e+001
      vertex  1.300000e+001 -5.030000e+003 -2.500000e+001
      vertex  1.441421e+001 -5.029414e+003 -2.500000e+001
    endloop
  endfacet
  facet normal  9.238650e-001 -3.827185e-001  0.000000e+000
    outer loop
      vertex  1.441421e+001 -5.029414e+003  2.500000e+001
      vertex  1.441421e+001 -5.029414e+003 -2.500000e+001
      vertex  1.500000e+001 -5.028000e+003  2.500000e+001
    endloop
  endfacet
  facet normal  9.238650e-001 -3.827185e-001  0.000000e+000
    outer loop
      vertex  1.500000e+001 -5.028000e+003  2.500000e+001
      vertex  1.441421e+001 -5.029414e+003 -2.500000e+001
      vertex  1.500000e+001 -5.028000e+003 -2.500000e+001
    endloop
  endfacet
  facet normal -3.820663e-001 -9.221516e-001  6.051333e-002
    outer loop
      vertex -1.300000e+001 -5.030000e+003  2.500000e+001
      vertex -1.370873e+001 -5.029414e+003  2.945424e+001
      vertex -1.441421e+001 -5.029414e+003  2.500000e+001
    endloop
  endfacet
  facet normal -3.643349e-001 -9.290495e-001  6.424204e-002
    outer loop
      vertex -1.300000e+001 -5.030000e+003  2.500000e+001
      vertex -1.221600e+001 -5.030000e+003  2.944626e+001
      vertex -1.370873e+001 -5.029414e+003  2.945424e+001
    endloop
  endfacet
  facet normal  3.643349e-001 -9.290495e-001  6.424204e-002
    outer loop
      vertex  1.300000e+001 -5.030000e+003  2.500000e+001
      vertex  1.370873e+001 -5.029414e+003  2.945424e+001
      vertex  1.221600e+001 -5.030000e+003  2.944626e+001
    endloop
  endfacet
  facet normal  3.820663e-001 -9.221516e-001  6.051333e-002
    outer loop
      vertex  1.300000e+001 -5.030000e+003  2.500000e+001
      vertex  1.441421e+001 -5.029414e+003  2.500000e+001
      vertex  1.370873e+001 -5.029414e+003  2.945424e+001
    endloop
  endfacet
  facet normal  3.092377e-001 -9.340749e-001  1.785385e-001
    outer loop
      vertex  1.166134e+001 -5.029414e+003  3.347246e+001
      vertex  9.958578e+000 -5.030000e+003  3.335624e+001
      vertex  1.221600e+001 -5.030000e+003  2.944626e+001
    endloop
  endfacet
  facet normal  3.583975e-001 -9.155347e-001  1.826127e-001
    outer loop
      vertex  1.166134e+001 -5.029414e+003  3.347246e+001
      vertex  1.221600e+001 -5.030000e+003  2.944626e+001
      vertex  1.370873e+001 -5.029414e+003  2.945424e+001
    endloop
  endfacet
  facet normal  2.239254e-001 -9.373585e-001  2.668639e-001
    outer loop
      vertex  8.472462e+000 -5.029414e+003  3.666134e+001
      vertex  6.500000e+000 -5.030000e+003  3.625833e+001
      vertex  9.958578e+000 -5.030000e+003  3.335624e+001
    endloop
  endfacet
  facet normal  2.931387e-001 -9.100215e-001  2.931388e-001
    outer loop
      vertex  8.472462e+000 -5.029414e+003  3.666134e+001
      vertex  9.958578e+000 -5.030000e+003  3.335624e+001
      vertex  1.166134e+001 -5.029414e+003  3.347246e+001
    endloop
  endfacet
  facet normal  1.174232e-001 -9.392174e-001  3.226177e-001
    outer loop
      vertex  4.454237e+000 -5.029414e+003  3.870873e+001
      vertex  2.257426e+000 -5.030000e+003  3.780250e+001
      vertex  6.500000e+000 -5.030000e+003  3.625833e+001
    endloop
  endfacet
  facet normal  1.921137e-001 -9.060520e-001  3.770439e-001
    outer loop
      vertex  4.454237e+000 -5.029414e+003  3.870873e+001
      vertex  6.500000e+000 -5.030000e+003  3.625833e+001
      vertex  8.472462e+000 -5.029414e+003  3.666134e+001
    endloop
  endfacet
  facet normal  0.000000e+000 -9.398196e-001  3.416709e-001
    outer loop
      vertex  5.329071e-015 -5.029414e+003  3.941422e+001
      vertex -2.257426e+000 -5.030000e+003  3.780250e+001
      vertex  2.257426e+000 -5.030000e+003  3.780250e+001
    endloop
  endfacet
  facet normal  6.689015e-002 -9.039720e-001  4.223274e-001
    outer loop
      vertex  5.329071e-015 -5.029414e+003  3.941422e+001
      vertex  2.257426e+000 -5.030000e+003  3.780250e+001
      vertex  4.454237e+000 -5.029414e+003  3.870873e+001
    endloop
  endfacet
  facet normal -1.174232e-001 -9.392174e-001  3.226177e-001
    outer loop
      vertex -4.454237e+000 -5.029414e+003  3.870873e+001
      vertex -6.500000e+000 -5.030000e+003  3.625833e+001
      vertex -2.257426e+000 -5.030000e+003  3.780250e+001
    endloop
  endfacet
  facet normal -6.689015e-002 -9.039720e-001  4.223274e-001
    outer loop
      vertex -4.454237e+000 -5.029414e+003  3.870873e+001
      vertex -2.257426e+000 -5.030000e+003  3.780250e+001
      vertex  5.329071e-015 -5.029414e+003  3.941422e+001
    endloop
  endfacet
  facet normal -2.239254e-001 -9.373585e-001  2.668639e-001
    outer loop
      vertex -8.472462e+000 -5.029414e+003  3.666134e+001
      vertex -9.958578e+000 -5.030000e+003  3.335624e+001
      vertex -6.500000e+000 -5.030000e+003  3.625833e+001
    endloop
  endfacet
  facet normal -1.921137e-001 -9.060520e-001  3.770439e-001
    outer loop
      vertex -8.472462e+000 -5.029414e+003  3.666134e+001
      vertex -6.500000e+000 -5.030000e+003  3.625833e+001
      vertex -4.454237e+000 -5.029414e+003  3.870873e+001
    endloop
  endfacet
  facet normal -3.092377e-001 -9.340749e-001  1.785385e-001
    outer loop
      vertex -1.166134e+001 -5.029414e+003  3.347246e+001
      vertex -1.221600e+001 -5.030000e+003  2.944626e+001
      vertex -9.958578e+000 -5.030000e+003  3.335624e+001
    endloop
  endfacet
  facet normal -2.931387e-001 -9.100215e-001  2.931388e-001
    outer loop
      vertex -1.166134e+001 -5.029414e+003  3.347246e+001
      vertex -9.958578e+000 -5.030000e+003  3.335624e+001
      vertex -8.472462e+000 -5.029414e+003  3.666134e+001
    endloop
  endfacet
  facet normal -3.583975e-001 -9.155347e-001  1.826127e-001
    outer loop
      vertex -1.370873e+001 -5.029414e+003  2.945424e+001
      vertex -1.221600e+001 -5.030000e+003  2.944626e+001
      vertex -1.166134e+001 -5.029414e+003  3.347246e+001
    endloop
  endfacet
  facet normal  9.141305e-001 -3.786860e-001  1.447840e-001
    outer loop
      vertex  1.441421e+001 -5.029414e+003  2.500000e+001
      vertex  1.500000e+001 -5.028000e+003  2.500000e+001
      vertex  1.370873e+001 -5.029414e+003  2.945424e+001
    endloop
  endfacet
  facet normal  9.141304e-001 -3.786861e-001  1.447839e-001
    outer loop
      vertex  1.370873e+001 -5.029414e+003  2.945424e+001
      vertex  1.500000e+001 -5.028000e+003  2.500000e+001
      vertex  1.426585e+001 -5.028000e+003  2.963526e+001
    endloop
  endfacet
  facet normal  8.246489e-001 -3.786862e-001  4.201797e-001
    outer loop
      vertex  1.370873e+001 -5.029414e+003  2.945424e+001
      vertex  1.426585e+001 -5.028000e+003  2.963526e+001
      vertex  1.166134e+001 -5.029414e+003  3.347246e+001
    endloop
  endfacet
  facet normal  8.246489e-001 -3.786862e-001  4.201796e-001
    outer loop
      vertex  1.166134e+001 -5.029414e+003  3.347246e+001
      vertex  1.426585e+001 -5.028000e+003  2.963526e+001
      vertex  1.213525e+001 -5.028000e+003  3.381678e+001
    endloop
  endfacet
  facet normal  6.544449e-001 -3.786865e-001  6.544451e-001
    outer loop
      vertex  1.166134e+001 -5.029414e+003  3.347246e+001
      vertex  1.213525e+001 -5.028000e+003  3.381678e+001
      vertex  8.472462e+000 -5.029414e+003  3.666134e+001
    endloop
  endfacet
  facet normal  6.544449e-001 -3.786861e-001  6.544454e-001
    outer loop
      vertex  8.472462e+000 -5.029414e+003  3.666134e+001
      vertex  1.213525e+001 -5.028000e+003  3.381678e+001
      vertex  8.816779e+000 -5.028000e+003  3.713525e+001
    endloop
  endfacet
  facet normal  4.201800e-001 -3.786860e-001  8.246488e-001
    outer loop
      vertex  8.472462e+000 -5.029414e+003  3.666134e+001
      vertex  8.816779e+000 -5.028000e+003  3.713525e+001
      vertex  4.454237e+000 -5.029414e+003  3.870873e+001
    endloop
  endfacet
  facet normal  4.201798e-001 -3.786845e-001  8.246496e-001
    outer loop
      vertex  4.454237e+000 -5.029414e+003  3.870873e+001
      vertex  8.816779e+000 -5.028000e+003  3.713525e+001
      vertex  4.635255e+000 -5.028000e+003  3.926585e+001
    endloop
  endfacet
  facet normal  1.447843e-001 -3.786844e-001  9.141311e-001
    outer loop
      vertex  4.454237e+000 -5.029414e+003  3.870873e+001
      vertex  4.635255e+000 -5.028000e+003  3.926585e+001
      vertex  5.329071e-015 -5.029414e+003  3.941422e+001
    endloop
  endfacet
  facet normal  1.447844e-001 -3.786848e-001  9.141308e-001
    outer loop
      vertex  5.329071e-015 -5.029414e+003  3.941422e+001
      vertex  4.635255e+000 -5.028000e+003  3.926585e+001
      vertex -7.973494e-016 -5.028000e+003  4.000000e+001
    endloop
  endfacet
  facet normal -1.447842e-001 -3.786849e-001  9.141309e-001
    outer loop
      vertex  5.329071e-015 -5.029414e+003  3.941422e+001
      vertex -7.973494e-016 -5.028000e+003  4.000000e+001
      vertex -4.454237e+000 -5.029414e+003  3.870873e+001
    endloop
  endfacet
  facet normal -1.447845e-001 -3.786844e-001  9.141311e-001
    outer loop
      vertex -4.454237e+000 -5.029414e+003  3.870873e+001
      vertex -7.973494e-016 -5.028000e+003  4.000000e+001
      vertex -4.635255e+000 -5.028000e+003  3.926585e+001
    endloop
  endfacet
  facet normal -4.201803e-001 -3.786845e-001  8.246493e-001
    outer loop
      vertex -4.454237e+000 -5.029414e+003  3.870873e+001
      vertex -4.635255e+000 -5.028000e+003  3.926585e+001
      vertex -8.472462e+000 -5.029414e+003  3.666134e+001
    endloop
  endfacet
  facet normal -4.201795e-001 -3.786860e-001  8.246490e-001
    outer loop
      vertex -8.472462e+000 -5.029414e+003  3.666134e+001
      vertex -4.635255e+000 -5.028000e+003  3.926585e+001
      vertex -8.816779e+000 -5.028000e+003  3.713525e+001
    endloop
  endfacet
  facet normal -6.544451e-001 -3.786861e-001  6.544452e-001
    outer loop
      vertex -8.472462e+000 -5.029414e+003  3.666134e+001
      vertex -8.816779e+000 -5.028000e+003  3.713525e+001
      vertex -1.166134e+001 -5.029414e+003  3.347246e+001
    endloop
  endfacet
  facet normal -6.544448e-001 -3.786864e-001  6.544452e-001
    outer loop
      vertex -1.166134e+001 -5.029414e+003  3.347246e+001
      vertex -8.816779e+000 -5.028000e+003  3.713525e+001
      vertex -1.213525e+001 -5.028000e+003  3.381678e+001
    endloop
  endfacet
  facet normal -8.246489e-001 -3.786863e-001  4.201797e-001
    outer loop
      vertex -1.166134e+001 -5.029414e+003  3.347246e+001
      vertex -1.213525e+001 -5.028000e+003  3.381678e+001
      vertex -1.370873e+001 -5.029414e+003  2.945424e+001
    endloop
  endfacet
  facet normal -8.246489e-001 -3.786862e-001  4.201796e-001
    outer loop
      vertex -1.370873e+001 -5.029414e+003  2.945424e+001
      vertex -1.213525e+001 -5.028000e+003  3.381678e+001
      vertex -1.426585e+001 -5.028000e+003  2.963526e+001
    endloop
  endfacet
  facet normal -9.141304e-001 -3.786860e-001  1.447840e-001
    outer loop
      vertex -1.370873e+001 -5.029414e+003  2.945424e+001
      vertex -1.426585e+001 -5.028000e+003  2.963526e+001
      vertex -1.441421e+001 -5.029414e+003  2.500000e+001
    endloop
  endfacet
  facet normal -9.141305e-001 -3.786860e-001  1.447839e-001
    outer loop
      vertex -1.441421e+001 -5.029414e+003  2.500000e+001
      vertex -1.426585e+001 -5.028000e+003  2.963526e+001
      vertex -1.500000e+001 -5.028000e+003  2.500000e+001
    endloop
  endfacet
  facet normal -9.238650e-001 -3.827185e-001  0.000000e+000
    outer loop
      vertex -1.500000e+001 -5.028000e+003  2.500000e+001
      vertex -1.500000e+001 -5.028000e+003 -2.500000e+001
      vertex -1.441421e+001 -5.029414e+003  2.500000e+001
    endloop
  endfacet
  facet normal -9.238650e-001 -3.827185e-001  -0.000000e+000
    outer loop
      vertex -1.441421e+001 -5.029414e+003  2.500000e+001
      vertex -1.500000e+001 -5.028000e+003 -2.500000e+001
      vertex -1.441421e+001 -5.029414e+003 -2.500000e+001
    endloop
  endfacet
  facet normal -3.827677e-001 -9.238446e-001  0.000000e+000
    outer loop
      vertex -1.441421e+001 -5.029414e+003  2.500000e+001
      vertex -1.441421e+001 -5.029414e+003 -2.500000e+001
      vertex -1.300000e+001 -5.030000e+003  2.500000e+001
    endloop
  endfacet
  facet normal -3.827677e-001 -9.238446e-001  -0.000000e+000
    outer loop
      vertex -1.300000e+001 -5.030000e+003  2.500000e+001
      vertex -1.441421e+001 -5.029414e+003 -2.500000e+001
      vertex -1.300000e+001 -5.030000e+003 -2.500000e+001
    endloop
  endfacet
  facet normal  9.141305e-001  3.786860e-001 -1.447839e-001
    outer loop
      vertex  1.500000e+001 -4.972000e+003 -2.500000e+001
      vertex  1.426585e+001 -4.972000e+003 -2.963526e+001
      vertex  1.441421e+001 -4.970586e+003 -2.500000e+001
    endloop
  endfacet
  facet normal  9.141304e-001  3.786860e-001 -1.447840e-001
    outer loop
      vertex  1.441421e+001 -4.970586e+003 -2.500000e+001
      vertex  1.426585e+001 -4.972000e+003 -2.963526e+001
      vertex  1.370873e+001 -4.970586e+003 -2.945424e+001
    endloop
  endfacet
  facet normal  3.820663e-001  9.221516e-001 -6.051333e-002
    outer loop
      vertex  1.441421e+001 -4.970586e+003 -2.500000e+001
      vertex  1.370873e+001 -4.970586e+003 -2.945424e+001
      vertex  1.300000e+001 -4.970000e+003 -2.500000e+001
    endloop
  endfacet
  facet normal  3.820661e-001  9.221516e-001 -6.051336e-002
    outer loop
      vertex  1.300000e+001 -4.970000e+003 -2.500000e+001
      vertex  1.370873e+001 -4.970586e+003 -2.945424e+001
      vertex  1.236373e+001 -4.970000e+003 -2.901722e+001
    endloop
  endfacet
  facet normal -9.141304e-001  3.786861e-001 -1.447839e-001
    outer loop
      vertex -1.426585e+001 -4.972000e+003 -2.963526e+001
      vertex -1.500000e+001 -4.972000e+003 -2.500000e+001
      vertex -1.370873e+001 -4.970586e+003 -2.945424e+001
    endloop
  endfacet
  facet normal -9.141305e-001  3.786860e-001 -1.447840e-001
    outer loop
      vertex -1.370873e+001 -4.970586e+003 -2.945424e+001
      vertex -1.500000e+001 -4.972000e+003 -2.500000e+001
      vertex -1.441421e+001 -4.970586e+003 -2.500000e+001
    endloop
  endfacet
  facet normal -3.820662e-001  9.221516e-001 -6.051331e-002
    outer loop
      vertex -1.370873e+001 -4.970586e+003 -2.945424e+001
      vertex -1.441421e+001 -4.970586e+003 -2.500000e+001
      vertex -1.236373e+001 -4.970000e+003 -2.901722e+001
    endloop
  endfacet
  facet normal -3.820662e-001  9.221516e-001 -6.051339e-002
    outer loop
      vertex -1.236373e+001 -4.970000e+003 -2.901722e+001
      vertex -1.441421e+001 -4.970586e+003 -2.500000e+001
      vertex -1.300000e+001 -4.970000e+003 -2.500000e+001
    endloop
  endfacet
  facet normal -8.246489e-001  3.786862e-001 -4.201796e-001
    outer loop
      vertex -1.213525e+001 -4.972000e+003 -3.381678e+001
      vertex -1.426585e+001 -4.972000e+003 -2.963526e+001
      vertex -1.166134e+001 -4.970586e+003 -3.347246e+001
    endloop
  endfacet
  facet normal -8.246489e-001  3.786862e-001 -4.201797e-001
    outer loop
      vertex -1.166134e+001 -4.970586e+003 -3.347246e+001
      vertex -1.426585e+001 -4.972000e+003 -2.963526e+001
      vertex -1.370873e+001 -4.970586e+003 -2.945424e+001
    endloop
  endfacet
  facet normal -3.446669e-001  9.221516e-001 -1.756166e-001
    outer loop
      vertex -1.166134e+001 -4.970586e+003 -3.347246e+001
      vertex -1.370873e+001 -4.970586e+003 -2.945424e+001
      vertex -1.051722e+001 -4.970000e+003 -3.264121e+001
    endloop
  endfacet
  facet normal -3.446669e-001  9.221516e-001 -1.756165e-001
    outer loop
      vertex -1.051722e+001 -4.970000e+003 -3.264121e+001
      vertex -1.370873e+001 -4.970586e+003 -2.945424e+001
      vertex -1.236373e+001 -4.970000e+003 -2.901722e+001
    endloop
  endfacet
  facet normal -6.544449e-001  3.786861e-001 -6.544454e-001
    outer loop
      vertex -8.816779e+000 -4.972000e+003 -3.713525e+001
      vertex -1.213525e+001 -4.972000e+003 -3.381678e+001
      vertex -8.472462e+000 -4.970586e+003 -3.666134e+001
    endloop
  endfacet
  facet normal -6.544449e-001  3.786865e-001 -6.544451e-001
    outer loop
      vertex -8.472462e+000 -4.970586e+003 -3.666134e+001
      vertex -1.213525e+001 -4.972000e+003 -3.381678e+001
      vertex -1.166134e+001 -4.970586e+003 -3.347246e+001
    endloop
  endfacet
  facet normal -2.735292e-001  9.221516e-001 -2.735292e-001
    outer loop
      vertex -8.472462e+000 -4.970586e+003 -3.666134e+001
      vertex -1.166134e+001 -4.970586e+003 -3.347246e+001
      vertex -7.641208e+000 -4.970000e+003 -3.551722e+001
    endloop
  endfacet
  facet normal -2.735292e-001  9.221515e-001 -2.735294e-001
    outer loop
      vertex -7.641208e+000 -4.970000e+003 -3.551722e+001
      vertex -1.166134e+001 -4.970586e+003 -3.347246e+001
      vertex -1.051722e+001 -4.970000e+003 -3.264121e+001
    endloop
  endfacet
  facet normal -4.201798e-001  3.786845e-001 -8.246496e-001
    outer loop
      vertex -4.635255e+000 -4.972000e+003 -3.926585e+001
      vertex -8.816779e+000 -4.972000e+003 -3.713525e+001
      vertex -4.454237e+000 -4.970586e+003 -3.870873e+001
    endloop
  endfacet
  facet normal -4.201800e-001  3.786860e-001 -8.246488e-001
    outer loop
      vertex -4.454237e+000 -4.970586e+003 -3.870873e+001
      vertex -8.816779e+000 -4.972000e+003 -3.713525e+001
      vertex -8.472462e+000 -4.970586e+003 -3.666134e+001
    endloop
  endfacet
  facet normal -1.756167e-001  9.221516e-001 -3.446668e-001
    outer loop
      vertex -4.454237e+000 -4.970586e+003 -3.870873e+001
      vertex -8.472462e+000 -4.970586e+003 -3.666134e+001
      vertex -4.017221e+000 -4.970000e+003 -3.736374e+001
    endloop
  endfacet
  facet normal -1.756167e-001  9.221516e-001 -3.446668e-001
    outer loop
      vertex -4.017221e+000 -4.970000e+003 -3.736374e+001
      vertex -8.472462e+000 -4.970586e+003 -3.666134e+001
      vertex -7.641208e+000 -4.970000e+003 -3.551722e+001
    endloop
  endfacet
  facet normal -1.447844e-001  3.786848e-001 -9.141308e-001
    outer loop
      vertex  3.552714e-015 -4.972000e+003 -4.000000e+001
      vertex -4.635255e+000 -4.972000e+003 -3.926585e+001
      vertex  7.878545e-016 -4.970586e+003 -3.941422e+001
    endloop
  endfacet
  facet normal -1.447843e-001  3.786844e-001 -9.141311e-001
    outer loop
      vertex  7.878545e-016 -4.970586e+003 -3.941422e+001
      vertex -4.635255e+000 -4.972000e+003 -3.926585e+001
      vertex -4.454237e+000 -4.970586e+003 -3.870873e+001
    endloop
  endfacet
  facet normal -6.051334e-002  9.221517e-001 -3.820658e-001
    outer loop
      vertex  7.878545e-016 -4.970586e+003 -3.941422e+001
      vertex -4.454237e+000 -4.970586e+003 -3.870873e+001
      vertex  1.680158e-014 -4.970000e+003 -3.800000e+001
    endloop
  endfacet
  facet normal -6.051328e-002  9.221516e-001 -3.820661e-001
    outer loop
      vertex  1.680158e-014 -4.970000e+003 -3.800000e+001
      vertex -4.454237e+000 -4.970586e+003 -3.870873e+001
      vertex -4.017221e+000 -4.970000e+003 -3.736374e+001
    endloop
  endfacet
  facet normal  1.447845e-001  3.786844e-001 -9.141311e-001
    outer loop
      vertex  4.635255e+000 -4.972000e+003 -3.926585e+001
      vertex  3.552714e-015 -4.972000e+003 -4.000000e+001
      vertex  4.454237e+000 -4.970586e+003 -3.870873e+001
    endloop
  endfacet
  facet normal  1.447842e-001  3.786849e-001 -9.141309e-001
    outer loop
      vertex  4.454237e+000 -4.970586e+003 -3.870873e+001
      vertex  3.552714e-015 -4.972000e+003 -4.000000e+001
      vertex  7.878545e-016 -4.970586e+003 -3.941422e+001
    endloop
  endfacet
  facet normal  6.051338e-002  9.221516e-001 -3.820661e-001
    outer loop
      vertex  4.454237e+000 -4.970586e+003 -3.870873e+001
      vertex  7.878545e-016 -4.970586e+003 -3.941422e+001
      vertex  4.017221e+000 -4.970000e+003 -3.736374e+001
    endloop
  endfacet
  facet normal  6.051324e-002  9.221517e-001 -3.820658e-001
    outer loop
      vertex  4.017221e+000 -4.970000e+003 -3.736374e+001
      vertex  7.878545e-016 -4.970586e+003 -3.941422e+001
      vertex  1.680158e-014 -4.970000e+003 -3.800000e+001
    endloop
  endfacet
  facet normal  4.201795e-001  3.786860e-001 -8.246490e-001
    outer loop
      vertex  8.816779e+000 -4.972000e+003 -3.713525e+001
      vertex  4.635255e+000 -4.972000e+003 -3.926585e+001
      vertex  8.472462e+000 -4.970586e+003 -3.666134e+001
    endloop
  endfacet
  facet normal  4.201803e-001  3.786845e-001 -8.246493e-001
    outer loop
      vertex  8.472462e+000 -4.970586e+003 -3.666134e+001
      vertex  4.635255e+000 -4.972000e+003 -3.926585e+001
      vertex  4.454237e+000 -4.970586e+003 -3.870873e+001
    endloop
  endfacet
  facet normal  1.756167e-001  9.221516e-001 -3.446668e-001
    outer loop
      vertex  8.472462e+000 -4.970586e+003 -3.666134e+001
      vertex  4.454237e+000 -4.970586e+003 -3.870873e+001
      vertex  7.641208e+000 -4.970000e+003 -3.551722e+001
    endloop
  endfacet
  facet normal  1.756167e-001  9.221516e-001 -3.446667e-001
    outer loop
      vertex  7.641208e+000 -4.970000e+003 -3.551722e+001
      vertex  4.454237e+000 -4.970586e+003 -3.870873e+001
      vertex  4.017221e+000 -4.970000e+003 -3.736374e+001
    endloop
  endfacet
  facet normal  6.544448e-001  3.786864e-001 -6.544452e-001
    outer loop
      vertex  1.213525e+001 -4.972000e+003 -3.381678e+001
      vertex  8.816779e+000 -4.972000e+003 -3.713525e+001
      vertex  1.166134e+001 -4.970586e+003 -3.347246e+001
    endloop
  endfacet
  facet normal  6.544451e-001  3.786861e-001 -6.544452e-001
    outer loop
      vertex  1.166134e+001 -4.970586e+003 -3.347246e+001
      vertex  8.816779e+000 -4.972000e+003 -3.713525e+001
      vertex  8.472462e+000 -4.970586e+003 -3.666134e+001
    endloop
  endfacet
  facet normal  2.735293e-001  9.221516e-001 -2.735293e-001
    outer loop
      vertex  1.166134e+001 -4.970586e+003 -3.347246e+001
      vertex  8.472462e+000 -4.970586e+003 -3.666134e+001
      vertex  1.051722e+001 -4.970000e+003 -3.264121e+001
    endloop
  endfacet
  facet normal  2.735291e-001  9.221516e-001 -2.735293e-001
    outer loop
      vertex  1.051722e+001 -4.970000e+003 -3.264121e+001
      vertex  8.472462e+000 -4.970586e+003 -3.666134e+001
      vertex  7.641208e+000 -4.970000e+003 -3.551722e+001
    endloop
  endfacet
  facet normal  8.246489e-001  3.786862e-001 -4.201796e-001
    outer loop
      vertex  1.426585e+001 -4.972000e+003 -2.963526e+001
      vertex  1.213525e+001 -4.972000e+003 -3.381678e+001
      vertex  1.370873e+001 -4.970586e+003 -2.945424e+001
    endloop
  endfacet
  facet normal  8.246489e-001  3.786863e-001 -4.201797e-001
    outer loop
      vertex  1.370873e+001 -4.970586e+003 -2.945424e+001
      vertex  1.213525e+001 -4.972000e+003 -3.381678e+001
      vertex  1.166134e+001 -4.970586e+003 -3.347246e+001
    endloop
  endfacet
  facet normal  3.446669e-001  9.221516e-001 -1.756166e-001
    outer loop
      vertex  1.370873e+001 -4.970586e+003 -2.945424e+001
      vertex  1.166134e+001 -4.970586e+003 -3.347246e+001
      vertex  1.236373e+001 -4.970000e+003 -2.901722e+001
    endloop
  endfacet
  facet normal  3.446669e-001  9.221516e-001 -1.756166e-001
    outer loop
      vertex  1.236373e+001 -4.970000e+003 -2.901722e+001
      vertex  1.166134e+001 -4.970586e+003 -3.347246e+001
      vertex  1.051722e+001 -4.970000e+003 -3.264121e+001
    endloop
  endfacet
  facet normal  0.000000e+000  1.000000e+000  0.000000e+000
    outer loop
      vertex  7.801838e-015 -4.970000e+003 -3.250000e+001
      vertex  3.254128e+000 -4.970000e+003 -3.175727e+001
      vertex  1.051722e+001 -4.970000e+003 -3.264121e+001
    endloop
  endfacet
  facet normal  0.000000e+000  1.000000e+000  0.000000e+000
    outer loop
      vertex  7.801838e-015 -4.970000e+003 -3.250000e+001
      vertex  1.051722e+001 -4.970000e+003 -3.264121e+001
      vertex  7.641208e+000 -4.970000e+003 -3.551722e+001
    endloop
  endfacet
  facet normal  0.000000e+000  1.000000e+000  0.000000e+000
    outer loop
      vertex  7.801838e-015 -4.970000e+003 -3.250000e+001
      vertex  7.641208e+000 -4.970000e+003 -3.551722e+001
      vertex  4.017221e+000 -4.970000e+003 -3.736374e+001
    endloop
  endfacet
  facet normal  0.000000e+000  1.000000e+000  0.000000e+000
    outer loop
      vertex  7.801838e-015 -4.970000e+003 -3.250000e+001
      vertex  4.017221e+000 -4.970000e+003 -3.736374e+001
      vertex  1.680158e-014 -4.970000e+003 -3.800000e+001
    endloop
  endfacet
  facet normal  0.000000e+000  1.000000e+000  0.000000e+000
    outer loop
      vertex  7.801838e-015 -4.970000e+003 -3.250000e+001
      vertex  1.680158e-014 -4.970000e+003 -3.800000e+001
      vertex -4.017221e+000 -4.970000e+003 -3.736374e+001
    endloop
  endfacet
  facet normal  0.000000e+000  1.000000e+000  -0.000000e+000
    outer loop
      vertex  7.801838e-015 -4.970000e+003 -3.250000e+001
      vertex -4.017221e+000 -4.970000e+003 -3.736374e+001
      vertex -7.641208e+000 -4.970000e+003 -3.551722e+001
    endloop
  endfacet
  facet normal  0.000000e+000  1.000000e+000  -0.000000e+000
    outer loop
      vertex  7.801838e-015 -4.970000e+003 -3.250000e+001
      vertex -7.641208e+000 -4.970000e+003 -3.551722e+001
      vertex -1.051722e+001 -4.970000e+003 -3.264121e+001
    endloop
  endfacet
  facet normal  0.000000e+000  1.000000e+000  0.000000e+000
    outer loop
      vertex  7.801838e-015 -4.970000e+003 -3.250000e+001
      vertex -1.051722e+001 -4.970000e+003 -3.264121e+001
      vertex -3.254128e+000 -4.970000e+003 -3.175727e+001
    endloop
  endfacet
  facet normal  0.000000e+000  1.000000e+000  0.000000e+000
    outer loop
      vertex -1.300000e+001 -4.970000e+003 -2.500000e+001
      vertex -1.300000e+001 -4.970000e+003  2.500000e+001
      vertex -7.311959e+000 -4.970000e+003 -2.333109e+001
    endloop
  endfacet
  facet normal  0.000000e+000  1.000000e+000  0.000000e+000
    outer loop
      vertex -1.300000e+001 -4.970000e+003 -2.500000e+001
      vertex -7.311959e+000 -4.970000e+003 -2.333109e+001
      vertex -7.311959e+000 -4.970000e+003 -2.666891e+001
    endloop
  endfacet
  facet normal  0.000000e+000  1.000000e+000  0.000000e+000
    outer loop
      vertex -1.300000e+001 -4.970000e+003 -2.500000e+001
      vertex -7.311959e+000 -4.970000e+003 -2.666891e+001
      vertex -5.863736e+000 -4.970000e+003 -2.967617e+001
    endloop
  endfacet
  facet normal  0.000000e+000  1.000000e+000  0.000000e+000
    outer loop
      vertex -1.300000e+001 -4.970000e+003 -2.500000e+001
      vertex -5.863736e+000 -4.970000e+003 -2.967617e+001
      vertex -1.236373e+001 -4.970000e+003 -2.901722e+001
    endloop
  endfacet
  facet normal  -0.000000e+000  1.000000e+000  0.000000e+000
    outer loop
      vertex -1.300000e+001 -4.970000e+003  2.500000e+001
      vertex -1.221600e+001 -4.970000e+003  2.944626e+001
      vertex -9.958578e+000 -4.970000e+003  3.335624e+001
    endloop
  endfacet
  facet normal  -0.000000e+000  1.000000e+000  0.000000e+000
    outer loop
      vertex -1.300000e+001 -4.970000e+003  2.500000e+001
      vertex -9.958578e+000 -4.970000e+003  3.335624e+001
      vertex -6.500000e+000 -4.970000e+003  3.625833e+001
    endloop
  endfacet
  facet normal  -0.000000e+000  1.000000e+000  0.000000e+000
    outer loop
      vertex -1.300000e+001 -4.970000e+003  2.500000e+001
      vertex -6.500000e+000 -4.970000e+003  3.625833e+001
      vertex -2.257426e+000 -4.970000e+003  3.780250e+001
    endloop
  endfacet
  facet normal  -0.000000e+000  1.000000e+000  0.000000e+000
    outer loop
      vertex -1.300000e+001 -4.970000e+003  2.500000e+001
      vertex -2.257426e+000 -4.970000e+003  3.780250e+001
      vertex  2.257426e+000 -4.970000e+003  3.780250e+001
    endloop
  endfacet
  facet normal  0.000000e+000  1.000000e+000  0.000000e+000
    outer loop
      vertex -1.300000e+001 -4.970000e+003  2.500000e+001
      vertex  2.257426e+000 -4.970000e+003  3.780250e+001
      vertex  3.552714e-015 -4.970000e+003 -1.750000e+001
    endloop
  endfacet
  facet normal  0.000000e+000  1.000000e+000  0.000000e+000
    outer loop
      vertex -1.300000e+001 -4.970000e+003  2.500000e+001
      vertex  3.552714e-015 -4.970000e+003 -1.750000e+001
      vertex -3.254128e+000 -4.970000e+003 -1.824273e+001
    endloop
  endfacet
  facet normal  0.000000e+000  1.000000e+000  0.000000e+000
    outer loop
      vertex -1.300000e+001 -4.970000e+003  2.500000e+001
      vertex -3.254128e+000 -4.970000e+003 -1.824273e+001
      vertex -5.863736e+000 -4.970000e+003 -2.032383e+001
    endloop
  endfacet
  facet normal  0.000000e+000  1.000000e+000  0.000000e+000
    outer loop
      vertex -1.300000e+001 -4.970000e+003  2.500000e+001
      vertex -5.863736e+000 -4.970000e+003 -2.032383e+001
      vertex -7.311959e+000 -4.970000e+003 -2.333109e+001
    endloop
  endfacet
  facet normal  0.000000e+000  1.000000e+000  0.000000e+000
    outer loop
      vertex  3.552714e-015 -4.970000e+003 -1.750000e+001
      vertex  2.257426e+000 -4.970000e+003  3.780250e+001
      vertex  6.500000e+000 -4.970000e+003  3.625833e+001
    endloop
  endfacet
  facet normal  0.000000e+000  1.000000e+000  0.000000e+000
    outer loop
      vertex  3.552714e-015 -4.970000e+003 -1.750000e+001
      vertex  6.500000e+000 -4.970000e+003  3.625833e+001
      vertex  9.958578e+000 -4.970000e+003  3.335624e+001
    endloop
  endfacet
  facet normal  0.000000e+000  1.000000e+000  0.000000e+000
    outer loop
      vertex  3.552714e-015 -4.970000e+003 -1.750000e+001
      vertex  9.958578e+000 -4.970000e+003  3.335624e+001
      vertex  1.221600e+001 -4.970000e+003  2.944626e+001
    endloop
  endfacet
  facet normal  0.000000e+000  9.999999e-001  0.000000e+000
    outer loop
      vertex  3.552714e-015 -4.970000e+003 -1.750000e+001
      vertex  1.221600e+001 -4.970000e+003  2.944626e+001
      vertex  1.300000e+001 -4.970000e+003  2.500000e+001
    endloop
  endfacet
  facet normal  0.000000e+000  1.000000e+000  -0.000000e+000
    outer loop
      vertex  1.300000e+001 -4.970000e+003  2.500000e+001
      vertex  1.300000e+001 -4.970000e+003 -2.500000e+001
      vertex  7.311959e+000 -4.970000e+003 -2.333109e+001
    endloop
  endfacet
  facet normal  0.000000e+000  1.000000e+000  -0.000000e+000
    outer loop
      vertex  1.300000e+001 -4.970000e+003  2.500000e+001
      vertex  7.311959e+000 -4.970000e+003 -2.333109e+001
      vertex  5.863736e+000 -4.970000e+003 -2.032383e+001
    endloop
  endfacet
  facet normal  0.000000e+000  1.000000e+000  -0.000000e+000
    outer loop
      vertex  1.300000e+001 -4.970000e+003  2.500000e+001
      vertex  5.863736e+000 -4.970000e+003 -2.032383e+001
      vertex  3.254128e+000 -4.970000e+003 -1.824273e+001
    endloop
  endfacet
  facet normal  0.000000e+000  1.000000e+000  -0.000000e+000
    outer loop
      vertex  1.300000e+001 -4.970000e+003  2.500000e+001
      vertex  3.254128e+000 -4.970000e+003 -1.824273e+001
      vertex  3.552714e-015 -4.970000e+003 -1.750000e+001
    endloop
  endfacet
  facet normal  0.000000e+000  1.000000e+000  0.000000e+000
    outer loop
      vertex -5.863736e+000 -4.970000e+003 -2.967617e+001
      vertex -3.254128e+000 -4.970000e+003 -3.175727e+001
      vertex -1.236373e+001 -4.970000e+003 -2.901722e+001
    endloop
  endfacet
  facet normal  0.000000e+000  9.999999e-001  0.000000e+000
    outer loop
      vertex -1.236373e+001 -4.970000e+003 -2.901722e+001
      vertex -3.254128e+000 -4.970000e+003 -3.175727e+001
      vertex -1.051722e+001 -4.970000e+003 -3.264121e+001
    endloop
  endfacet
  facet normal  0.000000e+000  1.000000e+000  0.000000e+000
    outer loop
      vertex  7.311959e+000 -4.970000e+003 -2.333109e+001
      vertex  1.300000e+001 -4.970000e+003 -2.500000e+001
      vertex  7.311959e+000 -4.970000e+003 -2.666891e+001
    endloop
  endfacet
  facet normal  -0.000000e+000  1.000000e+000  0.000000e+000
    outer loop
      vertex  7.311959e+000 -4.970000e+003 -2.666891e+001
      vertex  1.300000e+001 -4.970000e+003 -2.500000e+001
      vertex  1.236373e+001 -4.970000e+003 -2.901722e+001
    endloop
  endfacet
  facet normal  0.000000e+000  1.000000e+000  0.000000e+000
    outer loop
      vertex  7.311959e+000 -4.970000e+003 -2.666891e+001
      vertex  1.236373e+001 -4.970000e+003 -2.901722e+001
      vertex  5.863736e+000 -4.970000e+003 -2.967617e+001
    endloop
  endfacet
  facet normal  -0.000000e+000  1.000000e+000  0.000000e+000
    outer loop
      vertex  5.863736e+000 -4.970000e+003 -2.967617e+001
      vertex  1.236373e+001 -4.970000e+003 -2.901722e+001
      vertex  1.051722e+001 -4.970000e+003 -3.264121e+001
    endloop
  endfacet
  facet normal  0.000000e+000  1.000000e+000  0.000000e+000
    outer loop
      vertex  5.863736e+000 -4.970000e+003 -2.967617e+001
      vertex  1.051722e+001 -4.970000e+003 -3.264121e+001
      vertex  3.254128e+000 -4.970000e+003 -3.175727e+001
    endloop
  endfacet
  facet normal -1.564348e-001 -9.578551e-017 -9.876883e-001
    outer loop
      vertex  3.552714e-015 -4.972000e+003 -4.000000e+001
      vertex  5.389623e-015 -4.975000e+003 -4.000000e+001
      vertex -4.635255e+000 -4.972000e+003 -3.926585e+001
    endloop
  endfacet
  facet normal -1.564348e-001  -0.000000e+000 -9.876883e-001
    outer loop
      vertex -4.635255e+000 -4.972000e+003 -3.926585e+001
      vertex  5.389623e-015 -4.975000e+003 -4.000000e+001
      vertex -4.635255e+000 -4.975000e+003 -3.926585e+001
    endloop
  endfacet
  facet normal -4.539904e-001  0.000000e+000 -8.910066e-001
    outer loop
      vertex -4.635255e+000 -4.972000e+003 -3.926585e+001
      vertex -4.635255e+000 -4.975000e+003 -3.926585e+001
      vertex -8.816779e+000 -4.972000e+003 -3.713525e+001
    endloop
  endfacet
  facet normal -4.539904e-001  -0.000000e+000 -8.910066e-001
    outer loop
      vertex -8.816779e+000 -4.972000e+003 -3.713525e+001
      vertex -4.635255e+000 -4.975000e+003 -3.926585e+001
      vertex -8.816779e+000 -4.975000e+003 -3.713525e+001
    endloop
  endfacet
  facet normal -7.071066e-001  0.000000e+000 -7.071069e-001
    outer loop
      vertex -8.816779e+000 -4.972000e+003 -3.713525e+001
      vertex -8.816779e+000 -4.975000e+003 -3.713525e+001
      vertex -1.213525e+001 -4.972000e+003 -3.381678e+001
    endloop
  endfacet
  facet normal -7.071066e-001  -0.000000e+000 -7.071069e-001
    outer loop
      vertex -1.213525e+001 -4.972000e+003 -3.381678e+001
      vertex -8.816779e+000 -4.975000e+003 -3.713525e+001
      vertex -1.213525e+001 -4.975000e+003 -3.381678e+001
    endloop
  endfacet
  facet normal -8.910065e-001  0.000000e+000 -4.539905e-001
    outer loop
      vertex -1.213525e+001 -4.972000e+003 -3.381678e+001
      vertex -1.213525e+001 -4.975000e+003 -3.381678e+001
      vertex -1.426585e+001 -4.972000e+003 -2.963526e+001
    endloop
  endfacet
  facet normal -8.910065e-001  -0.000000e+000 -4.539905e-001
    outer loop
      vertex -1.426585e+001 -4.972000e+003 -2.963526e+001
      vertex -1.213525e+001 -4.975000e+003 -3.381678e+001
      vertex -1.426585e+001 -4.975000e+003 -2.963526e+001
    endloop
  endfacet
  facet normal -9.876883e-001  0.000000e+000 -1.564343e-001
    outer loop
      vertex -1.426585e+001 -4.972000e+003 -2.963526e+001
      vertex -1.426585e+001 -4.975000e+003 -2.963526e+001
      vertex -1.500000e+001 -4.972000e+003 -2.500000e+001
    endloop
  endfacet
  facet normal -9.876883e-001  -0.000000e+000 -1.564343e-001
    outer loop
      vertex -1.500000e+001 -4.972000e+003 -2.500000e+001
      vertex -1.426585e+001 -4.975000e+003 -2.963526e+001
      vertex -1.500000e+001 -4.975000e+003 -2.500000e+001
    endloop
  endfacet
  facet normal  9.876883e-001  0.000000e+000 -1.564343e-001
    outer loop
      vertex  1.500000e+001 -4.972000e+003 -2.500000e+001
      vertex  1.500000e+001 -4.975000e+003 -2.500000e+001
      vertex  1.426585e+001 -4.972000e+003 -2.963526e+001
    endloop
  endfacet
  facet normal  9.876883e-001  0.000000e+000 -1.564343e-001
    outer loop
      vertex  1.426585e+001 -4.972000e+003 -2.963526e+001
      vertex  1.500000e+001 -4.975000e+003 -2.500000e+001
      vertex  1.426585e+001 -4.975000e+003 -2.963526e+001
    endloop
  endfacet
  facet normal  8.910065e-001  0.000000e+000 -4.539905e-001
    outer loop
      vertex  1.426585e+001 -4.972000e+003 -2.963526e+001
      vertex  1.426585e+001 -4.975000e+003 -2.963526e+001
      vertex  1.213525e+001 -4.972000e+003 -3.381678e+001
    endloop
  endfacet
  facet normal  8.910065e-001  0.000000e+000 -4.539905e-001
    outer loop
      vertex  1.213525e+001 -4.972000e+003 -3.381678e+001
      vertex  1.426585e+001 -4.975000e+003 -2.963526e+001
      vertex  1.213525e+001 -4.975000e+003 -3.381678e+001
    endloop
  endfacet
  facet normal  7.071066e-001  0.000000e+000 -7.071069e-001
    outer loop
      vertex  1.213525e+001 -4.972000e+003 -3.381678e+001
      vertex  1.213525e+001 -4.975000e+003 -3.381678e+001
      vertex  8.816779e+000 -4.972000e+003 -3.713525e+001
    endloop
  endfacet
  facet normal  7.071066e-001  0.000000e+000 -7.071069e-001
    outer loop
      vertex  8.816779e+000 -4.972000e+003 -3.713525e+001
      vertex  1.213525e+001 -4.975000e+003 -3.381678e+001
      vertex  8.816779e+000 -4.975000e+003 -3.713525e+001
    endloop
  endfacet
  facet normal  4.539904e-001  0.000000e+000 -8.910066e-001
    outer loop
      vertex  8.816779e+000 -4.972000e+003 -3.713525e+001
      vertex  8.816779e+000 -4.975000e+003 -3.713525e+001
      vertex  4.635255e+000 -4.972000e+003 -3.926585e+001
    endloop
  endfacet
  facet normal  4.539904e-001  0.000000e+000 -8.910066e-001
    outer loop
      vertex  4.635255e+000 -4.972000e+003 -3.926585e+001
      vertex  8.816779e+000 -4.975000e+003 -3.713525e+001
      vertex  4.635255e+000 -4.975000e+003 -3.926585e+001
    endloop
  endfacet
  facet normal  1.564348e-001  0.000000e+000 -9.876883e-001
    outer loop
      vertex  4.635255e+000 -4.972000e+003 -3.926585e+001
      vertex  4.635255e+000 -4.975000e+003 -3.926585e+001
      vertex  3.552714e-015 -4.972000e+003 -4.000000e+001
    endloop
  endfacet
  facet normal  1.564348e-001  9.578551e-017 -9.876883e-001
    outer loop
      vertex  3.552714e-015 -4.972000e+003 -4.000000e+001
      vertex  4.635255e+000 -4.975000e+003 -3.926585e+001
      vertex  5.389623e-015 -4.975000e+003 -4.000000e+001
    endloop
  endfacet
  facet normal  9.238650e-001  3.827185e-001  -0.000000e+000
    outer loop
      vertex  1.500000e+001 -4.972000e+003  2.500000e+001
      vertex  1.500000e+001 -4.972000e+003 -2.500000e+001
      vertex  1.441421e+001 -4.970586e+003  2.500000e+001
    endloop
  endfacet
  facet normal  9.238650e-001  3.827185e-001  0.000000e+000
    outer loop
      vertex  1.441421e+001 -4.970586e+003  2.500000e+001
      vertex  1.500000e+001 -4.972000e+003 -2.500000e+001
      vertex  1.441421e+001 -4.970586e+003 -2.500000e+001
    endloop
  endfacet
  facet normal  3.827677e-001  9.238446e-001  -0.000000e+000
    outer loop
      vertex  1.441421e+001 -4.970586e+003  2.500000e+001
      vertex  1.441421e+001 -4.970586e+003 -2.500000e+001
      vertex  1.300000e+001 -4.970000e+003  2.500000e+001
    endloop
  endfacet
  facet normal  3.827677e-001  9.238446e-001  0.000000e+000
    outer loop
      vertex  1.300000e+001 -4.970000e+003  2.500000e+001
      vertex  1.441421e+001 -4.970586e+003 -2.500000e+001
      vertex  1.300000e+001 -4.970000e+003 -2.500000e+001
    endloop
  endfacet
  facet normal -3.827677e-001  9.238446e-001  0.000000e+000
    outer loop
      vertex -1.300000e+001 -4.970000e+003  2.500000e+001
      vertex -1.300000e+001 -4.970000e+003 -2.500000e+001
      vertex -1.441421e+001 -4.970586e+003  2.500000e+001
    endloop
  endfacet
  facet normal -3.827677e-001  9.238446e-001  0.000000e+000
    outer loop
      vertex -1.441421e+001 -4.970586e+003  2.500000e+001
      vertex -1.300000e+001 -4.970000e+003 -2.500000e+001
      vertex -1.441421e+001 -4.970586e+003 -2.500000e+001
    endloop
  endfacet
  facet normal -9.238650e-001  3.827185e-001  0.000000e+000
    outer loop
      vertex -1.441421e+001 -4.970586e+003  2.500000e+001
      vertex -1.441421e+001 -4.970586e+003 -2.500000e+001
      vertex -1.500000e+001 -4.972000e+003  2.500000e+001
    endloop
  endfacet
  facet normal -9.238650e-001  3.827185e-001  0.000000e+000
    outer loop
      vertex -1.500000e+001 -4.972000e+003  2.500000e+001
      vertex -1.441421e+001 -4.970586e+003 -2.500000e+001
      vertex -1.500000e+001 -4.972000e+003 -2.500000e+001
    endloop
  endfacet
  facet normal  3.820663e-001  9.221516e-001  6.051333e-002
    outer loop
      vertex  1.300000e+001 -4.970000e+003  2.500000e+001
      vertex  1.370873e+001 -4.970586e+003  2.945424e+001
      vertex  1.441421e+001 -4.970586e+003  2.500000e+001
    endloop
  endfacet
  facet normal  3.643349e-001  9.290495e-001  6.424204e-002
    outer loop
      vertex  1.300000e+001 -4.970000e+003  2.500000e+001
      vertex  1.221600e+001 -4.970000e+003  2.944626e+001
      vertex  1.370873e+001 -4.970586e+003  2.945424e+001
    endloop
  endfacet
  facet normal -3.643349e-001  9.290495e-001  6.424204e-002
    outer loop
      vertex -1.300000e+001 -4.970000e+003  2.500000e+001
      vertex -1.370873e+001 -4.970586e+003  2.945424e+001
      vertex -1.221600e+001 -4.970000e+003  2.944626e+001
    endloop
  endfacet
  facet normal -3.820663e-001  9.221516e-001  6.051333e-002
    outer loop
      vertex -1.300000e+001 -4.970000e+003  2.500000e+001
      vertex -1.441421e+001 -4.970586e+003  2.500000e+001
      vertex -1.370873e+001 -4.970586e+003  2.945424e+001
    endloop
  endfacet
  facet normal  3.583975e-001  9.155347e-001  1.826127e-001
    outer loop
      vertex  1.221600e+001 -4.970000e+003  2.944626e+001
      vertex  1.166134e+001 -4.970586e+003  3.347246e+001
      vertex  1.370873e+001 -4.970586e+003  2.945424e+001
    endloop
  endfacet
  facet normal  2.931387e-001  9.100215e-001  2.931388e-001
    outer loop
      vertex  9.958578e+000 -4.970000e+003  3.335624e+001
      vertex  8.472462e+000 -4.970586e+003  3.666134e+001
      vertex  1.166134e+001 -4.970586e+003  3.347246e+001
    endloop
  endfacet
  facet normal  3.092377e-001  9.340749e-001  1.785385e-001
    outer loop
      vertex  9.958578e+000 -4.970000e+003  3.335624e+001
      vertex  1.166134e+001 -4.970586e+003  3.347246e+001
      vertex  1.221600e+001 -4.970000e+003  2.944626e+001
    endloop
  endfacet
  facet normal  1.921137e-001  9.060520e-001  3.770439e-001
    outer loop
      vertex  6.500000e+000 -4.970000e+003  3.625833e+001
      vertex  4.454237e+000 -4.970586e+003  3.870873e+001
      vertex  8.472462e+000 -4.970586e+003  3.666134e+001
    endloop
  endfacet
  facet normal  2.239254e-001  9.373585e-001  2.668639e-001
    outer loop
      vertex  6.500000e+000 -4.970000e+003  3.625833e+001
      vertex  8.472462e+000 -4.970586e+003  3.666134e+001
      vertex  9.958578e+000 -4.970000e+003  3.335624e+001
    endloop
  endfacet
  facet normal  6.689015e-002  9.039720e-001  4.223274e-001
    outer loop
      vertex  2.257426e+000 -4.970000e+003  3.780250e+001
      vertex -7.105427e-015 -4.970586e+003  3.941422e+001
      vertex  4.454237e+000 -4.970586e+003  3.870873e+001
    endloop
  endfacet
  facet normal  1.174232e-001  9.392174e-001  3.226177e-001
    outer loop
      vertex  2.257426e+000 -4.970000e+003  3.780250e+001
      vertex  4.454237e+000 -4.970586e+003  3.870873e+001
      vertex  6.500000e+000 -4.970000e+003  3.625833e+001
    endloop
  endfacet
  facet normal -6.689015e-002  9.039720e-001  4.223274e-001
    outer loop
      vertex -2.257426e+000 -4.970000e+003  3.780250e+001
      vertex -4.454237e+000 -4.970586e+003  3.870873e+001
      vertex -7.105427e-015 -4.970586e+003  3.941422e+001
    endloop
  endfacet
  facet normal  0.000000e+000  9.398196e-001  3.416709e-001
    outer loop
      vertex -2.257426e+000 -4.970000e+003  3.780250e+001
      vertex -7.105427e-015 -4.970586e+003  3.941422e+001
      vertex  2.257426e+000 -4.970000e+003  3.780250e+001
    endloop
  endfacet
  facet normal -1.921137e-001  9.060520e-001  3.770439e-001
    outer loop
      vertex -6.500000e+000 -4.970000e+003  3.625833e+001
      vertex -8.472462e+000 -4.970586e+003  3.666134e+001
      vertex -4.454237e+000 -4.970586e+003  3.870873e+001
    endloop
  endfacet
  facet normal -1.174232e-001  9.392174e-001  3.226177e-001
    outer loop
      vertex -6.500000e+000 -4.970000e+003  3.625833e+001
      vertex -4.454237e+000 -4.970586e+003  3.870873e+001
      vertex -2.257426e+000 -4.970000e+003  3.780250e+001
    endloop
  endfacet
  facet normal -2.931387e-001  9.100215e-001  2.931388e-001
    outer loop
      vertex -9.958578e+000 -4.970000e+003  3.335624e+001
      vertex -1.166134e+001 -4.970586e+003  3.347246e+001
      vertex -8.472462e+000 -4.970586e+003  3.666134e+001
    endloop
  endfacet
  facet normal -2.239254e-001  9.373585e-001  2.668639e-001
    outer loop
      vertex -9.958578e+000 -4.970000e+003  3.335624e+001
      vertex -8.472462e+000 -4.970586e+003  3.666134e+001
      vertex -6.500000e+000 -4.970000e+003  3.625833e+001
    endloop
  endfacet
  facet normal -3.583975e-001  9.155347e-001  1.826127e-001
    outer loop
      vertex -1.221600e+001 -4.970000e+003  2.944626e+001
      vertex -1.370873e+001 -4.970586e+003  2.945424e+001
      vertex -1.166134e+001 -4.970586e+003  3.347246e+001
    endloop
  endfacet
  facet normal -3.092377e-001  9.340749e-001  1.785385e-001
    outer loop
      vertex -1.221600e+001 -4.970000e+003  2.944626e+001
      vertex -1.166134e+001 -4.970586e+003  3.347246e+001
      vertex -9.958578e+000 -4.970000e+003  3.335624e+001
    endloop
  endfacet
  facet normal  9.141305e-001  3.786860e-001  1.447839e-001
    outer loop
      vertex  1.500000e+001 -4.972000e+003  2.500000e+001
      vertex  1.441421e+001 -4.970586e+003  2.500000e+001
      vertex  1.426585e+001 -4.972000e+003  2.963526e+001
    endloop
  endfacet
  facet normal  9.141304e-001  3.786860e-001  1.447840e-001
    outer loop
      vertex  1.426585e+001 -4.972000e+003  2.963526e+001
      vertex  1.441421e+001 -4.970586e+003  2.500000e+001
      vertex  1.370873e+001 -4.970586e+003  2.945424e+001
    endloop
  endfacet
  facet normal  8.246489e-001  3.786862e-001  4.201796e-001
    outer loop
      vertex  1.426585e+001 -4.972000e+003  2.963526e+001
      vertex  1.370873e+001 -4.970586e+003  2.945424e+001
      vertex  1.213525e+001 -4.972000e+003  3.381678e+001
    endloop
  endfacet
  facet normal  8.246489e-001  3.786863e-001  4.201797e-001
    outer loop
      vertex  1.213525e+001 -4.972000e+003  3.381678e+001
      vertex  1.370873e+001 -4.970586e+003  2.945424e+001
      vertex  1.166134e+001 -4.970586e+003  3.347246e+001
    endloop
  endfacet
  facet normal  6.544448e-001  3.786864e-001  6.544452e-001
    outer loop
      vertex  1.213525e+001 -4.972000e+003  3.381678e+001
      vertex  1.166134e+001 -4.970586e+003  3.347246e+001
      vertex  8.816779e+000 -4.972000e+003  3.713525e+001
    endloop
  endfacet
  facet normal  6.544451e-001  3.786861e-001  6.544452e-001
    outer loop
      vertex  8.816779e+000 -4.972000e+003  3.713525e+001
      vertex  1.166134e+001 -4.970586e+003  3.347246e+001
      vertex  8.472462e+000 -4.970586e+003  3.666134e+001
    endloop
  endfacet
  facet normal  4.201795e-001  3.786860e-001  8.246490e-001
    outer loop
      vertex  8.816779e+000 -4.972000e+003  3.713525e+001
      vertex  8.472462e+000 -4.970586e+003  3.666134e+001
      vertex  4.635255e+000 -4.972000e+003  3.926585e+001
    endloop
  endfacet
  facet normal  4.201803e-001  3.786845e-001  8.246493e-001
    outer loop
      vertex  4.635255e+000 -4.972000e+003  3.926585e+001
      vertex  8.472462e+000 -4.970586e+003  3.666134e+001
      vertex  4.454237e+000 -4.970586e+003  3.870873e+001
    endloop
  endfacet
  facet normal  1.447845e-001  3.786844e-001  9.141311e-001
    outer loop
      vertex  4.635255e+000 -4.972000e+003  3.926585e+001
      vertex  4.454237e+000 -4.970586e+003  3.870873e+001
      vertex -1.140499e-015 -4.972000e+003  4.000000e+001
    endloop
  endfacet
  facet normal  1.447842e-001  3.786849e-001  9.141309e-001
    outer loop
      vertex -1.140499e-015 -4.972000e+003  4.000000e+001
      vertex  4.454237e+000 -4.970586e+003  3.870873e+001
      vertex -7.105427e-015 -4.970586e+003  3.941422e+001
    endloop
  endfacet
  facet normal -1.447844e-001  3.786848e-001  9.141308e-001
    outer loop
      vertex -1.140499e-015 -4.972000e+003  4.000000e+001
      vertex -7.105427e-015 -4.970586e+003  3.941422e+001
      vertex -4.635255e+000 -4.972000e+003  3.926585e+001
    endloop
  endfacet
  facet normal -1.447843e-001  3.786844e-001  9.141311e-001
    outer loop
      vertex -4.635255e+000 -4.972000e+003  3.926585e+001
      vertex -7.105427e-015 -4.970586e+003  3.941422e+001
      vertex -4.454237e+000 -4.970586e+003  3.870873e+001
    endloop
  endfacet
  facet normal -4.201798e-001  3.786845e-001  8.246496e-001
    outer loop
      vertex -4.635255e+000 -4.972000e+003  3.926585e+001
      vertex -4.454237e+000 -4.970586e+003  3.870873e+001
      vertex -8.816779e+000 -4.972000e+003  3.713525e+001
    endloop
  endfacet
  facet normal -4.201800e-001  3.786860e-001  8.246488e-001
    outer loop
      vertex -8.816779e+000 -4.972000e+003  3.713525e+001
      vertex -4.454237e+000 -4.970586e+003  3.870873e+001
      vertex -8.472462e+000 -4.970586e+003  3.666134e+001
    endloop
  endfacet
  facet normal -6.544449e-001  3.786861e-001  6.544454e-001
    outer loop
      vertex -8.816779e+000 -4.972000e+003  3.713525e+001
      vertex -8.472462e+000 -4.970586e+003  3.666134e+001
      vertex -1.213525e+001 -4.972000e+003  3.381678e+001
    endloop
  endfacet
  facet normal -6.544449e-001  3.786865e-001  6.544451e-001
    outer loop
      vertex -1.213525e+001 -4.972000e+003  3.381678e+001
      vertex -8.472462e+000 -4.970586e+003  3.666134e+001
      vertex -1.166134e+001 -4.970586e+003  3.347246e+001
    endloop
  endfacet
  facet normal -8.246489e-001  3.786862e-001  4.201796e-001
    outer loop
      vertex -1.213525e+001 -4.972000e+003  3.381678e+001
      vertex -1.166134e+001 -4.970586e+003  3.347246e+001
      vertex -1.426585e+001 -4.972000e+003  2.963526e+001
    endloop
  endfacet
  facet normal -8.246489e-001  3.786862e-001  4.201797e-001
    outer loop
      vertex -1.426585e+001 -4.972000e+003  2.963526e+001
      vertex -1.166134e+001 -4.970586e+003  3.347246e+001
      vertex -1.370873e+001 -4.970586e+003  2.945424e+001
    endloop
  endfacet
  facet normal -9.141304e-001  3.786861e-001  1.447839e-001
    outer loop
      vertex -1.426585e+001 -4.972000e+003  2.963526e+001
      vertex -1.370873e+001 -4.970586e+003  2.945424e+001
      vertex -1.500000e+001 -4.972000e+003  2.500000e+001
    endloop
  endfacet
  facet normal -9.141305e-001  3.786860e-001  1.447840e-001
    outer loop
      vertex -1.500000e+001 -4.972000e+003  2.500000e+001
      vertex -1.370873e+001 -4.970586e+003  2.945424e+001
      vertex -1.441421e+001 -4.970586e+003  2.500000e+001
    endloop
  endfacet
  facet normal  0.000000e+000  -0.000000e+000  1.000000e+000
    outer loop
      vertex  1.300000e+001 -4.985000e+003  1.000000e+002
      vertex  1.441421e+001 -5.014414e+003  1.000000e+002
      vertex  1.441421e+001 -4.985586e+003  1.000000e+002
    endloop
  endfacet
  facet normal  0.000000e+000  0.000000e+000  1.000000e+000
    outer loop
      vertex  1.441421e+001 -4.985586e+003  1.000000e+002
      vertex  1.441421e+001 -5.014414e+003  1.000000e+002
      vertex  1.500000e+001 -5.013000e+003  1.000000e+002
    endloop
  endfacet
  facet normal  0.000000e+000  -0.000000e+000  1.000000e+000
    outer loop
      vertex  1.441421e+001 -4.985586e+003  1.000000e+002
      vertex  1.500000e+001 -5.013000e+003  1.000000e+002
      vertex  1.500000e+001 -4.987000e+003  1.000000e+002
    endloop
  endfacet
  facet normal  0.000000e+000  0.000000e+000  1.000000e+000
    outer loop
      vertex  1.441421e+001 -5.014414e+003  1.000000e+002
      vertex  1.300000e+001 -4.985000e+003  1.000000e+002
      vertex  1.300000e+001 -5.015000e+003  1.000000e+002
    endloop
  endfacet
  facet normal  0.000000e+000  -0.000000e+000  1.000000e+000
    outer loop
      vertex  1.300000e+001 -5.015000e+003  1.000000e+002
      vertex  1.300000e+001 -4.985000e+003  1.000000e+002
      vertex -1.300000e+001 -4.985000e+003  1.000000e+002
    endloop
  endfacet
  facet normal  0.000000e+000  0.000000e+000  1.000000e+000
    outer loop
      vertex  1.300000e+001 -5.015000e+003  1.000000e+002
      vertex -1.300000e+001 -4.985000e+003  1.000000e+002
      vertex -1.300000e+001 -5.015000e+003  1.000000e+002
    endloop
  endfacet
  facet normal  0.000000e+000  -0.000000e+000  1.000000e+000
    outer loop
      vertex -1.300000e+001 -5.015000e+003  1.000000e+002
      vertex -1.300000e+001 -4.985000e+003  1.000000e+002
      vertex -1.441421e+001 -4.985586e+003  1.000000e+002
    endloop
  endfacet
  facet normal  0.000000e+000  0.000000e+000  1.000000e+000
    outer loop
      vertex -1.300000e+001 -5.015000e+003  1.000000e+002
      vertex -1.441421e+001 -4.985586e+003  1.000000e+002
      vertex -1.441421e+001 -5.014414e+003  1.000000e+002
    endloop
  endfacet
  facet normal  0.000000e+000  -0.000000e+000  1.000000e+000
    outer loop
      vertex -1.441421e+001 -5.014414e+003  1.000000e+002
      vertex -1.441421e+001 -4.985586e+003  1.000000e+002
      vertex -1.500000e+001 -4.987000e+003  1.000000e+002
    endloop
  endfacet
  facet normal  0.000000e+000  0.000000e+000  1.000000e+000
    outer loop
      vertex -1.441421e+001 -5.014414e+003  1.000000e+002
      vertex -1.500000e+001 -4.987000e+003  1.000000e+002
      vertex -1.500000e+001 -5.013000e+003  1.000000e+002
    endloop
  endfacet
  facet normal -2.225219e-001  4.235124e-016  9.749277e-001
    outer loop
      vertex -1.515959e-014 -5.020500e+003  9.250000e+001
      vertex -8.498248e-015 -5.017000e+003  9.250000e+001
      vertex -3.254128e+000 -5.020500e+003  9.175726e+001
    endloop
  endfacet
  facet normal -2.225219e-001  0.000000e+000  9.749277e-001
    outer loop
      vertex -3.254128e+000 -5.020500e+003  9.175726e+001
      vertex -8.498248e-015 -5.017000e+003  9.250000e+001
      vertex -3.254128e+000 -5.017000e+003  9.175726e+001
    endloop
  endfacet
  facet normal -6.234897e-001  0.000000e+000  7.818315e-001
    outer loop
      vertex -3.254128e+000 -5.020500e+003  9.175726e+001
      vertex -3.254128e+000 -5.017000e+003  9.175726e+001
      vertex -5.863736e+000 -5.020500e+003  8.967617e+001
    endloop
  endfacet
  facet normal -6.234897e-001  0.000000e+000  7.818315e-001
    outer loop
      vertex -5.863736e+000 -5.020500e+003  8.967617e+001
      vertex -3.254128e+000 -5.017000e+003  9.175726e+001
      vertex -5.863736e+000 -5.017000e+003  8.967617e+001
    endloop
  endfacet
  facet normal -9.009686e-001  0.000000e+000  4.338841e-001
    outer loop
      vertex -5.863736e+000 -5.020500e+003  8.967617e+001
      vertex -5.863736e+000 -5.017000e+003  8.967617e+001
      vertex -7.311959e+000 -5.020500e+003  8.666891e+001
    endloop
  endfacet
  facet normal -9.009686e-001  0.000000e+000  4.338841e-001
    outer loop
      vertex -7.311959e+000 -5.020500e+003  8.666891e+001
      vertex -5.863736e+000 -5.017000e+003  8.967617e+001
      vertex -7.311959e+000 -5.017000e+003  8.666891e+001
    endloop
  endfacet
  facet normal -1.000000e+000  -0.000000e+000  0.000000e+000
    outer loop
      vertex -7.311959e+000 -5.020500e+003  8.666891e+001
      vertex -7.311959e+000 -5.017000e+003  8.666891e+001
      vertex -7.311959e+000 -5.020500e+003  8.333109e+001
    endloop
  endfacet
  facet normal -1.000000e+000  0.000000e+000  0.000000e+000
    outer loop
      vertex -7.311959e+000 -5.020500e+003  8.333109e+001
      vertex -7.311959e+000 -5.017000e+003  8.666891e+001
      vertex -7.311959e+000 -5.017000e+003  8.333109e+001
    endloop
  endfacet
  facet normal -9.009686e-001  -0.000000e+000 -4.338841e-001
    outer loop
      vertex -7.311959e+000 -5.020500e+003  8.333109e+001
      vertex -7.311959e+000 -5.017000e+003  8.333109e+001
      vertex -5.863736e+000 -5.020500e+003  8.032383e+001
    endloop
  endfacet
  facet normal -9.009686e-001  0.000000e+000 -4.338841e-001
    outer loop
      vertex -5.863736e+000 -5.020500e+003  8.032383e+001
      vertex -7.311959e+000 -5.017000e+003  8.333109e+001
      vertex -5.863736e+000 -5.017000e+003  8.032383e+001
    endloop
  endfacet
  facet normal -6.234897e-001  -0.000000e+000 -7.818315e-001
    outer loop
      vertex -5.863736e+000 -5.020500e+003  8.032383e+001
      vertex -5.863736e+000 -5.017000e+003  8.032383e+001
      vertex -3.254128e+000 -5.020500e+003  7.824274e+001
    endloop
  endfacet
  facet normal -6.234897e-001  0.000000e+000 -7.818315e-001
    outer loop
      vertex -3.254128e+000 -5.020500e+003  7.824274e+001
      vertex -5.863736e+000 -5.017000e+003  8.032383e+001
      vertex -3.254128e+000 -5.017000e+003  7.824274e+001
    endloop
  endfacet
  facet normal -2.225219e-001  -0.000000e+000 -9.749277e-001
    outer loop
      vertex -3.254128e+000 -5.020500e+003  7.824274e+001
      vertex -3.254128e+000 -5.017000e+003  7.824274e+001
      vertex  4.249124e-015 -5.020500e+003  7.750000e+001
    endloop
  endfacet
  facet normal -2.225219e-001  0.000000e+000 -9.749277e-001
    outer loop
      vertex  4.249124e-015 -5.020500e+003  7.750000e+001
      vertex -3.254128e+000 -5.017000e+003  7.824274e+001
      vertex  4.249124e-015 -5.017000e+003  7.750000e+001
    endloop
  endfacet
  facet normal  2.225219e-001  0.000000e+000 -9.749277e-001
    outer loop
      vertex  4.249124e-015 -5.020500e+003  7.750000e+001
      vertex  4.249124e-015 -5.017000e+003  7.750000e+001
      vertex  3.254128e+000 -5.020500e+003  7.824274e+001
    endloop
  endfacet
  facet normal  2.225219e-001  0.000000e+000 -9.749277e-001
    outer loop
      vertex  3.254128e+000 -5.020500e+003  7.824274e+001
      vertex  4.249124e-015 -5.017000e+003  7.750000e+001
      vertex  3.254128e+000 -5.017000e+003  7.824274e+001
    endloop
  endfacet
  facet normal  6.234897e-001  0.000000e+000 -7.818315e-001
    outer loop
      vertex  3.254128e+000 -5.020500e+003  7.824274e+001
      vertex  3.254128e+000 -5.017000e+003  7.824274e+001
      vertex  5.863736e+000 -5.020500e+003  8.032383e+001
    endloop
  endfacet
  facet normal  6.234897e-001  0.000000e+000 -7.818315e-001
    outer loop
      vertex  5.863736e+000 -5.020500e+003  8.032383e+001
      vertex  3.254128e+000 -5.017000e+003  7.824274e+001
      vertex  5.863736e+000 -5.017000e+003  8.032383e+001
    endloop
  endfacet
  facet normal  9.009686e-001  0.000000e+000 -4.338841e-001
    outer loop
      vertex  5.863736e+000 -5.020500e+003  8.032383e+001
      vertex  5.863736e+000 -5.017000e+003  8.032383e+001
      vertex  7.311959e+000 -5.020500e+003  8.333109e+001
    endloop
  endfacet
  facet normal  9.009686e-001  0.000000e+000 -4.338841e-001
    outer loop
      vertex  7.311959e+000 -5.020500e+003  8.333109e+001
      vertex  5.863736e+000 -5.017000e+003  8.032383e+001
      vertex  7.311959e+000 -5.017000e+003  8.333109e+001
    endloop
  endfacet
  facet normal  1.000000e+000  0.000000e+000  0.000000e+000
    outer loop
      vertex  7.311959e+000 -5.020500e+003  8.333109e+001
      vertex  7.311959e+000 -5.017000e+003  8.333109e+001
      vertex  7.311959e+000 -5.020500e+003  8.666891e+001
    endloop
  endfacet
  facet normal  1.000000e+000  -0.000000e+000  0.000000e+000
    outer loop
      vertex  7.311959e+000 -5.020500e+003  8.666891e+001
      vertex  7.311959e+000 -5.017000e+003  8.333109e+001
      vertex  7.311959e+000 -5.017000e+003  8.666891e+001
    endloop
  endfacet
  facet normal  9.009686e-001  0.000000e+000  4.338841e-001
    outer loop
      vertex  7.311959e+000 -5.020500e+003  8.666891e+001
      vertex  7.311959e+000 -5.017000e+003  8.666891e+001
      vertex  5.863736e+000 -5.020500e+003  8.967617e+001
    endloop
  endfacet
  facet normal  9.009686e-001  -0.000000e+000  4.338841e-001
    outer loop
      vertex  5.863736e+000 -5.020500e+003  8.967617e+001
      vertex  7.311959e+000 -5.017000e+003  8.666891e+001
      vertex  5.863736e+000 -5.017000e+003  8.967617e+001
    endloop
  endfacet
  facet normal  6.234897e-001  0.000000e+000  7.818315e-001
    outer loop
      vertex  5.863736e+000 -5.020500e+003  8.967617e+001
      vertex  5.863736e+000 -5.017000e+003  8.967617e+001
      vertex  3.254128e+000 -5.020500e+003  9.175726e+001
    endloop
  endfacet
  facet normal  6.234897e-001  -0.000000e+000  7.818315e-001
    outer loop
      vertex  3.254128e+000 -5.020500e+003  9.175726e+001
      vertex  5.863736e+000 -5.017000e+003  8.967617e+001
      vertex  3.254128e+000 -5.017000e+003  9.175726e+001
    endloop
  endfacet
  facet normal  2.225219e-001  0.000000e+000  9.749277e-001
    outer loop
      vertex  3.254128e+000 -5.020500e+003  9.175726e+001
      vertex  3.254128e+000 -5.017000e+003  9.175726e+001
      vertex -1.515959e-014 -5.020500e+003  9.250000e+001
    endloop
  endfacet
  facet normal  2.225219e-001 -4.235124e-016  9.749277e-001
    outer loop
      vertex -1.515959e-014 -5.020500e+003  9.250000e+001
      vertex  3.254128e+000 -5.017000e+003  9.175726e+001
      vertex -8.498248e-015 -5.017000e+003  9.250000e+001
    endloop
  endfacet
  facet normal -6.733903e-002 -9.217479e-001 -3.818985e-001
    outer loop
      vertex -1.287859e-014 -5.015586e+003  7.691422e+001
      vertex -2.765502e+000 -5.015586e+003  7.740185e+001
      vertex -1.391600e-014 -5.015000e+003  7.550000e+001
    endloop
  endfacet
  facet normal -7.886276e-002 -9.146541e-001 -3.964699e-001
    outer loop
      vertex -2.765502e+000 -5.015586e+003  7.740185e+001
      vertex -3.635493e+000 -5.015000e+003  7.622314e+001
      vertex -1.391600e-014 -5.015000e+003  7.550000e+001
    endloop
  endfacet
  facet normal -7.886276e-002 -9.146541e-001  3.964699e-001
    outer loop
      vertex -3.635493e+000 -5.015000e+003  9.377686e+001
      vertex -2.765502e+000 -5.015586e+003  9.259815e+001
      vertex  2.230672e-015 -5.015000e+003  9.450000e+001
    endloop
  endfacet
  facet normal -6.733903e-002 -9.217479e-001  3.818985e-001
    outer loop
      vertex -2.765502e+000 -5.015586e+003  9.259815e+001
      vertex  8.881784e-015 -5.015586e+003  9.308578e+001
      vertex  2.230672e-015 -5.015000e+003  9.450000e+001
    endloop
  endfacet
  facet normal -1.607831e-001 -3.777382e-001  9.118457e-001
    outer loop
      vertex  8.881784e-015 -5.015586e+003  9.308578e+001
      vertex -2.765502e+000 -5.015586e+003  9.259815e+001
      vertex -8.498248e-015 -5.017000e+003  9.250000e+001
    endloop
  endfacet
  facet normal -1.988017e-001 -4.492567e-001  8.710031e-001
    outer loop
      vertex -2.765502e+000 -5.015586e+003  9.259815e+001
      vertex -3.254128e+000 -5.017000e+003  9.175726e+001
      vertex -8.498248e-015 -5.017000e+003  9.250000e+001
    endloop
  endfacet
  facet normal -1.988017e-001 -4.492567e-001 -8.710031e-001
    outer loop
      vertex -3.254128e+000 -5.017000e+003  7.824274e+001
      vertex -2.765502e+000 -5.015586e+003  7.740185e+001
      vertex  4.249124e-015 -5.017000e+003  7.750000e+001
    endloop
  endfacet
  facet normal -1.607831e-001 -3.777382e-001 -9.118457e-001
    outer loop
      vertex -2.765502e+000 -5.015586e+003  7.740185e+001
      vertex -1.287859e-014 -5.015586e+003  7.691422e+001
      vertex  4.249124e-015 -5.017000e+003  7.750000e+001
    endloop
  endfacet
  facet normal -4.730659e-001 -3.237833e-001  8.193736e-001
    outer loop
      vertex -2.765502e+000 -5.015586e+003  9.259815e+001
      vertex -5.197443e+000 -5.015586e+003  9.119407e+001
      vertex -3.254128e+000 -5.017000e+003  9.175726e+001
    endloop
  endfacet
  facet normal -7.276661e-001 -3.125514e-001  6.105847e-001
    outer loop
      vertex -5.197443e+000 -5.015586e+003  9.119407e+001
      vertex -7.002496e+000 -5.015586e+003  8.904289e+001
      vertex -5.863736e+000 -5.017000e+003  8.967617e+001
    endloop
  endfacet
  facet normal -5.473577e-001 -4.788557e-001  6.863649e-001
    outer loop
      vertex -3.254128e+000 -5.017000e+003  9.175726e+001
      vertex -5.197443e+000 -5.015586e+003  9.119407e+001
      vertex -5.863736e+000 -5.017000e+003  8.967617e+001
    endloop
  endfacet
  facet normal -2.312827e-001 -9.092283e-001  3.461390e-001
    outer loop
      vertex -3.635493e+000 -5.015000e+003  9.377686e+001
      vertex -6.717515e+000 -5.015000e+003  9.171751e+001
      vertex -5.197443e+000 -5.015586e+003  9.119407e+001
    endloop
  endfacet
  facet normal -1.866906e-001 -9.276781e-001  3.233573e-001
    outer loop
      vertex -2.765502e+000 -5.015586e+003  9.259815e+001
      vertex -3.635493e+000 -5.015000e+003  9.377686e+001
      vertex -5.197443e+000 -5.015586e+003  9.119407e+001
    endloop
  endfacet
  facet normal -8.817174e-001 -3.458110e-001  3.209191e-001
    outer loop
      vertex -7.002496e+000 -5.015586e+003  8.904289e+001
      vertex -7.962945e+000 -5.015586e+003  8.640408e+001
      vertex -7.311959e+000 -5.017000e+003  8.666891e+001
    endloop
  endfacet
  facet normal -7.956602e-001 -4.691539e-001  3.831702e-001
    outer loop
      vertex -5.863736e+000 -5.017000e+003  8.967617e+001
      vertex -7.002496e+000 -5.015586e+003  8.904289e+001
      vertex -7.311959e+000 -5.017000e+003  8.666891e+001
    endloop
  endfacet
  facet normal -3.531388e-001 -9.053264e-001  2.359597e-001
    outer loop
      vertex -6.717515e+000 -5.015000e+003  9.171751e+001
      vertex -8.776855e+000 -5.015000e+003  8.863549e+001
      vertex -7.002496e+000 -5.015586e+003  8.904289e+001
    endloop
  endfacet
  facet normal -2.785796e-001 -9.315318e-001  2.337562e-001
    outer loop
      vertex -5.197443e+000 -5.015586e+003  9.119407e+001
      vertex -6.717515e+000 -5.015000e+003  9.171751e+001
      vertex -7.002496e+000 -5.015586e+003  8.904289e+001
    endloop
  endfacet
  facet normal -4.208001e-001 -9.032836e-001  8.370240e-002
    outer loop
      vertex -8.776855e+000 -5.015000e+003  8.863549e+001
      vertex -9.500000e+000 -5.015000e+003  8.500000e+001
      vertex -7.962945e+000 -5.015586e+003  8.640408e+001
    endloop
  endfacet
  facet normal -3.364497e-001 -9.337054e-001  1.224578e-001
    outer loop
      vertex -7.002496e+000 -5.015586e+003  8.904289e+001
      vertex -8.776855e+000 -5.015000e+003  8.863549e+001
      vertex -7.962945e+000 -5.015586e+003  8.640408e+001
    endloop
  endfacet
  facet normal -8.817174e-001 -3.458110e-001 -3.209191e-001
    outer loop
      vertex -7.962945e+000 -5.015586e+003  8.359592e+001
      vertex -7.002496e+000 -5.015586e+003  8.095711e+001
      vertex -7.311959e+000 -5.017000e+003  8.333109e+001
    endloop
  endfacet
  facet normal -9.083644e-001 -4.181797e-001  0.000000e+000
    outer loop
      vertex -7.311959e+000 -5.017000e+003  8.666891e+001
      vertex -7.962945e+000 -5.015586e+003  8.359592e+001
      vertex -7.311959e+000 -5.017000e+003  8.333109e+001
    endloop
  endfacet
  facet normal -9.083644e-001 -4.181797e-001  0.000000e+000
    outer loop
      vertex -7.962945e+000 -5.015586e+003  8.640408e+001
      vertex -7.962945e+000 -5.015586e+003  8.359592e+001
      vertex -7.311959e+000 -5.017000e+003  8.666891e+001
    endloop
  endfacet
  facet normal -4.208001e-001 -9.032836e-001 -8.370240e-002
    outer loop
      vertex -9.500000e+000 -5.015000e+003  8.500000e+001
      vertex -8.776855e+000 -5.015000e+003  8.136451e+001
      vertex -7.962945e+000 -5.015586e+003  8.359592e+001
    endloop
  endfacet
  facet normal -3.562038e-001 -9.344082e-001  0.000000e+000
    outer loop
      vertex -7.962945e+000 -5.015586e+003  8.640408e+001
      vertex -9.500000e+000 -5.015000e+003  8.500000e+001
      vertex -7.962945e+000 -5.015586e+003  8.359592e+001
    endloop
  endfacet
  facet normal -7.276661e-001 -3.125514e-001 -6.105847e-001
    outer loop
      vertex -7.002496e+000 -5.015586e+003  8.095711e+001
      vertex -5.197443e+000 -5.015586e+003  7.880593e+001
      vertex -5.863736e+000 -5.017000e+003  8.032383e+001
    endloop
  endfacet
  facet normal -7.956602e-001 -4.691539e-001 -3.831702e-001
    outer loop
      vertex -7.311959e+000 -5.017000e+003  8.333109e+001
      vertex -7.002496e+000 -5.015586e+003  8.095711e+001
      vertex -5.863736e+000 -5.017000e+003  8.032383e+001
    endloop
  endfacet
  facet normal -3.531388e-001 -9.053264e-001 -2.359597e-001
    outer loop
      vertex -8.776855e+000 -5.015000e+003  8.136451e+001
      vertex -6.717515e+000 -5.015000e+003  7.828249e+001
      vertex -7.002496e+000 -5.015586e+003  8.095711e+001
    endloop
  endfacet
  facet normal -3.364497e-001 -9.337054e-001 -1.224578e-001
    outer loop
      vertex -7.962945e+000 -5.015586e+003  8.359592e+001
      vertex -8.776855e+000 -5.015000e+003  8.136451e+001
      vertex -7.002496e+000 -5.015586e+003  8.095711e+001
    endloop
  endfacet
  facet normal -4.730659e-001 -3.237833e-001 -8.193736e-001
    outer loop
      vertex -5.197443e+000 -5.015586e+003  7.880593e+001
      vertex -2.765502e+000 -5.015586e+003  7.740185e+001
      vertex -3.254128e+000 -5.017000e+003  7.824274e+001
    endloop
  endfacet
  facet normal -5.473577e-001 -4.788557e-001 -6.863649e-001
    outer loop
      vertex -5.863736e+000 -5.017000e+003  8.032383e+001
      vertex -5.197443e+000 -5.015586e+003  7.880593e+001
      vertex -3.254128e+000 -5.017000e+003  7.824274e+001
    endloop
  endfacet
  facet normal -2.312827e-001 -9.092283e-001 -3.461390e-001
    outer loop
      vertex -6.717515e+000 -5.015000e+003  7.828249e+001
      vertex -3.635493e+000 -5.015000e+003  7.622314e+001
      vertex -5.197443e+000 -5.015586e+003  7.880593e+001
    endloop
  endfacet
  facet normal -2.785796e-001 -9.315318e-001 -2.337562e-001
    outer loop
      vertex -7.002496e+000 -5.015586e+003  8.095711e+001
      vertex -6.717515e+000 -5.015000e+003  7.828249e+001
      vertex -5.197443e+000 -5.015586e+003  7.880593e+001
    endloop
  endfacet
  facet normal -1.866906e-001 -9.276781e-001 -3.233573e-001
    outer loop
      vertex -5.197443e+000 -5.015586e+003  7.880593e+001
      vertex -3.635493e+000 -5.015000e+003  7.622314e+001
      vertex -2.765502e+000 -5.015586e+003  7.740185e+001
    endloop
  endfacet
  facet normal  6.733903e-002 -9.217479e-001  3.818985e-001
    outer loop
      vertex  8.881784e-015 -5.015586e+003  9.308578e+001
      vertex  2.765502e+000 -5.015586e+003  9.259815e+001
      vertex  2.230672e-015 -5.015000e+003  9.450000e+001
    endloop
  endfacet
  facet normal  7.886276e-002 -9.146541e-001  3.964699e-001
    outer loop
      vertex  2.765502e+000 -5.015586e+003  9.259815e+001
      vertex  3.635493e+000 -5.015000e+003  9.377686e+001
      vertex  2.230672e-015 -5.015000e+003  9.450000e+001
    endloop
  endfacet
  facet normal  7.886276e-002 -9.146541e-001 -3.964699e-001
    outer loop
      vertex  3.635493e+000 -5.015000e+003  7.622314e+001
      vertex  2.765502e+000 -5.015586e+003  7.740185e+001
      vertex -1.391600e-014 -5.015000e+003  7.550000e+001
    endloop
  endfacet
  facet normal  6.733903e-002 -9.217479e-001 -3.818985e-001
    outer loop
      vertex  2.765502e+000 -5.015586e+003  7.740185e+001
      vertex -1.287859e-014 -5.015586e+003  7.691422e+001
      vertex -1.391600e-014 -5.015000e+003  7.550000e+001
    endloop
  endfacet
  facet normal  1.607831e-001 -3.777382e-001 -9.118457e-001
    outer loop
      vertex -1.287859e-014 -5.015586e+003  7.691422e+001
      vertex  2.765502e+000 -5.015586e+003  7.740185e+001
      vertex  4.249124e-015 -5.017000e+003  7.750000e+001
    endloop
  endfacet
  facet normal  1.988017e-001 -4.492567e-001 -8.710031e-001
    outer loop
      vertex  2.765502e+000 -5.015586e+003  7.740185e+001
      vertex  3.254128e+000 -5.017000e+003  7.824274e+001
      vertex  4.249124e-015 -5.017000e+003  7.750000e+001
    endloop
  endfacet
  facet normal  1.988017e-001 -4.492567e-001  8.710031e-001
    outer loop
      vertex  3.254128e+000 -5.017000e+003  9.175726e+001
      vertex  2.765502e+000 -5.015586e+003  9.259815e+001
      vertex -8.498248e-015 -5.017000e+003  9.250000e+001
    endloop
  endfacet
  facet normal  1.607831e-001 -3.777382e-001  9.118457e-001
    outer loop
      vertex  2.765502e+000 -5.015586e+003  9.259815e+001
      vertex  8.881784e-015 -5.015586e+003  9.308578e+001
      vertex -8.498248e-015 -5.017000e+003  9.250000e+001
    endloop
  endfacet
  facet normal  4.730659e-001 -3.237833e-001 -8.193736e-001
    outer loop
      vertex  2.765502e+000 -5.015586e+003  7.740185e+001
      vertex  5.197443e+000 -5.015586e+003  7.880593e+001
      vertex  3.254128e+000 -5.017000e+003  7.824274e+001
    endloop
  endfacet
  facet normal  7.276661e-001 -3.125514e-001 -6.105847e-001
    outer loop
      vertex  5.197443e+000 -5.015586e+003  7.880593e+001
      vertex  7.002496e+000 -5.015586e+003  8.095711e+001
      vertex  5.863736e+000 -5.017000e+003  8.032383e+001
    endloop
  endfacet
  facet normal  5.473577e-001 -4.788557e-001 -6.863649e-001
    outer loop
      vertex  3.254128e+000 -5.017000e+003  7.824274e+001
      vertex  5.197443e+000 -5.015586e+003  7.880593e+001
      vertex  5.863736e+000 -5.017000e+003  8.032383e+001
    endloop
  endfacet
  facet normal  2.312827e-001 -9.092283e-001 -3.461390e-001
    outer loop
      vertex  3.635493e+000 -5.015000e+003  7.622314e+001
      vertex  6.717515e+000 -5.015000e+003  7.828249e+001
      vertex  5.197443e+000 -5.015586e+003  7.880593e+001
    endloop
  endfacet
  facet normal  1.866906e-001 -9.276781e-001 -3.233573e-001
    outer loop
      vertex  2.765502e+000 -5.015586e+003  7.740185e+001
      vertex  3.635493e+000 -5.015000e+003  7.622314e+001
      vertex  5.197443e+000 -5.015586e+003  7.880593e+001
    endloop
  endfacet
  facet normal  8.817174e-001 -3.458110e-001 -3.209191e-001
    outer loop
      vertex  7.002496e+000 -5.015586e+003  8.095711e+001
      vertex  7.962945e+000 -5.015586e+003  8.359592e+001
      vertex  7.311959e+000 -5.017000e+003  8.333109e+001
    endloop
  endfacet
  facet normal  7.956602e-001 -4.691539e-001 -3.831702e-001
    outer loop
      vertex  5.863736e+000 -5.017000e+003  8.032383e+001
      vertex  7.002496e+000 -5.015586e+003  8.095711e+001
      vertex  7.311959e+000 -5.017000e+003  8.333109e+001
    endloop
  endfacet
  facet normal  3.531388e-001 -9.053264e-001 -2.359597e-001
    outer loop
      vertex  6.717515e+000 -5.015000e+003  7.828249e+001
      vertex  8.776855e+000 -5.015000e+003  8.136451e+001
      vertex  7.002496e+000 -5.015586e+003  8.095711e+001
    endloop
  endfacet
  facet normal  2.785796e-001 -9.315318e-001 -2.337562e-001
    outer loop
      vertex  5.197443e+000 -5.015586e+003  7.880593e+001
      vertex  6.717515e+000 -5.015000e+003  7.828249e+001
      vertex  7.002496e+000 -5.015586e+003  8.095711e+001
    endloop
  endfacet
  facet normal  4.208001e-001 -9.032836e-001 -8.370240e-002
    outer loop
      vertex  8.776855e+000 -5.015000e+003  8.136451e+001
      vertex  9.500000e+000 -5.015000e+003  8.500000e+001
      vertex  7.962945e+000 -5.015586e+003  8.359592e+001
    endloop
  endfacet
  facet normal  3.364497e-001 -9.337054e-001 -1.224578e-001
    outer loop
      vertex  7.002496e+000 -5.015586e+003  8.095711e+001
      vertex  8.776855e+000 -5.015000e+003  8.136451e+001
      vertex  7.962945e+000 -5.015586e+003  8.359592e+001
    endloop
  endfacet
  facet normal  8.817174e-001 -3.458110e-001  3.209191e-001
    outer loop
      vertex  7.962945e+000 -5.015586e+003  8.640408e+001
      vertex  7.002496e+000 -5.015586e+003  8.904289e+001
      vertex  7.311959e+000 -5.017000e+003  8.666891e+001
    endloop
  endfacet
  facet normal  9.083644e-001 -4.181797e-001  0.000000e+000
    outer loop
      vertex  7.311959e+000 -5.017000e+003  8.333109e+001
      vertex  7.962945e+000 -5.015586e+003  8.640408e+001
      vertex  7.311959e+000 -5.017000e+003  8.666891e+001
    endloop
  endfacet
  facet normal  9.083644e-001 -4.181797e-001  0.000000e+000
    outer loop
      vertex  7.962945e+000 -5.015586e+003  8.359592e+001
      vertex  7.962945e+000 -5.015586e+003  8.640408e+001
      vertex  7.311959e+000 -5.017000e+003  8.333109e+001
    endloop
  endfacet
  facet normal  4.208001e-001 -9.032836e-001  8.370240e-002
    outer loop
      vertex  9.500000e+000 -5.015000e+003  8.500000e+001
      vertex  8.776855e+000 -5.015000e+003  8.863549e+001
      vertex  7.962945e+000 -5.015586e+003  8.640408e+001
    endloop
  endfacet
  facet normal  3.562038e-001 -9.344082e-001  0.000000e+000
    outer loop
      vertex  7.962945e+000 -5.015586e+003  8.359592e+001
      vertex  9.500000e+000 -5.015000e+003  8.500000e+001
      vertex  7.962945e+000 -5.015586e+003  8.640408e+001
    endloop
  endfacet
  facet normal  7.276661e-001 -3.125514e-001  6.105847e-001
    outer loop
      vertex  7.002496e+000 -5.015586e+003  8.904289e+001
      vertex  5.197443e+000 -5.015586e+003  9.119407e+001
      vertex  5.863736e+000 -5.017000e+003  8.967617e+001
    endloop
  endfacet
  facet normal  7.956602e-001 -4.691539e-001  3.831702e-001
    outer loop
      vertex  7.311959e+000 -5.017000e+003  8.666891e+001
      vertex  7.002496e+000 -5.015586e+003  8.904289e+001
      vertex  5.863736e+000 -5.017000e+003  8.967617e+001
    endloop
  endfacet
  facet normal  3.531388e-001 -9.053264e-001  2.359597e-001
    outer loop
      vertex  8.776855e+000 -5.015000e+003  8.863549e+001
      vertex  6.717515e+000 -5.015000e+003  9.171751e+001
      vertex  7.002496e+000 -5.015586e+003  8.904289e+001
    endloop
  endfacet
  facet normal  3.364497e-001 -9.337054e-001  1.224578e-001
    outer loop
      vertex  7.962945e+000 -5.015586e+003  8.640408e+001
      vertex  8.776855e+000 -5.015000e+003  8.863549e+001
      vertex  7.002496e+000 -5.015586e+003  8.904289e+001
    endloop
  endfacet
  facet normal  4.730659e-001 -3.237833e-001  8.193736e-001
    outer loop
      vertex  5.197443e+000 -5.015586e+003  9.119407e+001
      vertex  2.765502e+000 -5.015586e+003  9.259815e+001
      vertex  3.254128e+000 -5.017000e+003  9.175726e+001
    endloop
  endfacet
  facet normal  5.473577e-001 -4.788557e-001  6.863649e-001
    outer loop
      vertex  5.863736e+000 -5.017000e+003  8.967617e+001
      vertex  5.197443e+000 -5.015586e+003  9.119407e+001
      vertex  3.254128e+000 -5.017000e+003  9.175726e+001
    endloop
  endfacet
  facet normal  2.312827e-001 -9.092283e-001  3.461390e-001
    outer loop
      vertex  6.717515e+000 -5.015000e+003  9.171751e+001
      vertex  3.635493e+000 -5.015000e+003  9.377686e+001
      vertex  5.197443e+000 -5.015586e+003  9.119407e+001
    endloop
  endfacet
  facet normal  2.785796e-001 -9.315318e-001  2.337562e-001
    outer loop
      vertex  7.002496e+000 -5.015586e+003  8.904289e+001
      vertex  6.717515e+000 -5.015000e+003  9.171751e+001
      vertex  5.197443e+000 -5.015586e+003  9.119407e+001
    endloop
  endfacet
  facet normal  1.866906e-001 -9.276781e-001  3.233573e-001
    outer loop
      vertex  5.197443e+000 -5.015586e+003  9.119407e+001
      vertex  3.635493e+000 -5.015000e+003  9.377686e+001
      vertex  2.765502e+000 -5.015586e+003  9.259815e+001
    endloop
  endfacet
  facet normal  0.000000e+000 -1.000000e+000  0.000000e+000
    outer loop
      vertex  5.500000e+000 -5.022500e+003  8.500000e+001
      vertex  4.763140e+000 -5.022500e+003  8.775000e+001
      vertex  4.763140e+000 -5.022500e+003  8.225000e+001
    endloop
  endfacet
  facet normal  0.000000e+000 -1.000000e+000  0.000000e+000
    outer loop
      vertex -5.500000e+000 -5.022500e+003  8.500000e+001
      vertex -4.763140e+000 -5.022500e+003  8.225000e+001
      vertex -4.763140e+000 -5.022500e+003  8.775000e+001
    endloop
  endfacet
  facet normal  0.000000e+000 -1.000000e+000  0.000000e+000
    outer loop
      vertex -4.763140e+000 -5.022500e+003  8.775000e+001
      vertex -4.763140e+000 -5.022500e+003  8.225000e+001
      vertex -2.750000e+000 -5.022500e+003  8.023686e+001
    endloop
  endfacet
  facet normal  0.000000e+000 -9.999999e-001  0.000000e+000
    outer loop
      vertex -4.763140e+000 -5.022500e+003  8.775000e+001
      vertex -2.750000e+000 -5.022500e+003  8.023686e+001
      vertex -2.750000e+000 -5.022500e+003  8.976314e+001
    endloop
  endfacet
  facet normal  0.000000e+000 -9.999999e-001  0.000000e+000
    outer loop
      vertex -2.750000e+000 -5.022500e+003  8.976314e+001
      vertex -2.750000e+000 -5.022500e+003  8.023686e+001
      vertex -3.307355e-015 -5.022500e+003  7.950000e+001
    endloop
  endfacet
  facet normal  0.000000e+000 -9.999999e-001  0.000000e+000
    outer loop
      vertex -2.750000e+000 -5.022500e+003  8.976314e+001
      vertex -3.307355e-015 -5.022500e+003  7.950000e+001
      vertex  4.442007e-015 -5.022500e+003  9.050000e+001
    endloop
  endfacet
  facet normal  0.000000e+000 -9.999999e-001  -0.000000e+000
    outer loop
      vertex  4.442007e-015 -5.022500e+003  9.050000e+001
      vertex -3.307355e-015 -5.022500e+003  7.950000e+001
      vertex  2.750000e+000 -5.022500e+003  8.023686e+001
    endloop
  endfacet
  facet normal  0.000000e+000 -9.999999e-001  0.000000e+000
    outer loop
      vertex  4.442007e-015 -5.022500e+003  9.050000e+001
      vertex  2.750000e+000 -5.022500e+003  8.023686e+001
      vertex  2.750000e+000 -5.022500e+003  8.976314e+001
    endloop
  endfacet
  facet normal  0.000000e+000 -9.999999e-001  0.000000e+000
    outer loop
      vertex  2.750000e+000 -5.022500e+003  8.976314e+001
      vertex  2.750000e+000 -5.022500e+003  8.023686e+001
      vertex  4.763140e+000 -5.022500e+003  8.225000e+001
    endloop
  endfacet
  facet normal  0.000000e+000 -1.000000e+000  0.000000e+000
    outer loop
      vertex  2.750000e+000 -5.022500e+003  8.976314e+001
      vertex  4.763140e+000 -5.022500e+003  8.225000e+001
      vertex  4.763140e+000 -5.022500e+003  8.775000e+001
    endloop
  endfacet
  facet normal -8.703269e-002 -9.203392e-001 -3.813149e-001
    outer loop
      vertex -3.307355e-015 -5.022500e+003  7.950000e+001
      vertex -2.999965e+000 -5.021914e+003  7.877051e+001
      vertex -2.220446e-015 -5.021914e+003  7.808578e+001
    endloop
  endfacet
  facet normal -9.521246e-002 -9.298765e-001 -3.553368e-001
    outer loop
      vertex -3.307355e-015 -5.022500e+003  7.950000e+001
      vertex -2.750000e+000 -5.022500e+003  8.023686e+001
      vertex -2.999965e+000 -5.021914e+003  7.877051e+001
    endloop
  endfacet
  facet normal -9.521246e-002 -9.298765e-001  3.553368e-001
    outer loop
      vertex  4.442007e-015 -5.022500e+003  9.050000e+001
      vertex -2.999965e+000 -5.021914e+003  9.122949e+001
      vertex -2.750000e+000 -5.022500e+003  8.976314e+001
    endloop
  endfacet
  facet normal -8.703269e-002 -9.203392e-001  3.813149e-001
    outer loop
      vertex  4.442007e-015 -5.022500e+003  9.050000e+001
      vertex  4.440892e-016 -5.021914e+003  9.191422e+001
      vertex -2.999965e+000 -5.021914e+003  9.122949e+001
    endloop
  endfacet
  facet normal -2.558239e-001 -9.119463e-001 -3.207932e-001
    outer loop
      vertex -2.750000e+000 -5.022500e+003  8.023686e+001
      vertex -5.405750e+000 -5.021914e+003  8.068906e+001
      vertex -2.999965e+000 -5.021914e+003  7.877051e+001
    endloop
  endfacet
  facet normal -3.808424e-001 -9.062681e-001 -1.834040e-001
    outer loop
      vertex -4.763140e+000 -5.022500e+003  8.225000e+001
      vertex -6.740860e+000 -5.021914e+003  8.346144e+001
      vertex -5.405750e+000 -5.021914e+003  8.068906e+001
    endloop
  endfacet
  facet normal -2.488893e-001 -9.360065e-001 -2.488895e-001
    outer loop
      vertex -4.763140e+000 -5.022500e+003  8.225000e+001
      vertex -5.405750e+000 -5.021914e+003  8.068906e+001
      vertex -2.750000e+000 -5.022500e+003  8.023686e+001
    endloop
  endfacet
  facet normal -4.269919e-001 -9.042555e-001  -0.000000e+000
    outer loop
      vertex -5.500000e+000 -5.022500e+003  8.500000e+001
      vertex -6.740860e+000 -5.021914e+003  8.653856e+001
      vertex -6.740860e+000 -5.021914e+003  8.346144e+001
    endloop
  endfacet
  facet normal -3.327492e-001 -9.387910e-001 -8.915988e-002
    outer loop
      vertex -5.500000e+000 -5.022500e+003  8.500000e+001
      vertex -6.740860e+000 -5.021914e+003  8.346144e+001
      vertex -4.763140e+000 -5.022500e+003  8.225000e+001
    endloop
  endfacet
  facet normal -3.808424e-001 -9.062681e-001  1.834040e-001
    outer loop
      vertex -4.763140e+000 -5.022500e+003  8.775000e+001
      vertex -5.405750e+000 -5.021914e+003  8.931094e+001
      vertex -6.740860e+000 -5.021914e+003  8.653856e+001
    endloop
  endfacet
  facet normal -3.327492e-001 -9.387910e-001  8.915988e-002
    outer loop
      vertex -4.763140e+000 -5.022500e+003  8.775000e+001
      vertex -6.740860e+000 -5.021914e+003  8.653856e+001
      vertex -5.500000e+000 -5.022500e+003  8.500000e+001
    endloop
  endfacet
  facet normal -2.558239e-001 -9.119463e-001  3.207932e-001
    outer loop
      vertex -2.750000e+000 -5.022500e+003  8.976314e+001
      vertex -2.999965e+000 -5.021914e+003  9.122949e+001
      vertex -5.405750e+000 -5.021914e+003  8.931094e+001
    endloop
  endfacet
  facet normal -2.488893e-001 -9.360065e-001  2.488895e-001
    outer loop
      vertex -2.750000e+000 -5.022500e+003  8.976314e+001
      vertex -5.405750e+000 -5.021914e+003  8.931094e+001
      vertex -4.763140e+000 -5.022500e+003  8.775000e+001
    endloop
  endfacet
  facet normal -2.063299e-001 -3.744823e-001 -9.039862e-001
    outer loop
      vertex  4.249124e-015 -5.020500e+003  7.750000e+001
      vertex -2.220446e-015 -5.021914e+003  7.808578e+001
      vertex -3.254128e+000 -5.020500e+003  7.824274e+001
    endloop
  endfacet
  facet normal -2.063293e-001 -3.744809e-001 -9.039869e-001
    outer loop
      vertex -3.254128e+000 -5.020500e+003  7.824274e+001
      vertex -2.220446e-015 -5.021914e+003  7.808578e+001
      vertex -2.999965e+000 -5.021914e+003  7.877051e+001
    endloop
  endfacet
  facet normal -5.781211e-001 -3.744813e-001 -7.249411e-001
    outer loop
      vertex -3.254128e+000 -5.020500e+003  7.824274e+001
      vertex -2.999965e+000 -5.021914e+003  7.877051e+001
      vertex -5.863736e+000 -5.020500e+003  8.032383e+001
    endloop
  endfacet
  facet normal -5.781211e-001 -3.744810e-001 -7.249413e-001
    outer loop
      vertex -5.863736e+000 -5.020500e+003  8.032383e+001
      vertex -2.999965e+000 -5.021914e+003  7.877051e+001
      vertex -5.405750e+000 -5.021914e+003  8.068906e+001
    endloop
  endfacet
  facet normal -8.354089e-001 -3.744821e-001 -4.023122e-001
    outer loop
      vertex -5.863736e+000 -5.020500e+003  8.032383e+001
      vertex -5.405750e+000 -5.021914e+003  8.068906e+001
      vertex -7.311959e+000 -5.020500e+003  8.333109e+001
    endloop
  endfacet
  facet normal -8.354088e-001 -3.744827e-001 -4.023117e-001
    outer loop
      vertex -7.311959e+000 -5.020500e+003  8.333109e+001
      vertex -5.405750e+000 -5.021914e+003  8.068906e+001
      vertex -6.740860e+000 -5.021914e+003  8.346144e+001
    endloop
  endfacet
  facet normal -9.272338e-001 -3.744831e-001  0.000000e+000
    outer loop
      vertex -7.311959e+000 -5.020500e+003  8.333109e+001
      vertex -6.740860e+000 -5.021914e+003  8.346144e+001
      vertex -7.311959e+000 -5.020500e+003  8.666891e+001
    endloop
  endfacet
  facet normal -9.272338e-001 -3.744831e-001  0.000000e+000
    outer loop
      vertex -7.311959e+000 -5.020500e+003  8.666891e+001
      vertex -6.740860e+000 -5.021914e+003  8.346144e+001
      vertex -6.740860e+000 -5.021914e+003  8.653856e+001
    endloop
  endfacet
  facet normal -8.354087e-001 -3.744827e-001  4.023121e-001
    outer loop
      vertex -7.311959e+000 -5.020500e+003  8.666891e+001
      vertex -6.740860e+000 -5.021914e+003  8.653856e+001
      vertex -5.863736e+000 -5.020500e+003  8.967617e+001
    endloop
  endfacet
  facet normal -8.354090e-001 -3.744820e-001  4.023118e-001
    outer loop
      vertex -5.863736e+000 -5.020500e+003  8.967617e+001
      vertex -6.740860e+000 -5.021914e+003  8.653856e+001
      vertex -5.405750e+000 -5.021914e+003  8.931094e+001
    endloop
  endfacet
  facet normal -5.781213e-001 -3.744810e-001  7.249413e-001
    outer loop
      vertex -5.863736e+000 -5.020500e+003  8.967617e+001
      vertex -5.405750e+000 -5.021914e+003  8.931094e+001
      vertex -3.254128e+000 -5.020500e+003  9.175726e+001
    endloop
  endfacet
  facet normal -5.781211e-001 -3.744813e-001  7.249412e-001
    outer loop
      vertex -3.254128e+000 -5.020500e+003  9.175726e+001
      vertex -5.405750e+000 -5.021914e+003  8.931094e+001
      vertex -2.999965e+000 -5.021914e+003  9.122949e+001
    endloop
  endfacet
  facet normal -2.063300e-001 -3.744809e-001  9.039868e-001
    outer loop
      vertex -3.254128e+000 -5.020500e+003  9.175726e+001
      vertex -2.999965e+000 -5.021914e+003  9.122949e+001
      vertex -1.515959e-014 -5.020500e+003  9.250000e+001
    endloop
  endfacet
  facet normal -2.063291e-001 -3.744824e-001  9.039863e-001
    outer loop
      vertex -1.515959e-014 -5.020500e+003  9.250000e+001
      vertex -2.999965e+000 -5.021914e+003  9.122949e+001
      vertex  4.440892e-016 -5.021914e+003  9.191422e+001
    endloop
  endfacet
  facet normal  8.703269e-002 -9.203392e-001  3.813149e-001
    outer loop
      vertex  4.442007e-015 -5.022500e+003  9.050000e+001
      vertex  2.999965e+000 -5.021914e+003  9.122949e+001
      vertex  4.440892e-016 -5.021914e+003  9.191422e+001
    endloop
  endfacet
  facet normal  9.521246e-002 -9.298765e-001  3.553368e-001
    outer loop
      vertex  4.442007e-015 -5.022500e+003  9.050000e+001
      vertex  2.750000e+000 -5.022500e+003  8.976314e+001
      vertex  2.999965e+000 -5.021914e+003  9.122949e+001
    endloop
  endfacet
  facet normal  9.521246e-002 -9.298765e-001 -3.553368e-001
    outer loop
      vertex -3.307355e-015 -5.022500e+003  7.950000e+001
      vertex  2.999965e+000 -5.021914e+003  7.877051e+001
      vertex  2.750000e+000 -5.022500e+003  8.023686e+001
    endloop
  endfacet
  facet normal  8.703269e-002 -9.203392e-001 -3.813149e-001
    outer loop
      vertex -3.307355e-015 -5.022500e+003  7.950000e+001
      vertex -2.220446e-015 -5.021914e+003  7.808578e+001
      vertex  2.999965e+000 -5.021914e+003  7.877051e+001
    endloop
  endfacet
  facet normal  2.558239e-001 -9.119463e-001  3.207932e-001
    outer loop
      vertex  2.750000e+000 -5.022500e+003  8.976314e+001
      vertex  5.405750e+000 -5.021914e+003  8.931094e+001
      vertex  2.999965e+000 -5.021914e+003  9.122949e+001
    endloop
  endfacet
  facet normal  3.808424e-001 -9.062681e-001  1.834040e-001
    outer loop
      vertex  4.763140e+000 -5.022500e+003  8.775000e+001
      vertex  6.740860e+000 -5.021914e+003  8.653856e+001
      vertex  5.405750e+000 -5.021914e+003  8.931094e+001
    endloop
  endfacet
  facet normal  2.488893e-001 -9.360065e-001  2.488895e-001
    outer loop
      vertex  4.763140e+000 -5.022500e+003  8.775000e+001
      vertex  5.405750e+000 -5.021914e+003  8.931094e+001
      vertex  2.750000e+000 -5.022500e+003  8.976314e+001
    endloop
  endfacet
  facet normal  4.269919e-001 -9.042555e-001  0.000000e+000
    outer loop
      vertex  5.500000e+000 -5.022500e+003  8.500000e+001
      vertex  6.740860e+000 -5.021914e+003  8.346144e+001
      vertex  6.740860e+000 -5.021914e+003  8.653856e+001
    endloop
  endfacet
  facet normal  3.327492e-001 -9.387910e-001  8.915988e-002
    outer loop
      vertex  5.500000e+000 -5.022500e+003  8.500000e+001
      vertex  6.740860e+000 -5.021914e+003  8.653856e+001
      vertex  4.763140e+000 -5.022500e+003  8.775000e+001
    endloop
  endfacet
  facet normal  3.808424e-001 -9.062681e-001 -1.834040e-001
    outer loop
      vertex  4.763140e+000 -5.022500e+003  8.225000e+001
      vertex  5.405750e+000 -5.021914e+003  8.068906e+001
      vertex  6.740860e+000 -5.021914e+003  8.346144e+001
    endloop
  endfacet
  facet normal  3.327492e-001 -9.387910e-001 -8.915988e-002
    outer loop
      vertex  4.763140e+000 -5.022500e+003  8.225000e+001
      vertex  6.740860e+000 -5.021914e+003  8.346144e+001
      vertex  5.500000e+000 -5.022500e+003  8.500000e+001
    endloop
  endfacet
  facet normal  2.558239e-001 -9.119463e-001 -3.207932e-001
    outer loop
      vertex  2.750000e+000 -5.022500e+003  8.023686e+001
      vertex  2.999965e+000 -5.021914e+003  7.877051e+001
      vertex  5.405750e+000 -5.021914e+003  8.068906e+001
    endloop
  endfacet
  facet normal  2.488893e-001 -9.360065e-001 -2.488895e-001
    outer loop
      vertex  2.750000e+000 -5.022500e+003  8.023686e+001
      vertex  5.405750e+000 -5.021914e+003  8.068906e+001
      vertex  4.763140e+000 -5.022500e+003  8.225000e+001
    endloop
  endfacet
  facet normal  2.063299e-001 -3.744823e-001  9.039862e-001
    outer loop
      vertex -1.515959e-014 -5.020500e+003  9.250000e+001
      vertex  4.440892e-016 -5.021914e+003  9.191422e+001
      vertex  3.254128e+000 -5.020500e+003  9.175726e+001
    endloop
  endfacet
  facet normal  2.063293e-001 -3.744809e-001  9.039869e-001
    outer loop
      vertex  3.254128e+000 -5.020500e+003  9.175726e+001
      vertex  4.440892e-016 -5.021914e+003  9.191422e+001
      vertex  2.999965e+000 -5.021914e+003  9.122949e+001
    endloop
  endfacet
  facet normal  5.781211e-001 -3.744813e-001  7.249411e-001
    outer loop
      vertex  3.254128e+000 -5.020500e+003  9.175726e+001
      vertex  2.999965e+000 -5.021914e+003  9.122949e+001
      vertex  5.863736e+000 -5.020500e+003  8.967617e+001
    endloop
  endfacet
  facet normal  5.781211e-001 -3.744810e-001  7.249413e-001
    outer loop
      vertex  5.863736e+000 -5.020500e+003  8.967617e+001
      vertex  2.999965e+000 -5.021914e+003  9.122949e+001
      vertex  5.405750e+000 -5.021914e+003  8.931094e+001
    endloop
  endfacet
  facet normal  8.354089e-001 -3.744821e-001  4.023122e-001
    outer loop
      vertex  5.863736e+000 -5.020500e+003  8.967617e+001
      vertex  5.405750e+000 -5.021914e+003  8.931094e+001
      vertex  7.311959e+000 -5.020500e+003  8.666891e+001
    endloop
  endfacet
  facet normal  8.354088e-001 -3.744827e-001  4.023117e-001
    outer loop
      vertex  7.311959e+000 -5.020500e+003  8.666891e+001
      vertex  5.405750e+000 -5.021914e+003  8.931094e+001
      vertex  6.740860e+000 -5.021914e+003  8.653856e+001
    endloop
  endfacet
  facet normal  9.272338e-001 -3.744831e-001  0.000000e+000
    outer loop
      vertex  7.311959e+000 -5.020500e+003  8.666891e+001
      vertex  6.740860e+000 -5.021914e+003  8.653856e+001
      vertex  7.311959e+000 -5.020500e+003  8.333109e+001
    endloop
  endfacet
  facet normal  9.272338e-001 -3.744831e-001  0.000000e+000
    outer loop
      vertex  7.311959e+000 -5.020500e+003  8.333109e+001
      vertex  6.740860e+000 -5.021914e+003  8.653856e+001
      vertex  6.740860e+000 -5.021914e+003  8.346144e+001
    endloop
  endfacet
  facet normal  8.354087e-001 -3.744827e-001 -4.023121e-001
    outer loop
      vertex  7.311959e+000 -5.020500e+003  8.333109e+001
      vertex  6.740860e+000 -5.021914e+003  8.346144e+001
      vertex  5.863736e+000 -5.020500e+003  8.032383e+001
    endloop
  endfacet
  facet normal  8.354090e-001 -3.744820e-001 -4.023118e-001
    outer loop
      vertex  5.863736e+000 -5.020500e+003  8.032383e+001
      vertex  6.740860e+000 -5.021914e+003  8.346144e+001
      vertex  5.405750e+000 -5.021914e+003  8.068906e+001
    endloop
  endfacet
  facet normal  5.781213e-001 -3.744810e-001 -7.249413e-001
    outer loop
      vertex  5.863736e+000 -5.020500e+003  8.032383e+001
      vertex  5.405750e+000 -5.021914e+003  8.068906e+001
      vertex  3.254128e+000 -5.020500e+003  7.824274e+001
    endloop
  endfacet
  facet normal  5.781211e-001 -3.744813e-001 -7.249412e-001
    outer loop
      vertex  3.254128e+000 -5.020500e+003  7.824274e+001
      vertex  5.405750e+000 -5.021914e+003  8.068906e+001
      vertex  2.999965e+000 -5.021914e+003  7.877051e+001
    endloop
  endfacet
  facet normal  2.063300e-001 -3.744809e-001 -9.039868e-001
    outer loop
      vertex  3.254128e+000 -5.020500e+003  7.824274e+001
      vertex  2.999965e+000 -5.021914e+003  7.877051e+001
      vertex  4.249124e-015 -5.020500e+003  7.750000e+001
    endloop
  endfacet
  facet normal  2.063291e-001 -3.744824e-001 -9.039863e-001
    outer loop
      vertex  4.249124e-015 -5.020500e+003  7.750000e+001
      vertex  2.999965e+000 -5.021914e+003  7.877051e+001
      vertex -2.220446e-015 -5.021914e+003  7.808578e+001
    endloop
  endfacet
  facet normal -2.225219e-001 -4.235124e-016  9.749277e-001
    outer loop
      vertex -8.498248e-015 -4.983000e+003  9.250000e+001
      vertex -1.515959e-014 -4.979500e+003  9.250000e+001
      vertex -3.254128e+000 -4.983000e+003  9.175726e+001
    endloop
  endfacet
  facet normal -2.225219e-001  0.000000e+000  9.749277e-001
    outer loop
      vertex -3.254128e+000 -4.983000e+003  9.175726e+001
      vertex -1.515959e-014 -4.979500e+003  9.250000e+001
      vertex -3.254128e+000 -4.979500e+003  9.175726e+001
    endloop
  endfacet
  facet normal -6.234897e-001  0.000000e+000  7.818315e-001
    outer loop
      vertex -3.254128e+000 -4.983000e+003  9.175726e+001
      vertex -3.254128e+000 -4.979500e+003  9.175726e+001
      vertex -5.863736e+000 -4.983000e+003  8.967617e+001
    endloop
  endfacet
  facet normal -6.234897e-001  0.000000e+000  7.818315e-001
    outer loop
      vertex -5.863736e+000 -4.983000e+003  8.967617e+001
      vertex -3.254128e+000 -4.979500e+003  9.175726e+001
      vertex -5.863736e+000 -4.979500e+003  8.967617e+001
    endloop
  endfacet
  facet normal -9.009686e-001  0.000000e+000  4.338841e-001
    outer loop
      vertex -5.863736e+000 -4.983000e+003  8.967617e+001
      vertex -5.863736e+000 -4.979500e+003  8.967617e+001
      vertex -7.311959e+000 -4.983000e+003  8.666891e+001
    endloop
  endfacet
  facet normal -9.009686e-001  0.000000e+000  4.338841e-001
    outer loop
      vertex -7.311959e+000 -4.983000e+003  8.666891e+001
      vertex -5.863736e+000 -4.979500e+003  8.967617e+001
      vertex -7.311959e+000 -4.979500e+003  8.666891e+001
    endloop
  endfacet
  facet normal -1.000000e+000  -0.000000e+000  0.000000e+000
    outer loop
      vertex -7.311959e+000 -4.983000e+003  8.666891e+001
      vertex -7.311959e+000 -4.979500e+003  8.666891e+001
      vertex -7.311959e+000 -4.983000e+003  8.333109e+001
    endloop
  endfacet
  facet normal -1.000000e+000  0.000000e+000  0.000000e+000
    outer loop
      vertex -7.311959e+000 -4.983000e+003  8.333109e+001
      vertex -7.311959e+000 -4.979500e+003  8.666891e+001
      vertex -7.311959e+000 -4.979500e+003  8.333109e+001
    endloop
  endfacet
  facet normal -9.009686e-001  -0.000000e+000 -4.338841e-001
    outer loop
      vertex -7.311959e+000 -4.983000e+003  8.333109e+001
      vertex -7.311959e+000 -4.979500e+003  8.333109e+001
      vertex -5.863736e+000 -4.983000e+003  8.032383e+001
    endloop
  endfacet
  facet normal -9.009686e-001  0.000000e+000 -4.338841e-001
    outer loop
      vertex -5.863736e+000 -4.983000e+003  8.032383e+001
      vertex -7.311959e+000 -4.979500e+003  8.333109e+001
      vertex -5.863736e+000 -4.979500e+003  8.032383e+001
    endloop
  endfacet
  facet normal -6.234897e-001  -0.000000e+000 -7.818315e-001
    outer loop
      vertex -5.863736e+000 -4.983000e+003  8.032383e+001
      vertex -5.863736e+000 -4.979500e+003  8.032383e+001
      vertex -3.254128e+000 -4.983000e+003  7.824274e+001
    endloop
  endfacet
  facet normal -6.234897e-001  0.000000e+000 -7.818315e-001
    outer loop
      vertex -3.254128e+000 -4.983000e+003  7.824274e+001
      vertex -5.863736e+000 -4.979500e+003  8.032383e+001
      vertex -3.254128e+000 -4.979500e+003  7.824274e+001
    endloop
  endfacet
  facet normal -2.225219e-001  -0.000000e+000 -9.749277e-001
    outer loop
      vertex -3.254128e+000 -4.983000e+003  7.824274e+001
      vertex -3.254128e+000 -4.979500e+003  7.824274e+001
      vertex  4.249124e-015 -4.983000e+003  7.750000e+001
    endloop
  endfacet
  facet normal -2.225219e-001  0.000000e+000 -9.749277e-001
    outer loop
      vertex  4.249124e-015 -4.983000e+003  7.750000e+001
      vertex -3.254128e+000 -4.979500e+003  7.824274e+001
      vertex  4.249124e-015 -4.979500e+003  7.750000e+001
    endloop
  endfacet
  facet normal  2.225219e-001  0.000000e+000 -9.749277e-001
    outer loop
      vertex  4.249124e-015 -4.983000e+003  7.750000e+001
      vertex  4.249124e-015 -4.979500e+003  7.750000e+001
      vertex  3.254128e+000 -4.983000e+003  7.824274e+001
    endloop
  endfacet
  facet normal  2.225219e-001  0.000000e+000 -9.749277e-001
    outer loop
      vertex  3.254128e+000 -4.983000e+003  7.824274e+001
      vertex  4.249124e-015 -4.979500e+003  7.750000e+001
      vertex  3.254128e+000 -4.979500e+003  7.824274e+001
    endloop
  endfacet
  facet normal  6.234897e-001  0.000000e+000 -7.818315e-001
    outer loop
      vertex  3.254128e+000 -4.983000e+003  7.824274e+001
      vertex  3.254128e+000 -4.979500e+003  7.824274e+001
      vertex  5.863736e+000 -4.983000e+003  8.032383e+001
    endloop
  endfacet
  facet normal  6.234897e-001  0.000000e+000 -7.818315e-001
    outer loop
      vertex  5.863736e+000 -4.983000e+003  8.032383e+001
      vertex  3.254128e+000 -4.979500e+003  7.824274e+001
      vertex  5.863736e+000 -4.979500e+003  8.032383e+001
    endloop
  endfacet
  facet normal  9.009686e-001  0.000000e+000 -4.338841e-001
    outer loop
      vertex  5.863736e+000 -4.983000e+003  8.032383e+001
      vertex  5.863736e+000 -4.979500e+003  8.032383e+001
      vertex  7.311959e+000 -4.983000e+003  8.333109e+001
    endloop
  endfacet
  facet normal  9.009686e-001  0.000000e+000 -4.338841e-001
    outer loop
      vertex  7.311959e+000 -4.983000e+003  8.333109e+001
      vertex  5.863736e+000 -4.979500e+003  8.032383e+001
      vertex  7.311959e+000 -4.979500e+003  8.333109e+001
    endloop
  endfacet
  facet normal  1.000000e+000  0.000000e+000  0.000000e+000
    outer loop
      vertex  7.311959e+000 -4.983000e+003  8.333109e+001
      vertex  7.311959e+000 -4.979500e+003  8.333109e+001
      vertex  7.311959e+000 -4.983000e+003  8.666891e+001
    endloop
  endfacet
  facet normal  1.000000e+000  -0.000000e+000  0.000000e+000
    outer loop
      vertex  7.311959e+000 -4.983000e+003  8.666891e+001
      vertex  7.311959e+000 -4.979500e+003  8.333109e+001
      vertex  7.311959e+000 -4.979500e+003  8.666891e+001
    endloop
  endfacet
  facet normal  9.009686e-001  0.000000e+000  4.338841e-001
    outer loop
      vertex  7.311959e+000 -4.983000e+003  8.666891e+001
      vertex  7.311959e+000 -4.979500e+003  8.666891e+001
      vertex  5.863736e+000 -4.983000e+003  8.967617e+001
    endloop
  endfacet
  facet normal  9.009686e-001  -0.000000e+000  4.338841e-001
    outer loop
      vertex  5.863736e+000 -4.983000e+003  8.967617e+001
      vertex  7.311959e+000 -4.979500e+003  8.666891e+001
      vertex  5.863736e+000 -4.979500e+003  8.967617e+001
    endloop
  endfacet
  facet normal  6.234897e-001  0.000000e+000  7.818315e-001
    outer loop
      vertex  5.863736e+000 -4.983000e+003  8.967617e+001
      vertex  5.863736e+000 -4.979500e+003  8.967617e+001
      vertex  3.254128e+000 -4.983000e+003  9.175726e+001
    endloop
  endfacet
  facet normal  6.234897e-001  -0.000000e+000  7.818315e-001
    outer loop
      vertex  3.254128e+000 -4.983000e+003  9.175726e+001
      vertex  5.863736e+000 -4.979500e+003  8.967617e+001
      vertex  3.254128e+000 -4.979500e+003  9.175726e+001
    endloop
  endfacet
  facet normal  2.225219e-001  0.000000e+000  9.749277e-001
    outer loop
      vertex  3.254128e+000 -4.983000e+003  9.175726e+001
      vertex  3.254128e+000 -4.979500e+003  9.175726e+001
      vertex -8.498248e-015 -4.983000e+003  9.250000e+001
    endloop
  endfacet
  facet normal  2.225219e-001  4.235124e-016  9.749277e-001
    outer loop
      vertex -8.498248e-015 -4.983000e+003  9.250000e+001
      vertex  3.254128e+000 -4.979500e+003  9.175726e+001
      vertex -1.515959e-014 -4.979500e+003  9.250000e+001
    endloop
  endfacet
  facet normal  0.000000e+000  1.000000e+000  0.000000e+000
    outer loop
      vertex  4.763140e+000 -4.977500e+003  8.225000e+001
      vertex  4.763140e+000 -4.977500e+003  8.775000e+001
      vertex  5.500000e+000 -4.977500e+003  8.500000e+001
    endloop
  endfacet
  facet normal  0.000000e+000  1.000000e+000  -0.000000e+000
    outer loop
      vertex  4.763140e+000 -4.977500e+003  8.775000e+001
      vertex  4.763140e+000 -4.977500e+003  8.225000e+001
      vertex  2.750000e+000 -4.977500e+003  8.976314e+001
    endloop
  endfacet
  facet normal  0.000000e+000  9.999999e-001  0.000000e+000
    outer loop
      vertex  2.750000e+000 -4.977500e+003  8.976314e+001
      vertex  4.763140e+000 -4.977500e+003  8.225000e+001
      vertex  2.750000e+000 -4.977500e+003  8.023686e+001
    endloop
  endfacet
  facet normal  0.000000e+000  9.999999e-001  -0.000000e+000
    outer loop
      vertex  2.750000e+000 -4.977500e+003  8.976314e+001
      vertex  2.750000e+000 -4.977500e+003  8.023686e+001
      vertex  4.442007e-015 -4.977500e+003  9.050000e+001
    endloop
  endfacet
  facet normal  0.000000e+000  9.999999e-001  0.000000e+000
    outer loop
      vertex  4.442007e-015 -4.977500e+003  9.050000e+001
      vertex  2.750000e+000 -4.977500e+003  8.023686e+001
      vertex  4.020117e-015 -4.977500e+003  7.950000e+001
    endloop
  endfacet
  facet normal  0.000000e+000  9.999999e-001  -0.000000e+000
    outer loop
      vertex  4.442007e-015 -4.977500e+003  9.050000e+001
      vertex  4.020117e-015 -4.977500e+003  7.950000e+001
      vertex -2.750000e+000 -4.977500e+003  8.976314e+001
    endloop
  endfacet
  facet normal  0.000000e+000  9.999999e-001  0.000000e+000
    outer loop
      vertex -2.750000e+000 -4.977500e+003  8.976314e+001
      vertex  4.020117e-015 -4.977500e+003  7.950000e+001
      vertex -2.750000e+000 -4.977500e+003  8.023686e+001
    endloop
  endfacet
  facet normal  0.000000e+000  9.999999e-001  -0.000000e+000
    outer loop
      vertex -2.750000e+000 -4.977500e+003  8.976314e+001
      vertex -2.750000e+000 -4.977500e+003  8.023686e+001
      vertex -4.763140e+000 -4.977500e+003  8.775000e+001
    endloop
  endfacet
  facet normal  0.000000e+000  1.000000e+000  0.000000e+000
    outer loop
      vertex -4.763140e+000 -4.977500e+003  8.775000e+001
      vertex -2.750000e+000 -4.977500e+003  8.023686e+001
      vertex -4.763140e+000 -4.977500e+003  8.225000e+001
    endloop
  endfacet
  facet normal  0.000000e+000  1.000000e+000  -0.000000e+000
    outer loop
      vertex -4.763140e+000 -4.977500e+003  8.775000e+001
      vertex -4.763140e+000 -4.977500e+003  8.225000e+001
      vertex -5.500000e+000 -4.977500e+003  8.500000e+001
    endloop
  endfacet
  facet normal -8.703269e-002  9.203392e-001  3.813149e-001
    outer loop
      vertex  4.442007e-015 -4.977500e+003  9.050000e+001
      vertex -2.999965e+000 -4.978086e+003  9.122949e+001
      vertex  2.664535e-015 -4.978086e+003  9.191422e+001
    endloop
  endfacet
  facet normal -9.521246e-002  9.298765e-001  3.553368e-001
    outer loop
      vertex  4.442007e-015 -4.977500e+003  9.050000e+001
      vertex -2.750000e+000 -4.977500e+003  8.976314e+001
      vertex -2.999965e+000 -4.978086e+003  9.122949e+001
    endloop
  endfacet
  facet normal -9.521246e-002  9.298765e-001 -3.553368e-001
    outer loop
      vertex  4.020117e-015 -4.977500e+003  7.950000e+001
      vertex -2.999965e+000 -4.978086e+003  7.877051e+001
      vertex -2.750000e+000 -4.977500e+003  8.023686e+001
    endloop
  endfacet
  facet normal -8.703269e-002  9.203392e-001 -3.813149e-001
    outer loop
      vertex  4.020117e-015 -4.977500e+003  7.950000e+001
      vertex  6.661338e-015 -4.978086e+003  7.808578e+001
      vertex -2.999965e+000 -4.978086e+003  7.877051e+001
    endloop
  endfacet
  facet normal -2.488893e-001  9.360065e-001 -2.488895e-001
    outer loop
      vertex -5.405750e+000 -4.978086e+003  8.068906e+001
      vertex -4.763140e+000 -4.977500e+003  8.225000e+001
      vertex -2.750000e+000 -4.977500e+003  8.023686e+001
    endloop
  endfacet
  facet normal -2.558239e-001  9.119463e-001 -3.207932e-001
    outer loop
      vertex -5.405750e+000 -4.978086e+003  8.068906e+001
      vertex -2.750000e+000 -4.977500e+003  8.023686e+001
      vertex -2.999965e+000 -4.978086e+003  7.877051e+001
    endloop
  endfacet
  facet normal -3.327492e-001  9.387910e-001 -8.915988e-002
    outer loop
      vertex -6.740860e+000 -4.978086e+003  8.346144e+001
      vertex -5.500000e+000 -4.977500e+003  8.500000e+001
      vertex -4.763140e+000 -4.977500e+003  8.225000e+001
    endloop
  endfacet
  facet normal -3.808424e-001  9.062681e-001 -1.834040e-001
    outer loop
      vertex -6.740860e+000 -4.978086e+003  8.346144e+001
      vertex -4.763140e+000 -4.977500e+003  8.225000e+001
      vertex -5.405750e+000 -4.978086e+003  8.068906e+001
    endloop
  endfacet
  facet normal -3.327492e-001  9.387910e-001  8.915988e-002
    outer loop
      vertex -6.740860e+000 -4.978086e+003  8.653856e+001
      vertex -4.763140e+000 -4.977500e+003  8.775000e+001
      vertex -5.500000e+000 -4.977500e+003  8.500000e+001
    endloop
  endfacet
  facet normal -4.269919e-001  9.042555e-001  0.000000e+000
    outer loop
      vertex -6.740860e+000 -4.978086e+003  8.653856e+001
      vertex -5.500000e+000 -4.977500e+003  8.500000e+001
      vertex -6.740860e+000 -4.978086e+003  8.346144e+001
    endloop
  endfacet
  facet normal -2.488893e-001  9.360065e-001  2.488895e-001
    outer loop
      vertex -5.405750e+000 -4.978086e+003  8.931094e+001
      vertex -2.750000e+000 -4.977500e+003  8.976314e+001
      vertex -4.763140e+000 -4.977500e+003  8.775000e+001
    endloop
  endfacet
  facet normal -3.808424e-001  9.062681e-001  1.834040e-001
    outer loop
      vertex -5.405750e+000 -4.978086e+003  8.931094e+001
      vertex -4.763140e+000 -4.977500e+003  8.775000e+001
      vertex -6.740860e+000 -4.978086e+003  8.653856e+001
    endloop
  endfacet
  facet normal -2.558239e-001  9.119463e-001  3.207932e-001
    outer loop
      vertex -2.999965e+000 -4.978086e+003  9.122949e+001
      vertex -2.750000e+000 -4.977500e+003  8.976314e+001
      vertex -5.405750e+000 -4.978086e+003  8.931094e+001
    endloop
  endfacet
  facet normal -2.063291e-001  3.744824e-001 -9.039863e-001
    outer loop
      vertex  6.661338e-015 -4.978086e+003  7.808578e+001
      vertex  4.249124e-015 -4.979500e+003  7.750000e+001
      vertex -2.999965e+000 -4.978086e+003  7.877051e+001
    endloop
  endfacet
  facet normal -2.063300e-001  3.744809e-001 -9.039868e-001
    outer loop
      vertex -2.999965e+000 -4.978086e+003  7.877051e+001
      vertex  4.249124e-015 -4.979500e+003  7.750000e+001
      vertex -3.254128e+000 -4.979500e+003  7.824274e+001
    endloop
  endfacet
  facet normal -5.781211e-001  3.744813e-001 -7.249412e-001
    outer loop
      vertex -2.999965e+000 -4.978086e+003  7.877051e+001
      vertex -3.254128e+000 -4.979500e+003  7.824274e+001
      vertex -5.405750e+000 -4.978086e+003  8.068906e+001
    endloop
  endfacet
  facet normal -5.781213e-001  3.744810e-001 -7.249413e-001
    outer loop
      vertex -5.405750e+000 -4.978086e+003  8.068906e+001
      vertex -3.254128e+000 -4.979500e+003  7.824274e+001
      vertex -5.863736e+000 -4.979500e+003  8.032383e+001
    endloop
  endfacet
  facet normal -8.354090e-001  3.744820e-001 -4.023118e-001
    outer loop
      vertex -5.405750e+000 -4.978086e+003  8.068906e+001
      vertex -5.863736e+000 -4.979500e+003  8.032383e+001
      vertex -6.740860e+000 -4.978086e+003  8.346144e+001
    endloop
  endfacet
  facet normal -8.354087e-001  3.744827e-001 -4.023121e-001
    outer loop
      vertex -6.740860e+000 -4.978086e+003  8.346144e+001
      vertex -5.863736e+000 -4.979500e+003  8.032383e+001
      vertex -7.311959e+000 -4.979500e+003  8.333109e+001
    endloop
  endfacet
  facet normal -9.272338e-001  3.744831e-001  0.000000e+000
    outer loop
      vertex -6.740860e+000 -4.978086e+003  8.346144e+001
      vertex -7.311959e+000 -4.979500e+003  8.333109e+001
      vertex -6.740860e+000 -4.978086e+003  8.653856e+001
    endloop
  endfacet
  facet normal -9.272338e-001  3.744831e-001  0.000000e+000
    outer loop
      vertex -6.740860e+000 -4.978086e+003  8.653856e+001
      vertex -7.311959e+000 -4.979500e+003  8.333109e+001
      vertex -7.311959e+000 -4.979500e+003  8.666891e+001
    endloop
  endfacet
  facet normal -8.354088e-001  3.744827e-001  4.023117e-001
    outer loop
      vertex -6.740860e+000 -4.978086e+003  8.653856e+001
      vertex -7.311959e+000 -4.979500e+003  8.666891e+001
      vertex -5.405750e+000 -4.978086e+003  8.931094e+001
    endloop
  endfacet
  facet normal -8.354089e-001  3.744821e-001  4.023122e-001
    outer loop
      vertex -5.405750e+000 -4.978086e+003  8.931094e+001
      vertex -7.311959e+000 -4.979500e+003  8.666891e+001
      vertex -5.863736e+000 -4.979500e+003  8.967617e+001
    endloop
  endfacet
  facet normal -5.781211e-001  3.744810e-001  7.249413e-001
    outer loop
      vertex -5.405750e+000 -4.978086e+003  8.931094e+001
      vertex -5.863736e+000 -4.979500e+003  8.967617e+001
      vertex -2.999965e+000 -4.978086e+003  9.122949e+001
    endloop
  endfacet
  facet normal -5.781211e-001  3.744813e-001  7.249411e-001
    outer loop
      vertex -2.999965e+000 -4.978086e+003  9.122949e+001
      vertex -5.863736e+000 -4.979500e+003  8.967617e+001
      vertex -3.254128e+000 -4.979500e+003  9.175726e+001
    endloop
  endfacet
  facet normal -2.063293e-001  3.744809e-001  9.039869e-001
    outer loop
      vertex -2.999965e+000 -4.978086e+003  9.122949e+001
      vertex -3.254128e+000 -4.979500e+003  9.175726e+001
      vertex  2.664535e-015 -4.978086e+003  9.191422e+001
    endloop
  endfacet
  facet normal -2.063299e-001  3.744823e-001  9.039862e-001
    outer loop
      vertex  2.664535e-015 -4.978086e+003  9.191422e+001
      vertex -3.254128e+000 -4.979500e+003  9.175726e+001
      vertex -1.515959e-014 -4.979500e+003  9.250000e+001
    endloop
  endfacet
  facet normal  8.703269e-002  9.203392e-001 -3.813149e-001
    outer loop
      vertex  4.020117e-015 -4.977500e+003  7.950000e+001
      vertex  2.999965e+000 -4.978086e+003  7.877051e+001
      vertex  6.661338e-015 -4.978086e+003  7.808578e+001
    endloop
  endfacet
  facet normal  9.521246e-002  9.298765e-001 -3.553368e-001
    outer loop
      vertex  4.020117e-015 -4.977500e+003  7.950000e+001
      vertex  2.750000e+000 -4.977500e+003  8.023686e+001
      vertex  2.999965e+000 -4.978086e+003  7.877051e+001
    endloop
  endfacet
  facet normal  9.521246e-002  9.298765e-001  3.553368e-001
    outer loop
      vertex  4.442007e-015 -4.977500e+003  9.050000e+001
      vertex  2.999965e+000 -4.978086e+003  9.122949e+001
      vertex  2.750000e+000 -4.977500e+003  8.976314e+001
    endloop
  endfacet
  facet normal  8.703269e-002  9.203392e-001  3.813149e-001
    outer loop
      vertex  4.442007e-015 -4.977500e+003  9.050000e+001
      vertex  2.664535e-015 -4.978086e+003  9.191422e+001
      vertex  2.999965e+000 -4.978086e+003  9.122949e+001
    endloop
  endfacet
  facet normal  2.488893e-001  9.360065e-001  2.488895e-001
    outer loop
      vertex  5.405750e+000 -4.978086e+003  8.931094e+001
      vertex  4.763140e+000 -4.977500e+003  8.775000e+001
      vertex  2.750000e+000 -4.977500e+003  8.976314e+001
    endloop
  endfacet
  facet normal  2.558239e-001  9.119463e-001  3.207932e-001
    outer loop
      vertex  5.405750e+000 -4.978086e+003  8.931094e+001
      vertex  2.750000e+000 -4.977500e+003  8.976314e+001
      vertex  2.999965e+000 -4.978086e+003  9.122949e+001
    endloop
  endfacet
  facet normal  3.327492e-001  9.387910e-001  8.915988e-002
    outer loop
      vertex  6.740860e+000 -4.978086e+003  8.653856e+001
      vertex  5.500000e+000 -4.977500e+003  8.500000e+001
      vertex  4.763140e+000 -4.977500e+003  8.775000e+001
    endloop
  endfacet
  facet normal  3.808424e-001  9.062681e-001  1.834040e-001
    outer loop
      vertex  6.740860e+000 -4.978086e+003  8.653856e+001
      vertex  4.763140e+000 -4.977500e+003  8.775000e+001
      vertex  5.405750e+000 -4.978086e+003  8.931094e+001
    endloop
  endfacet
  facet normal  3.327492e-001  9.387910e-001 -8.915988e-002
    outer loop
      vertex  6.740860e+000 -4.978086e+003  8.346144e+001
      vertex  4.763140e+000 -4.977500e+003  8.225000e+001
      vertex  5.500000e+000 -4.977500e+003  8.500000e+001
    endloop
  endfacet
  facet normal  4.269919e-001  9.042555e-001  0.000000e+000
    outer loop
      vertex  6.740860e+000 -4.978086e+003  8.346144e+001
      vertex  5.500000e+000 -4.977500e+003  8.500000e+001
      vertex  6.740860e+000 -4.978086e+003  8.653856e+001
    endloop
  endfacet
  facet normal  2.488893e-001  9.360065e-001 -2.488895e-001
    outer loop
      vertex  5.405750e+000 -4.978086e+003  8.068906e+001
      vertex  2.750000e+000 -4.977500e+003  8.023686e+001
      vertex  4.763140e+000 -4.977500e+003  8.225000e+001
    endloop
  endfacet
  facet normal  3.808424e-001  9.062681e-001 -1.834040e-001
    outer loop
      vertex  5.405750e+000 -4.978086e+003  8.068906e+001
      vertex  4.763140e+000 -4.977500e+003  8.225000e+001
      vertex  6.740860e+000 -4.978086e+003  8.346144e+001
    endloop
  endfacet
  facet normal  2.558239e-001  9.119463e-001 -3.207932e-001
    outer loop
      vertex  2.999965e+000 -4.978086e+003  7.877051e+001
      vertex  2.750000e+000 -4.977500e+003  8.023686e+001
      vertex  5.405750e+000 -4.978086e+003  8.068906e+001
    endloop
  endfacet
  facet normal  2.063291e-001  3.744824e-001  9.039863e-001
    outer loop
      vertex  2.664535e-015 -4.978086e+003  9.191422e+001
      vertex -1.515959e-014 -4.979500e+003  9.250000e+001
      vertex  2.999965e+000 -4.978086e+003  9.122949e+001
    endloop
  endfacet
  facet normal  2.063300e-001  3.744809e-001  9.039868e-001
    outer loop
      vertex  2.999965e+000 -4.978086e+003  9.122949e+001
      vertex -1.515959e-014 -4.979500e+003  9.250000e+001
      vertex  3.254128e+000 -4.979500e+003  9.175726e+001
    endloop
  endfacet
  facet normal  5.781211e-001  3.744813e-001  7.249412e-001
    outer loop
      vertex  2.999965e+000 -4.978086e+003  9.122949e+001
      vertex  3.254128e+000 -4.979500e+003  9.175726e+001
      vertex  5.405750e+000 -4.978086e+003  8.931094e+001
    endloop
  endfacet
  facet normal  5.781213e-001  3.744810e-001  7.249413e-001
    outer loop
      vertex  5.405750e+000 -4.978086e+003  8.931094e+001
      vertex  3.254128e+000 -4.979500e+003  9.175726e+001
      vertex  5.863736e+000 -4.979500e+003  8.967617e+001
    endloop
  endfacet
  facet normal  8.354090e-001  3.744820e-001  4.023118e-001
    outer loop
      vertex  5.405750e+000 -4.978086e+003  8.931094e+001
      vertex  5.863736e+000 -4.979500e+003  8.967617e+001
      vertex  6.740860e+000 -4.978086e+003  8.653856e+001
    endloop
  endfacet
  facet normal  8.354087e-001  3.744827e-001  4.023121e-001
    outer loop
      vertex  6.740860e+000 -4.978086e+003  8.653856e+001
      vertex  5.863736e+000 -4.979500e+003  8.967617e+001
      vertex  7.311959e+000 -4.979500e+003  8.666891e+001
    endloop
  endfacet
  facet normal  9.272338e-001  3.744831e-001  0.000000e+000
    outer loop
      vertex  6.740860e+000 -4.978086e+003  8.653856e+001
      vertex  7.311959e+000 -4.979500e+003  8.666891e+001
      vertex  6.740860e+000 -4.978086e+003  8.346144e+001
    endloop
  endfacet
  facet normal  9.272338e-001  3.744831e-001  0.000000e+000
    outer loop
      vertex  6.740860e+000 -4.978086e+003  8.346144e+001
      vertex  7.311959e+000 -4.979500e+003  8.666891e+001
      vertex  7.311959e+000 -4.979500e+003  8.333109e+001
    endloop
  endfacet
  facet normal  8.354088e-001  3.744827e-001 -4.023117e-001
    outer loop
      vertex  6.740860e+000 -4.978086e+003  8.346144e+001
      vertex  7.311959e+000 -4.979500e+003  8.333109e+001
      vertex  5.405750e+000 -4.978086e+003  8.068906e+001
    endloop
  endfacet
  facet normal  8.354089e-001  3.744821e-001 -4.023122e-001
    outer loop
      vertex  5.405750e+000 -4.978086e+003  8.068906e+001
      vertex  7.311959e+000 -4.979500e+003  8.333109e+001
      vertex  5.863736e+000 -4.979500e+003  8.032383e+001
    endloop
  endfacet
  facet normal  5.781211e-001  3.744810e-001 -7.249413e-001
    outer loop
      vertex  5.405750e+000 -4.978086e+003  8.068906e+001
      vertex  5.863736e+000 -4.979500e+003  8.032383e+001
      vertex  2.999965e+000 -4.978086e+003  7.877051e+001
    endloop
  endfacet
  facet normal  5.781211e-001  3.744813e-001 -7.249411e-001
    outer loop
      vertex  2.999965e+000 -4.978086e+003  7.877051e+001
      vertex  5.863736e+000 -4.979500e+003  8.032383e+001
      vertex  3.254128e+000 -4.979500e+003  7.824274e+001
    endloop
  endfacet
  facet normal  2.063293e-001  3.744809e-001 -9.039869e-001
    outer loop
      vertex  2.999965e+000 -4.978086e+003  7.877051e+001
      vertex  3.254128e+000 -4.979500e+003  7.824274e+001
      vertex  6.661338e-015 -4.978086e+003  7.808578e+001
    endloop
  endfacet
  facet normal  2.063299e-001  3.744823e-001 -9.039862e-001
    outer loop
      vertex  6.661338e-015 -4.978086e+003  7.808578e+001
      vertex  3.254128e+000 -4.979500e+003  7.824274e+001
      vertex  4.249124e-015 -4.979500e+003  7.750000e+001
    endloop
  endfacet
  facet normal -1.607831e-001  3.777382e-001 -9.118457e-001
    outer loop
      vertex  3.552714e-015 -4.984414e+003  7.691422e+001
      vertex -2.765502e+000 -4.984414e+003  7.740185e+001
      vertex  4.249124e-015 -4.983000e+003  7.750000e+001
    endloop
  endfacet
  facet normal -1.988017e-001  4.492567e-001 -8.710031e-001
    outer loop
      vertex -2.765502e+000 -4.984414e+003  7.740185e+001
      vertex -3.254128e+000 -4.983000e+003  7.824274e+001
      vertex  4.249124e-015 -4.983000e+003  7.750000e+001
    endloop
  endfacet
  facet normal -1.988017e-001  4.492567e-001  8.710031e-001
    outer loop
      vertex -3.254128e+000 -4.983000e+003  9.175726e+001
      vertex -2.765502e+000 -4.984414e+003  9.259815e+001
      vertex -8.498248e-015 -4.983000e+003  9.250000e+001
    endloop
  endfacet
  facet normal -1.607831e-001  3.777382e-001  9.118457e-001
    outer loop
      vertex -2.765502e+000 -4.984414e+003  9.259815e+001
      vertex  8.881784e-015 -4.984414e+003  9.308578e+001
      vertex -8.498248e-015 -4.983000e+003  9.250000e+001
    endloop
  endfacet
  facet normal -6.733903e-002  9.217479e-001  3.818985e-001
    outer loop
      vertex  8.881784e-015 -4.984414e+003  9.308578e+001
      vertex -2.765502e+000 -4.984414e+003  9.259815e+001
      vertex  2.230672e-015 -4.985000e+003  9.450000e+001
    endloop
  endfacet
  facet normal -7.886276e-002  9.146541e-001  3.964699e-001
    outer loop
      vertex -2.765502e+000 -4.984414e+003  9.259815e+001
      vertex -3.635493e+000 -4.985000e+003  9.377686e+001
      vertex  2.230672e-015 -4.985000e+003  9.450000e+001
    endloop
  endfacet
  facet normal -7.886276e-002  9.146541e-001 -3.964699e-001
    outer loop
      vertex -3.635493e+000 -4.985000e+003  7.622314e+001
      vertex -2.765502e+000 -4.984414e+003  7.740185e+001
      vertex -1.391600e-014 -4.985000e+003  7.550000e+001
    endloop
  endfacet
  facet normal -6.733903e-002  9.217479e-001 -3.818985e-001
    outer loop
      vertex -2.765502e+000 -4.984414e+003  7.740185e+001
      vertex  3.552714e-015 -4.984414e+003  7.691422e+001
      vertex -1.391600e-014 -4.985000e+003  7.550000e+001
    endloop
  endfacet
  facet normal -1.866906e-001  9.276781e-001  3.233573e-001
    outer loop
      vertex -2.765502e+000 -4.984414e+003  9.259815e+001
      vertex -5.197443e+000 -4.984414e+003  9.119407e+001
      vertex -3.635493e+000 -4.985000e+003  9.377686e+001
    endloop
  endfacet
  facet normal -2.785796e-001  9.315318e-001  2.337562e-001
    outer loop
      vertex -5.197443e+000 -4.984414e+003  9.119407e+001
      vertex -7.002496e+000 -4.984414e+003  8.904289e+001
      vertex -6.717515e+000 -4.985000e+003  9.171751e+001
    endloop
  endfacet
  facet normal -2.312827e-001  9.092283e-001  3.461390e-001
    outer loop
      vertex -3.635493e+000 -4.985000e+003  9.377686e+001
      vertex -5.197443e+000 -4.984414e+003  9.119407e+001
      vertex -6.717515e+000 -4.985000e+003  9.171751e+001
    endloop
  endfacet
  facet normal -5.473577e-001  4.788557e-001  6.863649e-001
    outer loop
      vertex -3.254128e+000 -4.983000e+003  9.175726e+001
      vertex -5.863736e+000 -4.983000e+003  8.967617e+001
      vertex -5.197443e+000 -4.984414e+003  9.119407e+001
    endloop
  endfacet
  facet normal -4.730659e-001  3.237833e-001  8.193736e-001
    outer loop
      vertex -2.765502e+000 -4.984414e+003  9.259815e+001
      vertex -3.254128e+000 -4.983000e+003  9.175726e+001
      vertex -5.197443e+000 -4.984414e+003  9.119407e+001
    endloop
  endfacet
  facet normal -3.364497e-001  9.337054e-001  1.224578e-001
    outer loop
      vertex -7.002496e+000 -4.984414e+003  8.904289e+001
      vertex -7.962945e+000 -4.984414e+003  8.640408e+001
      vertex -8.776855e+000 -4.985000e+003  8.863549e+001
    endloop
  endfacet
  facet normal -3.531388e-001  9.053264e-001  2.359597e-001
    outer loop
      vertex -6.717515e+000 -4.985000e+003  9.171751e+001
      vertex -7.002496e+000 -4.984414e+003  8.904289e+001
      vertex -8.776855e+000 -4.985000e+003  8.863549e+001
    endloop
  endfacet
  facet normal -7.956602e-001  4.691539e-001  3.831702e-001
    outer loop
      vertex -5.863736e+000 -4.983000e+003  8.967617e+001
      vertex -7.311959e+000 -4.983000e+003  8.666891e+001
      vertex -7.002496e+000 -4.984414e+003  8.904289e+001
    endloop
  endfacet
  facet normal -7.276661e-001  3.125514e-001  6.105847e-001
    outer loop
      vertex -5.197443e+000 -4.984414e+003  9.119407e+001
      vertex -5.863736e+000 -4.983000e+003  8.967617e+001
      vertex -7.002496e+000 -4.984414e+003  8.904289e+001
    endloop
  endfacet
  facet normal -3.562038e-001  9.344082e-001  0.000000e+000
    outer loop
      vertex -7.962945e+000 -4.984414e+003  8.640408e+001
      vertex -7.962945e+000 -4.984414e+003  8.359592e+001
      vertex -9.500000e+000 -4.985000e+003  8.500000e+001
    endloop
  endfacet
  facet normal -4.208001e-001  9.032836e-001  8.370240e-002
    outer loop
      vertex -8.776855e+000 -4.985000e+003  8.863549e+001
      vertex -7.962945e+000 -4.984414e+003  8.640408e+001
      vertex -9.500000e+000 -4.985000e+003  8.500000e+001
    endloop
  endfacet
  facet normal -3.364497e-001  9.337054e-001 -1.224578e-001
    outer loop
      vertex -7.962945e+000 -4.984414e+003  8.359592e+001
      vertex -7.002496e+000 -4.984414e+003  8.095711e+001
      vertex -8.776855e+000 -4.985000e+003  8.136451e+001
    endloop
  endfacet
  facet normal -4.208001e-001  9.032836e-001 -8.370240e-002
    outer loop
      vertex -9.500000e+000 -4.985000e+003  8.500000e+001
      vertex -7.962945e+000 -4.984414e+003  8.359592e+001
      vertex -8.776855e+000 -4.985000e+003  8.136451e+001
    endloop
  endfacet
  facet normal -9.083644e-001  4.181797e-001  0.000000e+000
    outer loop
      vertex -7.311959e+000 -4.983000e+003  8.666891e+001
      vertex -7.311959e+000 -4.983000e+003  8.333109e+001
      vertex -7.962945e+000 -4.984414e+003  8.359592e+001
    endloop
  endfacet
  facet normal -9.083644e-001  4.181797e-001  0.000000e+000
    outer loop
      vertex -7.311959e+000 -4.983000e+003  8.666891e+001
      vertex -7.962945e+000 -4.984414e+003  8.359592e+001
      vertex -7.962945e+000 -4.984414e+003  8.640408e+001
    endloop
  endfacet
  facet normal -8.817174e-001  3.458110e-001  3.209191e-001
    outer loop
      vertex -7.002496e+000 -4.984414e+003  8.904289e+001
      vertex -7.311959e+000 -4.983000e+003  8.666891e+001
      vertex -7.962945e+000 -4.984414e+003  8.640408e+001
    endloop
  endfacet
  facet normal -2.785796e-001  9.315318e-001 -2.337562e-001
    outer loop
      vertex -7.002496e+000 -4.984414e+003  8.095711e+001
      vertex -5.197443e+000 -4.984414e+003  7.880593e+001
      vertex -6.717515e+000 -4.985000e+003  7.828249e+001
    endloop
  endfacet
  facet normal -3.531388e-001  9.053264e-001 -2.359597e-001
    outer loop
      vertex -8.776855e+000 -4.985000e+003  8.136451e+001
      vertex -7.002496e+000 -4.984414e+003  8.095711e+001
      vertex -6.717515e+000 -4.985000e+003  7.828249e+001
    endloop
  endfacet
  facet normal -7.956602e-001  4.691539e-001 -3.831702e-001
    outer loop
      vertex -7.311959e+000 -4.983000e+003  8.333109e+001
      vertex -5.863736e+000 -4.983000e+003  8.032383e+001
      vertex -7.002496e+000 -4.984414e+003  8.095711e+001
    endloop
  endfacet
  facet normal -8.817174e-001  3.458110e-001 -3.209191e-001
    outer loop
      vertex -7.962945e+000 -4.984414e+003  8.359592e+001
      vertex -7.311959e+000 -4.983000e+003  8.333109e+001
      vertex -7.002496e+000 -4.984414e+003  8.095711e+001
    endloop
  endfacet
  facet normal -1.866906e-001  9.276781e-001 -3.233573e-001
    outer loop
      vertex -5.197443e+000 -4.984414e+003  7.880593e+001
      vertex -2.765502e+000 -4.984414e+003  7.740185e+001
      vertex -3.635493e+000 -4.985000e+003  7.622314e+001
    endloop
  endfacet
  facet normal -2.312827e-001  9.092283e-001 -3.461390e-001
    outer loop
      vertex -6.717515e+000 -4.985000e+003  7.828249e+001
      vertex -5.197443e+000 -4.984414e+003  7.880593e+001
      vertex -3.635493e+000 -4.985000e+003  7.622314e+001
    endloop
  endfacet
  facet normal -5.473577e-001  4.788557e-001 -6.863649e-001
    outer loop
      vertex -5.863736e+000 -4.983000e+003  8.032383e+001
      vertex -3.254128e+000 -4.983000e+003  7.824274e+001
      vertex -5.197443e+000 -4.984414e+003  7.880593e+001
    endloop
  endfacet
  facet normal -7.276661e-001  3.125514e-001 -6.105847e-001
    outer loop
      vertex -7.002496e+000 -4.984414e+003  8.095711e+001
      vertex -5.863736e+000 -4.983000e+003  8.032383e+001
      vertex -5.197443e+000 -4.984414e+003  7.880593e+001
    endloop
  endfacet
  facet normal -4.730659e-001  3.237833e-001 -8.193736e-001
    outer loop
      vertex -5.197443e+000 -4.984414e+003  7.880593e+001
      vertex -3.254128e+000 -4.983000e+003  7.824274e+001
      vertex -2.765502e+000 -4.984414e+003  7.740185e+001
    endloop
  endfacet
  facet normal  1.607831e-001  3.777382e-001  9.118457e-001
    outer loop
      vertex  8.881784e-015 -4.984414e+003  9.308578e+001
      vertex  2.765502e+000 -4.984414e+003  9.259815e+001
      vertex -8.498248e-015 -4.983000e+003  9.250000e+001
    endloop
  endfacet
  facet normal  1.988017e-001  4.492567e-001  8.710031e-001
    outer loop
      vertex  2.765502e+000 -4.984414e+003  9.259815e+001
      vertex  3.254128e+000 -4.983000e+003  9.175726e+001
      vertex -8.498248e-015 -4.983000e+003  9.250000e+001
    endloop
  endfacet
  facet normal  1.988017e-001  4.492567e-001 -8.710031e-001
    outer loop
      vertex  3.254128e+000 -4.983000e+003  7.824274e+001
      vertex  2.765502e+000 -4.984414e+003  7.740185e+001
      vertex  4.249124e-015 -4.983000e+003  7.750000e+001
    endloop
  endfacet
  facet normal  1.607831e-001  3.777382e-001 -9.118457e-001
    outer loop
      vertex  2.765502e+000 -4.984414e+003  7.740185e+001
      vertex  3.552714e-015 -4.984414e+003  7.691422e+001
      vertex  4.249124e-015 -4.983000e+003  7.750000e+001
    endloop
  endfacet
  facet normal  6.733903e-002  9.217479e-001 -3.818985e-001
    outer loop
      vertex  3.552714e-015 -4.984414e+003  7.691422e+001
      vertex  2.765502e+000 -4.984414e+003  7.740185e+001
      vertex -1.391600e-014 -4.985000e+003  7.550000e+001
    endloop
  endfacet
  facet normal  7.886276e-002  9.146541e-001 -3.964699e-001
    outer loop
      vertex  2.765502e+000 -4.984414e+003  7.740185e+001
      vertex  3.635493e+000 -4.985000e+003  7.622314e+001
      vertex -1.391600e-014 -4.985000e+003  7.550000e+001
    endloop
  endfacet
  facet normal  7.886276e-002  9.146541e-001  3.964699e-001
    outer loop
      vertex  3.635493e+000 -4.985000e+003  9.377686e+001
      vertex  2.765502e+000 -4.984414e+003  9.259815e+001
      vertex  2.230672e-015 -4.985000e+003  9.450000e+001
    endloop
  endfacet
  facet normal  6.733903e-002  9.217479e-001  3.818985e-001
    outer loop
      vertex  2.765502e+000 -4.984414e+003  9.259815e+001
      vertex  8.881784e-015 -4.984414e+003  9.308578e+001
      vertex  2.230672e-015 -4.985000e+003  9.450000e+001
    endloop
  endfacet
  facet normal  1.866906e-001  9.276781e-001 -3.233573e-001
    outer loop
      vertex  2.765502e+000 -4.984414e+003  7.740185e+001
      vertex  5.197443e+000 -4.984414e+003  7.880593e+001
      vertex  3.635493e+000 -4.985000e+003  7.622314e+001
    endloop
  endfacet
  facet normal  2.785796e-001  9.315318e-001 -2.337562e-001
    outer loop
      vertex  5.197443e+000 -4.984414e+003  7.880593e+001
      vertex  7.002496e+000 -4.984414e+003  8.095711e+001
      vertex  6.717515e+000 -4.985000e+003  7.828249e+001
    endloop
  endfacet
  facet normal  2.312827e-001  9.092283e-001 -3.461390e-001
    outer loop
      vertex  3.635493e+000 -4.985000e+003  7.622314e+001
      vertex  5.197443e+000 -4.984414e+003  7.880593e+001
      vertex  6.717515e+000 -4.985000e+003  7.828249e+001
    endloop
  endfacet
  facet normal  5.473577e-001  4.788557e-001 -6.863649e-001
    outer loop
      vertex  3.254128e+000 -4.983000e+003  7.824274e+001
      vertex  5.863736e+000 -4.983000e+003  8.032383e+001
      vertex  5.197443e+000 -4.984414e+003  7.880593e+001
    endloop
  endfacet
  facet normal  4.730659e-001  3.237833e-001 -8.193736e-001
    outer loop
      vertex  2.765502e+000 -4.984414e+003  7.740185e+001
      vertex  3.254128e+000 -4.983000e+003  7.824274e+001
      vertex  5.197443e+000 -4.984414e+003  7.880593e+001
    endloop
  endfacet
  facet normal  3.364497e-001  9.337054e-001 -1.224578e-001
    outer loop
      vertex  7.002496e+000 -4.984414e+003  8.095711e+001
      vertex  7.962945e+000 -4.984414e+003  8.359592e+001
      vertex  8.776855e+000 -4.985000e+003  8.136451e+001
    endloop
  endfacet
  facet normal  3.531388e-001  9.053264e-001 -2.359597e-001
    outer loop
      vertex  6.717515e+000 -4.985000e+003  7.828249e+001
      vertex  7.002496e+000 -4.984414e+003  8.095711e+001
      vertex  8.776855e+000 -4.985000e+003  8.136451e+001
    endloop
  endfacet
  facet normal  7.956602e-001  4.691539e-001 -3.831702e-001
    outer loop
      vertex  5.863736e+000 -4.983000e+003  8.032383e+001
      vertex  7.311959e+000 -4.983000e+003  8.333109e+001
      vertex  7.002496e+000 -4.984414e+003  8.095711e+001
    endloop
  endfacet
  facet normal  7.276661e-001  3.125514e-001 -6.105847e-001
    outer loop
      vertex  5.197443e+000 -4.984414e+003  7.880593e+001
      vertex  5.863736e+000 -4.983000e+003  8.032383e+001
      vertex  7.002496e+000 -4.984414e+003  8.095711e+001
    endloop
  endfacet
  facet normal  3.562038e-001  9.344082e-001  0.000000e+000
    outer loop
      vertex  7.962945e+000 -4.984414e+003  8.359592e+001
      vertex  7.962945e+000 -4.984414e+003  8.640408e+001
      vertex  9.500000e+000 -4.985000e+003  8.500000e+001
    endloop
  endfacet
  facet normal  4.208001e-001  9.032836e-001 -8.370240e-002
    outer loop
      vertex  8.776855e+000 -4.985000e+003  8.136451e+001
      vertex  7.962945e+000 -4.984414e+003  8.359592e+001
      vertex  9.500000e+000 -4.985000e+003  8.500000e+001
    endloop
  endfacet
  facet normal  3.364497e-001  9.337054e-001  1.224578e-001
    outer loop
      vertex  7.962945e+000 -4.984414e+003  8.640408e+001
      vertex  7.002496e+000 -4.984414e+003  8.904289e+001
      vertex  8.776855e+000 -4.985000e+003  8.863549e+001
    endloop
  endfacet
  facet normal  4.208001e-001  9.032836e-001  8.370240e-002
    outer loop
      vertex  9.500000e+000 -4.985000e+003  8.500000e+001
      vertex  7.962945e+000 -4.984414e+003  8.640408e+001
      vertex  8.776855e+000 -4.985000e+003  8.863549e+001
    endloop
  endfacet
  facet normal  9.083644e-001  4.181797e-001  0.000000e+000
    outer loop
      vertex  7.311959e+000 -4.983000e+003  8.333109e+001
      vertex  7.311959e+000 -4.983000e+003  8.666891e+001
      vertex  7.962945e+000 -4.984414e+003  8.640408e+001
    endloop
  endfacet
  facet normal  9.083644e-001  4.181797e-001  0.000000e+000
    outer loop
      vertex  7.311959e+000 -4.983000e+003  8.333109e+001
      vertex  7.962945e+000 -4.984414e+003  8.640408e+001
      vertex  7.962945e+000 -4.984414e+003  8.359592e+001
    endloop
  endfacet
  facet normal  8.817174e-001  3.458110e-001 -3.209191e-001
    outer loop
      vertex  7.002496e+000 -4.984414e+003  8.095711e+001
      vertex  7.311959e+000 -4.983000e+003  8.333109e+001
      vertex  7.962945e+000 -4.984414e+003  8.359592e+001
    endloop
  endfacet
  facet normal  2.785796e-001  9.315318e-001  2.337562e-001
    outer loop
      vertex  7.002496e+000 -4.984414e+003  8.904289e+001
      vertex  5.197443e+000 -4.984414e+003  9.119407e+001
      vertex  6.717515e+000 -4.985000e+003  9.171751e+001
    endloop
  endfacet
  facet normal  3.531388e-001  9.053264e-001  2.359597e-001
    outer loop
      vertex  8.776855e+000 -4.985000e+003  8.863549e+001
      vertex  7.002496e+000 -4.984414e+003  8.904289e+001
      vertex  6.717515e+000 -4.985000e+003  9.171751e+001
    endloop
  endfacet
  facet normal  7.956602e-001  4.691539e-001  3.831702e-001
    outer loop
      vertex  7.311959e+000 -4.983000e+003  8.666891e+001
      vertex  5.863736e+000 -4.983000e+003  8.967617e+001
      vertex  7.002496e+000 -4.984414e+003  8.904289e+001
    endloop
  endfacet
  facet normal  8.817174e-001  3.458110e-001  3.209191e-001
    outer loop
      vertex  7.962945e+000 -4.984414e+003  8.640408e+001
      vertex  7.311959e+000 -4.983000e+003  8.666891e+001
      vertex  7.002496e+000 -4.984414e+003  8.904289e+001
    endloop
  endfacet
  facet normal  1.866906e-001  9.276781e-001  3.233573e-001
    outer loop
      vertex  5.197443e+000 -4.984414e+003  9.119407e+001
      vertex  2.765502e+000 -4.984414e+003  9.259815e+001
      vertex  3.635493e+000 -4.985000e+003  9.377686e+001
    endloop
  endfacet
  facet normal  2.312827e-001  9.092283e-001  3.461390e-001
    outer loop
      vertex  6.717515e+000 -4.985000e+003  9.171751e+001
      vertex  5.197443e+000 -4.984414e+003  9.119407e+001
      vertex  3.635493e+000 -4.985000e+003  9.377686e+001
    endloop
  endfacet
  facet normal  5.473577e-001  4.788557e-001  6.863649e-001
    outer loop
      vertex  5.863736e+000 -4.983000e+003  8.967617e+001
      vertex  3.254128e+000 -4.983000e+003  9.175726e+001
      vertex  5.197443e+000 -4.984414e+003  9.119407e+001
    endloop
  endfacet
  facet normal  7.276661e-001  3.125514e-001  6.105847e-001
    outer loop
      vertex  7.002496e+000 -4.984414e+003  8.904289e+001
      vertex  5.863736e+000 -4.983000e+003  8.967617e+001
      vertex  5.197443e+000 -4.984414e+003  9.119407e+001
    endloop
  endfacet
  facet normal  4.730659e-001  3.237833e-001  8.193736e-001
    outer loop
      vertex  5.197443e+000 -4.984414e+003  9.119407e+001
      vertex  3.254128e+000 -4.983000e+003  9.175726e+001
      vertex  2.765502e+000 -4.984414e+003  9.259815e+001
    endloop
  endfacet
  facet normal  0.000000e+000  0.000000e+000 -1.000000e+000
    outer loop
      vertex  1.500000e+001 -5.025000e+003  0.000000e+000
      vertex -1.500000e+001 -5.025000e+003  0.000000e+000
      vertex  1.500000e+001 -4.975000e+003  0.000000e+000
    endloop
  endfacet
  facet normal  -0.000000e+000  0.000000e+000 -1.000000e+000
    outer loop
      vertex  1.500000e+001 -4.975000e+003  0.000000e+000
      vertex -1.500000e+001 -5.025000e+003  0.000000e+000
      vertex -1.500000e+001 -4.975000e+003  0.000000e+000
    endloop
  endfacet
  facet normal -9.009689e-001  0.000000e+000  4.338837e-001
    outer loop
      vertex  7.311959e+000 -4.975000e+003 -2.666891e+001
      vertex  5.863736e+000 -4.970000e+003 -2.967617e+001
      vertex  5.863736e+000 -4.975000e+003 -2.967617e+001
    endloop
  endfacet
  facet normal -6.234898e-001  0.000000e+000  7.818315e-001
    outer loop
      vertex  5.863736e+000 -4.975000e+003 -2.967617e+001
      vertex  5.863736e+000 -4.970000e+003 -2.967617e+001
      vertex  3.254128e+000 -4.970000e+003 -3.175727e+001
    endloop
  endfacet
  facet normal -6.234898e-001  0.000000e+000  7.818315e-001
    outer loop
      vertex  5.863736e+000 -4.975000e+003 -2.967617e+001
      vertex  3.254128e+000 -4.970000e+003 -3.175727e+001
      vertex  3.254128e+000 -4.975000e+003 -3.175727e+001
    endloop
  endfacet
  facet normal -2.225208e-001  0.000000e+000  9.749279e-001
    outer loop
      vertex  3.254128e+000 -4.975000e+003 -3.175727e+001
      vertex  3.254128e+000 -4.970000e+003 -3.175727e+001
      vertex  7.801838e-015 -4.970000e+003 -3.250000e+001
    endloop
  endfacet
  facet normal -2.225208e-001  0.000000e+000  9.749279e-001
    outer loop
      vertex  3.254128e+000 -4.975000e+003 -3.175727e+001
      vertex  7.801838e-015 -4.970000e+003 -3.250000e+001
      vertex  7.801838e-015 -4.975000e+003 -3.250000e+001
    endloop
  endfacet
  facet normal -9.009689e-001  0.000000e+000  4.338837e-001
    outer loop
      vertex  5.863736e+000 -4.970000e+003 -2.967617e+001
      vertex  7.311959e+000 -4.975000e+003 -2.666891e+001
      vertex  7.311959e+000 -4.970000e+003 -2.666891e+001
    endloop
  endfacet
  facet normal -1.000000e+000  0.000000e+000  0.000000e+000
    outer loop
      vertex  7.311959e+000 -4.970000e+003 -2.666891e+001
      vertex  7.311959e+000 -4.975000e+003 -2.666891e+001
      vertex  7.311959e+000 -4.975000e+003 -2.333109e+001
    endloop
  endfacet
  facet normal -1.000000e+000  0.000000e+000  0.000000e+000
    outer loop
      vertex  7.311959e+000 -4.970000e+003 -2.666891e+001
      vertex  7.311959e+000 -4.975000e+003 -2.333109e+001
      vertex  7.311959e+000 -4.970000e+003 -2.333109e+001
    endloop
  endfacet
  facet normal -9.009689e-001  -0.000000e+000 -4.338837e-001
    outer loop
      vertex  7.311959e+000 -4.970000e+003 -2.333109e+001
      vertex  7.311959e+000 -4.975000e+003 -2.333109e+001
      vertex  5.863736e+000 -4.975000e+003 -2.032383e+001
    endloop
  endfacet
  facet normal -9.009689e-001  0.000000e+000 -4.338837e-001
    outer loop
      vertex  7.311959e+000 -4.970000e+003 -2.333109e+001
      vertex  5.863736e+000 -4.975000e+003 -2.032383e+001
      vertex  5.863736e+000 -4.970000e+003 -2.032383e+001
    endloop
  endfacet
  facet normal -6.234898e-001  -0.000000e+000 -7.818315e-001
    outer loop
      vertex  5.863736e+000 -4.970000e+003 -2.032383e+001
      vertex  5.863736e+000 -4.975000e+003 -2.032383e+001
      vertex  3.254128e+000 -4.975000e+003 -1.824273e+001
    endloop
  endfacet
  facet normal -6.234898e-001  0.000000e+000 -7.818315e-001
    outer loop
      vertex  5.863736e+000 -4.970000e+003 -2.032383e+001
      vertex  3.254128e+000 -4.975000e+003 -1.824273e+001
      vertex  3.254128e+000 -4.970000e+003 -1.824273e+001
    endloop
  endfacet
  facet normal -2.225208e-001  -0.000000e+000 -9.749279e-001
    outer loop
      vertex  3.254128e+000 -4.970000e+003 -1.824273e+001
      vertex  3.254128e+000 -4.975000e+003 -1.824273e+001
      vertex  3.552714e-015 -4.975000e+003 -1.750000e+001
    endloop
  endfacet
  facet normal -2.225208e-001  0.000000e+000 -9.749279e-001
    outer loop
      vertex  3.254128e+000 -4.970000e+003 -1.824273e+001
      vertex  3.552714e-015 -4.975000e+003 -1.750000e+001
      vertex  3.552714e-015 -4.970000e+003 -1.750000e+001
    endloop
  endfacet
  facet normal -9.009689e-001  0.000000e+000  4.338837e-001
    outer loop
      vertex  7.311959e+000 -5.030000e+003 -2.666891e+001
      vertex  5.863736e+000 -5.025000e+003 -2.967617e+001
      vertex  5.863736e+000 -5.030000e+003 -2.967617e+001
    endloop
  endfacet
  facet normal -6.234898e-001  0.000000e+000  7.818315e-001
    outer loop
      vertex  5.863736e+000 -5.030000e+003 -2.967617e+001
      vertex  5.863736e+000 -5.025000e+003 -2.967617e+001
      vertex  3.254128e+000 -5.025000e+003 -3.175727e+001
    endloop
  endfacet
  facet normal -6.234898e-001  0.000000e+000  7.818315e-001
    outer loop
      vertex  5.863736e+000 -5.030000e+003 -2.967617e+001
      vertex  3.254128e+000 -5.025000e+003 -3.175727e+001
      vertex  3.254128e+000 -5.030000e+003 -3.175727e+001
    endloop
  endfacet
  facet normal -2.225208e-001  0.000000e+000  9.749279e-001
    outer loop
      vertex  3.254128e+000 -5.030000e+003 -3.175727e+001
      vertex  3.254128e+000 -5.025000e+003 -3.175727e+001
      vertex  7.801838e-015 -5.025000e+003 -3.250000e+001
    endloop
  endfacet
  facet normal -2.225208e-001  0.000000e+000  9.749279e-001
    outer loop
      vertex  3.254128e+000 -5.030000e+003 -3.175727e+001
      vertex  7.801838e-015 -5.025000e+003 -3.250000e+001
      vertex  7.801838e-015 -5.030000e+003 -3.250000e+001
    endloop
  endfacet
  facet normal -9.009689e-001  0.000000e+000  4.338837e-001
    outer loop
      vertex  5.863736e+000 -5.025000e+003 -2.967617e+001
      vertex  7.311959e+000 -5.030000e+003 -2.666891e+001
      vertex  7.311959e+000 -5.025000e+003 -2.666891e+001
    endloop
  endfacet
  facet normal -1.000000e+000  0.000000e+000  0.000000e+000
    outer loop
      vertex  7.311959e+000 -5.025000e+003 -2.666891e+001
      vertex  7.311959e+000 -5.030000e+003 -2.666891e+001
      vertex  7.311959e+000 -5.030000e+003 -2.333109e+001
    endloop
  endfacet
  facet normal -1.000000e+000  0.000000e+000  0.000000e+000
    outer loop
      vertex  7.311959e+000 -5.025000e+003 -2.666891e+001
      vertex  7.311959e+000 -5.030000e+003 -2.333109e+001
      vertex  7.311959e+000 -5.025000e+003 -2.333109e+001
    endloop
  endfacet
  facet normal -9.009689e-001  -0.000000e+000 -4.338837e-001
    outer loop
      vertex  7.311959e+000 -5.025000e+003 -2.333109e+001
      vertex  7.311959e+000 -5.030000e+003 -2.333109e+001
      vertex  5.863736e+000 -5.030000e+003 -2.032383e+001
    endloop
  endfacet
  facet normal -9.009689e-001  0.000000e+000 -4.338837e-001
    outer loop
      vertex  7.311959e+000 -5.025000e+003 -2.333109e+001
      vertex  5.863736e+000 -5.030000e+003 -2.032383e+001
      vertex  5.863736e+000 -5.025000e+003 -2.032383e+001
    endloop
  endfacet
  facet normal -6.234898e-001  -0.000000e+000 -7.818315e-001
    outer loop
      vertex  5.863736e+000 -5.025000e+003 -2.032383e+001
      vertex  5.863736e+000 -5.030000e+003 -2.032383e+001
      vertex  3.254128e+000 -5.030000e+003 -1.824273e+001
    endloop
  endfacet
  facet normal -6.234898e-001  0.000000e+000 -7.818315e-001
    outer loop
      vertex  5.863736e+000 -5.025000e+003 -2.032383e+001
      vertex  3.254128e+000 -5.030000e+003 -1.824273e+001
      vertex  3.254128e+000 -5.025000e+003 -1.824273e+001
    endloop
  endfacet
  facet normal -2.225208e-001  -0.000000e+000 -9.749279e-001
    outer loop
      vertex  3.254128e+000 -5.025000e+003 -1.824273e+001
      vertex  3.254128e+000 -5.030000e+003 -1.824273e+001
      vertex  3.552714e-015 -5.030000e+003 -1.750000e+001
    endloop
  endfacet
  facet normal -2.225208e-001  0.000000e+000 -9.749279e-001
    outer loop
      vertex  3.254128e+000 -5.025000e+003 -1.824273e+001
      vertex  3.552714e-015 -5.030000e+003 -1.750000e+001
      vertex  3.552714e-015 -5.025000e+003 -1.750000e+001
    endloop
  endfacet
  facet normal  9.009689e-001  0.000000e+000 -4.338837e-001
    outer loop
      vertex -7.311959e+000 -4.975000e+003 -2.333109e+001
      vertex -5.863736e+000 -4.970000e+003 -2.032383e+001
      vertex -5.863736e+000 -4.975000e+003 -2.032383e+001
    endloop
  endfacet
  facet normal  6.234898e-001  0.000000e+000 -7.818315e-001
    outer loop
      vertex -5.863736e+000 -4.975000e+003 -2.032383e+001
      vertex -5.863736e+000 -4.970000e+003 -2.032383e+001
      vertex -3.254128e+000 -4.970000e+003 -1.824273e+001
    endloop
  endfacet
  facet normal  6.234898e-001  0.000000e+000 -7.818315e-001
    outer loop
      vertex -5.863736e+000 -4.975000e+003 -2.032383e+001
      vertex -3.254128e+000 -4.970000e+003 -1.824273e+001
      vertex -3.254128e+000 -4.975000e+003 -1.824273e+001
    endloop
  endfacet
  facet normal  2.225208e-001  0.000000e+000 -9.749279e-001
    outer loop
      vertex -3.254128e+000 -4.975000e+003 -1.824273e+001
      vertex -3.254128e+000 -4.970000e+003 -1.824273e+001
      vertex  3.552714e-015 -4.970000e+003 -1.750000e+001
    endloop
  endfacet
  facet normal  2.225208e-001  0.000000e+000 -9.749279e-001
    outer loop
      vertex -3.254128e+000 -4.975000e+003 -1.824273e+001
      vertex  3.552714e-015 -4.970000e+003 -1.750000e+001
      vertex  3.552714e-015 -4.975000e+003 -1.750000e+001
    endloop
  endfacet
  facet normal  9.009689e-001  0.000000e+000 -4.338837e-001
    outer loop
      vertex -5.863736e+000 -4.970000e+003 -2.032383e+001
      vertex -7.311959e+000 -4.975000e+003 -2.333109e+001
      vertex -7.311959e+000 -4.970000e+003 -2.333109e+001
    endloop
  endfacet
  facet normal  1.000000e+000  0.000000e+000  0.000000e+000
    outer loop
      vertex -7.311959e+000 -4.970000e+003 -2.333109e+001
      vertex -7.311959e+000 -4.975000e+003 -2.333109e+001
      vertex -7.311959e+000 -4.975000e+003 -2.666891e+001
    endloop
  endfacet
  facet normal  1.000000e+000  0.000000e+000  0.000000e+000
    outer loop
      vertex -7.311959e+000 -4.970000e+003 -2.333109e+001
      vertex -7.311959e+000 -4.975000e+003 -2.666891e+001
      vertex -7.311959e+000 -4.970000e+003 -2.666891e+001
    endloop
  endfacet
  facet normal  9.009689e-001  0.000000e+000  4.338837e-001
    outer loop
      vertex -7.311959e+000 -4.970000e+003 -2.666891e+001
      vertex -7.311959e+000 -4.975000e+003 -2.666891e+001
      vertex -5.863736e+000 -4.975000e+003 -2.967617e+001
    endloop
  endfacet
  facet normal  9.009689e-001  -0.000000e+000  4.338837e-001
    outer loop
      vertex -7.311959e+000 -4.970000e+003 -2.666891e+001
      vertex -5.863736e+000 -4.975000e+003 -2.967617e+001
      vertex -5.863736e+000 -4.970000e+003 -2.967617e+001
    endloop
  endfacet
  facet normal  6.234898e-001  0.000000e+000  7.818315e-001
    outer loop
      vertex -5.863736e+000 -4.970000e+003 -2.967617e+001
      vertex -5.863736e+000 -4.975000e+003 -2.967617e+001
      vertex -3.254128e+000 -4.975000e+003 -3.175727e+001
    endloop
  endfacet
  facet normal  6.234898e-001  -0.000000e+000  7.818315e-001
    outer loop
      vertex -5.863736e+000 -4.970000e+003 -2.967617e+001
      vertex -3.254128e+000 -4.975000e+003 -3.175727e+001
      vertex -3.254128e+000 -4.970000e+003 -3.175727e+001
    endloop
  endfacet
  facet normal  2.225208e-001  0.000000e+000  9.749279e-001
    outer loop
      vertex -3.254128e+000 -4.970000e+003 -3.175727e+001
      vertex -3.254128e+000 -4.975000e+003 -3.175727e+001
      vertex  7.801838e-015 -4.975000e+003 -3.250000e+001
    endloop
  endfacet
  facet normal  2.225208e-001  -0.000000e+000  9.749279e-001
    outer loop
      vertex -3.254128e+000 -4.970000e+003 -3.175727e+001
      vertex  7.801838e-015 -4.975000e+003 -3.250000e+001
      vertex  7.801838e-015 -4.970000e+003 -3.250000e+001
    endloop
  endfacet
  facet normal  9.009689e-001  0.000000e+000 -4.338837e-001
    outer loop
      vertex -7.311959e+000 -5.030000e+003 -2.333109e+001
      vertex -5.863736e+000 -5.025000e+003 -2.032383e+001
      vertex -5.863736e+000 -5.030000e+003 -2.032383e+001
    endloop
  endfacet
  facet normal  6.234898e-001  0.000000e+000 -7.818315e-001
    outer loop
      vertex -5.863736e+000 -5.030000e+003 -2.032383e+001
      vertex -5.863736e+000 -5.025000e+003 -2.032383e+001
      vertex -3.254128e+000 -5.025000e+003 -1.824273e+001
    endloop
  endfacet
  facet normal  6.234898e-001  0.000000e+000 -7.818315e-001
    outer loop
      vertex -5.863736e+000 -5.030000e+003 -2.032383e+001
      vertex -3.254128e+000 -5.025000e+003 -1.824273e+001
      vertex -3.254128e+000 -5.030000e+003 -1.824273e+001
    endloop
  endfacet
  facet normal  2.225208e-001  0.000000e+000 -9.749279e-001
    outer loop
      vertex -3.254128e+000 -5.030000e+003 -1.824273e+001
      vertex -3.254128e+000 -5.025000e+003 -1.824273e+001
      vertex  3.552714e-015 -5.025000e+003 -1.750000e+001
    endloop
  endfacet
  facet normal  2.225208e-001  0.000000e+000 -9.749279e-001
    outer loop
      vertex -3.254128e+000 -5.030000e+003 -1.824273e+001
      vertex  3.552714e-015 -5.025000e+003 -1.750000e+001
      vertex  3.552714e-015 -5.030000e+003 -1.750000e+001
    endloop
  endfacet
  facet normal  9.009689e-001  0.000000e+000 -4.338837e-001
    outer loop
      vertex -5.863736e+000 -5.025000e+003 -2.032383e+001
      vertex -7.311959e+000 -5.030000e+003 -2.333109e+001
      vertex -7.311959e+000 -5.025000e+003 -2.333109e+001
    endloop
  endfacet
  facet normal  1.000000e+000  0.000000e+000  0.000000e+000
    outer loop
      vertex -7.311959e+000 -5.025000e+003 -2.333109e+001
      vertex -7.311959e+000 -5.030000e+003 -2.333109e+001
      vertex -7.311959e+000 -5.030000e+003 -2.666891e+001
    endloop
  endfacet
  facet normal  1.000000e+000  0.000000e+000  0.000000e+000
    outer loop
      vertex -7.311959e+000 -5.025000e+003 -2.333109e+001
      vertex -7.311959e+000 -5.030000e+003 -2.666891e+001
      vertex -7.311959e+000 -5.025000e+003 -2.666891e+001
    endloop
  endfacet
  facet normal  9.009689e-001  0.000000e+000  4.338837e-001
    outer loop
      vertex -7.311959e+000 -5.025000e+003 -2.666891e+001
      vertex -7.311959e+000 -5.030000e+003 -2.666891e+001
      vertex -5.863736e+000 -5.030000e+003 -2.967617e+001
    endloop
  endfacet
  facet normal  9.009689e-001  -0.000000e+000  4.338837e-001
    outer loop
      vertex -7.311959e+000 -5.025000e+003 -2.666891e+001
      vertex -5.863736e+000 -5.030000e+003 -2.967617e+001
      vertex -5.863736e+000 -5.025000e+003 -2.967617e+001
    endloop
  endfacet
  facet normal  6.234898e-001  0.000000e+000  7.818315e-001
    outer loop
      vertex -5.863736e+000 -5.025000e+003 -2.967617e+001
      vertex -5.863736e+000 -5.030000e+003 -2.967617e+001
      vertex -3.254128e+000 -5.030000e+003 -3.175727e+001
    endloop
  endfacet
  facet normal  6.234898e-001  -0.000000e+000  7.818315e-001
    outer loop
      vertex -5.863736e+000 -5.025000e+003 -2.967617e+001
      vertex -3.254128e+000 -5.030000e+003 -3.175727e+001
      vertex -3.254128e+000 -5.025000e+003 -3.175727e+001
    endloop
  endfacet
  facet normal  2.225208e-001  0.000000e+000  9.749279e-001
    outer loop
      vertex -3.254128e+000 -5.025000e+003 -3.175727e+001
      vertex -3.254128e+000 -5.030000e+003 -3.175727e+001
      vertex  7.801838e-015 -5.030000e+003 -3.250000e+001
    endloop
  endfacet
  facet normal  2.225208e-001  -0.000000e+000  9.749279e-001
    outer loop
      vertex -3.254128e+000 -5.025000e+003 -3.175727e+001
      vertex  7.801838e-015 -5.030000e+003 -3.250000e+001
      vertex  7.801838e-015 -5.025000e+003 -3.250000e+001
    endloop
  endfacet
  facet normal  0.000000e+000 -1.000000e+000  0.000000e+000
    outer loop
      vertex -1.426585e+001 -4.975000e+003 -2.963526e+001
      vertex -5.863736e+000 -4.975000e+003 -2.967617e+001
      vertex -7.311959e+000 -4.975000e+003 -2.666891e+001
    endloop
  endfacet
  facet normal  -0.000000e+000 -1.000000e+000  0.000000e+000
    outer loop
      vertex  5.863736e+000 -4.975000e+003 -2.967617e+001
      vertex  1.426585e+001 -4.975000e+003 -2.963526e+001
      vertex  7.311959e+000 -4.975000e+003 -2.666891e+001
    endloop
  endfacet
  facet normal  -0.000000e+000 -1.000000e+000  -0.000000e+000
    outer loop
      vertex  1.500000e+001 -4.975000e+003 -2.500000e+001
      vertex  1.500000e+001 -4.975000e+003  0.000000e+000
      vertex -1.500000e+001 -4.975000e+003  0.000000e+000
    endloop
  endfacet
  facet normal  0.000000e+000 -1.000000e+000  0.000000e+000
    outer loop
      vertex  1.500000e+001 -4.975000e+003 -2.500000e+001
      vertex -1.500000e+001 -4.975000e+003  0.000000e+000
      vertex  3.254128e+000 -4.975000e+003 -1.824273e+001
    endloop
  endfacet
  facet normal  0.000000e+000 -1.000000e+000  0.000000e+000
    outer loop
      vertex  1.500000e+001 -4.975000e+003 -2.500000e+001
      vertex  3.254128e+000 -4.975000e+003 -1.824273e+001
      vertex  5.863736e+000 -4.975000e+003 -2.032383e+001
    endloop
  endfacet
  facet normal  0.000000e+000 -1.000000e+000  0.000000e+000
    outer loop
      vertex  1.500000e+001 -4.975000e+003 -2.500000e+001
      vertex  5.863736e+000 -4.975000e+003 -2.032383e+001
      vertex  7.311959e+000 -4.975000e+003 -2.333109e+001
    endloop
  endfacet
  facet normal  0.000000e+000 -1.000000e+000  0.000000e+000
    outer loop
      vertex  1.500000e+001 -4.975000e+003 -2.500000e+001
      vertex  7.311959e+000 -4.975000e+003 -2.333109e+001
      vertex  7.311959e+000 -4.975000e+003 -2.666891e+001
    endloop
  endfacet
  facet normal  0.000000e+000 -1.000000e+000  0.000000e+000
    outer loop
      vertex  1.500000e+001 -4.975000e+003 -2.500000e+001
      vertex  7.311959e+000 -4.975000e+003 -2.666891e+001
      vertex  1.426585e+001 -4.975000e+003 -2.963526e+001
    endloop
  endfacet
  facet normal  0.000000e+000 -1.000000e+000  0.000000e+000
    outer loop
      vertex -1.500000e+001 -4.975000e+003  0.000000e+000
      vertex -1.500000e+001 -4.975000e+003 -2.500000e+001
      vertex -5.863736e+000 -4.975000e+003 -2.032383e+001
    endloop
  endfacet
  facet normal  0.000000e+000 -1.000000e+000  0.000000e+000
    outer loop
      vertex -1.500000e+001 -4.975000e+003  0.000000e+000
      vertex -5.863736e+000 -4.975000e+003 -2.032383e+001
      vertex -3.254128e+000 -4.975000e+003 -1.824273e+001
    endloop
  endfacet
  facet normal  0.000000e+000 -1.000000e+000  0.000000e+000
    outer loop
      vertex -1.500000e+001 -4.975000e+003  0.000000e+000
      vertex -3.254128e+000 -4.975000e+003 -1.824273e+001
      vertex  3.552714e-015 -4.975000e+003 -1.750000e+001
    endloop
  endfacet
  facet normal  0.000000e+000 -9.999999e-001  0.000000e+000
    outer loop
      vertex -1.500000e+001 -4.975000e+003  0.000000e+000
      vertex  3.552714e-015 -4.975000e+003 -1.750000e+001
      vertex  3.254128e+000 -4.975000e+003 -1.824273e+001
    endloop
  endfacet
  facet normal  -0.000000e+000 -1.000000e+000  0.000000e+000
    outer loop
      vertex  5.389623e-015 -4.975000e+003 -4.000000e+001
      vertex  4.635255e+000 -4.975000e+003 -3.926585e+001
      vertex  8.816779e+000 -4.975000e+003 -3.713525e+001
    endloop
  endfacet
  facet normal  -0.000000e+000 -1.000000e+000  0.000000e+000
    outer loop
      vertex  5.389623e-015 -4.975000e+003 -4.000000e+001
      vertex  8.816779e+000 -4.975000e+003 -3.713525e+001
      vertex  1.213525e+001 -4.975000e+003 -3.381678e+001
    endloop
  endfacet
  facet normal  -0.000000e+000 -1.000000e+000  0.000000e+000
    outer loop
      vertex  5.389623e-015 -4.975000e+003 -4.000000e+001
      vertex  1.213525e+001 -4.975000e+003 -3.381678e+001
      vertex  7.801838e-015 -4.975000e+003 -3.250000e+001
    endloop
  endfacet
  facet normal  0.000000e+000 -1.000000e+000  0.000000e+000
    outer loop
      vertex  5.389623e-015 -4.975000e+003 -4.000000e+001
      vertex  7.801838e-015 -4.975000e+003 -3.250000e+001
      vertex -1.213525e+001 -4.975000e+003 -3.381678e+001
    endloop
  endfacet
  facet normal  0.000000e+000 -1.000000e+000  0.000000e+000
    outer loop
      vertex  5.389623e-015 -4.975000e+003 -4.000000e+001
      vertex -1.213525e+001 -4.975000e+003 -3.381678e+001
      vertex -8.816779e+000 -4.975000e+003 -3.713525e+001
    endloop
  endfacet
  facet normal  0.000000e+000 -1.000000e+000  0.000000e+000
    outer loop
      vertex  5.389623e-015 -4.975000e+003 -4.000000e+001
      vertex -8.816779e+000 -4.975000e+003 -3.713525e+001
      vertex -4.635255e+000 -4.975000e+003 -3.926585e+001
    endloop
  endfacet
  facet normal  0.000000e+000 -1.000000e+000  0.000000e+000
    outer loop
      vertex  1.213525e+001 -4.975000e+003 -3.381678e+001
      vertex  1.426585e+001 -4.975000e+003 -2.963526e+001
      vertex  5.863736e+000 -4.975000e+003 -2.967617e+001
    endloop
  endfacet
  facet normal  0.000000e+000 -1.000000e+000  -0.000000e+000
    outer loop
      vertex  1.213525e+001 -4.975000e+003 -3.381678e+001
      vertex  5.863736e+000 -4.975000e+003 -2.967617e+001
      vertex  3.254128e+000 -4.975000e+003 -3.175727e+001
    endloop
  endfacet
  facet normal  0.000000e+000 -1.000000e+000  -0.000000e+000
    outer loop
      vertex  1.213525e+001 -4.975000e+003 -3.381678e+001
      vertex  3.254128e+000 -4.975000e+003 -3.175727e+001
      vertex  7.801838e-015 -4.975000e+003 -3.250000e+001
    endloop
  endfacet
  facet normal  0.000000e+000 -1.000000e+000  0.000000e+000
    outer loop
      vertex -5.863736e+000 -4.975000e+003 -2.032383e+001
      vertex -1.500000e+001 -4.975000e+003 -2.500000e+001
      vertex -7.311959e+000 -4.975000e+003 -2.333109e+001
    endloop
  endfacet
  facet normal  0.000000e+000 -1.000000e+000  0.000000e+000
    outer loop
      vertex -7.311959e+000 -4.975000e+003 -2.333109e+001
      vertex -1.500000e+001 -4.975000e+003 -2.500000e+001
      vertex -1.426585e+001 -4.975000e+003 -2.963526e+001
    endloop
  endfacet
  facet normal  0.000000e+000 -1.000000e+000  0.000000e+000
    outer loop
      vertex -7.311959e+000 -4.975000e+003 -2.333109e+001
      vertex -1.426585e+001 -4.975000e+003 -2.963526e+001
      vertex -7.311959e+000 -4.975000e+003 -2.666891e+001
    endloop
  endfacet
  facet normal  0.000000e+000 -1.000000e+000  -0.000000e+000
    outer loop
      vertex  7.801838e-015 -4.975000e+003 -3.250000e+001
      vertex -3.254128e+000 -4.975000e+003 -3.175727e+001
      vertex -1.213525e+001 -4.975000e+003 -3.381678e+001
    endloop
  endfacet
  facet normal  0.000000e+000 -1.000000e+000  0.000000e+000
    outer loop
      vertex -1.213525e+001 -4.975000e+003 -3.381678e+001
      vertex -3.254128e+000 -4.975000e+003 -3.175727e+001
      vertex -5.863736e+000 -4.975000e+003 -2.967617e+001
    endloop
  endfacet
  facet normal  -0.000000e+000 -1.000000e+000  0.000000e+000
    outer loop
      vertex -1.213525e+001 -4.975000e+003 -3.381678e+001
      vertex -5.863736e+000 -4.975000e+003 -2.967617e+001
      vertex -1.426585e+001 -4.975000e+003 -2.963526e+001
    endloop
  endfacet
  facet normal  0.000000e+000  1.000000e+000  0.000000e+000
    outer loop
      vertex -7.311959e+000 -5.025000e+003 -2.666891e+001
      vertex -5.863736e+000 -5.025000e+003 -2.967617e+001
      vertex -1.426585e+001 -5.025000e+003 -2.963526e+001
    endloop
  endfacet
  facet normal  0.000000e+000  1.000000e+000  0.000000e+000
    outer loop
      vertex  7.311959e+000 -5.025000e+003 -2.666891e+001
      vertex  1.426585e+001 -5.025000e+003 -2.963526e+001
      vertex  5.863736e+000 -5.025000e+003 -2.967617e+001
    endloop
  endfacet
  facet normal  0.000000e+000  1.000000e+000  -0.000000e+000
    outer loop
      vertex  1.500000e+001 -5.025000e+003 -2.500000e+001
      vertex  1.426585e+001 -5.025000e+003 -2.963526e+001
      vertex  7.311959e+000 -5.025000e+003 -2.666891e+001
    endloop
  endfacet
  facet normal  0.000000e+000  1.000000e+000  0.000000e+000
    outer loop
      vertex  1.500000e+001 -5.025000e+003 -2.500000e+001
      vertex  7.311959e+000 -5.025000e+003 -2.666891e+001
      vertex  7.311959e+000 -5.025000e+003 -2.333109e+001
    endloop
  endfacet
  facet normal  -0.000000e+000  1.000000e+000  -0.000000e+000
    outer loop
      vertex  1.500000e+001 -5.025000e+003 -2.500000e+001
      vertex  7.311959e+000 -5.025000e+003 -2.333109e+001
      vertex  5.863736e+000 -5.025000e+003 -2.032383e+001
    endloop
  endfacet
  facet normal  -0.000000e+000  1.000000e+000  -0.000000e+000
    outer loop
      vertex  1.500000e+001 -5.025000e+003 -2.500000e+001
      vertex  5.863736e+000 -5.025000e+003 -2.032383e+001
      vertex  3.254128e+000 -5.025000e+003 -1.824273e+001
    endloop
  endfacet
  facet normal  -0.000000e+000  1.000000e+000  -0.000000e+000
    outer loop
      vertex  1.500000e+001 -5.025000e+003 -2.500000e+001
      vertex  3.254128e+000 -5.025000e+003 -1.824273e+001
      vertex -1.500000e+001 -5.025000e+003  0.000000e+000
    endloop
  endfacet
  facet normal  -0.000000e+000  1.000000e+000  0.000000e+000
    outer loop
      vertex  1.500000e+001 -5.025000e+003 -2.500000e+001
      vertex -1.500000e+001 -5.025000e+003  0.000000e+000
      vertex  1.500000e+001 -5.025000e+003  0.000000e+000
    endloop
  endfacet
  facet normal  0.000000e+000  9.999999e-001  0.000000e+000
    outer loop
      vertex -1.500000e+001 -5.025000e+003  0.000000e+000
      vertex  3.254128e+000 -5.025000e+003 -1.824273e+001
      vertex  3.552714e-015 -5.025000e+003 -1.750000e+001
    endloop
  endfacet
  facet normal  0.000000e+000  1.000000e+000  0.000000e+000
    outer loop
      vertex -1.500000e+001 -5.025000e+003  0.000000e+000
      vertex  3.552714e-015 -5.025000e+003 -1.750000e+001
      vertex -3.254128e+000 -5.025000e+003 -1.824273e+001
    endloop
  endfacet
  facet normal  0.000000e+000  1.000000e+000  0.000000e+000
    outer loop
      vertex -1.500000e+001 -5.025000e+003  0.000000e+000
      vertex -3.254128e+000 -5.025000e+003 -1.824273e+001
      vertex -5.863736e+000 -5.025000e+003 -2.032383e+001
    endloop
  endfacet
  facet normal  0.000000e+000  1.000000e+000  0.000000e+000
    outer loop
      vertex -1.500000e+001 -5.025000e+003  0.000000e+000
      vertex -5.863736e+000 -5.025000e+003 -2.032383e+001
      vertex -1.500000e+001 -5.025000e+003 -2.500000e+001
    endloop
  endfacet
  facet normal  -0.000000e+000  1.000000e+000  -0.000000e+000
    outer loop
      vertex  5.389623e-015 -5.025000e+003 -4.000000e+001
      vertex -4.635255e+000 -5.025000e+003 -3.926585e+001
      vertex -8.816779e+000 -5.025000e+003 -3.713525e+001
    endloop
  endfacet
  facet normal  -0.000000e+000  1.000000e+000  -0.000000e+000
    outer loop
      vertex  5.389623e-015 -5.025000e+003 -4.000000e+001
      vertex -8.816779e+000 -5.025000e+003 -3.713525e+001
      vertex -1.213525e+001 -5.025000e+003 -3.381678e+001
    endloop
  endfacet
  facet normal  -0.000000e+000  1.000000e+000  0.000000e+000
    outer loop
      vertex  5.389623e-015 -5.025000e+003 -4.000000e+001
      vertex -1.213525e+001 -5.025000e+003 -3.381678e+001
      vertex  7.801838e-015 -5.025000e+003 -3.250000e+001
    endloop
  endfacet
  facet normal  0.000000e+000  1.000000e+000  0.000000e+000
    outer loop
      vertex  5.389623e-015 -5.025000e+003 -4.000000e+001
      vertex  7.801838e-015 -5.025000e+003 -3.250000e+001
      vertex  1.213525e+001 -5.025000e+003 -3.381678e+001
    endloop
  endfacet
  facet normal  0.000000e+000  1.000000e+000  0.000000e+000
    outer loop
      vertex  5.389623e-015 -5.025000e+003 -4.000000e+001
      vertex  1.213525e+001 -5.025000e+003 -3.381678e+001
      vertex  8.816779e+000 -5.025000e+003 -3.713525e+001
    endloop
  endfacet
  facet normal  0.000000e+000  1.000000e+000  0.000000e+000
    outer loop
      vertex  5.389623e-015 -5.025000e+003 -4.000000e+001
      vertex  8.816779e+000 -5.025000e+003 -3.713525e+001
      vertex  4.635255e+000 -5.025000e+003 -3.926585e+001
    endloop
  endfacet
  facet normal  -0.000000e+000  1.000000e+000  0.000000e+000
    outer loop
      vertex  1.213525e+001 -5.025000e+003 -3.381678e+001
      vertex  7.801838e-015 -5.025000e+003 -3.250000e+001
      vertex  3.254128e+000 -5.025000e+003 -3.175727e+001
    endloop
  endfacet
  facet normal  -0.000000e+000  1.000000e+000  0.000000e+000
    outer loop
      vertex  1.213525e+001 -5.025000e+003 -3.381678e+001
      vertex  3.254128e+000 -5.025000e+003 -3.175727e+001
      vertex  5.863736e+000 -5.025000e+003 -2.967617e+001
    endloop
  endfacet
  facet normal  -0.000000e+000  1.000000e+000  0.000000e+000
    outer loop
      vertex  1.213525e+001 -5.025000e+003 -3.381678e+001
      vertex  5.863736e+000 -5.025000e+003 -2.967617e+001
      vertex  1.426585e+001 -5.025000e+003 -2.963526e+001
    endloop
  endfacet
  facet normal  0.000000e+000  1.000000e+000  0.000000e+000
    outer loop
      vertex -7.311959e+000 -5.025000e+003 -2.666891e+001
      vertex -1.426585e+001 -5.025000e+003 -2.963526e+001
      vertex -7.311959e+000 -5.025000e+003 -2.333109e+001
    endloop
  endfacet
  facet normal  0.000000e+000  1.000000e+000  0.000000e+000
    outer loop
      vertex -7.311959e+000 -5.025000e+003 -2.333109e+001
      vertex -1.426585e+001 -5.025000e+003 -2.963526e+001
      vertex -1.500000e+001 -5.025000e+003 -2.500000e+001
    endloop
  endfacet
  facet normal  0.000000e+000  1.000000e+000  0.000000e+000
    outer loop
      vertex -7.311959e+000 -5.025000e+003 -2.333109e+001
      vertex -1.500000e+001 -5.025000e+003 -2.500000e+001
      vertex -5.863736e+000 -5.025000e+003 -2.032383e+001
    endloop
  endfacet
  facet normal  0.000000e+000  1.000000e+000  0.000000e+000
    outer loop
      vertex -1.426585e+001 -5.025000e+003 -2.963526e+001
      vertex -5.863736e+000 -5.025000e+003 -2.967617e+001
      vertex -1.213525e+001 -5.025000e+003 -3.381678e+001
    endloop
  endfacet
  facet normal  0.000000e+000  1.000000e+000  0.000000e+000
    outer loop
      vertex -1.213525e+001 -5.025000e+003 -3.381678e+001
      vertex -5.863736e+000 -5.025000e+003 -2.967617e+001
      vertex -3.254128e+000 -5.025000e+003 -3.175727e+001
    endloop
  endfacet
  facet normal  0.000000e+000  1.000000e+000  0.000000e+000
    outer loop
      vertex -1.213525e+001 -5.025000e+003 -3.381678e+001
      vertex -3.254128e+000 -5.025000e+003 -3.175727e+001
      vertex  7.801838e-015 -5.025000e+003 -3.250000e+001
    endloop
  endfacet
endsolid CATIA STL
