solid CATIA STL
  facet normal  -0.000000e+000  0.000000e+000  1.000000e+000
    outer loop
      vertex  9.150000e+002  2.040000e+003  2.050000e+003
      vertex  9.071964e+002  2.039231e+003  2.050000e+003
      vertex  9.062872e+002  2.016578e+003  2.050000e+003
    endloop
  endfacet
  facet normal  0.000000e+000  0.000000e+000  9.999999e-001
    outer loop
      vertex  9.150000e+002  2.040000e+003  2.050000e+003
      vertex  9.062872e+002  2.016578e+003  2.050000e+003
      vertex  9.107984e+002  2.020575e+003  2.050000e+003
    endloop
  endfacet
  facet normal  0.000000e+000  0.000000e+000  1.000000e+000
    outer loop
      vertex  9.150000e+002  2.040000e+003  2.050000e+003
      vertex  9.107984e+002  2.020575e+003  2.050000e+003
      vertex  9.161349e+002  2.023375e+003  2.050000e+003
    endloop
  endfacet
  facet normal  0.000000e+000  -0.000000e+000  1.000000e+000
    outer loop
      vertex  9.150000e+002  2.040000e+003  2.050000e+003
      vertex  9.161349e+002  2.023375e+003  2.050000e+003
      vertex  9.750000e+002  2.040000e+003  2.050000e+003
    endloop
  endfacet
  facet normal  0.000000e+000  0.000000e+000  1.000000e+000
    outer loop
      vertex  9.000000e+002  2.000000e+003  2.050000e+003
      vertex  9.007264e+002  2.005983e+003  2.050000e+003
      vertex  8.996927e+002  2.036955e+003  2.050000e+003
    endloop
  endfacet
  facet normal  0.000000e+000  0.000000e+000  1.000000e+000
    outer loop
      vertex  9.000000e+002  2.000000e+003  2.050000e+003
      vertex  8.996927e+002  2.036955e+003  2.050000e+003
      vertex  8.927772e+002  2.033259e+003  2.050000e+003
    endloop
  endfacet
  facet normal  0.000000e+000  0.000000e+000  1.000000e+000
    outer loop
      vertex  9.000000e+002  2.000000e+003  2.050000e+003
      vertex  8.927772e+002  2.033259e+003  2.050000e+003
      vertex  8.867157e+002  2.028284e+003  2.050000e+003
    endloop
  endfacet
  facet normal  0.000000e+000  0.000000e+000  1.000000e+000
    outer loop
      vertex  9.000000e+002  2.000000e+003  2.050000e+003
      vertex  8.867157e+002  2.028284e+003  2.050000e+003
      vertex  8.817412e+002  2.022223e+003  2.050000e+003
    endloop
  endfacet
  facet normal  0.000000e+000  0.000000e+000  1.000000e+000
    outer loop
      vertex  9.000000e+002  2.000000e+003  2.050000e+003
      vertex  8.817412e+002  2.022223e+003  2.050000e+003
      vertex  8.780448e+002  2.015307e+003  2.050000e+003
    endloop
  endfacet
  facet normal  0.000000e+000  0.000000e+000  9.999999e-001
    outer loop
      vertex  9.000000e+002  2.000000e+003  2.050000e+003
      vertex  8.780448e+002  2.015307e+003  2.050000e+003
      vertex  8.757686e+002  2.007804e+003  2.050000e+003
    endloop
  endfacet
  facet normal  0.000000e+000  0.000000e+000  1.000000e+000
    outer loop
      vertex  9.000000e+002  2.000000e+003  2.050000e+003
      vertex  8.757686e+002  2.007804e+003  2.050000e+003
      vertex  8.750000e+002  2.000000e+003  2.050000e+003
    endloop
  endfacet
  facet normal  -0.000000e+000  0.000000e+000  1.000000e+000
    outer loop
      vertex  9.000000e+002  2.000000e+003  2.050000e+003
      vertex  8.750000e+002  2.000000e+003  2.050000e+003
      vertex  8.757686e+002  1.992196e+003  2.050000e+003
    endloop
  endfacet
  facet normal  -0.000000e+000  0.000000e+000  9.999999e-001
    outer loop
      vertex  9.000000e+002  2.000000e+003  2.050000e+003
      vertex  8.757686e+002  1.992196e+003  2.050000e+003
      vertex  8.780448e+002  1.984693e+003  2.050000e+003
    endloop
  endfacet
  facet normal  -0.000000e+000  0.000000e+000  1.000000e+000
    outer loop
      vertex  9.000000e+002  2.000000e+003  2.050000e+003
      vertex  8.780448e+002  1.984693e+003  2.050000e+003
      vertex  8.817412e+002  1.977777e+003  2.050000e+003
    endloop
  endfacet
  facet normal  -0.000000e+000  0.000000e+000  1.000000e+000
    outer loop
      vertex  9.000000e+002  2.000000e+003  2.050000e+003
      vertex  8.817412e+002  1.977777e+003  2.050000e+003
      vertex  8.867157e+002  1.971716e+003  2.050000e+003
    endloop
  endfacet
  facet normal  -0.000000e+000  0.000000e+000  1.000000e+000
    outer loop
      vertex  9.000000e+002  2.000000e+003  2.050000e+003
      vertex  8.867157e+002  1.971716e+003  2.050000e+003
      vertex  8.927772e+002  1.966741e+003  2.050000e+003
    endloop
  endfacet
  facet normal  -0.000000e+000  0.000000e+000  1.000000e+000
    outer loop
      vertex  9.000000e+002  2.000000e+003  2.050000e+003
      vertex  8.927772e+002  1.966741e+003  2.050000e+003
      vertex  8.996927e+002  1.963045e+003  2.050000e+003
    endloop
  endfacet
  facet normal  0.000000e+000  0.000000e+000  1.000000e+000
    outer loop
      vertex  9.000000e+002  2.000000e+003  2.050000e+003
      vertex  8.996927e+002  1.963045e+003  2.050000e+003
      vertex  9.007264e+002  1.994017e+003  2.050000e+003
    endloop
  endfacet
  facet normal  0.000000e+000  0.000000e+000  1.000000e+000
    outer loop
      vertex  9.750000e+002  1.960000e+003  2.050000e+003
      vertex  9.750000e+002  2.040000e+003  2.050000e+003
      vertex  9.500000e+002  2.000000e+003  2.050000e+003
    endloop
  endfacet
  facet normal  0.000000e+000  0.000000e+000  1.000000e+000
    outer loop
      vertex  9.750000e+002  1.960000e+003  2.050000e+003
      vertex  9.500000e+002  2.000000e+003  2.050000e+003
      vertex  9.492736e+002  1.994017e+003  2.050000e+003
    endloop
  endfacet
  facet normal  0.000000e+000  0.000000e+000  1.000000e+000
    outer loop
      vertex  9.750000e+002  1.960000e+003  2.050000e+003
      vertex  9.492736e+002  1.994017e+003  2.050000e+003
      vertex  9.471364e+002  1.988382e+003  2.050000e+003
    endloop
  endfacet
  facet normal  0.000000e+000  0.000000e+000  9.999999e-001
    outer loop
      vertex  9.750000e+002  1.960000e+003  2.050000e+003
      vertex  9.471364e+002  1.988382e+003  2.050000e+003
      vertex  9.437128e+002  1.983422e+003  2.050000e+003
    endloop
  endfacet
  facet normal  0.000000e+000  0.000000e+000  1.000000e+000
    outer loop
      vertex  9.750000e+002  1.960000e+003  2.050000e+003
      vertex  9.437128e+002  1.983422e+003  2.050000e+003
      vertex  9.392016e+002  1.979425e+003  2.050000e+003
    endloop
  endfacet
  facet normal  0.000000e+000  0.000000e+000  1.000000e+000
    outer loop
      vertex  9.750000e+002  1.960000e+003  2.050000e+003
      vertex  9.392016e+002  1.979425e+003  2.050000e+003
      vertex  9.338651e+002  1.976625e+003  2.050000e+003
    endloop
  endfacet
  facet normal  0.000000e+000  0.000000e+000  1.000000e+000
    outer loop
      vertex  9.750000e+002  1.960000e+003  2.050000e+003
      vertex  9.338651e+002  1.976625e+003  2.050000e+003
      vertex  9.280134e+002  1.975182e+003  2.050000e+003
    endloop
  endfacet
  facet normal  0.000000e+000  0.000000e+000  1.000000e+000
    outer loop
      vertex  9.750000e+002  1.960000e+003  2.050000e+003
      vertex  9.280134e+002  1.975182e+003  2.050000e+003
      vertex  9.219866e+002  1.975182e+003  2.050000e+003
    endloop
  endfacet
  facet normal  0.000000e+000  0.000000e+000  1.000000e+000
    outer loop
      vertex  9.750000e+002  1.960000e+003  2.050000e+003
      vertex  9.219866e+002  1.975182e+003  2.050000e+003
      vertex  9.161349e+002  1.976625e+003  2.050000e+003
    endloop
  endfacet
  facet normal  0.000000e+000  0.000000e+000  1.000000e+000
    outer loop
      vertex  9.750000e+002  1.960000e+003  2.050000e+003
      vertex  9.161349e+002  1.976625e+003  2.050000e+003
      vertex  9.150000e+002  1.960000e+003  2.050000e+003
    endloop
  endfacet
  facet normal  0.000000e+000  0.000000e+000  1.000000e+000
    outer loop
      vertex  9.750000e+002  2.040000e+003  2.050000e+003
      vertex  9.161349e+002  2.023375e+003  2.050000e+003
      vertex  9.219866e+002  2.024818e+003  2.050000e+003
    endloop
  endfacet
  facet normal  0.000000e+000  0.000000e+000  1.000000e+000
    outer loop
      vertex  9.750000e+002  2.040000e+003  2.050000e+003
      vertex  9.219866e+002  2.024818e+003  2.050000e+003
      vertex  9.280134e+002  2.024818e+003  2.050000e+003
    endloop
  endfacet
  facet normal  -0.000000e+000  0.000000e+000  1.000000e+000
    outer loop
      vertex  9.750000e+002  2.040000e+003  2.050000e+003
      vertex  9.280134e+002  2.024818e+003  2.050000e+003
      vertex  9.338651e+002  2.023375e+003  2.050000e+003
    endloop
  endfacet
  facet normal  -0.000000e+000  0.000000e+000  1.000000e+000
    outer loop
      vertex  9.750000e+002  2.040000e+003  2.050000e+003
      vertex  9.338651e+002  2.023375e+003  2.050000e+003
      vertex  9.392016e+002  2.020575e+003  2.050000e+003
    endloop
  endfacet
  facet normal  -0.000000e+000  0.000000e+000  1.000000e+000
    outer loop
      vertex  9.750000e+002  2.040000e+003  2.050000e+003
      vertex  9.392016e+002  2.020575e+003  2.050000e+003
      vertex  9.437128e+002  2.016578e+003  2.050000e+003
    endloop
  endfacet
  facet normal  -0.000000e+000  0.000000e+000  9.999999e-001
    outer loop
      vertex  9.750000e+002  2.040000e+003  2.050000e+003
      vertex  9.437128e+002  2.016578e+003  2.050000e+003
      vertex  9.471364e+002  2.011618e+003  2.050000e+003
    endloop
  endfacet
  facet normal  -0.000000e+000  0.000000e+000  1.000000e+000
    outer loop
      vertex  9.750000e+002  2.040000e+003  2.050000e+003
      vertex  9.471364e+002  2.011618e+003  2.050000e+003
      vertex  9.492736e+002  2.005983e+003  2.050000e+003
    endloop
  endfacet
  facet normal  -0.000000e+000  0.000000e+000  1.000000e+000
    outer loop
      vertex  9.750000e+002  2.040000e+003  2.050000e+003
      vertex  9.492736e+002  2.005983e+003  2.050000e+003
      vertex  9.500000e+002  2.000000e+003  2.050000e+003
    endloop
  endfacet
  facet normal  0.000000e+000  0.000000e+000  1.000000e+000
    outer loop
      vertex  9.007264e+002  1.994017e+003  2.050000e+003
      vertex  8.996927e+002  1.963045e+003  2.050000e+003
      vertex  9.028636e+002  1.988382e+003  2.050000e+003
    endloop
  endfacet
  facet normal  0.000000e+000  0.000000e+000  1.000000e+000
    outer loop
      vertex  9.028636e+002  1.988382e+003  2.050000e+003
      vertex  8.996927e+002  1.963045e+003  2.050000e+003
      vertex  9.071964e+002  1.960769e+003  2.050000e+003
    endloop
  endfacet
  facet normal  0.000000e+000  0.000000e+000  1.000000e+000
    outer loop
      vertex  9.028636e+002  1.988382e+003  2.050000e+003
      vertex  9.071964e+002  1.960769e+003  2.050000e+003
      vertex  9.062872e+002  1.983422e+003  2.050000e+003
    endloop
  endfacet
  facet normal  0.000000e+000  -0.000000e+000  9.999999e-001
    outer loop
      vertex  9.062872e+002  1.983422e+003  2.050000e+003
      vertex  9.071964e+002  1.960769e+003  2.050000e+003
      vertex  9.107984e+002  1.979425e+003  2.050000e+003
    endloop
  endfacet
  facet normal  0.000000e+000  0.000000e+000  1.000000e+000
    outer loop
      vertex  9.107984e+002  1.979425e+003  2.050000e+003
      vertex  9.071964e+002  1.960769e+003  2.050000e+003
      vertex  9.150000e+002  1.960000e+003  2.050000e+003
    endloop
  endfacet
  facet normal  0.000000e+000  -0.000000e+000  1.000000e+000
    outer loop
      vertex  9.107984e+002  1.979425e+003  2.050000e+003
      vertex  9.150000e+002  1.960000e+003  2.050000e+003
      vertex  9.161349e+002  1.976625e+003  2.050000e+003
    endloop
  endfacet
  facet normal  0.000000e+000  -0.000000e+000  1.000000e+000
    outer loop
      vertex  8.996927e+002  2.036955e+003  2.050000e+003
      vertex  9.007264e+002  2.005983e+003  2.050000e+003
      vertex  9.071964e+002  2.039231e+003  2.050000e+003
    endloop
  endfacet
  facet normal  0.000000e+000  0.000000e+000  1.000000e+000
    outer loop
      vertex  9.071964e+002  2.039231e+003  2.050000e+003
      vertex  9.007264e+002  2.005983e+003  2.050000e+003
      vertex  9.028636e+002  2.011618e+003  2.050000e+003
    endloop
  endfacet
  facet normal  0.000000e+000  0.000000e+000  1.000000e+000
    outer loop
      vertex  9.071964e+002  2.039231e+003  2.050000e+003
      vertex  9.028636e+002  2.011618e+003  2.050000e+003
      vertex  9.062872e+002  2.016578e+003  2.050000e+003
    endloop
  endfacet
  facet normal  -0.000000e+000  0.000000e+000 -1.000000e+000
    outer loop
      vertex  9.150000e+002  2.040000e+003  2.040000e+003
      vertex  9.750000e+002  2.040000e+003  2.040000e+003
      vertex  9.161349e+002  2.023375e+003  2.040000e+003
    endloop
  endfacet
  facet normal  -0.000000e+000  0.000000e+000 -1.000000e+000
    outer loop
      vertex  9.150000e+002  2.040000e+003  2.040000e+003
      vertex  9.161349e+002  2.023375e+003  2.040000e+003
      vertex  9.107984e+002  2.020575e+003  2.040000e+003
    endloop
  endfacet
  facet normal  -0.000000e+000  0.000000e+000 -9.999999e-001
    outer loop
      vertex  9.150000e+002  2.040000e+003  2.040000e+003
      vertex  9.107984e+002  2.020575e+003  2.040000e+003
      vertex  9.062872e+002  2.016578e+003  2.040000e+003
    endloop
  endfacet
  facet normal  0.000000e+000  0.000000e+000 -1.000000e+000
    outer loop
      vertex  9.150000e+002  2.040000e+003  2.040000e+003
      vertex  9.062872e+002  2.016578e+003  2.040000e+003
      vertex  9.071964e+002  2.039231e+003  2.040000e+003
    endloop
  endfacet
  facet normal  -0.000000e+000  0.000000e+000 -1.000000e+000
    outer loop
      vertex  9.000000e+002  2.000000e+003  2.040000e+003
      vertex  9.007264e+002  1.994017e+003  2.040000e+003
      vertex  8.996927e+002  1.963045e+003  2.040000e+003
    endloop
  endfacet
  facet normal  0.000000e+000  0.000000e+000 -1.000000e+000
    outer loop
      vertex  9.000000e+002  2.000000e+003  2.040000e+003
      vertex  8.996927e+002  1.963045e+003  2.040000e+003
      vertex  8.927772e+002  1.966741e+003  2.040000e+003
    endloop
  endfacet
  facet normal  0.000000e+000  0.000000e+000 -1.000000e+000
    outer loop
      vertex  9.000000e+002  2.000000e+003  2.040000e+003
      vertex  8.927772e+002  1.966741e+003  2.040000e+003
      vertex  8.867157e+002  1.971716e+003  2.040000e+003
    endloop
  endfacet
  facet normal  0.000000e+000  0.000000e+000 -1.000000e+000
    outer loop
      vertex  9.000000e+002  2.000000e+003  2.040000e+003
      vertex  8.867157e+002  1.971716e+003  2.040000e+003
      vertex  8.817412e+002  1.977777e+003  2.040000e+003
    endloop
  endfacet
  facet normal  0.000000e+000  0.000000e+000 -1.000000e+000
    outer loop
      vertex  9.000000e+002  2.000000e+003  2.040000e+003
      vertex  8.817412e+002  1.977777e+003  2.040000e+003
      vertex  8.780448e+002  1.984693e+003  2.040000e+003
    endloop
  endfacet
  facet normal  0.000000e+000  0.000000e+000 -9.999999e-001
    outer loop
      vertex  9.000000e+002  2.000000e+003  2.040000e+003
      vertex  8.780448e+002  1.984693e+003  2.040000e+003
      vertex  8.757686e+002  1.992196e+003  2.040000e+003
    endloop
  endfacet
  facet normal  0.000000e+000  0.000000e+000 -1.000000e+000
    outer loop
      vertex  9.000000e+002  2.000000e+003  2.040000e+003
      vertex  8.757686e+002  1.992196e+003  2.040000e+003
      vertex  8.750000e+002  2.000000e+003  2.040000e+003
    endloop
  endfacet
  facet normal  0.000000e+000  0.000000e+000 -1.000000e+000
    outer loop
      vertex  9.000000e+002  2.000000e+003  2.040000e+003
      vertex  8.750000e+002  2.000000e+003  2.040000e+003
      vertex  8.757686e+002  2.007804e+003  2.040000e+003
    endloop
  endfacet
  facet normal  0.000000e+000  0.000000e+000 -9.999999e-001
    outer loop
      vertex  9.000000e+002  2.000000e+003  2.040000e+003
      vertex  8.757686e+002  2.007804e+003  2.040000e+003
      vertex  8.780448e+002  2.015307e+003  2.040000e+003
    endloop
  endfacet
  facet normal  0.000000e+000  0.000000e+000 -1.000000e+000
    outer loop
      vertex  9.000000e+002  2.000000e+003  2.040000e+003
      vertex  8.780448e+002  2.015307e+003  2.040000e+003
      vertex  8.817412e+002  2.022223e+003  2.040000e+003
    endloop
  endfacet
  facet normal  0.000000e+000  0.000000e+000 -1.000000e+000
    outer loop
      vertex  9.000000e+002  2.000000e+003  2.040000e+003
      vertex  8.817412e+002  2.022223e+003  2.040000e+003
      vertex  8.867157e+002  2.028284e+003  2.040000e+003
    endloop
  endfacet
  facet normal  0.000000e+000  0.000000e+000 -1.000000e+000
    outer loop
      vertex  9.000000e+002  2.000000e+003  2.040000e+003
      vertex  8.867157e+002  2.028284e+003  2.040000e+003
      vertex  8.927772e+002  2.033259e+003  2.040000e+003
    endloop
  endfacet
  facet normal  0.000000e+000  0.000000e+000 -1.000000e+000
    outer loop
      vertex  9.000000e+002  2.000000e+003  2.040000e+003
      vertex  8.927772e+002  2.033259e+003  2.040000e+003
      vertex  8.996927e+002  2.036955e+003  2.040000e+003
    endloop
  endfacet
  facet normal  0.000000e+000  0.000000e+000 -1.000000e+000
    outer loop
      vertex  9.000000e+002  2.000000e+003  2.040000e+003
      vertex  8.996927e+002  2.036955e+003  2.040000e+003
      vertex  9.007264e+002  2.005983e+003  2.040000e+003
    endloop
  endfacet
  facet normal  0.000000e+000  0.000000e+000 -1.000000e+000
    outer loop
      vertex  9.750000e+002  1.960000e+003  2.040000e+003
      vertex  9.150000e+002  1.960000e+003  2.040000e+003
      vertex  9.161349e+002  1.976625e+003  2.040000e+003
    endloop
  endfacet
  facet normal  0.000000e+000  0.000000e+000 -1.000000e+000
    outer loop
      vertex  9.750000e+002  1.960000e+003  2.040000e+003
      vertex  9.161349e+002  1.976625e+003  2.040000e+003
      vertex  9.219866e+002  1.975182e+003  2.040000e+003
    endloop
  endfacet
  facet normal  0.000000e+000  0.000000e+000 -1.000000e+000
    outer loop
      vertex  9.750000e+002  1.960000e+003  2.040000e+003
      vertex  9.219866e+002  1.975182e+003  2.040000e+003
      vertex  9.280134e+002  1.975182e+003  2.040000e+003
    endloop
  endfacet
  facet normal  0.000000e+000  0.000000e+000 -1.000000e+000
    outer loop
      vertex  9.750000e+002  1.960000e+003  2.040000e+003
      vertex  9.280134e+002  1.975182e+003  2.040000e+003
      vertex  9.338651e+002  1.976625e+003  2.040000e+003
    endloop
  endfacet
  facet normal  0.000000e+000  0.000000e+000 -1.000000e+000
    outer loop
      vertex  9.750000e+002  1.960000e+003  2.040000e+003
      vertex  9.338651e+002  1.976625e+003  2.040000e+003
      vertex  9.392016e+002  1.979425e+003  2.040000e+003
    endloop
  endfacet
  facet normal  0.000000e+000  0.000000e+000 -1.000000e+000
    outer loop
      vertex  9.750000e+002  1.960000e+003  2.040000e+003
      vertex  9.392016e+002  1.979425e+003  2.040000e+003
      vertex  9.437128e+002  1.983422e+003  2.040000e+003
    endloop
  endfacet
  facet normal  0.000000e+000  0.000000e+000 -9.999999e-001
    outer loop
      vertex  9.750000e+002  1.960000e+003  2.040000e+003
      vertex  9.437128e+002  1.983422e+003  2.040000e+003
      vertex  9.471364e+002  1.988382e+003  2.040000e+003
    endloop
  endfacet
  facet normal  0.000000e+000  0.000000e+000 -1.000000e+000
    outer loop
      vertex  9.750000e+002  1.960000e+003  2.040000e+003
      vertex  9.471364e+002  1.988382e+003  2.040000e+003
      vertex  9.492736e+002  1.994017e+003  2.040000e+003
    endloop
  endfacet
  facet normal  0.000000e+000  0.000000e+000 -1.000000e+000
    outer loop
      vertex  9.750000e+002  1.960000e+003  2.040000e+003
      vertex  9.492736e+002  1.994017e+003  2.040000e+003
      vertex  9.500000e+002  2.000000e+003  2.040000e+003
    endloop
  endfacet
  facet normal  0.000000e+000  0.000000e+000 -1.000000e+000
    outer loop
      vertex  9.750000e+002  1.960000e+003  2.040000e+003
      vertex  9.500000e+002  2.000000e+003  2.040000e+003
      vertex  9.750000e+002  2.040000e+003  2.040000e+003
    endloop
  endfacet
  facet normal  0.000000e+000  0.000000e+000 -1.000000e+000
    outer loop
      vertex  9.750000e+002  2.040000e+003  2.040000e+003
      vertex  9.500000e+002  2.000000e+003  2.040000e+003
      vertex  9.492736e+002  2.005983e+003  2.040000e+003
    endloop
  endfacet
  facet normal  0.000000e+000  0.000000e+000 -1.000000e+000
    outer loop
      vertex  9.750000e+002  2.040000e+003  2.040000e+003
      vertex  9.492736e+002  2.005983e+003  2.040000e+003
      vertex  9.471364e+002  2.011618e+003  2.040000e+003
    endloop
  endfacet
  facet normal  0.000000e+000  0.000000e+000 -9.999999e-001
    outer loop
      vertex  9.750000e+002  2.040000e+003  2.040000e+003
      vertex  9.471364e+002  2.011618e+003  2.040000e+003
      vertex  9.437128e+002  2.016578e+003  2.040000e+003
    endloop
  endfacet
  facet normal  0.000000e+000  0.000000e+000 -1.000000e+000
    outer loop
      vertex  9.750000e+002  2.040000e+003  2.040000e+003
      vertex  9.437128e+002  2.016578e+003  2.040000e+003
      vertex  9.392016e+002  2.020575e+003  2.040000e+003
    endloop
  endfacet
  facet normal  0.000000e+000  0.000000e+000 -1.000000e+000
    outer loop
      vertex  9.750000e+002  2.040000e+003  2.040000e+003
      vertex  9.392016e+002  2.020575e+003  2.040000e+003
      vertex  9.338651e+002  2.023375e+003  2.040000e+003
    endloop
  endfacet
  facet normal  0.000000e+000  0.000000e+000 -1.000000e+000
    outer loop
      vertex  9.750000e+002  2.040000e+003  2.040000e+003
      vertex  9.338651e+002  2.023375e+003  2.040000e+003
      vertex  9.280134e+002  2.024818e+003  2.040000e+003
    endloop
  endfacet
  facet normal  0.000000e+000  0.000000e+000 -1.000000e+000
    outer loop
      vertex  9.750000e+002  2.040000e+003  2.040000e+003
      vertex  9.280134e+002  2.024818e+003  2.040000e+003
      vertex  9.219866e+002  2.024818e+003  2.040000e+003
    endloop
  endfacet
  facet normal  -0.000000e+000  0.000000e+000 -1.000000e+000
    outer loop
      vertex  9.750000e+002  2.040000e+003  2.040000e+003
      vertex  9.219866e+002  2.024818e+003  2.040000e+003
      vertex  9.161349e+002  2.023375e+003  2.040000e+003
    endloop
  endfacet
  facet normal  0.000000e+000  0.000000e+000 -1.000000e+000
    outer loop
      vertex  9.062872e+002  1.983422e+003  2.040000e+003
      vertex  9.071964e+002  1.960769e+003  2.040000e+003
      vertex  9.028636e+002  1.988382e+003  2.040000e+003
    endloop
  endfacet
  facet normal  0.000000e+000  -0.000000e+000 -1.000000e+000
    outer loop
      vertex  9.028636e+002  1.988382e+003  2.040000e+003
      vertex  9.071964e+002  1.960769e+003  2.040000e+003
      vertex  8.996927e+002  1.963045e+003  2.040000e+003
    endloop
  endfacet
  facet normal  0.000000e+000  0.000000e+000 -1.000000e+000
    outer loop
      vertex  9.028636e+002  1.988382e+003  2.040000e+003
      vertex  8.996927e+002  1.963045e+003  2.040000e+003
      vertex  9.007264e+002  1.994017e+003  2.040000e+003
    endloop
  endfacet
  facet normal  0.000000e+000  0.000000e+000 -1.000000e+000
    outer loop
      vertex  9.161349e+002  1.976625e+003  2.040000e+003
      vertex  9.150000e+002  1.960000e+003  2.040000e+003
      vertex  9.107984e+002  1.979425e+003  2.040000e+003
    endloop
  endfacet
  facet normal  0.000000e+000  -0.000000e+000 -1.000000e+000
    outer loop
      vertex  9.107984e+002  1.979425e+003  2.040000e+003
      vertex  9.150000e+002  1.960000e+003  2.040000e+003
      vertex  9.071964e+002  1.960769e+003  2.040000e+003
    endloop
  endfacet
  facet normal  0.000000e+000  0.000000e+000 -9.999999e-001
    outer loop
      vertex  9.107984e+002  1.979425e+003  2.040000e+003
      vertex  9.071964e+002  1.960769e+003  2.040000e+003
      vertex  9.062872e+002  1.983422e+003  2.040000e+003
    endloop
  endfacet
  facet normal  0.000000e+000  0.000000e+000 -1.000000e+000
    outer loop
      vertex  9.062872e+002  2.016578e+003  2.040000e+003
      vertex  9.028636e+002  2.011618e+003  2.040000e+003
      vertex  9.071964e+002  2.039231e+003  2.040000e+003
    endloop
  endfacet
  facet normal  0.000000e+000  0.000000e+000 -1.000000e+000
    outer loop
      vertex  9.071964e+002  2.039231e+003  2.040000e+003
      vertex  9.028636e+002  2.011618e+003  2.040000e+003
      vertex  9.007264e+002  2.005983e+003  2.040000e+003
    endloop
  endfacet
  facet normal  0.000000e+000  0.000000e+000 -1.000000e+000
    outer loop
      vertex  9.071964e+002  2.039231e+003  2.040000e+003
      vertex  9.007264e+002  2.005983e+003  2.040000e+003
      vertex  8.996927e+002  2.036955e+003  2.040000e+003
    endloop
  endfacet
  facet normal  0.000000e+000  1.000000e+000  0.000000e+000
    outer loop
      vertex  9.750000e+002  2.040000e+003  2.040000e+003
      vertex  9.150000e+002  2.040000e+003  2.040000e+003
      vertex  9.750000e+002  2.040000e+003  2.050000e+003
    endloop
  endfacet
  facet normal  0.000000e+000  1.000000e+000  0.000000e+000
    outer loop
      vertex  9.750000e+002  2.040000e+003  2.050000e+003
      vertex  9.150000e+002  2.040000e+003  2.040000e+003
      vertex  9.150000e+002  2.040000e+003  2.050000e+003
    endloop
  endfacet
  facet normal -9.951844e-001  9.802084e-002  0.000000e+000
    outer loop
      vertex  8.750000e+002  2.000000e+003  2.040000e+003
      vertex  8.750000e+002  2.000000e+003  2.050000e+003
      vertex  8.757686e+002  2.007804e+003  2.040000e+003
    endloop
  endfacet
  facet normal -9.951844e-001  9.802084e-002  0.000000e+000
    outer loop
      vertex  8.757686e+002  2.007804e+003  2.040000e+003
      vertex  8.750000e+002  2.000000e+003  2.050000e+003
      vertex  8.757686e+002  2.007804e+003  2.050000e+003
    endloop
  endfacet
  facet normal -9.569426e-001  2.902772e-001  0.000000e+000
    outer loop
      vertex  8.757686e+002  2.007804e+003  2.040000e+003
      vertex  8.757686e+002  2.007804e+003  2.050000e+003
      vertex  8.780448e+002  2.015307e+003  2.040000e+003
    endloop
  endfacet
  facet normal -9.569426e-001  2.902772e-001  0.000000e+000
    outer loop
      vertex  8.780448e+002  2.015307e+003  2.040000e+003
      vertex  8.757686e+002  2.007804e+003  2.050000e+003
      vertex  8.780448e+002  2.015307e+003  2.050000e+003
    endloop
  endfacet
  facet normal -8.819185e-001  4.714017e-001  0.000000e+000
    outer loop
      vertex  8.780448e+002  2.015307e+003  2.040000e+003
      vertex  8.780448e+002  2.015307e+003  2.050000e+003
      vertex  8.817412e+002  2.022223e+003  2.040000e+003
    endloop
  endfacet
  facet normal -8.819185e-001  4.714017e-001  0.000000e+000
    outer loop
      vertex  8.817412e+002  2.022223e+003  2.040000e+003
      vertex  8.780448e+002  2.015307e+003  2.050000e+003
      vertex  8.817412e+002  2.022223e+003  2.050000e+003
    endloop
  endfacet
  facet normal -7.730152e-001  6.343874e-001  0.000000e+000
    outer loop
      vertex  8.817412e+002  2.022223e+003  2.040000e+003
      vertex  8.817412e+002  2.022223e+003  2.050000e+003
      vertex  8.867157e+002  2.028284e+003  2.040000e+003
    endloop
  endfacet
  facet normal -7.730152e-001  6.343874e-001  0.000000e+000
    outer loop
      vertex  8.867157e+002  2.028284e+003  2.040000e+003
      vertex  8.817412e+002  2.022223e+003  2.050000e+003
      vertex  8.867157e+002  2.028284e+003  2.050000e+003
    endloop
  endfacet
  facet normal -6.343913e-001  7.730121e-001  0.000000e+000
    outer loop
      vertex  8.867157e+002  2.028284e+003  2.040000e+003
      vertex  8.867157e+002  2.028284e+003  2.050000e+003
      vertex  8.927772e+002  2.033259e+003  2.040000e+003
    endloop
  endfacet
  facet normal -6.343913e-001  7.730121e-001  0.000000e+000
    outer loop
      vertex  8.927772e+002  2.033259e+003  2.040000e+003
      vertex  8.867157e+002  2.028284e+003  2.050000e+003
      vertex  8.927772e+002  2.033259e+003  2.050000e+003
    endloop
  endfacet
  facet normal -4.713952e-001  8.819220e-001  0.000000e+000
    outer loop
      vertex  8.927772e+002  2.033259e+003  2.040000e+003
      vertex  8.927772e+002  2.033259e+003  2.050000e+003
      vertex  8.996927e+002  2.036955e+003  2.040000e+003
    endloop
  endfacet
  facet normal -4.713952e-001  8.819220e-001  0.000000e+000
    outer loop
      vertex  8.996927e+002  2.036955e+003  2.040000e+003
      vertex  8.927772e+002  2.033259e+003  2.050000e+003
      vertex  8.996927e+002  2.036955e+003  2.050000e+003
    endloop
  endfacet
  facet normal -2.902865e-001  9.569398e-001  0.000000e+000
    outer loop
      vertex  8.996927e+002  2.036955e+003  2.040000e+003
      vertex  8.996927e+002  2.036955e+003  2.050000e+003
      vertex  9.071964e+002  2.039231e+003  2.040000e+003
    endloop
  endfacet
  facet normal -2.902865e-001  9.569398e-001  0.000000e+000
    outer loop
      vertex  9.071964e+002  2.039231e+003  2.040000e+003
      vertex  8.996927e+002  2.036955e+003  2.050000e+003
      vertex  9.071964e+002  2.039231e+003  2.050000e+003
    endloop
  endfacet
  facet normal -9.801314e-002  9.951852e-001  0.000000e+000
    outer loop
      vertex  9.071964e+002  2.039231e+003  2.040000e+003
      vertex  9.071964e+002  2.039231e+003  2.050000e+003
      vertex  9.150000e+002  2.040000e+003  2.040000e+003
    endloop
  endfacet
  facet normal -9.801314e-002  9.951852e-001  0.000000e+000
    outer loop
      vertex  9.150000e+002  2.040000e+003  2.040000e+003
      vertex  9.071964e+002  2.039231e+003  2.050000e+003
      vertex  9.150000e+002  2.040000e+003  2.050000e+003
    endloop
  endfacet
  facet normal  0.000000e+000 -1.000000e+000  0.000000e+000
    outer loop
      vertex  9.750000e+002  1.960000e+003  2.050000e+003
      vertex  9.150000e+002  1.960000e+003  2.050000e+003
      vertex  9.750000e+002  1.960000e+003  2.040000e+003
    endloop
  endfacet
  facet normal  0.000000e+000 -1.000000e+000  0.000000e+000
    outer loop
      vertex  9.750000e+002  1.960000e+003  2.040000e+003
      vertex  9.150000e+002  1.960000e+003  2.050000e+003
      vertex  9.150000e+002  1.960000e+003  2.040000e+003
    endloop
  endfacet
  facet normal -9.951844e-001 -9.802084e-002  0.000000e+000
    outer loop
      vertex  8.750000e+002  2.000000e+003  2.050000e+003
      vertex  8.750000e+002  2.000000e+003  2.040000e+003
      vertex  8.757686e+002  1.992196e+003  2.050000e+003
    endloop
  endfacet
  facet normal -9.951844e-001 -9.802084e-002  -0.000000e+000
    outer loop
      vertex  8.757686e+002  1.992196e+003  2.050000e+003
      vertex  8.750000e+002  2.000000e+003  2.040000e+003
      vertex  8.757686e+002  1.992196e+003  2.040000e+003
    endloop
  endfacet
  facet normal -9.569426e-001 -2.902772e-001  0.000000e+000
    outer loop
      vertex  8.757686e+002  1.992196e+003  2.050000e+003
      vertex  8.757686e+002  1.992196e+003  2.040000e+003
      vertex  8.780448e+002  1.984693e+003  2.050000e+003
    endloop
  endfacet
  facet normal -9.569426e-001 -2.902772e-001  -0.000000e+000
    outer loop
      vertex  8.780448e+002  1.984693e+003  2.050000e+003
      vertex  8.757686e+002  1.992196e+003  2.040000e+003
      vertex  8.780448e+002  1.984693e+003  2.040000e+003
    endloop
  endfacet
  facet normal -8.819185e-001 -4.714017e-001  0.000000e+000
    outer loop
      vertex  8.780448e+002  1.984693e+003  2.050000e+003
      vertex  8.780448e+002  1.984693e+003  2.040000e+003
      vertex  8.817412e+002  1.977777e+003  2.050000e+003
    endloop
  endfacet
  facet normal -8.819185e-001 -4.714017e-001  -0.000000e+000
    outer loop
      vertex  8.817412e+002  1.977777e+003  2.050000e+003
      vertex  8.780448e+002  1.984693e+003  2.040000e+003
      vertex  8.817412e+002  1.977777e+003  2.040000e+003
    endloop
  endfacet
  facet normal -7.730152e-001 -6.343874e-001  0.000000e+000
    outer loop
      vertex  8.817412e+002  1.977777e+003  2.050000e+003
      vertex  8.817412e+002  1.977777e+003  2.040000e+003
      vertex  8.867157e+002  1.971716e+003  2.050000e+003
    endloop
  endfacet
  facet normal -7.730152e-001 -6.343874e-001  -0.000000e+000
    outer loop
      vertex  8.867157e+002  1.971716e+003  2.050000e+003
      vertex  8.817412e+002  1.977777e+003  2.040000e+003
      vertex  8.867157e+002  1.971716e+003  2.040000e+003
    endloop
  endfacet
  facet normal -6.343913e-001 -7.730121e-001  0.000000e+000
    outer loop
      vertex  8.867157e+002  1.971716e+003  2.050000e+003
      vertex  8.867157e+002  1.971716e+003  2.040000e+003
      vertex  8.927772e+002  1.966741e+003  2.050000e+003
    endloop
  endfacet
  facet normal -6.343913e-001 -7.730121e-001  -0.000000e+000
    outer loop
      vertex  8.927772e+002  1.966741e+003  2.050000e+003
      vertex  8.867157e+002  1.971716e+003  2.040000e+003
      vertex  8.927772e+002  1.966741e+003  2.040000e+003
    endloop
  endfacet
  facet normal -4.713952e-001 -8.819220e-001  0.000000e+000
    outer loop
      vertex  8.927772e+002  1.966741e+003  2.050000e+003
      vertex  8.927772e+002  1.966741e+003  2.040000e+003
      vertex  8.996927e+002  1.963045e+003  2.050000e+003
    endloop
  endfacet
  facet normal -4.713952e-001 -8.819220e-001  -0.000000e+000
    outer loop
      vertex  8.996927e+002  1.963045e+003  2.050000e+003
      vertex  8.927772e+002  1.966741e+003  2.040000e+003
      vertex  8.996927e+002  1.963045e+003  2.040000e+003
    endloop
  endfacet
  facet normal -2.902865e-001 -9.569398e-001  0.000000e+000
    outer loop
      vertex  8.996927e+002  1.963045e+003  2.050000e+003
      vertex  8.996927e+002  1.963045e+003  2.040000e+003
      vertex  9.071964e+002  1.960769e+003  2.050000e+003
    endloop
  endfacet
  facet normal -2.902865e-001 -9.569398e-001  -0.000000e+000
    outer loop
      vertex  9.071964e+002  1.960769e+003  2.050000e+003
      vertex  8.996927e+002  1.963045e+003  2.040000e+003
      vertex  9.071964e+002  1.960769e+003  2.040000e+003
    endloop
  endfacet
  facet normal -9.801314e-002 -9.951852e-001  0.000000e+000
    outer loop
      vertex  9.071964e+002  1.960769e+003  2.050000e+003
      vertex  9.071964e+002  1.960769e+003  2.040000e+003
      vertex  9.150000e+002  1.960000e+003  2.050000e+003
    endloop
  endfacet
  facet normal -9.801314e-002 -9.951852e-001  -0.000000e+000
    outer loop
      vertex  9.150000e+002  1.960000e+003  2.050000e+003
      vertex  9.071964e+002  1.960769e+003  2.040000e+003
      vertex  9.150000e+002  1.960000e+003  2.040000e+003
    endloop
  endfacet
  facet normal  0.000000e+000  0.000000e+000 -1.000000e+000
    outer loop
      vertex  9.150000e+002  1.960000e+003  1.950000e+003
      vertex  9.071964e+002  1.960769e+003  1.950000e+003
      vertex  9.062872e+002  1.983422e+003  1.950000e+003
    endloop
  endfacet
  facet normal  0.000000e+000  0.000000e+000 -9.999999e-001
    outer loop
      vertex  9.150000e+002  1.960000e+003  1.950000e+003
      vertex  9.062872e+002  1.983422e+003  1.950000e+003
      vertex  9.107984e+002  1.979425e+003  1.950000e+003
    endloop
  endfacet
  facet normal  0.000000e+000  0.000000e+000 -1.000000e+000
    outer loop
      vertex  9.150000e+002  1.960000e+003  1.950000e+003
      vertex  9.107984e+002  1.979425e+003  1.950000e+003
      vertex  9.161349e+002  1.976625e+003  1.950000e+003
    endloop
  endfacet
  facet normal  0.000000e+000  -0.000000e+000 -1.000000e+000
    outer loop
      vertex  9.150000e+002  1.960000e+003  1.950000e+003
      vertex  9.161349e+002  1.976625e+003  1.950000e+003
      vertex  9.750000e+002  1.960000e+003  1.950000e+003
    endloop
  endfacet
  facet normal  -0.000000e+000  0.000000e+000 -1.000000e+000
    outer loop
      vertex  9.000000e+002  2.000000e+003  1.950000e+003
      vertex  9.007264e+002  1.994017e+003  1.950000e+003
      vertex  8.996927e+002  1.963045e+003  1.950000e+003
    endloop
  endfacet
  facet normal  0.000000e+000  0.000000e+000 -1.000000e+000
    outer loop
      vertex  9.000000e+002  2.000000e+003  1.950000e+003
      vertex  8.996927e+002  1.963045e+003  1.950000e+003
      vertex  8.927772e+002  1.966741e+003  1.950000e+003
    endloop
  endfacet
  facet normal  0.000000e+000  0.000000e+000 -1.000000e+000
    outer loop
      vertex  9.000000e+002  2.000000e+003  1.950000e+003
      vertex  8.927772e+002  1.966741e+003  1.950000e+003
      vertex  8.867157e+002  1.971716e+003  1.950000e+003
    endloop
  endfacet
  facet normal  0.000000e+000  0.000000e+000 -1.000000e+000
    outer loop
      vertex  9.000000e+002  2.000000e+003  1.950000e+003
      vertex  8.867157e+002  1.971716e+003  1.950000e+003
      vertex  8.817412e+002  1.977777e+003  1.950000e+003
    endloop
  endfacet
  facet normal  0.000000e+000  0.000000e+000 -1.000000e+000
    outer loop
      vertex  9.000000e+002  2.000000e+003  1.950000e+003
      vertex  8.817412e+002  1.977777e+003  1.950000e+003
      vertex  8.780448e+002  1.984693e+003  1.950000e+003
    endloop
  endfacet
  facet normal  0.000000e+000  0.000000e+000 -9.999999e-001
    outer loop
      vertex  9.000000e+002  2.000000e+003  1.950000e+003
      vertex  8.780448e+002  1.984693e+003  1.950000e+003
      vertex  8.757686e+002  1.992196e+003  1.950000e+003
    endloop
  endfacet
  facet normal  0.000000e+000  0.000000e+000 -1.000000e+000
    outer loop
      vertex  9.000000e+002  2.000000e+003  1.950000e+003
      vertex  8.757686e+002  1.992196e+003  1.950000e+003
      vertex  8.750000e+002  2.000000e+003  1.950000e+003
    endloop
  endfacet
  facet normal  0.000000e+000  0.000000e+000 -1.000000e+000
    outer loop
      vertex  9.000000e+002  2.000000e+003  1.950000e+003
      vertex  8.750000e+002  2.000000e+003  1.950000e+003
      vertex  8.757686e+002  2.007804e+003  1.950000e+003
    endloop
  endfacet
  facet normal  0.000000e+000  0.000000e+000 -9.999999e-001
    outer loop
      vertex  9.000000e+002  2.000000e+003  1.950000e+003
      vertex  8.757686e+002  2.007804e+003  1.950000e+003
      vertex  8.780448e+002  2.015307e+003  1.950000e+003
    endloop
  endfacet
  facet normal  0.000000e+000  0.000000e+000 -1.000000e+000
    outer loop
      vertex  9.000000e+002  2.000000e+003  1.950000e+003
      vertex  8.780448e+002  2.015307e+003  1.950000e+003
      vertex  8.817412e+002  2.022223e+003  1.950000e+003
    endloop
  endfacet
  facet normal  0.000000e+000  0.000000e+000 -1.000000e+000
    outer loop
      vertex  9.000000e+002  2.000000e+003  1.950000e+003
      vertex  8.817412e+002  2.022223e+003  1.950000e+003
      vertex  8.867157e+002  2.028284e+003  1.950000e+003
    endloop
  endfacet
  facet normal  0.000000e+000  0.000000e+000 -1.000000e+000
    outer loop
      vertex  9.000000e+002  2.000000e+003  1.950000e+003
      vertex  8.867157e+002  2.028284e+003  1.950000e+003
      vertex  8.927772e+002  2.033259e+003  1.950000e+003
    endloop
  endfacet
  facet normal  0.000000e+000  0.000000e+000 -1.000000e+000
    outer loop
      vertex  9.000000e+002  2.000000e+003  1.950000e+003
      vertex  8.927772e+002  2.033259e+003  1.950000e+003
      vertex  8.996927e+002  2.036955e+003  1.950000e+003
    endloop
  endfacet
  facet normal  0.000000e+000  0.000000e+000 -1.000000e+000
    outer loop
      vertex  9.000000e+002  2.000000e+003  1.950000e+003
      vertex  8.996927e+002  2.036955e+003  1.950000e+003
      vertex  9.007264e+002  2.005983e+003  1.950000e+003
    endloop
  endfacet
  facet normal  0.000000e+000  0.000000e+000 -1.000000e+000
    outer loop
      vertex  9.750000e+002  2.040000e+003  1.950000e+003
      vertex  9.750000e+002  1.960000e+003  1.950000e+003
      vertex  9.500000e+002  2.000000e+003  1.950000e+003
    endloop
  endfacet
  facet normal  0.000000e+000  0.000000e+000 -1.000000e+000
    outer loop
      vertex  9.750000e+002  2.040000e+003  1.950000e+003
      vertex  9.500000e+002  2.000000e+003  1.950000e+003
      vertex  9.492736e+002  2.005983e+003  1.950000e+003
    endloop
  endfacet
  facet normal  0.000000e+000  0.000000e+000 -1.000000e+000
    outer loop
      vertex  9.750000e+002  2.040000e+003  1.950000e+003
      vertex  9.492736e+002  2.005983e+003  1.950000e+003
      vertex  9.471364e+002  2.011618e+003  1.950000e+003
    endloop
  endfacet
  facet normal  0.000000e+000  0.000000e+000 -9.999999e-001
    outer loop
      vertex  9.750000e+002  2.040000e+003  1.950000e+003
      vertex  9.471364e+002  2.011618e+003  1.950000e+003
      vertex  9.437128e+002  2.016578e+003  1.950000e+003
    endloop
  endfacet
  facet normal  0.000000e+000  0.000000e+000 -1.000000e+000
    outer loop
      vertex  9.750000e+002  2.040000e+003  1.950000e+003
      vertex  9.437128e+002  2.016578e+003  1.950000e+003
      vertex  9.392016e+002  2.020575e+003  1.950000e+003
    endloop
  endfacet
  facet normal  0.000000e+000  0.000000e+000 -1.000000e+000
    outer loop
      vertex  9.750000e+002  2.040000e+003  1.950000e+003
      vertex  9.392016e+002  2.020575e+003  1.950000e+003
      vertex  9.338651e+002  2.023375e+003  1.950000e+003
    endloop
  endfacet
  facet normal  0.000000e+000  0.000000e+000 -1.000000e+000
    outer loop
      vertex  9.750000e+002  2.040000e+003  1.950000e+003
      vertex  9.338651e+002  2.023375e+003  1.950000e+003
      vertex  9.280134e+002  2.024818e+003  1.950000e+003
    endloop
  endfacet
  facet normal  0.000000e+000  0.000000e+000 -1.000000e+000
    outer loop
      vertex  9.750000e+002  2.040000e+003  1.950000e+003
      vertex  9.280134e+002  2.024818e+003  1.950000e+003
      vertex  9.219866e+002  2.024818e+003  1.950000e+003
    endloop
  endfacet
  facet normal  -0.000000e+000  0.000000e+000 -1.000000e+000
    outer loop
      vertex  9.750000e+002  2.040000e+003  1.950000e+003
      vertex  9.219866e+002  2.024818e+003  1.950000e+003
      vertex  9.161349e+002  2.023375e+003  1.950000e+003
    endloop
  endfacet
  facet normal  0.000000e+000  0.000000e+000 -1.000000e+000
    outer loop
      vertex  9.750000e+002  2.040000e+003  1.950000e+003
      vertex  9.161349e+002  2.023375e+003  1.950000e+003
      vertex  9.150000e+002  2.040000e+003  1.950000e+003
    endloop
  endfacet
  facet normal  0.000000e+000  0.000000e+000 -1.000000e+000
    outer loop
      vertex  9.750000e+002  1.960000e+003  1.950000e+003
      vertex  9.161349e+002  1.976625e+003  1.950000e+003
      vertex  9.219866e+002  1.975182e+003  1.950000e+003
    endloop
  endfacet
  facet normal  0.000000e+000  0.000000e+000 -1.000000e+000
    outer loop
      vertex  9.750000e+002  1.960000e+003  1.950000e+003
      vertex  9.219866e+002  1.975182e+003  1.950000e+003
      vertex  9.280134e+002  1.975182e+003  1.950000e+003
    endloop
  endfacet
  facet normal  0.000000e+000  0.000000e+000 -1.000000e+000
    outer loop
      vertex  9.750000e+002  1.960000e+003  1.950000e+003
      vertex  9.280134e+002  1.975182e+003  1.950000e+003
      vertex  9.338651e+002  1.976625e+003  1.950000e+003
    endloop
  endfacet
  facet normal  0.000000e+000  0.000000e+000 -1.000000e+000
    outer loop
      vertex  9.750000e+002  1.960000e+003  1.950000e+003
      vertex  9.338651e+002  1.976625e+003  1.950000e+003
      vertex  9.392016e+002  1.979425e+003  1.950000e+003
    endloop
  endfacet
  facet normal  0.000000e+000  0.000000e+000 -1.000000e+000
    outer loop
      vertex  9.750000e+002  1.960000e+003  1.950000e+003
      vertex  9.392016e+002  1.979425e+003  1.950000e+003
      vertex  9.437128e+002  1.983422e+003  1.950000e+003
    endloop
  endfacet
  facet normal  0.000000e+000  0.000000e+000 -9.999999e-001
    outer loop
      vertex  9.750000e+002  1.960000e+003  1.950000e+003
      vertex  9.437128e+002  1.983422e+003  1.950000e+003
      vertex  9.471364e+002  1.988382e+003  1.950000e+003
    endloop
  endfacet
  facet normal  0.000000e+000  0.000000e+000 -1.000000e+000
    outer loop
      vertex  9.750000e+002  1.960000e+003  1.950000e+003
      vertex  9.471364e+002  1.988382e+003  1.950000e+003
      vertex  9.492736e+002  1.994017e+003  1.950000e+003
    endloop
  endfacet
  facet normal  0.000000e+000  0.000000e+000 -1.000000e+000
    outer loop
      vertex  9.750000e+002  1.960000e+003  1.950000e+003
      vertex  9.492736e+002  1.994017e+003  1.950000e+003
      vertex  9.500000e+002  2.000000e+003  1.950000e+003
    endloop
  endfacet
  facet normal  0.000000e+000  0.000000e+000 -1.000000e+000
    outer loop
      vertex  9.007264e+002  2.005983e+003  1.950000e+003
      vertex  8.996927e+002  2.036955e+003  1.950000e+003
      vertex  9.028636e+002  2.011618e+003  1.950000e+003
    endloop
  endfacet
  facet normal  0.000000e+000  0.000000e+000 -1.000000e+000
    outer loop
      vertex  9.028636e+002  2.011618e+003  1.950000e+003
      vertex  8.996927e+002  2.036955e+003  1.950000e+003
      vertex  9.071964e+002  2.039231e+003  1.950000e+003
    endloop
  endfacet
  facet normal  0.000000e+000  0.000000e+000 -1.000000e+000
    outer loop
      vertex  9.028636e+002  2.011618e+003  1.950000e+003
      vertex  9.071964e+002  2.039231e+003  1.950000e+003
      vertex  9.062872e+002  2.016578e+003  1.950000e+003
    endloop
  endfacet
  facet normal  0.000000e+000  -0.000000e+000 -9.999999e-001
    outer loop
      vertex  9.062872e+002  2.016578e+003  1.950000e+003
      vertex  9.071964e+002  2.039231e+003  1.950000e+003
      vertex  9.107984e+002  2.020575e+003  1.950000e+003
    endloop
  endfacet
  facet normal  0.000000e+000  0.000000e+000 -1.000000e+000
    outer loop
      vertex  9.107984e+002  2.020575e+003  1.950000e+003
      vertex  9.071964e+002  2.039231e+003  1.950000e+003
      vertex  9.150000e+002  2.040000e+003  1.950000e+003
    endloop
  endfacet
  facet normal  0.000000e+000  -0.000000e+000 -1.000000e+000
    outer loop
      vertex  9.107984e+002  2.020575e+003  1.950000e+003
      vertex  9.150000e+002  2.040000e+003  1.950000e+003
      vertex  9.161349e+002  2.023375e+003  1.950000e+003
    endloop
  endfacet
  facet normal  0.000000e+000  -0.000000e+000 -1.000000e+000
    outer loop
      vertex  8.996927e+002  1.963045e+003  1.950000e+003
      vertex  9.007264e+002  1.994017e+003  1.950000e+003
      vertex  9.071964e+002  1.960769e+003  1.950000e+003
    endloop
  endfacet
  facet normal  0.000000e+000  0.000000e+000 -1.000000e+000
    outer loop
      vertex  9.071964e+002  1.960769e+003  1.950000e+003
      vertex  9.007264e+002  1.994017e+003  1.950000e+003
      vertex  9.028636e+002  1.988382e+003  1.950000e+003
    endloop
  endfacet
  facet normal  0.000000e+000  0.000000e+000 -1.000000e+000
    outer loop
      vertex  9.071964e+002  1.960769e+003  1.950000e+003
      vertex  9.028636e+002  1.988382e+003  1.950000e+003
      vertex  9.062872e+002  1.983422e+003  1.950000e+003
    endloop
  endfacet
  facet normal  0.000000e+000  0.000000e+000  1.000000e+000
    outer loop
      vertex  9.150000e+002  1.960000e+003  1.960000e+003
      vertex  9.750000e+002  1.960000e+003  1.960000e+003
      vertex  9.161349e+002  1.976625e+003  1.960000e+003
    endloop
  endfacet
  facet normal  0.000000e+000  0.000000e+000  1.000000e+000
    outer loop
      vertex  9.150000e+002  1.960000e+003  1.960000e+003
      vertex  9.161349e+002  1.976625e+003  1.960000e+003
      vertex  9.107984e+002  1.979425e+003  1.960000e+003
    endloop
  endfacet
  facet normal  0.000000e+000  0.000000e+000  9.999999e-001
    outer loop
      vertex  9.150000e+002  1.960000e+003  1.960000e+003
      vertex  9.107984e+002  1.979425e+003  1.960000e+003
      vertex  9.062872e+002  1.983422e+003  1.960000e+003
    endloop
  endfacet
  facet normal  0.000000e+000  0.000000e+000  1.000000e+000
    outer loop
      vertex  9.150000e+002  1.960000e+003  1.960000e+003
      vertex  9.062872e+002  1.983422e+003  1.960000e+003
      vertex  9.071964e+002  1.960769e+003  1.960000e+003
    endloop
  endfacet
  facet normal  0.000000e+000  0.000000e+000  1.000000e+000
    outer loop
      vertex  9.000000e+002  2.000000e+003  1.960000e+003
      vertex  9.007264e+002  2.005983e+003  1.960000e+003
      vertex  8.996927e+002  2.036955e+003  1.960000e+003
    endloop
  endfacet
  facet normal  0.000000e+000  0.000000e+000  1.000000e+000
    outer loop
      vertex  9.000000e+002  2.000000e+003  1.960000e+003
      vertex  8.996927e+002  2.036955e+003  1.960000e+003
      vertex  8.927772e+002  2.033259e+003  1.960000e+003
    endloop
  endfacet
  facet normal  0.000000e+000  0.000000e+000  1.000000e+000
    outer loop
      vertex  9.000000e+002  2.000000e+003  1.960000e+003
      vertex  8.927772e+002  2.033259e+003  1.960000e+003
      vertex  8.867157e+002  2.028284e+003  1.960000e+003
    endloop
  endfacet
  facet normal  0.000000e+000  0.000000e+000  1.000000e+000
    outer loop
      vertex  9.000000e+002  2.000000e+003  1.960000e+003
      vertex  8.867157e+002  2.028284e+003  1.960000e+003
      vertex  8.817412e+002  2.022223e+003  1.960000e+003
    endloop
  endfacet
  facet normal  0.000000e+000  0.000000e+000  1.000000e+000
    outer loop
      vertex  9.000000e+002  2.000000e+003  1.960000e+003
      vertex  8.817412e+002  2.022223e+003  1.960000e+003
      vertex  8.780448e+002  2.015307e+003  1.960000e+003
    endloop
  endfacet
  facet normal  0.000000e+000  0.000000e+000  9.999999e-001
    outer loop
      vertex  9.000000e+002  2.000000e+003  1.960000e+003
      vertex  8.780448e+002  2.015307e+003  1.960000e+003
      vertex  8.757686e+002  2.007804e+003  1.960000e+003
    endloop
  endfacet
  facet normal  0.000000e+000  0.000000e+000  1.000000e+000
    outer loop
      vertex  9.000000e+002  2.000000e+003  1.960000e+003
      vertex  8.757686e+002  2.007804e+003  1.960000e+003
      vertex  8.750000e+002  2.000000e+003  1.960000e+003
    endloop
  endfacet
  facet normal  -0.000000e+000  0.000000e+000  1.000000e+000
    outer loop
      vertex  9.000000e+002  2.000000e+003  1.960000e+003
      vertex  8.750000e+002  2.000000e+003  1.960000e+003
      vertex  8.757686e+002  1.992196e+003  1.960000e+003
    endloop
  endfacet
  facet normal  -0.000000e+000  0.000000e+000  9.999999e-001
    outer loop
      vertex  9.000000e+002  2.000000e+003  1.960000e+003
      vertex  8.757686e+002  1.992196e+003  1.960000e+003
      vertex  8.780448e+002  1.984693e+003  1.960000e+003
    endloop
  endfacet
  facet normal  -0.000000e+000  0.000000e+000  1.000000e+000
    outer loop
      vertex  9.000000e+002  2.000000e+003  1.960000e+003
      vertex  8.780448e+002  1.984693e+003  1.960000e+003
      vertex  8.817412e+002  1.977777e+003  1.960000e+003
    endloop
  endfacet
  facet normal  -0.000000e+000  0.000000e+000  1.000000e+000
    outer loop
      vertex  9.000000e+002  2.000000e+003  1.960000e+003
      vertex  8.817412e+002  1.977777e+003  1.960000e+003
      vertex  8.867157e+002  1.971716e+003  1.960000e+003
    endloop
  endfacet
  facet normal  -0.000000e+000  0.000000e+000  1.000000e+000
    outer loop
      vertex  9.000000e+002  2.000000e+003  1.960000e+003
      vertex  8.867157e+002  1.971716e+003  1.960000e+003
      vertex  8.927772e+002  1.966741e+003  1.960000e+003
    endloop
  endfacet
  facet normal  -0.000000e+000  0.000000e+000  1.000000e+000
    outer loop
      vertex  9.000000e+002  2.000000e+003  1.960000e+003
      vertex  8.927772e+002  1.966741e+003  1.960000e+003
      vertex  8.996927e+002  1.963045e+003  1.960000e+003
    endloop
  endfacet
  facet normal  0.000000e+000  0.000000e+000  1.000000e+000
    outer loop
      vertex  9.000000e+002  2.000000e+003  1.960000e+003
      vertex  8.996927e+002  1.963045e+003  1.960000e+003
      vertex  9.007264e+002  1.994017e+003  1.960000e+003
    endloop
  endfacet
  facet normal  -0.000000e+000  0.000000e+000  1.000000e+000
    outer loop
      vertex  9.750000e+002  2.040000e+003  1.960000e+003
      vertex  9.150000e+002  2.040000e+003  1.960000e+003
      vertex  9.161349e+002  2.023375e+003  1.960000e+003
    endloop
  endfacet
  facet normal  0.000000e+000  0.000000e+000  1.000000e+000
    outer loop
      vertex  9.750000e+002  2.040000e+003  1.960000e+003
      vertex  9.161349e+002  2.023375e+003  1.960000e+003
      vertex  9.219866e+002  2.024818e+003  1.960000e+003
    endloop
  endfacet
  facet normal  0.000000e+000  0.000000e+000  1.000000e+000
    outer loop
      vertex  9.750000e+002  2.040000e+003  1.960000e+003
      vertex  9.219866e+002  2.024818e+003  1.960000e+003
      vertex  9.280134e+002  2.024818e+003  1.960000e+003
    endloop
  endfacet
  facet normal  -0.000000e+000  0.000000e+000  1.000000e+000
    outer loop
      vertex  9.750000e+002  2.040000e+003  1.960000e+003
      vertex  9.280134e+002  2.024818e+003  1.960000e+003
      vertex  9.338651e+002  2.023375e+003  1.960000e+003
    endloop
  endfacet
  facet normal  -0.000000e+000  0.000000e+000  1.000000e+000
    outer loop
      vertex  9.750000e+002  2.040000e+003  1.960000e+003
      vertex  9.338651e+002  2.023375e+003  1.960000e+003
      vertex  9.392016e+002  2.020575e+003  1.960000e+003
    endloop
  endfacet
  facet normal  -0.000000e+000  0.000000e+000  1.000000e+000
    outer loop
      vertex  9.750000e+002  2.040000e+003  1.960000e+003
      vertex  9.392016e+002  2.020575e+003  1.960000e+003
      vertex  9.437128e+002  2.016578e+003  1.960000e+003
    endloop
  endfacet
  facet normal  -0.000000e+000  0.000000e+000  9.999999e-001
    outer loop
      vertex  9.750000e+002  2.040000e+003  1.960000e+003
      vertex  9.437128e+002  2.016578e+003  1.960000e+003
      vertex  9.471364e+002  2.011618e+003  1.960000e+003
    endloop
  endfacet
  facet normal  -0.000000e+000  0.000000e+000  1.000000e+000
    outer loop
      vertex  9.750000e+002  2.040000e+003  1.960000e+003
      vertex  9.471364e+002  2.011618e+003  1.960000e+003
      vertex  9.492736e+002  2.005983e+003  1.960000e+003
    endloop
  endfacet
  facet normal  -0.000000e+000  0.000000e+000  1.000000e+000
    outer loop
      vertex  9.750000e+002  2.040000e+003  1.960000e+003
      vertex  9.492736e+002  2.005983e+003  1.960000e+003
      vertex  9.500000e+002  2.000000e+003  1.960000e+003
    endloop
  endfacet
  facet normal  -0.000000e+000  0.000000e+000  1.000000e+000
    outer loop
      vertex  9.750000e+002  2.040000e+003  1.960000e+003
      vertex  9.500000e+002  2.000000e+003  1.960000e+003
      vertex  9.750000e+002  1.960000e+003  1.960000e+003
    endloop
  endfacet
  facet normal  0.000000e+000  0.000000e+000  1.000000e+000
    outer loop
      vertex  9.750000e+002  1.960000e+003  1.960000e+003
      vertex  9.500000e+002  2.000000e+003  1.960000e+003
      vertex  9.492736e+002  1.994017e+003  1.960000e+003
    endloop
  endfacet
  facet normal  0.000000e+000  0.000000e+000  1.000000e+000
    outer loop
      vertex  9.750000e+002  1.960000e+003  1.960000e+003
      vertex  9.492736e+002  1.994017e+003  1.960000e+003
      vertex  9.471364e+002  1.988382e+003  1.960000e+003
    endloop
  endfacet
  facet normal  0.000000e+000  0.000000e+000  9.999999e-001
    outer loop
      vertex  9.750000e+002  1.960000e+003  1.960000e+003
      vertex  9.471364e+002  1.988382e+003  1.960000e+003
      vertex  9.437128e+002  1.983422e+003  1.960000e+003
    endloop
  endfacet
  facet normal  0.000000e+000  0.000000e+000  1.000000e+000
    outer loop
      vertex  9.750000e+002  1.960000e+003  1.960000e+003
      vertex  9.437128e+002  1.983422e+003  1.960000e+003
      vertex  9.392016e+002  1.979425e+003  1.960000e+003
    endloop
  endfacet
  facet normal  0.000000e+000  0.000000e+000  1.000000e+000
    outer loop
      vertex  9.750000e+002  1.960000e+003  1.960000e+003
      vertex  9.392016e+002  1.979425e+003  1.960000e+003
      vertex  9.338651e+002  1.976625e+003  1.960000e+003
    endloop
  endfacet
  facet normal  0.000000e+000  0.000000e+000  1.000000e+000
    outer loop
      vertex  9.750000e+002  1.960000e+003  1.960000e+003
      vertex  9.338651e+002  1.976625e+003  1.960000e+003
      vertex  9.280134e+002  1.975182e+003  1.960000e+003
    endloop
  endfacet
  facet normal  0.000000e+000  0.000000e+000  1.000000e+000
    outer loop
      vertex  9.750000e+002  1.960000e+003  1.960000e+003
      vertex  9.280134e+002  1.975182e+003  1.960000e+003
      vertex  9.219866e+002  1.975182e+003  1.960000e+003
    endloop
  endfacet
  facet normal  0.000000e+000  0.000000e+000  1.000000e+000
    outer loop
      vertex  9.750000e+002  1.960000e+003  1.960000e+003
      vertex  9.219866e+002  1.975182e+003  1.960000e+003
      vertex  9.161349e+002  1.976625e+003  1.960000e+003
    endloop
  endfacet
  facet normal  0.000000e+000  0.000000e+000  1.000000e+000
    outer loop
      vertex  9.062872e+002  2.016578e+003  1.960000e+003
      vertex  9.071964e+002  2.039231e+003  1.960000e+003
      vertex  9.028636e+002  2.011618e+003  1.960000e+003
    endloop
  endfacet
  facet normal  0.000000e+000  -0.000000e+000  1.000000e+000
    outer loop
      vertex  9.028636e+002  2.011618e+003  1.960000e+003
      vertex  9.071964e+002  2.039231e+003  1.960000e+003
      vertex  8.996927e+002  2.036955e+003  1.960000e+003
    endloop
  endfacet
  facet normal  0.000000e+000  0.000000e+000  1.000000e+000
    outer loop
      vertex  9.028636e+002  2.011618e+003  1.960000e+003
      vertex  8.996927e+002  2.036955e+003  1.960000e+003
      vertex  9.007264e+002  2.005983e+003  1.960000e+003
    endloop
  endfacet
  facet normal  0.000000e+000  0.000000e+000  1.000000e+000
    outer loop
      vertex  9.161349e+002  2.023375e+003  1.960000e+003
      vertex  9.150000e+002  2.040000e+003  1.960000e+003
      vertex  9.107984e+002  2.020575e+003  1.960000e+003
    endloop
  endfacet
  facet normal  0.000000e+000  -0.000000e+000  1.000000e+000
    outer loop
      vertex  9.107984e+002  2.020575e+003  1.960000e+003
      vertex  9.150000e+002  2.040000e+003  1.960000e+003
      vertex  9.071964e+002  2.039231e+003  1.960000e+003
    endloop
  endfacet
  facet normal  0.000000e+000  0.000000e+000  9.999999e-001
    outer loop
      vertex  9.107984e+002  2.020575e+003  1.960000e+003
      vertex  9.071964e+002  2.039231e+003  1.960000e+003
      vertex  9.062872e+002  2.016578e+003  1.960000e+003
    endloop
  endfacet
  facet normal  0.000000e+000  0.000000e+000  1.000000e+000
    outer loop
      vertex  9.062872e+002  1.983422e+003  1.960000e+003
      vertex  9.028636e+002  1.988382e+003  1.960000e+003
      vertex  9.071964e+002  1.960769e+003  1.960000e+003
    endloop
  endfacet
  facet normal  0.000000e+000  0.000000e+000  1.000000e+000
    outer loop
      vertex  9.071964e+002  1.960769e+003  1.960000e+003
      vertex  9.028636e+002  1.988382e+003  1.960000e+003
      vertex  9.007264e+002  1.994017e+003  1.960000e+003
    endloop
  endfacet
  facet normal  0.000000e+000  0.000000e+000  1.000000e+000
    outer loop
      vertex  9.071964e+002  1.960769e+003  1.960000e+003
      vertex  9.007264e+002  1.994017e+003  1.960000e+003
      vertex  8.996927e+002  1.963045e+003  1.960000e+003
    endloop
  endfacet
  facet normal  0.000000e+000 -1.000000e+000  0.000000e+000
    outer loop
      vertex  9.750000e+002  1.960000e+003  1.960000e+003
      vertex  9.150000e+002  1.960000e+003  1.960000e+003
      vertex  9.750000e+002  1.960000e+003  1.950000e+003
    endloop
  endfacet
  facet normal  0.000000e+000 -1.000000e+000  0.000000e+000
    outer loop
      vertex  9.750000e+002  1.960000e+003  1.950000e+003
      vertex  9.150000e+002  1.960000e+003  1.960000e+003
      vertex  9.150000e+002  1.960000e+003  1.950000e+003
    endloop
  endfacet
  facet normal -9.951844e-001 -9.802084e-002  0.000000e+000
    outer loop
      vertex  8.750000e+002  2.000000e+003  1.960000e+003
      vertex  8.750000e+002  2.000000e+003  1.950000e+003
      vertex  8.757686e+002  1.992196e+003  1.960000e+003
    endloop
  endfacet
  facet normal -9.951844e-001 -9.802084e-002  -0.000000e+000
    outer loop
      vertex  8.757686e+002  1.992196e+003  1.960000e+003
      vertex  8.750000e+002  2.000000e+003  1.950000e+003
      vertex  8.757686e+002  1.992196e+003  1.950000e+003
    endloop
  endfacet
  facet normal -9.569426e-001 -2.902772e-001  0.000000e+000
    outer loop
      vertex  8.757686e+002  1.992196e+003  1.960000e+003
      vertex  8.757686e+002  1.992196e+003  1.950000e+003
      vertex  8.780448e+002  1.984693e+003  1.960000e+003
    endloop
  endfacet
  facet normal -9.569426e-001 -2.902772e-001  -0.000000e+000
    outer loop
      vertex  8.780448e+002  1.984693e+003  1.960000e+003
      vertex  8.757686e+002  1.992196e+003  1.950000e+003
      vertex  8.780448e+002  1.984693e+003  1.950000e+003
    endloop
  endfacet
  facet normal -8.819185e-001 -4.714017e-001  0.000000e+000
    outer loop
      vertex  8.780448e+002  1.984693e+003  1.960000e+003
      vertex  8.780448e+002  1.984693e+003  1.950000e+003
      vertex  8.817412e+002  1.977777e+003  1.960000e+003
    endloop
  endfacet
  facet normal -8.819185e-001 -4.714017e-001  -0.000000e+000
    outer loop
      vertex  8.817412e+002  1.977777e+003  1.960000e+003
      vertex  8.780448e+002  1.984693e+003  1.950000e+003
      vertex  8.817412e+002  1.977777e+003  1.950000e+003
    endloop
  endfacet
  facet normal -7.730152e-001 -6.343874e-001  0.000000e+000
    outer loop
      vertex  8.817412e+002  1.977777e+003  1.960000e+003
      vertex  8.817412e+002  1.977777e+003  1.950000e+003
      vertex  8.867157e+002  1.971716e+003  1.960000e+003
    endloop
  endfacet
  facet normal -7.730152e-001 -6.343874e-001  -0.000000e+000
    outer loop
      vertex  8.867157e+002  1.971716e+003  1.960000e+003
      vertex  8.817412e+002  1.977777e+003  1.950000e+003
      vertex  8.867157e+002  1.971716e+003  1.950000e+003
    endloop
  endfacet
  facet normal -6.343913e-001 -7.730121e-001  0.000000e+000
    outer loop
      vertex  8.867157e+002  1.971716e+003  1.960000e+003
      vertex  8.867157e+002  1.971716e+003  1.950000e+003
      vertex  8.927772e+002  1.966741e+003  1.960000e+003
    endloop
  endfacet
  facet normal -6.343913e-001 -7.730121e-001  -0.000000e+000
    outer loop
      vertex  8.927772e+002  1.966741e+003  1.960000e+003
      vertex  8.867157e+002  1.971716e+003  1.950000e+003
      vertex  8.927772e+002  1.966741e+003  1.950000e+003
    endloop
  endfacet
  facet normal -4.713952e-001 -8.819220e-001  0.000000e+000
    outer loop
      vertex  8.927772e+002  1.966741e+003  1.960000e+003
      vertex  8.927772e+002  1.966741e+003  1.950000e+003
      vertex  8.996927e+002  1.963045e+003  1.960000e+003
    endloop
  endfacet
  facet normal -4.713952e-001 -8.819220e-001  -0.000000e+000
    outer loop
      vertex  8.996927e+002  1.963045e+003  1.960000e+003
      vertex  8.927772e+002  1.966741e+003  1.950000e+003
      vertex  8.996927e+002  1.963045e+003  1.950000e+003
    endloop
  endfacet
  facet normal -2.902865e-001 -9.569398e-001  0.000000e+000
    outer loop
      vertex  8.996927e+002  1.963045e+003  1.960000e+003
      vertex  8.996927e+002  1.963045e+003  1.950000e+003
      vertex  9.071964e+002  1.960769e+003  1.960000e+003
    endloop
  endfacet
  facet normal -2.902865e-001 -9.569398e-001  -0.000000e+000
    outer loop
      vertex  9.071964e+002  1.960769e+003  1.960000e+003
      vertex  8.996927e+002  1.963045e+003  1.950000e+003
      vertex  9.071964e+002  1.960769e+003  1.950000e+003
    endloop
  endfacet
  facet normal -9.801314e-002 -9.951852e-001  0.000000e+000
    outer loop
      vertex  9.071964e+002  1.960769e+003  1.960000e+003
      vertex  9.071964e+002  1.960769e+003  1.950000e+003
      vertex  9.150000e+002  1.960000e+003  1.960000e+003
    endloop
  endfacet
  facet normal -9.801314e-002 -9.951852e-001  -0.000000e+000
    outer loop
      vertex  9.150000e+002  1.960000e+003  1.960000e+003
      vertex  9.071964e+002  1.960769e+003  1.950000e+003
      vertex  9.150000e+002  1.960000e+003  1.950000e+003
    endloop
  endfacet
  facet normal  0.000000e+000  1.000000e+000  0.000000e+000
    outer loop
      vertex  9.750000e+002  2.040000e+003  1.950000e+003
      vertex  9.150000e+002  2.040000e+003  1.950000e+003
      vertex  9.750000e+002  2.040000e+003  1.960000e+003
    endloop
  endfacet
  facet normal  0.000000e+000  1.000000e+000  0.000000e+000
    outer loop
      vertex  9.750000e+002  2.040000e+003  1.960000e+003
      vertex  9.150000e+002  2.040000e+003  1.950000e+003
      vertex  9.150000e+002  2.040000e+003  1.960000e+003
    endloop
  endfacet
  facet normal -9.951844e-001  9.802084e-002  0.000000e+000
    outer loop
      vertex  8.750000e+002  2.000000e+003  1.950000e+003
      vertex  8.750000e+002  2.000000e+003  1.960000e+003
      vertex  8.757686e+002  2.007804e+003  1.950000e+003
    endloop
  endfacet
  facet normal -9.951844e-001  9.802084e-002  0.000000e+000
    outer loop
      vertex  8.757686e+002  2.007804e+003  1.950000e+003
      vertex  8.750000e+002  2.000000e+003  1.960000e+003
      vertex  8.757686e+002  2.007804e+003  1.960000e+003
    endloop
  endfacet
  facet normal -9.569426e-001  2.902772e-001  0.000000e+000
    outer loop
      vertex  8.757686e+002  2.007804e+003  1.950000e+003
      vertex  8.757686e+002  2.007804e+003  1.960000e+003
      vertex  8.780448e+002  2.015307e+003  1.950000e+003
    endloop
  endfacet
  facet normal -9.569426e-001  2.902772e-001  0.000000e+000
    outer loop
      vertex  8.780448e+002  2.015307e+003  1.950000e+003
      vertex  8.757686e+002  2.007804e+003  1.960000e+003
      vertex  8.780448e+002  2.015307e+003  1.960000e+003
    endloop
  endfacet
  facet normal -8.819185e-001  4.714017e-001  0.000000e+000
    outer loop
      vertex  8.780448e+002  2.015307e+003  1.950000e+003
      vertex  8.780448e+002  2.015307e+003  1.960000e+003
      vertex  8.817412e+002  2.022223e+003  1.950000e+003
    endloop
  endfacet
  facet normal -8.819185e-001  4.714017e-001  0.000000e+000
    outer loop
      vertex  8.817412e+002  2.022223e+003  1.950000e+003
      vertex  8.780448e+002  2.015307e+003  1.960000e+003
      vertex  8.817412e+002  2.022223e+003  1.960000e+003
    endloop
  endfacet
  facet normal -7.730152e-001  6.343874e-001  0.000000e+000
    outer loop
      vertex  8.817412e+002  2.022223e+003  1.950000e+003
      vertex  8.817412e+002  2.022223e+003  1.960000e+003
      vertex  8.867157e+002  2.028284e+003  1.950000e+003
    endloop
  endfacet
  facet normal -7.730152e-001  6.343874e-001  0.000000e+000
    outer loop
      vertex  8.867157e+002  2.028284e+003  1.950000e+003
      vertex  8.817412e+002  2.022223e+003  1.960000e+003
      vertex  8.867157e+002  2.028284e+003  1.960000e+003
    endloop
  endfacet
  facet normal -6.343913e-001  7.730121e-001  0.000000e+000
    outer loop
      vertex  8.867157e+002  2.028284e+003  1.950000e+003
      vertex  8.867157e+002  2.028284e+003  1.960000e+003
      vertex  8.927772e+002  2.033259e+003  1.950000e+003
    endloop
  endfacet
  facet normal -6.343913e-001  7.730121e-001  0.000000e+000
    outer loop
      vertex  8.927772e+002  2.033259e+003  1.950000e+003
      vertex  8.867157e+002  2.028284e+003  1.960000e+003
      vertex  8.927772e+002  2.033259e+003  1.960000e+003
    endloop
  endfacet
  facet normal -4.713952e-001  8.819220e-001  0.000000e+000
    outer loop
      vertex  8.927772e+002  2.033259e+003  1.950000e+003
      vertex  8.927772e+002  2.033259e+003  1.960000e+003
      vertex  8.996927e+002  2.036955e+003  1.950000e+003
    endloop
  endfacet
  facet normal -4.713952e-001  8.819220e-001  0.000000e+000
    outer loop
      vertex  8.996927e+002  2.036955e+003  1.950000e+003
      vertex  8.927772e+002  2.033259e+003  1.960000e+003
      vertex  8.996927e+002  2.036955e+003  1.960000e+003
    endloop
  endfacet
  facet normal -2.902865e-001  9.569398e-001  0.000000e+000
    outer loop
      vertex  8.996927e+002  2.036955e+003  1.950000e+003
      vertex  8.996927e+002  2.036955e+003  1.960000e+003
      vertex  9.071964e+002  2.039231e+003  1.950000e+003
    endloop
  endfacet
  facet normal -2.902865e-001  9.569398e-001  0.000000e+000
    outer loop
      vertex  9.071964e+002  2.039231e+003  1.950000e+003
      vertex  8.996927e+002  2.036955e+003  1.960000e+003
      vertex  9.071964e+002  2.039231e+003  1.960000e+003
    endloop
  endfacet
  facet normal -9.801314e-002  9.951852e-001  0.000000e+000
    outer loop
      vertex  9.071964e+002  2.039231e+003  1.950000e+003
      vertex  9.071964e+002  2.039231e+003  1.960000e+003
      vertex  9.150000e+002  2.040000e+003  1.950000e+003
    endloop
  endfacet
  facet normal -9.801314e-002  9.951852e-001  0.000000e+000
    outer loop
      vertex  9.150000e+002  2.040000e+003  1.950000e+003
      vertex  9.071964e+002  2.039231e+003  1.960000e+003
      vertex  9.150000e+002  2.040000e+003  1.960000e+003
    endloop
  endfacet
  facet normal  2.393270e-001 -9.709390e-001  0.000000e+000
    outer loop
      vertex  9.219866e+002  2.024818e+003  1.950000e+003
      vertex  9.161349e+002  2.023375e+003  1.960000e+003
      vertex  9.161349e+002  2.023375e+003  1.950000e+003
    endloop
  endfacet
  facet normal  4.647202e-001 -8.854576e-001  0.000000e+000
    outer loop
      vertex  9.161349e+002  2.023375e+003  1.950000e+003
      vertex  9.161349e+002  2.023375e+003  1.960000e+003
      vertex  9.107984e+002  2.020575e+003  1.960000e+003
    endloop
  endfacet
  facet normal  4.647202e-001 -8.854576e-001  0.000000e+000
    outer loop
      vertex  9.161349e+002  2.023375e+003  1.950000e+003
      vertex  9.107984e+002  2.020575e+003  1.960000e+003
      vertex  9.107984e+002  2.020575e+003  1.950000e+003
    endloop
  endfacet
  facet normal  6.631145e-001 -7.485179e-001  0.000000e+000
    outer loop
      vertex  9.107984e+002  2.020575e+003  1.950000e+003
      vertex  9.107984e+002  2.020575e+003  1.960000e+003
      vertex  9.062872e+002  2.016578e+003  1.960000e+003
    endloop
  endfacet
  facet normal  6.631145e-001 -7.485179e-001  0.000000e+000
    outer loop
      vertex  9.107984e+002  2.020575e+003  1.950000e+003
      vertex  9.062872e+002  2.016578e+003  1.960000e+003
      vertex  9.062872e+002  2.016578e+003  1.950000e+003
    endloop
  endfacet
  facet normal  8.229880e-001 -5.680588e-001  0.000000e+000
    outer loop
      vertex  9.062872e+002  2.016578e+003  1.950000e+003
      vertex  9.062872e+002  2.016578e+003  1.960000e+003
      vertex  9.028636e+002  2.011618e+003  1.960000e+003
    endloop
  endfacet
  facet normal  8.229880e-001 -5.680588e-001  0.000000e+000
    outer loop
      vertex  9.062872e+002  2.016578e+003  1.950000e+003
      vertex  9.028636e+002  2.011618e+003  1.960000e+003
      vertex  9.028636e+002  2.011618e+003  1.950000e+003
    endloop
  endfacet
  facet normal  9.350150e-001 -3.546081e-001  0.000000e+000
    outer loop
      vertex  9.028636e+002  2.011618e+003  1.950000e+003
      vertex  9.028636e+002  2.011618e+003  1.960000e+003
      vertex  9.007264e+002  2.005983e+003  1.960000e+003
    endloop
  endfacet
  facet normal  9.350150e-001 -3.546081e-001  0.000000e+000
    outer loop
      vertex  9.028636e+002  2.011618e+003  1.950000e+003
      vertex  9.007264e+002  2.005983e+003  1.960000e+003
      vertex  9.007264e+002  2.005983e+003  1.950000e+003
    endloop
  endfacet
  facet normal  9.927092e-001 -1.205340e-001  0.000000e+000
    outer loop
      vertex  9.007264e+002  2.005983e+003  1.950000e+003
      vertex  9.007264e+002  2.005983e+003  1.960000e+003
      vertex  9.000000e+002  2.000000e+003  1.960000e+003
    endloop
  endfacet
  facet normal  9.927092e-001 -1.205340e-001  0.000000e+000
    outer loop
      vertex  9.007264e+002  2.005983e+003  1.950000e+003
      vertex  9.000000e+002  2.000000e+003  1.960000e+003
      vertex  9.000000e+002  2.000000e+003  1.950000e+003
    endloop
  endfacet
  facet normal  2.393270e-001 -9.709390e-001  0.000000e+000
    outer loop
      vertex  9.161349e+002  2.023375e+003  1.960000e+003
      vertex  9.219866e+002  2.024818e+003  1.950000e+003
      vertex  9.219866e+002  2.024818e+003  1.960000e+003
    endloop
  endfacet
  facet normal  0.000000e+000 -1.000000e+000  0.000000e+000
    outer loop
      vertex  9.219866e+002  2.024818e+003  1.960000e+003
      vertex  9.219866e+002  2.024818e+003  1.950000e+003
      vertex  9.280134e+002  2.024818e+003  1.950000e+003
    endloop
  endfacet
  facet normal  0.000000e+000 -1.000000e+000  0.000000e+000
    outer loop
      vertex  9.219866e+002  2.024818e+003  1.960000e+003
      vertex  9.280134e+002  2.024818e+003  1.950000e+003
      vertex  9.280134e+002  2.024818e+003  1.960000e+003
    endloop
  endfacet
  facet normal -2.393270e-001 -9.709390e-001  -0.000000e+000
    outer loop
      vertex  9.280134e+002  2.024818e+003  1.960000e+003
      vertex  9.280134e+002  2.024818e+003  1.950000e+003
      vertex  9.338651e+002  2.023375e+003  1.950000e+003
    endloop
  endfacet
  facet normal -2.393270e-001 -9.709390e-001  0.000000e+000
    outer loop
      vertex  9.280134e+002  2.024818e+003  1.960000e+003
      vertex  9.338651e+002  2.023375e+003  1.950000e+003
      vertex  9.338651e+002  2.023375e+003  1.960000e+003
    endloop
  endfacet
  facet normal -4.647202e-001 -8.854576e-001  -0.000000e+000
    outer loop
      vertex  9.338651e+002  2.023375e+003  1.960000e+003
      vertex  9.338651e+002  2.023375e+003  1.950000e+003
      vertex  9.392016e+002  2.020575e+003  1.950000e+003
    endloop
  endfacet
  facet normal -4.647202e-001 -8.854576e-001  0.000000e+000
    outer loop
      vertex  9.338651e+002  2.023375e+003  1.960000e+003
      vertex  9.392016e+002  2.020575e+003  1.950000e+003
      vertex  9.392016e+002  2.020575e+003  1.960000e+003
    endloop
  endfacet
  facet normal -6.631145e-001 -7.485179e-001  -0.000000e+000
    outer loop
      vertex  9.392016e+002  2.020575e+003  1.960000e+003
      vertex  9.392016e+002  2.020575e+003  1.950000e+003
      vertex  9.437128e+002  2.016578e+003  1.950000e+003
    endloop
  endfacet
  facet normal -6.631145e-001 -7.485179e-001  0.000000e+000
    outer loop
      vertex  9.392016e+002  2.020575e+003  1.960000e+003
      vertex  9.437128e+002  2.016578e+003  1.950000e+003
      vertex  9.437128e+002  2.016578e+003  1.960000e+003
    endloop
  endfacet
  facet normal -8.229880e-001 -5.680588e-001  -0.000000e+000
    outer loop
      vertex  9.437128e+002  2.016578e+003  1.960000e+003
      vertex  9.437128e+002  2.016578e+003  1.950000e+003
      vertex  9.471364e+002  2.011618e+003  1.950000e+003
    endloop
  endfacet
  facet normal -8.229880e-001 -5.680588e-001  0.000000e+000
    outer loop
      vertex  9.437128e+002  2.016578e+003  1.960000e+003
      vertex  9.471364e+002  2.011618e+003  1.950000e+003
      vertex  9.471364e+002  2.011618e+003  1.960000e+003
    endloop
  endfacet
  facet normal -9.350150e-001 -3.546081e-001  -0.000000e+000
    outer loop
      vertex  9.471364e+002  2.011618e+003  1.960000e+003
      vertex  9.471364e+002  2.011618e+003  1.950000e+003
      vertex  9.492736e+002  2.005983e+003  1.950000e+003
    endloop
  endfacet
  facet normal -9.350150e-001 -3.546081e-001  0.000000e+000
    outer loop
      vertex  9.471364e+002  2.011618e+003  1.960000e+003
      vertex  9.492736e+002  2.005983e+003  1.950000e+003
      vertex  9.492736e+002  2.005983e+003  1.960000e+003
    endloop
  endfacet
  facet normal -9.927092e-001 -1.205340e-001  -0.000000e+000
    outer loop
      vertex  9.492736e+002  2.005983e+003  1.960000e+003
      vertex  9.492736e+002  2.005983e+003  1.950000e+003
      vertex  9.500000e+002  2.000000e+003  1.950000e+003
    endloop
  endfacet
  facet normal -9.927092e-001 -1.205340e-001  0.000000e+000
    outer loop
      vertex  9.492736e+002  2.005983e+003  1.960000e+003
      vertex  9.500000e+002  2.000000e+003  1.950000e+003
      vertex  9.500000e+002  2.000000e+003  1.960000e+003
    endloop
  endfacet
  facet normal  2.393270e-001 -9.709390e-001  0.000000e+000
    outer loop
      vertex  9.219866e+002  2.024818e+003  2.040000e+003
      vertex  9.161349e+002  2.023375e+003  2.050000e+003
      vertex  9.161349e+002  2.023375e+003  2.040000e+003
    endloop
  endfacet
  facet normal  4.647202e-001 -8.854576e-001  0.000000e+000
    outer loop
      vertex  9.161349e+002  2.023375e+003  2.040000e+003
      vertex  9.161349e+002  2.023375e+003  2.050000e+003
      vertex  9.107984e+002  2.020575e+003  2.050000e+003
    endloop
  endfacet
  facet normal  4.647202e-001 -8.854576e-001  0.000000e+000
    outer loop
      vertex  9.161349e+002  2.023375e+003  2.040000e+003
      vertex  9.107984e+002  2.020575e+003  2.050000e+003
      vertex  9.107984e+002  2.020575e+003  2.040000e+003
    endloop
  endfacet
  facet normal  6.631145e-001 -7.485179e-001  0.000000e+000
    outer loop
      vertex  9.107984e+002  2.020575e+003  2.040000e+003
      vertex  9.107984e+002  2.020575e+003  2.050000e+003
      vertex  9.062872e+002  2.016578e+003  2.050000e+003
    endloop
  endfacet
  facet normal  6.631145e-001 -7.485179e-001  0.000000e+000
    outer loop
      vertex  9.107984e+002  2.020575e+003  2.040000e+003
      vertex  9.062872e+002  2.016578e+003  2.050000e+003
      vertex  9.062872e+002  2.016578e+003  2.040000e+003
    endloop
  endfacet
  facet normal  8.229880e-001 -5.680588e-001  0.000000e+000
    outer loop
      vertex  9.062872e+002  2.016578e+003  2.040000e+003
      vertex  9.062872e+002  2.016578e+003  2.050000e+003
      vertex  9.028636e+002  2.011618e+003  2.050000e+003
    endloop
  endfacet
  facet normal  8.229880e-001 -5.680588e-001  0.000000e+000
    outer loop
      vertex  9.062872e+002  2.016578e+003  2.040000e+003
      vertex  9.028636e+002  2.011618e+003  2.050000e+003
      vertex  9.028636e+002  2.011618e+003  2.040000e+003
    endloop
  endfacet
  facet normal  9.350150e-001 -3.546081e-001  0.000000e+000
    outer loop
      vertex  9.028636e+002  2.011618e+003  2.040000e+003
      vertex  9.028636e+002  2.011618e+003  2.050000e+003
      vertex  9.007264e+002  2.005983e+003  2.050000e+003
    endloop
  endfacet
  facet normal  9.350150e-001 -3.546081e-001  0.000000e+000
    outer loop
      vertex  9.028636e+002  2.011618e+003  2.040000e+003
      vertex  9.007264e+002  2.005983e+003  2.050000e+003
      vertex  9.007264e+002  2.005983e+003  2.040000e+003
    endloop
  endfacet
  facet normal  9.927092e-001 -1.205340e-001  0.000000e+000
    outer loop
      vertex  9.007264e+002  2.005983e+003  2.040000e+003
      vertex  9.007264e+002  2.005983e+003  2.050000e+003
      vertex  9.000000e+002  2.000000e+003  2.050000e+003
    endloop
  endfacet
  facet normal  9.927092e-001 -1.205340e-001  0.000000e+000
    outer loop
      vertex  9.007264e+002  2.005983e+003  2.040000e+003
      vertex  9.000000e+002  2.000000e+003  2.050000e+003
      vertex  9.000000e+002  2.000000e+003  2.040000e+003
    endloop
  endfacet
  facet normal  2.393270e-001 -9.709390e-001  0.000000e+000
    outer loop
      vertex  9.161349e+002  2.023375e+003  2.050000e+003
      vertex  9.219866e+002  2.024818e+003  2.040000e+003
      vertex  9.219866e+002  2.024818e+003  2.050000e+003
    endloop
  endfacet
  facet normal  0.000000e+000 -1.000000e+000  0.000000e+000
    outer loop
      vertex  9.219866e+002  2.024818e+003  2.050000e+003
      vertex  9.219866e+002  2.024818e+003  2.040000e+003
      vertex  9.280134e+002  2.024818e+003  2.040000e+003
    endloop
  endfacet
  facet normal  0.000000e+000 -1.000000e+000  0.000000e+000
    outer loop
      vertex  9.219866e+002  2.024818e+003  2.050000e+003
      vertex  9.280134e+002  2.024818e+003  2.040000e+003
      vertex  9.280134e+002  2.024818e+003  2.050000e+003
    endloop
  endfacet
  facet normal -2.393270e-001 -9.709390e-001  -0.000000e+000
    outer loop
      vertex  9.280134e+002  2.024818e+003  2.050000e+003
      vertex  9.280134e+002  2.024818e+003  2.040000e+003
      vertex  9.338651e+002  2.023375e+003  2.040000e+003
    endloop
  endfacet
  facet normal -2.393270e-001 -9.709390e-001  0.000000e+000
    outer loop
      vertex  9.280134e+002  2.024818e+003  2.050000e+003
      vertex  9.338651e+002  2.023375e+003  2.040000e+003
      vertex  9.338651e+002  2.023375e+003  2.050000e+003
    endloop
  endfacet
  facet normal -4.647202e-001 -8.854576e-001  -0.000000e+000
    outer loop
      vertex  9.338651e+002  2.023375e+003  2.050000e+003
      vertex  9.338651e+002  2.023375e+003  2.040000e+003
      vertex  9.392016e+002  2.020575e+003  2.040000e+003
    endloop
  endfacet
  facet normal -4.647202e-001 -8.854576e-001  0.000000e+000
    outer loop
      vertex  9.338651e+002  2.023375e+003  2.050000e+003
      vertex  9.392016e+002  2.020575e+003  2.040000e+003
      vertex  9.392016e+002  2.020575e+003  2.050000e+003
    endloop
  endfacet
  facet normal -6.631145e-001 -7.485179e-001  -0.000000e+000
    outer loop
      vertex  9.392016e+002  2.020575e+003  2.050000e+003
      vertex  9.392016e+002  2.020575e+003  2.040000e+003
      vertex  9.437128e+002  2.016578e+003  2.040000e+003
    endloop
  endfacet
  facet normal -6.631145e-001 -7.485179e-001  0.000000e+000
    outer loop
      vertex  9.392016e+002  2.020575e+003  2.050000e+003
      vertex  9.437128e+002  2.016578e+003  2.040000e+003
      vertex  9.437128e+002  2.016578e+003  2.050000e+003
    endloop
  endfacet
  facet normal -8.229880e-001 -5.680588e-001  -0.000000e+000
    outer loop
      vertex  9.437128e+002  2.016578e+003  2.050000e+003
      vertex  9.437128e+002  2.016578e+003  2.040000e+003
      vertex  9.471364e+002  2.011618e+003  2.040000e+003
    endloop
  endfacet
  facet normal -8.229880e-001 -5.680588e-001  0.000000e+000
    outer loop
      vertex  9.437128e+002  2.016578e+003  2.050000e+003
      vertex  9.471364e+002  2.011618e+003  2.040000e+003
      vertex  9.471364e+002  2.011618e+003  2.050000e+003
    endloop
  endfacet
  facet normal -9.350150e-001 -3.546081e-001  -0.000000e+000
    outer loop
      vertex  9.471364e+002  2.011618e+003  2.050000e+003
      vertex  9.471364e+002  2.011618e+003  2.040000e+003
      vertex  9.492736e+002  2.005983e+003  2.040000e+003
    endloop
  endfacet
  facet normal -9.350150e-001 -3.546081e-001  0.000000e+000
    outer loop
      vertex  9.471364e+002  2.011618e+003  2.050000e+003
      vertex  9.492736e+002  2.005983e+003  2.040000e+003
      vertex  9.492736e+002  2.005983e+003  2.050000e+003
    endloop
  endfacet
  facet normal -9.927092e-001 -1.205340e-001  -0.000000e+000
    outer loop
      vertex  9.492736e+002  2.005983e+003  2.050000e+003
      vertex  9.492736e+002  2.005983e+003  2.040000e+003
      vertex  9.500000e+002  2.000000e+003  2.040000e+003
    endloop
  endfacet
  facet normal -9.927092e-001 -1.205340e-001  0.000000e+000
    outer loop
      vertex  9.492736e+002  2.005983e+003  2.050000e+003
      vertex  9.500000e+002  2.000000e+003  2.040000e+003
      vertex  9.500000e+002  2.000000e+003  2.050000e+003
    endloop
  endfacet
  facet normal -2.393270e-001  9.709390e-001  0.000000e+000
    outer loop
      vertex  9.280134e+002  1.975182e+003  1.950000e+003
      vertex  9.338651e+002  1.976625e+003  1.960000e+003
      vertex  9.338651e+002  1.976625e+003  1.950000e+003
    endloop
  endfacet
  facet normal -4.647202e-001  8.854576e-001  0.000000e+000
    outer loop
      vertex  9.338651e+002  1.976625e+003  1.950000e+003
      vertex  9.338651e+002  1.976625e+003  1.960000e+003
      vertex  9.392016e+002  1.979425e+003  1.960000e+003
    endloop
  endfacet
  facet normal -4.647202e-001  8.854576e-001  0.000000e+000
    outer loop
      vertex  9.338651e+002  1.976625e+003  1.950000e+003
      vertex  9.392016e+002  1.979425e+003  1.960000e+003
      vertex  9.392016e+002  1.979425e+003  1.950000e+003
    endloop
  endfacet
  facet normal -6.631145e-001  7.485179e-001  0.000000e+000
    outer loop
      vertex  9.392016e+002  1.979425e+003  1.950000e+003
      vertex  9.392016e+002  1.979425e+003  1.960000e+003
      vertex  9.437128e+002  1.983422e+003  1.960000e+003
    endloop
  endfacet
  facet normal -6.631145e-001  7.485179e-001  0.000000e+000
    outer loop
      vertex  9.392016e+002  1.979425e+003  1.950000e+003
      vertex  9.437128e+002  1.983422e+003  1.960000e+003
      vertex  9.437128e+002  1.983422e+003  1.950000e+003
    endloop
  endfacet
  facet normal -8.229880e-001  5.680588e-001  0.000000e+000
    outer loop
      vertex  9.437128e+002  1.983422e+003  1.950000e+003
      vertex  9.437128e+002  1.983422e+003  1.960000e+003
      vertex  9.471364e+002  1.988382e+003  1.960000e+003
    endloop
  endfacet
  facet normal -8.229880e-001  5.680588e-001  0.000000e+000
    outer loop
      vertex  9.437128e+002  1.983422e+003  1.950000e+003
      vertex  9.471364e+002  1.988382e+003  1.960000e+003
      vertex  9.471364e+002  1.988382e+003  1.950000e+003
    endloop
  endfacet
  facet normal -9.350150e-001  3.546081e-001  0.000000e+000
    outer loop
      vertex  9.471364e+002  1.988382e+003  1.950000e+003
      vertex  9.471364e+002  1.988382e+003  1.960000e+003
      vertex  9.492736e+002  1.994017e+003  1.960000e+003
    endloop
  endfacet
  facet normal -9.350150e-001  3.546081e-001  0.000000e+000
    outer loop
      vertex  9.471364e+002  1.988382e+003  1.950000e+003
      vertex  9.492736e+002  1.994017e+003  1.960000e+003
      vertex  9.492736e+002  1.994017e+003  1.950000e+003
    endloop
  endfacet
  facet normal -9.927092e-001  1.205340e-001  0.000000e+000
    outer loop
      vertex  9.492736e+002  1.994017e+003  1.950000e+003
      vertex  9.492736e+002  1.994017e+003  1.960000e+003
      vertex  9.500000e+002  2.000000e+003  1.960000e+003
    endloop
  endfacet
  facet normal -9.927092e-001  1.205340e-001  0.000000e+000
    outer loop
      vertex  9.492736e+002  1.994017e+003  1.950000e+003
      vertex  9.500000e+002  2.000000e+003  1.960000e+003
      vertex  9.500000e+002  2.000000e+003  1.950000e+003
    endloop
  endfacet
  facet normal -2.393270e-001  9.709390e-001  0.000000e+000
    outer loop
      vertex  9.338651e+002  1.976625e+003  1.960000e+003
      vertex  9.280134e+002  1.975182e+003  1.950000e+003
      vertex  9.280134e+002  1.975182e+003  1.960000e+003
    endloop
  endfacet
  facet normal  0.000000e+000  1.000000e+000  0.000000e+000
    outer loop
      vertex  9.280134e+002  1.975182e+003  1.960000e+003
      vertex  9.280134e+002  1.975182e+003  1.950000e+003
      vertex  9.219866e+002  1.975182e+003  1.950000e+003
    endloop
  endfacet
  facet normal  0.000000e+000  1.000000e+000  0.000000e+000
    outer loop
      vertex  9.280134e+002  1.975182e+003  1.960000e+003
      vertex  9.219866e+002  1.975182e+003  1.950000e+003
      vertex  9.219866e+002  1.975182e+003  1.960000e+003
    endloop
  endfacet
  facet normal  2.393270e-001  9.709390e-001  0.000000e+000
    outer loop
      vertex  9.219866e+002  1.975182e+003  1.960000e+003
      vertex  9.219866e+002  1.975182e+003  1.950000e+003
      vertex  9.161349e+002  1.976625e+003  1.950000e+003
    endloop
  endfacet
  facet normal  2.393270e-001  9.709390e-001  -0.000000e+000
    outer loop
      vertex  9.219866e+002  1.975182e+003  1.960000e+003
      vertex  9.161349e+002  1.976625e+003  1.950000e+003
      vertex  9.161349e+002  1.976625e+003  1.960000e+003
    endloop
  endfacet
  facet normal  4.647202e-001  8.854576e-001  0.000000e+000
    outer loop
      vertex  9.161349e+002  1.976625e+003  1.960000e+003
      vertex  9.161349e+002  1.976625e+003  1.950000e+003
      vertex  9.107984e+002  1.979425e+003  1.950000e+003
    endloop
  endfacet
  facet normal  4.647202e-001  8.854576e-001  -0.000000e+000
    outer loop
      vertex  9.161349e+002  1.976625e+003  1.960000e+003
      vertex  9.107984e+002  1.979425e+003  1.950000e+003
      vertex  9.107984e+002  1.979425e+003  1.960000e+003
    endloop
  endfacet
  facet normal  6.631145e-001  7.485179e-001  0.000000e+000
    outer loop
      vertex  9.107984e+002  1.979425e+003  1.960000e+003
      vertex  9.107984e+002  1.979425e+003  1.950000e+003
      vertex  9.062872e+002  1.983422e+003  1.950000e+003
    endloop
  endfacet
  facet normal  6.631145e-001  7.485179e-001  -0.000000e+000
    outer loop
      vertex  9.107984e+002  1.979425e+003  1.960000e+003
      vertex  9.062872e+002  1.983422e+003  1.950000e+003
      vertex  9.062872e+002  1.983422e+003  1.960000e+003
    endloop
  endfacet
  facet normal  8.229880e-001  5.680588e-001  0.000000e+000
    outer loop
      vertex  9.062872e+002  1.983422e+003  1.960000e+003
      vertex  9.062872e+002  1.983422e+003  1.950000e+003
      vertex  9.028636e+002  1.988382e+003  1.950000e+003
    endloop
  endfacet
  facet normal  8.229880e-001  5.680588e-001  -0.000000e+000
    outer loop
      vertex  9.062872e+002  1.983422e+003  1.960000e+003
      vertex  9.028636e+002  1.988382e+003  1.950000e+003
      vertex  9.028636e+002  1.988382e+003  1.960000e+003
    endloop
  endfacet
  facet normal  9.350150e-001  3.546081e-001  0.000000e+000
    outer loop
      vertex  9.028636e+002  1.988382e+003  1.960000e+003
      vertex  9.028636e+002  1.988382e+003  1.950000e+003
      vertex  9.007264e+002  1.994017e+003  1.950000e+003
    endloop
  endfacet
  facet normal  9.350150e-001  3.546081e-001  -0.000000e+000
    outer loop
      vertex  9.028636e+002  1.988382e+003  1.960000e+003
      vertex  9.007264e+002  1.994017e+003  1.950000e+003
      vertex  9.007264e+002  1.994017e+003  1.960000e+003
    endloop
  endfacet
  facet normal  9.927092e-001  1.205340e-001  0.000000e+000
    outer loop
      vertex  9.007264e+002  1.994017e+003  1.960000e+003
      vertex  9.007264e+002  1.994017e+003  1.950000e+003
      vertex  9.000000e+002  2.000000e+003  1.950000e+003
    endloop
  endfacet
  facet normal  9.927092e-001  1.205340e-001  -0.000000e+000
    outer loop
      vertex  9.007264e+002  1.994017e+003  1.960000e+003
      vertex  9.000000e+002  2.000000e+003  1.950000e+003
      vertex  9.000000e+002  2.000000e+003  1.960000e+003
    endloop
  endfacet
  facet normal -2.393270e-001  9.709390e-001  0.000000e+000
    outer loop
      vertex  9.280134e+002  1.975182e+003  2.040000e+003
      vertex  9.338651e+002  1.976625e+003  2.050000e+003
      vertex  9.338651e+002  1.976625e+003  2.040000e+003
    endloop
  endfacet
  facet normal -4.647202e-001  8.854576e-001  0.000000e+000
    outer loop
      vertex  9.338651e+002  1.976625e+003  2.040000e+003
      vertex  9.338651e+002  1.976625e+003  2.050000e+003
      vertex  9.392016e+002  1.979425e+003  2.050000e+003
    endloop
  endfacet
  facet normal -4.647202e-001  8.854576e-001  0.000000e+000
    outer loop
      vertex  9.338651e+002  1.976625e+003  2.040000e+003
      vertex  9.392016e+002  1.979425e+003  2.050000e+003
      vertex  9.392016e+002  1.979425e+003  2.040000e+003
    endloop
  endfacet
  facet normal -6.631145e-001  7.485179e-001  0.000000e+000
    outer loop
      vertex  9.392016e+002  1.979425e+003  2.040000e+003
      vertex  9.392016e+002  1.979425e+003  2.050000e+003
      vertex  9.437128e+002  1.983422e+003  2.050000e+003
    endloop
  endfacet
  facet normal -6.631145e-001  7.485179e-001  0.000000e+000
    outer loop
      vertex  9.392016e+002  1.979425e+003  2.040000e+003
      vertex  9.437128e+002  1.983422e+003  2.050000e+003
      vertex  9.437128e+002  1.983422e+003  2.040000e+003
    endloop
  endfacet
  facet normal -8.229880e-001  5.680588e-001  0.000000e+000
    outer loop
      vertex  9.437128e+002  1.983422e+003  2.040000e+003
      vertex  9.437128e+002  1.983422e+003  2.050000e+003
      vertex  9.471364e+002  1.988382e+003  2.050000e+003
    endloop
  endfacet
  facet normal -8.229880e-001  5.680588e-001  0.000000e+000
    outer loop
      vertex  9.437128e+002  1.983422e+003  2.040000e+003
      vertex  9.471364e+002  1.988382e+003  2.050000e+003
      vertex  9.471364e+002  1.988382e+003  2.040000e+003
    endloop
  endfacet
  facet normal -9.350150e-001  3.546081e-001  0.000000e+000
    outer loop
      vertex  9.471364e+002  1.988382e+003  2.040000e+003
      vertex  9.471364e+002  1.988382e+003  2.050000e+003
      vertex  9.492736e+002  1.994017e+003  2.050000e+003
    endloop
  endfacet
  facet normal -9.350150e-001  3.546081e-001  0.000000e+000
    outer loop
      vertex  9.471364e+002  1.988382e+003  2.040000e+003
      vertex  9.492736e+002  1.994017e+003  2.050000e+003
      vertex  9.492736e+002  1.994017e+003  2.040000e+003
    endloop
  endfacet
  facet normal -9.927092e-001  1.205340e-001  0.000000e+000
    outer loop
      vertex  9.492736e+002  1.994017e+003  2.040000e+003
      vertex  9.492736e+002  1.994017e+003  2.050000e+003
      vertex  9.500000e+002  2.000000e+003  2.050000e+003
    endloop
  endfacet
  facet normal -9.927092e-001  1.205340e-001  0.000000e+000
    outer loop
      vertex  9.492736e+002  1.994017e+003  2.040000e+003
      vertex  9.500000e+002  2.000000e+003  2.050000e+003
      vertex  9.500000e+002  2.000000e+003  2.040000e+003
    endloop
  endfacet
  facet normal -2.393270e-001  9.709390e-001  0.000000e+000
    outer loop
      vertex  9.338651e+002  1.976625e+003  2.050000e+003
      vertex  9.280134e+002  1.975182e+003  2.040000e+003
      vertex  9.280134e+002  1.975182e+003  2.050000e+003
    endloop
  endfacet
  facet normal  0.000000e+000  1.000000e+000  0.000000e+000
    outer loop
      vertex  9.280134e+002  1.975182e+003  2.050000e+003
      vertex  9.280134e+002  1.975182e+003  2.040000e+003
      vertex  9.219866e+002  1.975182e+003  2.040000e+003
    endloop
  endfacet
  facet normal  0.000000e+000  1.000000e+000  0.000000e+000
    outer loop
      vertex  9.280134e+002  1.975182e+003  2.050000e+003
      vertex  9.219866e+002  1.975182e+003  2.040000e+003
      vertex  9.219866e+002  1.975182e+003  2.050000e+003
    endloop
  endfacet
  facet normal  2.393270e-001  9.709390e-001  0.000000e+000
    outer loop
      vertex  9.219866e+002  1.975182e+003  2.050000e+003
      vertex  9.219866e+002  1.975182e+003  2.040000e+003
      vertex  9.161349e+002  1.976625e+003  2.040000e+003
    endloop
  endfacet
  facet normal  2.393270e-001  9.709390e-001  -0.000000e+000
    outer loop
      vertex  9.219866e+002  1.975182e+003  2.050000e+003
      vertex  9.161349e+002  1.976625e+003  2.040000e+003
      vertex  9.161349e+002  1.976625e+003  2.050000e+003
    endloop
  endfacet
  facet normal  4.647202e-001  8.854576e-001  0.000000e+000
    outer loop
      vertex  9.161349e+002  1.976625e+003  2.050000e+003
      vertex  9.161349e+002  1.976625e+003  2.040000e+003
      vertex  9.107984e+002  1.979425e+003  2.040000e+003
    endloop
  endfacet
  facet normal  4.647202e-001  8.854576e-001  -0.000000e+000
    outer loop
      vertex  9.161349e+002  1.976625e+003  2.050000e+003
      vertex  9.107984e+002  1.979425e+003  2.040000e+003
      vertex  9.107984e+002  1.979425e+003  2.050000e+003
    endloop
  endfacet
  facet normal  6.631145e-001  7.485179e-001  0.000000e+000
    outer loop
      vertex  9.107984e+002  1.979425e+003  2.050000e+003
      vertex  9.107984e+002  1.979425e+003  2.040000e+003
      vertex  9.062872e+002  1.983422e+003  2.040000e+003
    endloop
  endfacet
  facet normal  6.631145e-001  7.485179e-001  -0.000000e+000
    outer loop
      vertex  9.107984e+002  1.979425e+003  2.050000e+003
      vertex  9.062872e+002  1.983422e+003  2.040000e+003
      vertex  9.062872e+002  1.983422e+003  2.050000e+003
    endloop
  endfacet
  facet normal  8.229880e-001  5.680588e-001  0.000000e+000
    outer loop
      vertex  9.062872e+002  1.983422e+003  2.050000e+003
      vertex  9.062872e+002  1.983422e+003  2.040000e+003
      vertex  9.028636e+002  1.988382e+003  2.040000e+003
    endloop
  endfacet
  facet normal  8.229880e-001  5.680588e-001  -0.000000e+000
    outer loop
      vertex  9.062872e+002  1.983422e+003  2.050000e+003
      vertex  9.028636e+002  1.988382e+003  2.040000e+003
      vertex  9.028636e+002  1.988382e+003  2.050000e+003
    endloop
  endfacet
  facet normal  9.350150e-001  3.546081e-001  0.000000e+000
    outer loop
      vertex  9.028636e+002  1.988382e+003  2.050000e+003
      vertex  9.028636e+002  1.988382e+003  2.040000e+003
      vertex  9.007264e+002  1.994017e+003  2.040000e+003
    endloop
  endfacet
  facet normal  9.350150e-001  3.546081e-001  -0.000000e+000
    outer loop
      vertex  9.028636e+002  1.988382e+003  2.050000e+003
      vertex  9.007264e+002  1.994017e+003  2.040000e+003
      vertex  9.007264e+002  1.994017e+003  2.050000e+003
    endloop
  endfacet
  facet normal  9.927092e-001  1.205340e-001  0.000000e+000
    outer loop
      vertex  9.007264e+002  1.994017e+003  2.050000e+003
      vertex  9.007264e+002  1.994017e+003  2.040000e+003
      vertex  9.000000e+002  2.000000e+003  2.040000e+003
    endloop
  endfacet
  facet normal  9.927092e-001  1.205340e-001  -0.000000e+000
    outer loop
      vertex  9.007264e+002  1.994017e+003  2.050000e+003
      vertex  9.000000e+002  2.000000e+003  2.040000e+003
      vertex  9.000000e+002  2.000000e+003  2.050000e+003
    endloop
  endfacet
  facet normal  1.000000e+000  0.000000e+000  0.000000e+000
    outer loop
      vertex  1.000000e+003  2.149230e+003  1.984825e+003
      vertex  1.000000e+003  2.024274e+003  1.994017e+003
      vertex  1.000000e+003  2.022136e+003  1.988382e+003
    endloop
  endfacet
  facet normal  1.000000e+000  0.000000e+000  0.000000e+000
    outer loop
      vertex  1.000000e+003  2.022136e+003  1.988382e+003
      vertex  1.000000e+003  2.018713e+003  1.983422e+003
      vertex  1.000000e+003  2.149230e+003  1.984825e+003
    endloop
  endfacet
  facet normal  1.000000e+000  0.000000e+000  0.000000e+000
    outer loop
      vertex  1.000000e+003  2.150000e+003  2.000000e+003
      vertex  1.000000e+003  2.149230e+003  2.015175e+003
      vertex  1.000000e+003  2.018713e+003  2.016578e+003
    endloop
  endfacet
  facet normal  9.999999e-001  0.000000e+000  0.000000e+000
    outer loop
      vertex  1.000000e+003  2.150000e+003  2.000000e+003
      vertex  1.000000e+003  2.018713e+003  2.016578e+003
      vertex  1.000000e+003  2.022136e+003  2.011618e+003
    endloop
  endfacet
  facet normal  1.000000e+000  0.000000e+000  0.000000e+000
    outer loop
      vertex  1.000000e+003  2.150000e+003  2.000000e+003
      vertex  1.000000e+003  2.022136e+003  2.011618e+003
      vertex  1.000000e+003  2.024274e+003  2.005983e+003
    endloop
  endfacet
  facet normal  1.000000e+000  0.000000e+000  0.000000e+000
    outer loop
      vertex  1.000000e+003  2.150000e+003  2.000000e+003
      vertex  1.000000e+003  2.024274e+003  2.005983e+003
      vertex  1.000000e+003  2.025000e+003  2.000000e+003
    endloop
  endfacet
  facet normal  1.000000e+000  -0.000000e+000  0.000000e+000
    outer loop
      vertex  1.000000e+003  2.150000e+003  2.000000e+003
      vertex  1.000000e+003  2.025000e+003  2.000000e+003
      vertex  1.000000e+003  2.024274e+003  1.994017e+003
    endloop
  endfacet
  facet normal  9.999999e-001  -0.000000e+000  0.000000e+000
    outer loop
      vertex  1.000000e+003  2.150000e+003  2.000000e+003
      vertex  1.000000e+003  2.024274e+003  1.994017e+003
      vertex  1.000000e+003  2.149230e+003  1.984825e+003
    endloop
  endfacet
  facet normal  1.000000e+000  0.000000e+000  -0.000000e+000
    outer loop
      vertex  1.000000e+003  1.850000e+003  2.000000e+003
      vertex  1.000000e+003  1.975000e+003  2.000000e+003
      vertex  1.000000e+003  1.975726e+003  2.005983e+003
    endloop
  endfacet
  facet normal  1.000000e+000  0.000000e+000  -0.000000e+000
    outer loop
      vertex  1.000000e+003  1.850000e+003  2.000000e+003
      vertex  1.000000e+003  1.975726e+003  2.005983e+003
      vertex  1.000000e+003  1.977864e+003  2.011618e+003
    endloop
  endfacet
  facet normal  9.999999e-001  0.000000e+000  -0.000000e+000
    outer loop
      vertex  1.000000e+003  1.850000e+003  2.000000e+003
      vertex  1.000000e+003  1.977864e+003  2.011618e+003
      vertex  1.000000e+003  1.981287e+003  2.016578e+003
    endloop
  endfacet
  facet normal  1.000000e+000  0.000000e+000  0.000000e+000
    outer loop
      vertex  1.000000e+003  1.850000e+003  2.000000e+003
      vertex  1.000000e+003  1.981287e+003  2.016578e+003
      vertex  1.000000e+003  1.850770e+003  2.015175e+003
    endloop
  endfacet
  facet normal  1.000000e+000  -0.000000e+000  -0.000000e+000
    outer loop
      vertex  1.000000e+003  1.853071e+003  1.969805e+003
      vertex  1.000000e+003  1.856879e+003  1.955096e+003
      vertex  1.000000e+003  1.862156e+003  1.940847e+003
    endloop
  endfacet
  facet normal  1.000000e+000  -0.000000e+000  -0.000000e+000
    outer loop
      vertex  1.000000e+003  1.853071e+003  1.969805e+003
      vertex  1.000000e+003  1.862156e+003  1.940847e+003
      vertex  1.000000e+003  1.868848e+003  1.927205e+003
    endloop
  endfacet
  facet normal  1.000000e+000  -0.000000e+000  -0.000000e+000
    outer loop
      vertex  1.000000e+003  1.853071e+003  1.969805e+003
      vertex  1.000000e+003  1.868848e+003  1.927205e+003
      vertex  1.000000e+003  1.876885e+003  1.914310e+003
    endloop
  endfacet
  facet normal  9.999999e-001  -0.000000e+000  -0.000000e+000
    outer loop
      vertex  1.000000e+003  1.853071e+003  1.969805e+003
      vertex  1.000000e+003  1.876885e+003  1.914310e+003
      vertex  1.000000e+003  1.886186e+003  1.902294e+003
    endloop
  endfacet
  facet normal  9.999999e-001  -0.000000e+000  -0.000000e+000
    outer loop
      vertex  1.000000e+003  1.853071e+003  1.969805e+003
      vertex  1.000000e+003  1.886186e+003  1.902294e+003
      vertex  1.000000e+003  1.896655e+003  1.891281e+003
    endloop
  endfacet
  facet normal  1.000000e+000  -0.000000e+000  -0.000000e+000
    outer loop
      vertex  1.000000e+003  1.853071e+003  1.969805e+003
      vertex  1.000000e+003  1.896655e+003  1.891281e+003
      vertex  1.000000e+003  1.908184e+003  1.881384e+003
    endloop
  endfacet
  facet normal  1.000000e+000  -0.000000e+000  -0.000000e+000
    outer loop
      vertex  1.000000e+003  1.853071e+003  1.969805e+003
      vertex  1.000000e+003  1.908184e+003  1.881384e+003
      vertex  1.000000e+003  1.920655e+003  1.872703e+003
    endloop
  endfacet
  facet normal  9.999999e-001  -0.000000e+000  -0.000000e+000
    outer loop
      vertex  1.000000e+003  1.853071e+003  1.969805e+003
      vertex  1.000000e+003  1.920655e+003  1.872703e+003
      vertex  1.000000e+003  1.933941e+003  1.865329e+003
    endloop
  endfacet
  facet normal  1.000000e+000  -0.000000e+000  -0.000000e+000
    outer loop
      vertex  1.000000e+003  1.853071e+003  1.969805e+003
      vertex  1.000000e+003  1.933941e+003  1.865329e+003
      vertex  1.000000e+003  1.947904e+003  1.859337e+003
    endloop
  endfacet
  facet normal  1.000000e+000  -0.000000e+000  -0.000000e+000
    outer loop
      vertex  1.000000e+003  1.853071e+003  1.969805e+003
      vertex  1.000000e+003  1.947904e+003  1.859337e+003
      vertex  1.000000e+003  1.962402e+003  1.854788e+003
    endloop
  endfacet
  facet normal  1.000000e+000  -0.000000e+000  -0.000000e+000
    outer loop
      vertex  1.000000e+003  1.853071e+003  1.969805e+003
      vertex  1.000000e+003  1.962402e+003  1.854788e+003
      vertex  1.000000e+003  1.977286e+003  1.851730e+003
    endloop
  endfacet
  facet normal  9.999999e-001  -0.000000e+000  -0.000000e+000
    outer loop
      vertex  1.000000e+003  1.853071e+003  1.969805e+003
      vertex  1.000000e+003  1.977286e+003  1.851730e+003
      vertex  1.000000e+003  1.992403e+003  1.850193e+003
    endloop
  endfacet
  facet normal  1.000000e+000  0.000000e+000  -0.000000e+000
    outer loop
      vertex  1.000000e+003  1.853071e+003  1.969805e+003
      vertex  1.000000e+003  1.992403e+003  1.850193e+003
      vertex  1.000000e+003  1.996987e+003  1.975182e+003
    endloop
  endfacet
  facet normal  1.000000e+000  0.000000e+000  0.000000e+000
    outer loop
      vertex  1.000000e+003  1.853071e+003  1.969805e+003
      vertex  1.000000e+003  1.996987e+003  1.975182e+003
      vertex  1.000000e+003  1.991135e+003  1.976625e+003
    endloop
  endfacet
  facet normal  1.000000e+000  0.000000e+000  0.000000e+000
    outer loop
      vertex  1.000000e+003  1.853071e+003  1.969805e+003
      vertex  1.000000e+003  1.991135e+003  1.976625e+003
      vertex  1.000000e+003  1.985798e+003  1.979425e+003
    endloop
  endfacet
  facet normal  1.000000e+000  0.000000e+000  0.000000e+000
    outer loop
      vertex  1.000000e+003  1.853071e+003  1.969805e+003
      vertex  1.000000e+003  1.985798e+003  1.979425e+003
      vertex  1.000000e+003  1.981287e+003  1.983422e+003
    endloop
  endfacet
  facet normal  9.999999e-001  0.000000e+000  0.000000e+000
    outer loop
      vertex  1.000000e+003  1.853071e+003  1.969805e+003
      vertex  1.000000e+003  1.981287e+003  1.983422e+003
      vertex  1.000000e+003  1.850770e+003  1.984825e+003
    endloop
  endfacet
  facet normal  1.000000e+000  -0.000000e+000  0.000000e+000
    outer loop
      vertex  1.000000e+003  2.003013e+003  1.975182e+003
      vertex  1.000000e+003  1.996987e+003  1.975182e+003
      vertex  1.000000e+003  1.992403e+003  1.850193e+003
    endloop
  endfacet
  facet normal  1.000000e+000  0.000000e+000  0.000000e+000
    outer loop
      vertex  1.000000e+003  2.003013e+003  1.975182e+003
      vertex  1.000000e+003  1.992403e+003  1.850193e+003
      vertex  1.000000e+003  2.007597e+003  1.850193e+003
    endloop
  endfacet
  facet normal  1.000000e+000  0.000000e+000  -0.000000e+000
    outer loop
      vertex  1.000000e+003  2.003013e+003  1.975182e+003
      vertex  1.000000e+003  2.007597e+003  1.850193e+003
      vertex  1.000000e+003  2.022714e+003  1.851730e+003
    endloop
  endfacet
  facet normal  1.000000e+000  0.000000e+000  -0.000000e+000
    outer loop
      vertex  1.000000e+003  2.003013e+003  1.975182e+003
      vertex  1.000000e+003  2.022714e+003  1.851730e+003
      vertex  1.000000e+003  2.037598e+003  1.854788e+003
    endloop
  endfacet
  facet normal  1.000000e+000  0.000000e+000  -0.000000e+000
    outer loop
      vertex  1.000000e+003  2.003013e+003  1.975182e+003
      vertex  1.000000e+003  2.037598e+003  1.854788e+003
      vertex  1.000000e+003  2.052096e+003  1.859337e+003
    endloop
  endfacet
  facet normal  1.000000e+000  0.000000e+000  -0.000000e+000
    outer loop
      vertex  1.000000e+003  2.003013e+003  1.975182e+003
      vertex  1.000000e+003  2.052096e+003  1.859337e+003
      vertex  1.000000e+003  2.066059e+003  1.865329e+003
    endloop
  endfacet
  facet normal  9.999999e-001  0.000000e+000  -0.000000e+000
    outer loop
      vertex  1.000000e+003  2.003013e+003  1.975182e+003
      vertex  1.000000e+003  2.066059e+003  1.865329e+003
      vertex  1.000000e+003  2.079344e+003  1.872703e+003
    endloop
  endfacet
  facet normal  1.000000e+000  0.000000e+000  -0.000000e+000
    outer loop
      vertex  1.000000e+003  2.003013e+003  1.975182e+003
      vertex  1.000000e+003  2.079344e+003  1.872703e+003
      vertex  1.000000e+003  2.091816e+003  1.881384e+003
    endloop
  endfacet
  facet normal  1.000000e+000  0.000000e+000  -0.000000e+000
    outer loop
      vertex  1.000000e+003  2.003013e+003  1.975182e+003
      vertex  1.000000e+003  2.091816e+003  1.881384e+003
      vertex  1.000000e+003  2.103345e+003  1.891281e+003
    endloop
  endfacet
  facet normal  1.000000e+000  0.000000e+000  -0.000000e+000
    outer loop
      vertex  1.000000e+003  2.003013e+003  1.975182e+003
      vertex  1.000000e+003  2.103345e+003  1.891281e+003
      vertex  1.000000e+003  2.113814e+003  1.902294e+003
    endloop
  endfacet
  facet normal  1.000000e+000  0.000000e+000  -0.000000e+000
    outer loop
      vertex  1.000000e+003  2.003013e+003  1.975182e+003
      vertex  1.000000e+003  2.113814e+003  1.902294e+003
      vertex  1.000000e+003  2.123115e+003  1.914310e+003
    endloop
  endfacet
  facet normal  1.000000e+000  0.000000e+000  -0.000000e+000
    outer loop
      vertex  1.000000e+003  2.003013e+003  1.975182e+003
      vertex  1.000000e+003  2.123115e+003  1.914310e+003
      vertex  1.000000e+003  2.131152e+003  1.927205e+003
    endloop
  endfacet
  facet normal  1.000000e+000  0.000000e+000  -0.000000e+000
    outer loop
      vertex  1.000000e+003  2.003013e+003  1.975182e+003
      vertex  1.000000e+003  2.131152e+003  1.927205e+003
      vertex  1.000000e+003  2.137844e+003  1.940847e+003
    endloop
  endfacet
  facet normal  1.000000e+000  0.000000e+000  -0.000000e+000
    outer loop
      vertex  1.000000e+003  2.003013e+003  1.975182e+003
      vertex  1.000000e+003  2.137844e+003  1.940847e+003
      vertex  1.000000e+003  2.143121e+003  1.955096e+003
    endloop
  endfacet
  facet normal  1.000000e+000  0.000000e+000  -0.000000e+000
    outer loop
      vertex  1.000000e+003  2.003013e+003  1.975182e+003
      vertex  1.000000e+003  2.143121e+003  1.955096e+003
      vertex  1.000000e+003  2.146929e+003  1.969805e+003
    endloop
  endfacet
  facet normal  1.000000e+000  0.000000e+000  0.000000e+000
    outer loop
      vertex  1.000000e+003  1.853071e+003  2.030195e+003
      vertex  1.000000e+003  1.850770e+003  2.015175e+003
      vertex  1.000000e+003  1.996987e+003  2.024818e+003
    endloop
  endfacet
  facet normal  1.000000e+000  0.000000e+000  0.000000e+000
    outer loop
      vertex  1.000000e+003  1.853071e+003  2.030195e+003
      vertex  1.000000e+003  1.996987e+003  2.024818e+003
      vertex  1.000000e+003  1.992403e+003  2.149807e+003
    endloop
  endfacet
  facet normal  1.000000e+000  0.000000e+000  0.000000e+000
    outer loop
      vertex  1.000000e+003  1.853071e+003  2.030195e+003
      vertex  1.000000e+003  1.992403e+003  2.149807e+003
      vertex  1.000000e+003  1.977286e+003  2.148270e+003
    endloop
  endfacet
  facet normal  1.000000e+000  0.000000e+000  0.000000e+000
    outer loop
      vertex  1.000000e+003  1.853071e+003  2.030195e+003
      vertex  1.000000e+003  1.977286e+003  2.148270e+003
      vertex  1.000000e+003  1.962402e+003  2.145212e+003
    endloop
  endfacet
  facet normal  1.000000e+000  0.000000e+000  0.000000e+000
    outer loop
      vertex  1.000000e+003  1.853071e+003  2.030195e+003
      vertex  1.000000e+003  1.962402e+003  2.145212e+003
      vertex  1.000000e+003  1.947904e+003  2.140663e+003
    endloop
  endfacet
  facet normal  1.000000e+000  0.000000e+000  0.000000e+000
    outer loop
      vertex  1.000000e+003  1.853071e+003  2.030195e+003
      vertex  1.000000e+003  1.947904e+003  2.140663e+003
      vertex  1.000000e+003  1.933941e+003  2.134671e+003
    endloop
  endfacet
  facet normal  9.999999e-001  0.000000e+000  0.000000e+000
    outer loop
      vertex  1.000000e+003  1.853071e+003  2.030195e+003
      vertex  1.000000e+003  1.933941e+003  2.134671e+003
      vertex  1.000000e+003  1.920655e+003  2.127297e+003
    endloop
  endfacet
  facet normal  1.000000e+000  0.000000e+000  0.000000e+000
    outer loop
      vertex  1.000000e+003  1.853071e+003  2.030195e+003
      vertex  1.000000e+003  1.920655e+003  2.127297e+003
      vertex  1.000000e+003  1.908184e+003  2.118616e+003
    endloop
  endfacet
  facet normal  1.000000e+000  0.000000e+000  0.000000e+000
    outer loop
      vertex  1.000000e+003  1.853071e+003  2.030195e+003
      vertex  1.000000e+003  1.908184e+003  2.118616e+003
      vertex  1.000000e+003  1.896655e+003  2.108719e+003
    endloop
  endfacet
  facet normal  1.000000e+000  0.000000e+000  0.000000e+000
    outer loop
      vertex  1.000000e+003  1.853071e+003  2.030195e+003
      vertex  1.000000e+003  1.896655e+003  2.108719e+003
      vertex  1.000000e+003  1.886186e+003  2.097706e+003
    endloop
  endfacet
  facet normal  1.000000e+000  0.000000e+000  0.000000e+000
    outer loop
      vertex  1.000000e+003  1.853071e+003  2.030195e+003
      vertex  1.000000e+003  1.886186e+003  2.097706e+003
      vertex  1.000000e+003  1.876885e+003  2.085690e+003
    endloop
  endfacet
  facet normal  9.999999e-001  0.000000e+000  0.000000e+000
    outer loop
      vertex  1.000000e+003  1.853071e+003  2.030195e+003
      vertex  1.000000e+003  1.876885e+003  2.085690e+003
      vertex  1.000000e+003  1.868848e+003  2.072795e+003
    endloop
  endfacet
  facet normal  1.000000e+000  0.000000e+000  0.000000e+000
    outer loop
      vertex  1.000000e+003  1.853071e+003  2.030195e+003
      vertex  1.000000e+003  1.868848e+003  2.072795e+003
      vertex  1.000000e+003  1.862156e+003  2.059153e+003
    endloop
  endfacet
  facet normal  1.000000e+000  0.000000e+000  0.000000e+000
    outer loop
      vertex  1.000000e+003  1.853071e+003  2.030195e+003
      vertex  1.000000e+003  1.862156e+003  2.059153e+003
      vertex  1.000000e+003  1.856879e+003  2.044904e+003
    endloop
  endfacet
  facet normal  1.000000e+000  0.000000e+000  0.000000e+000
    outer loop
      vertex  1.000000e+003  2.003013e+003  2.024818e+003
      vertex  1.000000e+003  2.149230e+003  2.015175e+003
      vertex  1.000000e+003  2.146929e+003  2.030195e+003
    endloop
  endfacet
  facet normal  1.000000e+000  0.000000e+000  0.000000e+000
    outer loop
      vertex  1.000000e+003  2.003013e+003  2.024818e+003
      vertex  1.000000e+003  2.146929e+003  2.030195e+003
      vertex  1.000000e+003  2.143121e+003  2.044904e+003
    endloop
  endfacet
  facet normal  1.000000e+000  0.000000e+000  0.000000e+000
    outer loop
      vertex  1.000000e+003  2.003013e+003  2.024818e+003
      vertex  1.000000e+003  2.143121e+003  2.044904e+003
      vertex  1.000000e+003  2.137844e+003  2.059153e+003
    endloop
  endfacet
  facet normal  1.000000e+000  0.000000e+000  0.000000e+000
    outer loop
      vertex  1.000000e+003  2.003013e+003  2.024818e+003
      vertex  1.000000e+003  2.137844e+003  2.059153e+003
      vertex  1.000000e+003  2.131152e+003  2.072795e+003
    endloop
  endfacet
  facet normal  1.000000e+000  0.000000e+000  0.000000e+000
    outer loop
      vertex  1.000000e+003  2.003013e+003  2.024818e+003
      vertex  1.000000e+003  2.131152e+003  2.072795e+003
      vertex  1.000000e+003  2.123115e+003  2.085690e+003
    endloop
  endfacet
  facet normal  1.000000e+000  0.000000e+000  0.000000e+000
    outer loop
      vertex  1.000000e+003  2.003013e+003  2.024818e+003
      vertex  1.000000e+003  2.123115e+003  2.085690e+003
      vertex  1.000000e+003  2.113814e+003  2.097706e+003
    endloop
  endfacet
  facet normal  1.000000e+000  0.000000e+000  0.000000e+000
    outer loop
      vertex  1.000000e+003  2.003013e+003  2.024818e+003
      vertex  1.000000e+003  2.113814e+003  2.097706e+003
      vertex  1.000000e+003  2.103345e+003  2.108719e+003
    endloop
  endfacet
  facet normal  1.000000e+000  0.000000e+000  0.000000e+000
    outer loop
      vertex  1.000000e+003  2.003013e+003  2.024818e+003
      vertex  1.000000e+003  2.103345e+003  2.108719e+003
      vertex  1.000000e+003  2.091816e+003  2.118616e+003
    endloop
  endfacet
  facet normal  9.999999e-001  0.000000e+000  0.000000e+000
    outer loop
      vertex  1.000000e+003  2.003013e+003  2.024818e+003
      vertex  1.000000e+003  2.091816e+003  2.118616e+003
      vertex  1.000000e+003  2.079344e+003  2.127297e+003
    endloop
  endfacet
  facet normal  9.999999e-001  0.000000e+000  0.000000e+000
    outer loop
      vertex  1.000000e+003  2.003013e+003  2.024818e+003
      vertex  1.000000e+003  2.079344e+003  2.127297e+003
      vertex  1.000000e+003  2.066059e+003  2.134671e+003
    endloop
  endfacet
  facet normal  1.000000e+000  0.000000e+000  0.000000e+000
    outer loop
      vertex  1.000000e+003  2.003013e+003  2.024818e+003
      vertex  1.000000e+003  2.066059e+003  2.134671e+003
      vertex  1.000000e+003  2.052096e+003  2.140663e+003
    endloop
  endfacet
  facet normal  1.000000e+000  0.000000e+000  0.000000e+000
    outer loop
      vertex  1.000000e+003  2.003013e+003  2.024818e+003
      vertex  1.000000e+003  2.052096e+003  2.140663e+003
      vertex  1.000000e+003  2.037598e+003  2.145212e+003
    endloop
  endfacet
  facet normal  1.000000e+000  0.000000e+000  0.000000e+000
    outer loop
      vertex  1.000000e+003  2.003013e+003  2.024818e+003
      vertex  1.000000e+003  2.037598e+003  2.145212e+003
      vertex  1.000000e+003  2.022714e+003  2.148270e+003
    endloop
  endfacet
  facet normal  1.000000e+000  0.000000e+000  0.000000e+000
    outer loop
      vertex  1.000000e+003  2.003013e+003  2.024818e+003
      vertex  1.000000e+003  2.022714e+003  2.148270e+003
      vertex  1.000000e+003  2.007597e+003  2.149807e+003
    endloop
  endfacet
  facet normal  1.000000e+000  0.000000e+000  0.000000e+000
    outer loop
      vertex  1.000000e+003  2.003013e+003  2.024818e+003
      vertex  1.000000e+003  2.007597e+003  2.149807e+003
      vertex  1.000000e+003  1.992403e+003  2.149807e+003
    endloop
  endfacet
  facet normal  1.000000e+000  0.000000e+000  0.000000e+000
    outer loop
      vertex  1.000000e+003  2.003013e+003  2.024818e+003
      vertex  1.000000e+003  1.992403e+003  2.149807e+003
      vertex  1.000000e+003  1.996987e+003  2.024818e+003
    endloop
  endfacet
  facet normal  1.000000e+000  0.000000e+000  -0.000000e+000
    outer loop
      vertex  1.000000e+003  1.850770e+003  2.015175e+003
      vertex  1.000000e+003  1.981287e+003  2.016578e+003
      vertex  1.000000e+003  1.985798e+003  2.020575e+003
    endloop
  endfacet
  facet normal  1.000000e+000  0.000000e+000  -0.000000e+000
    outer loop
      vertex  1.000000e+003  1.850770e+003  2.015175e+003
      vertex  1.000000e+003  1.985798e+003  2.020575e+003
      vertex  1.000000e+003  1.991135e+003  2.023375e+003
    endloop
  endfacet
  facet normal  1.000000e+000  0.000000e+000  -0.000000e+000
    outer loop
      vertex  1.000000e+003  1.850770e+003  2.015175e+003
      vertex  1.000000e+003  1.991135e+003  2.023375e+003
      vertex  1.000000e+003  1.996987e+003  2.024818e+003
    endloop
  endfacet
  facet normal  1.000000e+000  0.000000e+000  0.000000e+000
    outer loop
      vertex  1.000000e+003  1.850770e+003  1.984825e+003
      vertex  1.000000e+003  1.981287e+003  1.983422e+003
      vertex  1.000000e+003  1.977864e+003  1.988382e+003
    endloop
  endfacet
  facet normal  1.000000e+000  0.000000e+000  0.000000e+000
    outer loop
      vertex  1.000000e+003  1.850770e+003  1.984825e+003
      vertex  1.000000e+003  1.977864e+003  1.988382e+003
      vertex  1.000000e+003  1.975726e+003  1.994017e+003
    endloop
  endfacet
  facet normal  9.999999e-001  0.000000e+000  0.000000e+000
    outer loop
      vertex  1.000000e+003  1.850770e+003  1.984825e+003
      vertex  1.000000e+003  1.975726e+003  1.994017e+003
      vertex  1.000000e+003  1.975000e+003  2.000000e+003
    endloop
  endfacet
  facet normal  1.000000e+000  0.000000e+000  0.000000e+000
    outer loop
      vertex  1.000000e+003  1.850770e+003  1.984825e+003
      vertex  1.000000e+003  1.975000e+003  2.000000e+003
      vertex  1.000000e+003  1.850000e+003  2.000000e+003
    endloop
  endfacet
  facet normal  1.000000e+000  0.000000e+000  0.000000e+000
    outer loop
      vertex  1.000000e+003  2.149230e+003  2.015175e+003
      vertex  1.000000e+003  2.003013e+003  2.024818e+003
      vertex  1.000000e+003  2.008865e+003  2.023375e+003
    endloop
  endfacet
  facet normal  1.000000e+000  0.000000e+000  0.000000e+000
    outer loop
      vertex  1.000000e+003  2.149230e+003  2.015175e+003
      vertex  1.000000e+003  2.008865e+003  2.023375e+003
      vertex  1.000000e+003  2.014202e+003  2.020575e+003
    endloop
  endfacet
  facet normal  1.000000e+000  0.000000e+000  0.000000e+000
    outer loop
      vertex  1.000000e+003  2.149230e+003  2.015175e+003
      vertex  1.000000e+003  2.014202e+003  2.020575e+003
      vertex  1.000000e+003  2.018713e+003  2.016578e+003
    endloop
  endfacet
  facet normal  9.999999e-001  0.000000e+000  0.000000e+000
    outer loop
      vertex  1.000000e+003  2.146929e+003  1.969805e+003
      vertex  1.000000e+003  2.149230e+003  1.984825e+003
      vertex  1.000000e+003  2.018713e+003  1.983422e+003
    endloop
  endfacet
  facet normal  1.000000e+000  0.000000e+000  0.000000e+000
    outer loop
      vertex  1.000000e+003  2.146929e+003  1.969805e+003
      vertex  1.000000e+003  2.018713e+003  1.983422e+003
      vertex  1.000000e+003  2.014202e+003  1.979425e+003
    endloop
  endfacet
  facet normal  1.000000e+000  0.000000e+000  0.000000e+000
    outer loop
      vertex  1.000000e+003  2.146929e+003  1.969805e+003
      vertex  1.000000e+003  2.014202e+003  1.979425e+003
      vertex  1.000000e+003  2.008865e+003  1.976625e+003
    endloop
  endfacet
  facet normal  1.000000e+000  0.000000e+000  0.000000e+000
    outer loop
      vertex  1.000000e+003  2.146929e+003  1.969805e+003
      vertex  1.000000e+003  2.008865e+003  1.976625e+003
      vertex  1.000000e+003  2.003013e+003  1.975182e+003
    endloop
  endfacet
  facet normal -1.000000e+000  0.000000e+000  0.000000e+000
    outer loop
      vertex  9.750000e+002  2.149230e+003  1.984825e+003
      vertex  9.750000e+002  2.149230e+003  2.015175e+003
      vertex  9.750000e+002  2.150000e+003  2.000000e+003
    endloop
  endfacet
  facet normal -1.000000e+000  0.000000e+000  -0.000000e+000
    outer loop
      vertex  9.750000e+002  1.853071e+003  2.030195e+003
      vertex  9.750000e+002  1.856879e+003  2.044904e+003
      vertex  9.750000e+002  1.960000e+003  2.040000e+003
    endloop
  endfacet
  facet normal -1.000000e+000  0.000000e+000  0.000000e+000
    outer loop
      vertex  9.750000e+002  1.856879e+003  1.955096e+003
      vertex  9.750000e+002  1.853071e+003  1.969805e+003
      vertex  9.750000e+002  1.960000e+003  1.960000e+003
    endloop
  endfacet
  facet normal -1.000000e+000  0.000000e+000  0.000000e+000
    outer loop
      vertex  9.750000e+002  2.143121e+003  2.044904e+003
      vertex  9.750000e+002  2.146929e+003  2.030195e+003
      vertex  9.750000e+002  2.040000e+003  2.040000e+003
    endloop
  endfacet
  facet normal -1.000000e+000  0.000000e+000  0.000000e+000
    outer loop
      vertex  9.750000e+002  2.146929e+003  1.969805e+003
      vertex  9.750000e+002  2.143121e+003  1.955096e+003
      vertex  9.750000e+002  2.040000e+003  1.960000e+003
    endloop
  endfacet
  facet normal -1.000000e+000  0.000000e+000  0.000000e+000
    outer loop
      vertex  9.750000e+002  1.862156e+003  1.940847e+003
      vertex  9.750000e+002  1.856879e+003  1.955096e+003
      vertex  9.750000e+002  1.960000e+003  1.960000e+003
    endloop
  endfacet
  facet normal -1.000000e+000  0.000000e+000  -0.000000e+000
    outer loop
      vertex  9.750000e+002  1.862156e+003  1.940847e+003
      vertex  9.750000e+002  1.960000e+003  1.960000e+003
      vertex  9.750000e+002  1.960000e+003  1.950000e+003
    endloop
  endfacet
  facet normal -1.000000e+000  0.000000e+000  -0.000000e+000
    outer loop
      vertex  9.750000e+002  1.862156e+003  1.940847e+003
      vertex  9.750000e+002  1.960000e+003  1.950000e+003
      vertex  9.750000e+002  1.962402e+003  1.854788e+003
    endloop
  endfacet
  facet normal -1.000000e+000  0.000000e+000  0.000000e+000
    outer loop
      vertex  9.750000e+002  1.862156e+003  1.940847e+003
      vertex  9.750000e+002  1.962402e+003  1.854788e+003
      vertex  9.750000e+002  1.947904e+003  1.859337e+003
    endloop
  endfacet
  facet normal -1.000000e+000  0.000000e+000  0.000000e+000
    outer loop
      vertex  9.750000e+002  1.862156e+003  1.940847e+003
      vertex  9.750000e+002  1.947904e+003  1.859337e+003
      vertex  9.750000e+002  1.933941e+003  1.865329e+003
    endloop
  endfacet
  facet normal -1.000000e+000  0.000000e+000  0.000000e+000
    outer loop
      vertex  9.750000e+002  1.862156e+003  1.940847e+003
      vertex  9.750000e+002  1.933941e+003  1.865329e+003
      vertex  9.750000e+002  1.920655e+003  1.872703e+003
    endloop
  endfacet
  facet normal -1.000000e+000  0.000000e+000  0.000000e+000
    outer loop
      vertex  9.750000e+002  1.862156e+003  1.940847e+003
      vertex  9.750000e+002  1.920655e+003  1.872703e+003
      vertex  9.750000e+002  1.908184e+003  1.881384e+003
    endloop
  endfacet
  facet normal -9.999999e-001  0.000000e+000  0.000000e+000
    outer loop
      vertex  9.750000e+002  1.862156e+003  1.940847e+003
      vertex  9.750000e+002  1.908184e+003  1.881384e+003
      vertex  9.750000e+002  1.896655e+003  1.891281e+003
    endloop
  endfacet
  facet normal -1.000000e+000  0.000000e+000  0.000000e+000
    outer loop
      vertex  9.750000e+002  1.862156e+003  1.940847e+003
      vertex  9.750000e+002  1.896655e+003  1.891281e+003
      vertex  9.750000e+002  1.886186e+003  1.902294e+003
    endloop
  endfacet
  facet normal -1.000000e+000  0.000000e+000  0.000000e+000
    outer loop
      vertex  9.750000e+002  1.862156e+003  1.940847e+003
      vertex  9.750000e+002  1.886186e+003  1.902294e+003
      vertex  9.750000e+002  1.876885e+003  1.914310e+003
    endloop
  endfacet
  facet normal -1.000000e+000  0.000000e+000  0.000000e+000
    outer loop
      vertex  9.750000e+002  1.862156e+003  1.940847e+003
      vertex  9.750000e+002  1.876885e+003  1.914310e+003
      vertex  9.750000e+002  1.868848e+003  1.927205e+003
    endloop
  endfacet
  facet normal -1.000000e+000  -0.000000e+000  -0.000000e+000
    outer loop
      vertex  9.750000e+002  1.960000e+003  1.950000e+003
      vertex  9.750000e+002  2.040000e+003  1.950000e+003
      vertex  9.750000e+002  2.052096e+003  1.859337e+003
    endloop
  endfacet
  facet normal -1.000000e+000  -0.000000e+000  0.000000e+000
    outer loop
      vertex  9.750000e+002  1.960000e+003  1.950000e+003
      vertex  9.750000e+002  2.052096e+003  1.859337e+003
      vertex  9.750000e+002  2.037598e+003  1.854788e+003
    endloop
  endfacet
  facet normal -1.000000e+000  -0.000000e+000  0.000000e+000
    outer loop
      vertex  9.750000e+002  1.960000e+003  1.950000e+003
      vertex  9.750000e+002  2.037598e+003  1.854788e+003
      vertex  9.750000e+002  2.022714e+003  1.851730e+003
    endloop
  endfacet
  facet normal -1.000000e+000  -0.000000e+000  0.000000e+000
    outer loop
      vertex  9.750000e+002  1.960000e+003  1.950000e+003
      vertex  9.750000e+002  2.022714e+003  1.851730e+003
      vertex  9.750000e+002  2.007597e+003  1.850193e+003
    endloop
  endfacet
  facet normal -1.000000e+000  0.000000e+000  0.000000e+000
    outer loop
      vertex  9.750000e+002  1.960000e+003  1.950000e+003
      vertex  9.750000e+002  2.007597e+003  1.850193e+003
      vertex  9.750000e+002  1.992403e+003  1.850193e+003
    endloop
  endfacet
  facet normal -1.000000e+000  0.000000e+000  0.000000e+000
    outer loop
      vertex  9.750000e+002  1.960000e+003  1.950000e+003
      vertex  9.750000e+002  1.992403e+003  1.850193e+003
      vertex  9.750000e+002  1.977286e+003  1.851730e+003
    endloop
  endfacet
  facet normal -1.000000e+000  0.000000e+000  0.000000e+000
    outer loop
      vertex  9.750000e+002  1.960000e+003  1.950000e+003
      vertex  9.750000e+002  1.977286e+003  1.851730e+003
      vertex  9.750000e+002  1.962402e+003  1.854788e+003
    endloop
  endfacet
  facet normal -1.000000e+000  0.000000e+000  0.000000e+000
    outer loop
      vertex  9.750000e+002  2.040000e+003  1.950000e+003
      vertex  9.750000e+002  2.040000e+003  1.960000e+003
      vertex  9.750000e+002  2.143121e+003  1.955096e+003
    endloop
  endfacet
  facet normal -1.000000e+000  0.000000e+000  0.000000e+000
    outer loop
      vertex  9.750000e+002  2.040000e+003  1.950000e+003
      vertex  9.750000e+002  2.143121e+003  1.955096e+003
      vertex  9.750000e+002  2.137844e+003  1.940847e+003
    endloop
  endfacet
  facet normal -1.000000e+000  -0.000000e+000  0.000000e+000
    outer loop
      vertex  9.750000e+002  2.040000e+003  1.950000e+003
      vertex  9.750000e+002  2.137844e+003  1.940847e+003
      vertex  9.750000e+002  2.131152e+003  1.927205e+003
    endloop
  endfacet
  facet normal -1.000000e+000  -0.000000e+000  0.000000e+000
    outer loop
      vertex  9.750000e+002  2.040000e+003  1.950000e+003
      vertex  9.750000e+002  2.131152e+003  1.927205e+003
      vertex  9.750000e+002  2.123115e+003  1.914310e+003
    endloop
  endfacet
  facet normal -1.000000e+000  -0.000000e+000  0.000000e+000
    outer loop
      vertex  9.750000e+002  2.040000e+003  1.950000e+003
      vertex  9.750000e+002  2.123115e+003  1.914310e+003
      vertex  9.750000e+002  2.113814e+003  1.902294e+003
    endloop
  endfacet
  facet normal -1.000000e+000  -0.000000e+000  0.000000e+000
    outer loop
      vertex  9.750000e+002  2.040000e+003  1.950000e+003
      vertex  9.750000e+002  2.113814e+003  1.902294e+003
      vertex  9.750000e+002  2.103345e+003  1.891281e+003
    endloop
  endfacet
  facet normal -1.000000e+000  -0.000000e+000  0.000000e+000
    outer loop
      vertex  9.750000e+002  2.040000e+003  1.950000e+003
      vertex  9.750000e+002  2.103345e+003  1.891281e+003
      vertex  9.750000e+002  2.091816e+003  1.881384e+003
    endloop
  endfacet
  facet normal -1.000000e+000  -0.000000e+000  0.000000e+000
    outer loop
      vertex  9.750000e+002  2.040000e+003  1.950000e+003
      vertex  9.750000e+002  2.091816e+003  1.881384e+003
      vertex  9.750000e+002  2.079344e+003  1.872703e+003
    endloop
  endfacet
  facet normal -9.999999e-001  -0.000000e+000  0.000000e+000
    outer loop
      vertex  9.750000e+002  2.040000e+003  1.950000e+003
      vertex  9.750000e+002  2.079344e+003  1.872703e+003
      vertex  9.750000e+002  2.066059e+003  1.865329e+003
    endloop
  endfacet
  facet normal -9.999999e-001  -0.000000e+000  0.000000e+000
    outer loop
      vertex  9.750000e+002  2.040000e+003  1.950000e+003
      vertex  9.750000e+002  2.066059e+003  1.865329e+003
      vertex  9.750000e+002  2.052096e+003  1.859337e+003
    endloop
  endfacet
  facet normal -1.000000e+000  0.000000e+000  -0.000000e+000
    outer loop
      vertex  9.750000e+002  1.862156e+003  2.059153e+003
      vertex  9.750000e+002  1.868848e+003  2.072795e+003
      vertex  9.750000e+002  1.876885e+003  2.085690e+003
    endloop
  endfacet
  facet normal -1.000000e+000  0.000000e+000  -0.000000e+000
    outer loop
      vertex  9.750000e+002  1.862156e+003  2.059153e+003
      vertex  9.750000e+002  1.876885e+003  2.085690e+003
      vertex  9.750000e+002  1.886186e+003  2.097706e+003
    endloop
  endfacet
  facet normal -1.000000e+000  0.000000e+000  -0.000000e+000
    outer loop
      vertex  9.750000e+002  1.862156e+003  2.059153e+003
      vertex  9.750000e+002  1.886186e+003  2.097706e+003
      vertex  9.750000e+002  1.896655e+003  2.108719e+003
    endloop
  endfacet
  facet normal -1.000000e+000  0.000000e+000  -0.000000e+000
    outer loop
      vertex  9.750000e+002  1.862156e+003  2.059153e+003
      vertex  9.750000e+002  1.896655e+003  2.108719e+003
      vertex  9.750000e+002  1.908184e+003  2.118616e+003
    endloop
  endfacet
  facet normal -1.000000e+000  0.000000e+000  -0.000000e+000
    outer loop
      vertex  9.750000e+002  1.862156e+003  2.059153e+003
      vertex  9.750000e+002  1.908184e+003  2.118616e+003
      vertex  9.750000e+002  1.920655e+003  2.127297e+003
    endloop
  endfacet
  facet normal -1.000000e+000  0.000000e+000  -0.000000e+000
    outer loop
      vertex  9.750000e+002  1.862156e+003  2.059153e+003
      vertex  9.750000e+002  1.920655e+003  2.127297e+003
      vertex  9.750000e+002  1.933941e+003  2.134671e+003
    endloop
  endfacet
  facet normal -1.000000e+000  0.000000e+000  -0.000000e+000
    outer loop
      vertex  9.750000e+002  1.862156e+003  2.059153e+003
      vertex  9.750000e+002  1.933941e+003  2.134671e+003
      vertex  9.750000e+002  1.947904e+003  2.140663e+003
    endloop
  endfacet
  facet normal -1.000000e+000  0.000000e+000  -0.000000e+000
    outer loop
      vertex  9.750000e+002  1.862156e+003  2.059153e+003
      vertex  9.750000e+002  1.947904e+003  2.140663e+003
      vertex  9.750000e+002  1.962402e+003  2.145212e+003
    endloop
  endfacet
  facet normal -1.000000e+000  0.000000e+000  0.000000e+000
    outer loop
      vertex  9.750000e+002  1.862156e+003  2.059153e+003
      vertex  9.750000e+002  1.962402e+003  2.145212e+003
      vertex  9.750000e+002  1.960000e+003  2.050000e+003
    endloop
  endfacet
  facet normal -1.000000e+000  -0.000000e+000  -0.000000e+000
    outer loop
      vertex  9.750000e+002  1.862156e+003  2.059153e+003
      vertex  9.750000e+002  1.960000e+003  2.050000e+003
      vertex  9.750000e+002  1.960000e+003  2.040000e+003
    endloop
  endfacet
  facet normal -1.000000e+000  0.000000e+000  0.000000e+000
    outer loop
      vertex  9.750000e+002  1.862156e+003  2.059153e+003
      vertex  9.750000e+002  1.960000e+003  2.040000e+003
      vertex  9.750000e+002  1.856879e+003  2.044904e+003
    endloop
  endfacet
  facet normal -1.000000e+000  0.000000e+000  -0.000000e+000
    outer loop
      vertex  9.750000e+002  1.960000e+003  2.050000e+003
      vertex  9.750000e+002  1.962402e+003  2.145212e+003
      vertex  9.750000e+002  1.977286e+003  2.148270e+003
    endloop
  endfacet
  facet normal -1.000000e+000  0.000000e+000  -0.000000e+000
    outer loop
      vertex  9.750000e+002  1.960000e+003  2.050000e+003
      vertex  9.750000e+002  1.977286e+003  2.148270e+003
      vertex  9.750000e+002  1.992403e+003  2.149807e+003
    endloop
  endfacet
  facet normal -1.000000e+000  0.000000e+000  -0.000000e+000
    outer loop
      vertex  9.750000e+002  1.960000e+003  2.050000e+003
      vertex  9.750000e+002  1.992403e+003  2.149807e+003
      vertex  9.750000e+002  2.007597e+003  2.149807e+003
    endloop
  endfacet
  facet normal -1.000000e+000  0.000000e+000  -0.000000e+000
    outer loop
      vertex  9.750000e+002  1.960000e+003  2.050000e+003
      vertex  9.750000e+002  2.007597e+003  2.149807e+003
      vertex  9.750000e+002  2.022714e+003  2.148270e+003
    endloop
  endfacet
  facet normal -9.999999e-001  0.000000e+000  -0.000000e+000
    outer loop
      vertex  9.750000e+002  1.960000e+003  2.050000e+003
      vertex  9.750000e+002  2.022714e+003  2.148270e+003
      vertex  9.750000e+002  2.037598e+003  2.145212e+003
    endloop
  endfacet
  facet normal -1.000000e+000  0.000000e+000  -0.000000e+000
    outer loop
      vertex  9.750000e+002  1.960000e+003  2.050000e+003
      vertex  9.750000e+002  2.037598e+003  2.145212e+003
      vertex  9.750000e+002  2.052096e+003  2.140663e+003
    endloop
  endfacet
  facet normal -1.000000e+000  0.000000e+000  0.000000e+000
    outer loop
      vertex  9.750000e+002  1.960000e+003  2.050000e+003
      vertex  9.750000e+002  2.052096e+003  2.140663e+003
      vertex  9.750000e+002  2.040000e+003  2.050000e+003
    endloop
  endfacet
  facet normal -9.999999e-001  0.000000e+000  -0.000000e+000
    outer loop
      vertex  9.750000e+002  2.040000e+003  2.050000e+003
      vertex  9.750000e+002  2.052096e+003  2.140663e+003
      vertex  9.750000e+002  2.066059e+003  2.134671e+003
    endloop
  endfacet
  facet normal -9.999999e-001  0.000000e+000  -0.000000e+000
    outer loop
      vertex  9.750000e+002  2.040000e+003  2.050000e+003
      vertex  9.750000e+002  2.066059e+003  2.134671e+003
      vertex  9.750000e+002  2.079344e+003  2.127297e+003
    endloop
  endfacet
  facet normal -1.000000e+000  0.000000e+000  -0.000000e+000
    outer loop
      vertex  9.750000e+002  2.040000e+003  2.050000e+003
      vertex  9.750000e+002  2.079344e+003  2.127297e+003
      vertex  9.750000e+002  2.091816e+003  2.118616e+003
    endloop
  endfacet
  facet normal -1.000000e+000  0.000000e+000  -0.000000e+000
    outer loop
      vertex  9.750000e+002  2.040000e+003  2.050000e+003
      vertex  9.750000e+002  2.091816e+003  2.118616e+003
      vertex  9.750000e+002  2.103345e+003  2.108719e+003
    endloop
  endfacet
  facet normal -1.000000e+000  0.000000e+000  -0.000000e+000
    outer loop
      vertex  9.750000e+002  2.040000e+003  2.050000e+003
      vertex  9.750000e+002  2.103345e+003  2.108719e+003
      vertex  9.750000e+002  2.113814e+003  2.097706e+003
    endloop
  endfacet
  facet normal -1.000000e+000  0.000000e+000  -0.000000e+000
    outer loop
      vertex  9.750000e+002  2.040000e+003  2.050000e+003
      vertex  9.750000e+002  2.113814e+003  2.097706e+003
      vertex  9.750000e+002  2.123115e+003  2.085690e+003
    endloop
  endfacet
  facet normal -1.000000e+000  0.000000e+000  -0.000000e+000
    outer loop
      vertex  9.750000e+002  2.040000e+003  2.050000e+003
      vertex  9.750000e+002  2.123115e+003  2.085690e+003
      vertex  9.750000e+002  2.131152e+003  2.072795e+003
    endloop
  endfacet
  facet normal -1.000000e+000  0.000000e+000  -0.000000e+000
    outer loop
      vertex  9.750000e+002  2.040000e+003  2.050000e+003
      vertex  9.750000e+002  2.131152e+003  2.072795e+003
      vertex  9.750000e+002  2.137844e+003  2.059153e+003
    endloop
  endfacet
  facet normal -1.000000e+000  0.000000e+000  -0.000000e+000
    outer loop
      vertex  9.750000e+002  2.040000e+003  2.050000e+003
      vertex  9.750000e+002  2.137844e+003  2.059153e+003
      vertex  9.750000e+002  2.143121e+003  2.044904e+003
    endloop
  endfacet
  facet normal -1.000000e+000  -0.000000e+000  0.000000e+000
    outer loop
      vertex  9.750000e+002  2.040000e+003  2.050000e+003
      vertex  9.750000e+002  2.143121e+003  2.044904e+003
      vertex  9.750000e+002  2.040000e+003  2.040000e+003
    endloop
  endfacet
  facet normal -1.000000e+000  0.000000e+000  -0.000000e+000
    outer loop
      vertex  9.750000e+002  1.850000e+003  2.000000e+003
      vertex  9.750000e+002  1.850770e+003  2.015175e+003
      vertex  9.750000e+002  1.850770e+003  1.984825e+003
    endloop
  endfacet
  facet normal -1.000000e+000  0.000000e+000  0.000000e+000
    outer loop
      vertex  9.750000e+002  1.850770e+003  1.984825e+003
      vertex  9.750000e+002  1.850770e+003  2.015175e+003
      vertex  9.750000e+002  1.853071e+003  2.030195e+003
    endloop
  endfacet
  facet normal -1.000000e+000  0.000000e+000  -0.000000e+000
    outer loop
      vertex  9.750000e+002  1.850770e+003  1.984825e+003
      vertex  9.750000e+002  1.853071e+003  2.030195e+003
      vertex  9.750000e+002  1.853071e+003  1.969805e+003
    endloop
  endfacet
  facet normal -1.000000e+000  0.000000e+000  0.000000e+000
    outer loop
      vertex  9.750000e+002  1.853071e+003  1.969805e+003
      vertex  9.750000e+002  1.853071e+003  2.030195e+003
      vertex  9.750000e+002  1.960000e+003  2.040000e+003
    endloop
  endfacet
  facet normal -1.000000e+000  0.000000e+000  -0.000000e+000
    outer loop
      vertex  9.750000e+002  1.853071e+003  1.969805e+003
      vertex  9.750000e+002  1.960000e+003  2.040000e+003
      vertex  9.750000e+002  1.960000e+003  1.960000e+003
    endloop
  endfacet
  facet normal -1.000000e+000  0.000000e+000  0.000000e+000
    outer loop
      vertex  9.750000e+002  1.960000e+003  1.960000e+003
      vertex  9.750000e+002  1.960000e+003  2.040000e+003
      vertex  9.750000e+002  2.040000e+003  2.040000e+003
    endloop
  endfacet
  facet normal -1.000000e+000  0.000000e+000  -0.000000e+000
    outer loop
      vertex  9.750000e+002  1.960000e+003  1.960000e+003
      vertex  9.750000e+002  2.040000e+003  2.040000e+003
      vertex  9.750000e+002  2.040000e+003  1.960000e+003
    endloop
  endfacet
  facet normal -1.000000e+000  0.000000e+000  0.000000e+000
    outer loop
      vertex  9.750000e+002  2.040000e+003  1.960000e+003
      vertex  9.750000e+002  2.040000e+003  2.040000e+003
      vertex  9.750000e+002  2.146929e+003  2.030195e+003
    endloop
  endfacet
  facet normal -1.000000e+000  0.000000e+000  -0.000000e+000
    outer loop
      vertex  9.750000e+002  2.040000e+003  1.960000e+003
      vertex  9.750000e+002  2.146929e+003  2.030195e+003
      vertex  9.750000e+002  2.146929e+003  1.969805e+003
    endloop
  endfacet
  facet normal -1.000000e+000  0.000000e+000  0.000000e+000
    outer loop
      vertex  9.750000e+002  2.146929e+003  1.969805e+003
      vertex  9.750000e+002  2.146929e+003  2.030195e+003
      vertex  9.750000e+002  2.149230e+003  2.015175e+003
    endloop
  endfacet
  facet normal -1.000000e+000  0.000000e+000  -0.000000e+000
    outer loop
      vertex  9.750000e+002  2.146929e+003  1.969805e+003
      vertex  9.750000e+002  2.149230e+003  2.015175e+003
      vertex  9.750000e+002  2.149230e+003  1.984825e+003
    endloop
  endfacet
  facet normal  0.000000e+000  9.927092e-001 -1.205340e-001
    outer loop
      vertex  1.000000e+003  2.025000e+003  2.000000e+003
      vertex  1.035000e+003  2.025000e+003  2.000000e+003
      vertex  1.000000e+003  2.024274e+003  1.994017e+003
    endloop
  endfacet
  facet normal  0.000000e+000  9.927092e-001 -1.205340e-001
    outer loop
      vertex  1.000000e+003  2.024274e+003  1.994017e+003
      vertex  1.035000e+003  2.025000e+003  2.000000e+003
      vertex  1.035000e+003  2.024274e+003  1.994017e+003
    endloop
  endfacet
  facet normal  0.000000e+000  9.350116e-001 -3.546170e-001
    outer loop
      vertex  1.000000e+003  2.024274e+003  1.994017e+003
      vertex  1.035000e+003  2.024274e+003  1.994017e+003
      vertex  1.000000e+003  2.022136e+003  1.988382e+003
    endloop
  endfacet
  facet normal  0.000000e+000  9.350116e-001 -3.546170e-001
    outer loop
      vertex  1.000000e+003  2.022136e+003  1.988382e+003
      vertex  1.035000e+003  2.024274e+003  1.994017e+003
      vertex  1.035000e+003  2.022136e+003  1.988382e+003
    endloop
  endfacet
  facet normal  0.000000e+000  8.229927e-001 -5.680519e-001
    outer loop
      vertex  1.000000e+003  2.022136e+003  1.988382e+003
      vertex  1.035000e+003  2.022136e+003  1.988382e+003
      vertex  1.000000e+003  2.018713e+003  1.983422e+003
    endloop
  endfacet
  facet normal  0.000000e+000  8.229927e-001 -5.680519e-001
    outer loop
      vertex  1.000000e+003  2.018713e+003  1.983422e+003
      vertex  1.035000e+003  2.022136e+003  1.988382e+003
      vertex  1.035000e+003  2.018713e+003  1.983422e+003
    endloop
  endfacet
  facet normal  0.000000e+000  6.631196e-001 -7.485135e-001
    outer loop
      vertex  1.000000e+003  2.018713e+003  1.983422e+003
      vertex  1.035000e+003  2.018713e+003  1.983422e+003
      vertex  1.000000e+003  2.014202e+003  1.979425e+003
    endloop
  endfacet
  facet normal  0.000000e+000  6.631196e-001 -7.485135e-001
    outer loop
      vertex  1.000000e+003  2.014202e+003  1.979425e+003
      vertex  1.035000e+003  2.018713e+003  1.983422e+003
      vertex  1.035000e+003  2.014202e+003  1.979425e+003
    endloop
  endfacet
  facet normal  0.000000e+000  4.647160e-001 -8.854598e-001
    outer loop
      vertex  1.000000e+003  2.014202e+003  1.979425e+003
      vertex  1.035000e+003  2.014202e+003  1.979425e+003
      vertex  1.000000e+003  2.008865e+003  1.976625e+003
    endloop
  endfacet
  facet normal  0.000000e+000  4.647160e-001 -8.854598e-001
    outer loop
      vertex  1.000000e+003  2.008865e+003  1.976625e+003
      vertex  1.035000e+003  2.014202e+003  1.979425e+003
      vertex  1.035000e+003  2.008865e+003  1.976625e+003
    endloop
  endfacet
  facet normal  0.000000e+000  2.393269e-001 -9.709390e-001
    outer loop
      vertex  1.000000e+003  2.008865e+003  1.976625e+003
      vertex  1.035000e+003  2.008865e+003  1.976625e+003
      vertex  1.000000e+003  2.003013e+003  1.975182e+003
    endloop
  endfacet
  facet normal  0.000000e+000  2.393269e-001 -9.709390e-001
    outer loop
      vertex  1.000000e+003  2.003013e+003  1.975182e+003
      vertex  1.035000e+003  2.008865e+003  1.976625e+003
      vertex  1.035000e+003  2.003013e+003  1.975182e+003
    endloop
  endfacet
  facet normal  -0.000000e+000  0.000000e+000 -9.999999e-001
    outer loop
      vertex  1.000000e+003  2.003013e+003  1.975182e+003
      vertex  1.035000e+003  2.003013e+003  1.975182e+003
      vertex  1.000000e+003  1.996987e+003  1.975182e+003
    endloop
  endfacet
  facet normal  0.000000e+000  0.000000e+000 -9.999999e-001
    outer loop
      vertex  1.000000e+003  1.996987e+003  1.975182e+003
      vertex  1.035000e+003  2.003013e+003  1.975182e+003
      vertex  1.035000e+003  1.996987e+003  1.975182e+003
    endloop
  endfacet
  facet normal  -0.000000e+000 -2.393269e-001 -9.709390e-001
    outer loop
      vertex  1.000000e+003  1.996987e+003  1.975182e+003
      vertex  1.035000e+003  1.996987e+003  1.975182e+003
      vertex  1.000000e+003  1.991135e+003  1.976625e+003
    endloop
  endfacet
  facet normal  0.000000e+000 -2.393269e-001 -9.709390e-001
    outer loop
      vertex  1.000000e+003  1.991135e+003  1.976625e+003
      vertex  1.035000e+003  1.996987e+003  1.975182e+003
      vertex  1.035000e+003  1.991135e+003  1.976625e+003
    endloop
  endfacet
  facet normal  -0.000000e+000 -4.647160e-001 -8.854598e-001
    outer loop
      vertex  1.000000e+003  1.991135e+003  1.976625e+003
      vertex  1.035000e+003  1.991135e+003  1.976625e+003
      vertex  1.000000e+003  1.985798e+003  1.979425e+003
    endloop
  endfacet
  facet normal  0.000000e+000 -4.647160e-001 -8.854598e-001
    outer loop
      vertex  1.000000e+003  1.985798e+003  1.979425e+003
      vertex  1.035000e+003  1.991135e+003  1.976625e+003
      vertex  1.035000e+003  1.985798e+003  1.979425e+003
    endloop
  endfacet
  facet normal  -0.000000e+000 -6.631196e-001 -7.485135e-001
    outer loop
      vertex  1.000000e+003  1.985798e+003  1.979425e+003
      vertex  1.035000e+003  1.985798e+003  1.979425e+003
      vertex  1.000000e+003  1.981287e+003  1.983422e+003
    endloop
  endfacet
  facet normal  0.000000e+000 -6.631196e-001 -7.485135e-001
    outer loop
      vertex  1.000000e+003  1.981287e+003  1.983422e+003
      vertex  1.035000e+003  1.985798e+003  1.979425e+003
      vertex  1.035000e+003  1.981287e+003  1.983422e+003
    endloop
  endfacet
  facet normal  -0.000000e+000 -8.229927e-001 -5.680519e-001
    outer loop
      vertex  1.000000e+003  1.981287e+003  1.983422e+003
      vertex  1.035000e+003  1.981287e+003  1.983422e+003
      vertex  1.000000e+003  1.977864e+003  1.988382e+003
    endloop
  endfacet
  facet normal  0.000000e+000 -8.229927e-001 -5.680519e-001
    outer loop
      vertex  1.000000e+003  1.977864e+003  1.988382e+003
      vertex  1.035000e+003  1.981287e+003  1.983422e+003
      vertex  1.035000e+003  1.977864e+003  1.988382e+003
    endloop
  endfacet
  facet normal  -0.000000e+000 -9.350116e-001 -3.546170e-001
    outer loop
      vertex  1.000000e+003  1.977864e+003  1.988382e+003
      vertex  1.035000e+003  1.977864e+003  1.988382e+003
      vertex  1.000000e+003  1.975726e+003  1.994017e+003
    endloop
  endfacet
  facet normal  0.000000e+000 -9.350116e-001 -3.546170e-001
    outer loop
      vertex  1.000000e+003  1.975726e+003  1.994017e+003
      vertex  1.035000e+003  1.977864e+003  1.988382e+003
      vertex  1.035000e+003  1.975726e+003  1.994017e+003
    endloop
  endfacet
  facet normal  -0.000000e+000 -9.927092e-001 -1.205340e-001
    outer loop
      vertex  1.000000e+003  1.975726e+003  1.994017e+003
      vertex  1.035000e+003  1.975726e+003  1.994017e+003
      vertex  1.000000e+003  1.975000e+003  2.000000e+003
    endloop
  endfacet
  facet normal  0.000000e+000 -9.927092e-001 -1.205340e-001
    outer loop
      vertex  1.000000e+003  1.975000e+003  2.000000e+003
      vertex  1.035000e+003  1.975726e+003  1.994017e+003
      vertex  1.035000e+003  1.975000e+003  2.000000e+003
    endloop
  endfacet
  facet normal  0.000000e+000 -9.927092e-001  1.205340e-001
    outer loop
      vertex  1.000000e+003  1.975000e+003  2.000000e+003
      vertex  1.035000e+003  1.975000e+003  2.000000e+003
      vertex  1.000000e+003  1.975726e+003  2.005983e+003
    endloop
  endfacet
  facet normal  0.000000e+000 -9.927092e-001  1.205340e-001
    outer loop
      vertex  1.000000e+003  1.975726e+003  2.005983e+003
      vertex  1.035000e+003  1.975000e+003  2.000000e+003
      vertex  1.035000e+003  1.975726e+003  2.005983e+003
    endloop
  endfacet
  facet normal  0.000000e+000 -9.350116e-001  3.546170e-001
    outer loop
      vertex  1.000000e+003  1.975726e+003  2.005983e+003
      vertex  1.035000e+003  1.975726e+003  2.005983e+003
      vertex  1.000000e+003  1.977864e+003  2.011618e+003
    endloop
  endfacet
  facet normal  0.000000e+000 -9.350116e-001  3.546170e-001
    outer loop
      vertex  1.000000e+003  1.977864e+003  2.011618e+003
      vertex  1.035000e+003  1.975726e+003  2.005983e+003
      vertex  1.035000e+003  1.977864e+003  2.011618e+003
    endloop
  endfacet
  facet normal  0.000000e+000 -8.229927e-001  5.680519e-001
    outer loop
      vertex  1.000000e+003  1.977864e+003  2.011618e+003
      vertex  1.035000e+003  1.977864e+003  2.011618e+003
      vertex  1.000000e+003  1.981287e+003  2.016578e+003
    endloop
  endfacet
  facet normal  0.000000e+000 -8.229927e-001  5.680519e-001
    outer loop
      vertex  1.000000e+003  1.981287e+003  2.016578e+003
      vertex  1.035000e+003  1.977864e+003  2.011618e+003
      vertex  1.035000e+003  1.981287e+003  2.016578e+003
    endloop
  endfacet
  facet normal  0.000000e+000 -6.631196e-001  7.485135e-001
    outer loop
      vertex  1.000000e+003  1.981287e+003  2.016578e+003
      vertex  1.035000e+003  1.981287e+003  2.016578e+003
      vertex  1.000000e+003  1.985798e+003  2.020575e+003
    endloop
  endfacet
  facet normal  0.000000e+000 -6.631196e-001  7.485135e-001
    outer loop
      vertex  1.000000e+003  1.985798e+003  2.020575e+003
      vertex  1.035000e+003  1.981287e+003  2.016578e+003
      vertex  1.035000e+003  1.985798e+003  2.020575e+003
    endloop
  endfacet
  facet normal  0.000000e+000 -4.647160e-001  8.854598e-001
    outer loop
      vertex  1.000000e+003  1.985798e+003  2.020575e+003
      vertex  1.035000e+003  1.985798e+003  2.020575e+003
      vertex  1.000000e+003  1.991135e+003  2.023375e+003
    endloop
  endfacet
  facet normal  0.000000e+000 -4.647160e-001  8.854598e-001
    outer loop
      vertex  1.000000e+003  1.991135e+003  2.023375e+003
      vertex  1.035000e+003  1.985798e+003  2.020575e+003
      vertex  1.035000e+003  1.991135e+003  2.023375e+003
    endloop
  endfacet
  facet normal  0.000000e+000 -2.393269e-001  9.709390e-001
    outer loop
      vertex  1.000000e+003  1.991135e+003  2.023375e+003
      vertex  1.035000e+003  1.991135e+003  2.023375e+003
      vertex  1.000000e+003  1.996987e+003  2.024818e+003
    endloop
  endfacet
  facet normal  0.000000e+000 -2.393269e-001  9.709390e-001
    outer loop
      vertex  1.000000e+003  1.996987e+003  2.024818e+003
      vertex  1.035000e+003  1.991135e+003  2.023375e+003
      vertex  1.035000e+003  1.996987e+003  2.024818e+003
    endloop
  endfacet
  facet normal  0.000000e+000  0.000000e+000  9.999999e-001
    outer loop
      vertex  1.000000e+003  1.996987e+003  2.024818e+003
      vertex  1.035000e+003  1.996987e+003  2.024818e+003
      vertex  1.000000e+003  2.003013e+003  2.024818e+003
    endloop
  endfacet
  facet normal  -0.000000e+000  0.000000e+000  9.999999e-001
    outer loop
      vertex  1.000000e+003  2.003013e+003  2.024818e+003
      vertex  1.035000e+003  1.996987e+003  2.024818e+003
      vertex  1.035000e+003  2.003013e+003  2.024818e+003
    endloop
  endfacet
  facet normal  0.000000e+000  2.393269e-001  9.709390e-001
    outer loop
      vertex  1.000000e+003  2.003013e+003  2.024818e+003
      vertex  1.035000e+003  2.003013e+003  2.024818e+003
      vertex  1.000000e+003  2.008865e+003  2.023375e+003
    endloop
  endfacet
  facet normal  -0.000000e+000  2.393269e-001  9.709390e-001
    outer loop
      vertex  1.000000e+003  2.008865e+003  2.023375e+003
      vertex  1.035000e+003  2.003013e+003  2.024818e+003
      vertex  1.035000e+003  2.008865e+003  2.023375e+003
    endloop
  endfacet
  facet normal  0.000000e+000  4.647160e-001  8.854598e-001
    outer loop
      vertex  1.000000e+003  2.008865e+003  2.023375e+003
      vertex  1.035000e+003  2.008865e+003  2.023375e+003
      vertex  1.000000e+003  2.014202e+003  2.020575e+003
    endloop
  endfacet
  facet normal  -0.000000e+000  4.647160e-001  8.854598e-001
    outer loop
      vertex  1.000000e+003  2.014202e+003  2.020575e+003
      vertex  1.035000e+003  2.008865e+003  2.023375e+003
      vertex  1.035000e+003  2.014202e+003  2.020575e+003
    endloop
  endfacet
  facet normal  0.000000e+000  6.631196e-001  7.485135e-001
    outer loop
      vertex  1.000000e+003  2.014202e+003  2.020575e+003
      vertex  1.035000e+003  2.014202e+003  2.020575e+003
      vertex  1.000000e+003  2.018713e+003  2.016578e+003
    endloop
  endfacet
  facet normal  -0.000000e+000  6.631196e-001  7.485135e-001
    outer loop
      vertex  1.000000e+003  2.018713e+003  2.016578e+003
      vertex  1.035000e+003  2.014202e+003  2.020575e+003
      vertex  1.035000e+003  2.018713e+003  2.016578e+003
    endloop
  endfacet
  facet normal  0.000000e+000  8.229927e-001  5.680519e-001
    outer loop
      vertex  1.000000e+003  2.018713e+003  2.016578e+003
      vertex  1.035000e+003  2.018713e+003  2.016578e+003
      vertex  1.000000e+003  2.022136e+003  2.011618e+003
    endloop
  endfacet
  facet normal  -0.000000e+000  8.229927e-001  5.680519e-001
    outer loop
      vertex  1.000000e+003  2.022136e+003  2.011618e+003
      vertex  1.035000e+003  2.018713e+003  2.016578e+003
      vertex  1.035000e+003  2.022136e+003  2.011618e+003
    endloop
  endfacet
  facet normal  0.000000e+000  9.350116e-001  3.546170e-001
    outer loop
      vertex  1.000000e+003  2.022136e+003  2.011618e+003
      vertex  1.035000e+003  2.022136e+003  2.011618e+003
      vertex  1.000000e+003  2.024274e+003  2.005983e+003
    endloop
  endfacet
  facet normal  -0.000000e+000  9.350116e-001  3.546170e-001
    outer loop
      vertex  1.000000e+003  2.024274e+003  2.005983e+003
      vertex  1.035000e+003  2.022136e+003  2.011618e+003
      vertex  1.035000e+003  2.024274e+003  2.005983e+003
    endloop
  endfacet
  facet normal  0.000000e+000  9.927092e-001  1.205340e-001
    outer loop
      vertex  1.000000e+003  2.024274e+003  2.005983e+003
      vertex  1.035000e+003  2.024274e+003  2.005983e+003
      vertex  1.000000e+003  2.025000e+003  2.000000e+003
    endloop
  endfacet
  facet normal  -0.000000e+000  9.927092e-001  1.205340e-001
    outer loop
      vertex  1.000000e+003  2.025000e+003  2.000000e+003
      vertex  1.035000e+003  2.024274e+003  2.005983e+003
      vertex  1.035000e+003  2.025000e+003  2.000000e+003
    endloop
  endfacet
  facet normal  0.000000e+000  9.987167e-001 -5.064441e-002
    outer loop
      vertex  9.750000e+002  2.150000e+003  2.000000e+003
      vertex  1.000000e+003  2.150000e+003  2.000000e+003
      vertex  9.750000e+002  2.149230e+003  1.984825e+003
    endloop
  endfacet
  facet normal  0.000000e+000  9.987167e-001 -5.064441e-002
    outer loop
      vertex  9.750000e+002  2.149230e+003  1.984825e+003
      vertex  1.000000e+003  2.150000e+003  2.000000e+003
      vertex  1.000000e+003  2.149230e+003  1.984825e+003
    endloop
  endfacet
  facet normal  0.000000e+000  9.884672e-001 -1.514354e-001
    outer loop
      vertex  9.750000e+002  2.149230e+003  1.984825e+003
      vertex  1.000000e+003  2.149230e+003  1.984825e+003
      vertex  9.750000e+002  2.146929e+003  1.969805e+003
    endloop
  endfacet
  facet normal  0.000000e+000  9.884672e-001 -1.514354e-001
    outer loop
      vertex  9.750000e+002  2.146929e+003  1.969805e+003
      vertex  1.000000e+003  2.149230e+003  1.984825e+003
      vertex  1.000000e+003  2.146929e+003  1.969805e+003
    endloop
  endfacet
  facet normal  0.000000e+000  9.680769e-001 -2.506535e-001
    outer loop
      vertex  9.750000e+002  2.146929e+003  1.969805e+003
      vertex  1.000000e+003  2.146929e+003  1.969805e+003
      vertex  9.750000e+002  2.143121e+003  1.955096e+003
    endloop
  endfacet
  facet normal  0.000000e+000  9.680769e-001 -2.506535e-001
    outer loop
      vertex  9.750000e+002  2.143121e+003  1.955096e+003
      vertex  1.000000e+003  2.146929e+003  1.969805e+003
      vertex  1.000000e+003  2.143121e+003  1.955096e+003
    endloop
  endfacet
  facet normal  0.000000e+000  9.377546e-001 -3.472987e-001
    outer loop
      vertex  9.750000e+002  2.143121e+003  1.955096e+003
      vertex  1.000000e+003  2.143121e+003  1.955096e+003
      vertex  9.750000e+002  2.137844e+003  1.940847e+003
    endloop
  endfacet
  facet normal  0.000000e+000  9.377546e-001 -3.472987e-001
    outer loop
      vertex  9.750000e+002  2.137844e+003  1.940847e+003
      vertex  1.000000e+003  2.143121e+003  1.955096e+003
      vertex  1.000000e+003  2.137844e+003  1.940847e+003
    endloop
  endfacet
  facet normal  0.000000e+000  8.978059e-001 -4.403913e-001
    outer loop
      vertex  9.750000e+002  2.137844e+003  1.940847e+003
      vertex  1.000000e+003  2.137844e+003  1.940847e+003
      vertex  9.750000e+002  2.131152e+003  1.927205e+003
    endloop
  endfacet
  facet normal  0.000000e+000  8.978059e-001 -4.403913e-001
    outer loop
      vertex  9.750000e+002  2.131152e+003  1.927205e+003
      vertex  1.000000e+003  2.137844e+003  1.940847e+003
      vertex  1.000000e+003  2.131152e+003  1.927205e+003
    endloop
  endfacet
  facet normal  0.000000e+000  8.486399e-001 -5.289710e-001
    outer loop
      vertex  9.750000e+002  2.131152e+003  1.927205e+003
      vertex  1.000000e+003  2.131152e+003  1.927205e+003
      vertex  9.750000e+002  2.123115e+003  1.914310e+003
    endloop
  endfacet
  facet normal  0.000000e+000  8.486399e-001 -5.289710e-001
    outer loop
      vertex  9.750000e+002  2.123115e+003  1.914310e+003
      vertex  1.000000e+003  2.131152e+003  1.927205e+003
      vertex  1.000000e+003  2.123115e+003  1.914310e+003
    endloop
  endfacet
  facet normal  0.000000e+000  7.907789e-001 -6.121019e-001
    outer loop
      vertex  9.750000e+002  2.123115e+003  1.914310e+003
      vertex  1.000000e+003  2.123115e+003  1.914310e+003
      vertex  9.750000e+002  2.113814e+003  1.902294e+003
    endloop
  endfacet
  facet normal  0.000000e+000  7.907789e-001 -6.121019e-001
    outer loop
      vertex  9.750000e+002  2.113814e+003  1.902294e+003
      vertex  1.000000e+003  2.123115e+003  1.914310e+003
      vertex  1.000000e+003  2.113814e+003  1.902294e+003
    endloop
  endfacet
  facet normal  0.000000e+000  7.247872e-001 -6.889728e-001
    outer loop
      vertex  9.750000e+002  2.113814e+003  1.902294e+003
      vertex  1.000000e+003  2.113814e+003  1.902294e+003
      vertex  9.750000e+002  2.103345e+003  1.891281e+003
    endloop
  endfacet
  facet normal  0.000000e+000  7.247872e-001 -6.889728e-001
    outer loop
      vertex  9.750000e+002  2.103345e+003  1.891281e+003
      vertex  1.000000e+003  2.113814e+003  1.902294e+003
      vertex  1.000000e+003  2.103345e+003  1.891281e+003
    endloop
  endfacet
  facet normal  0.000000e+000  6.513761e-001 -7.587551e-001
    outer loop
      vertex  9.750000e+002  2.103345e+003  1.891281e+003
      vertex  1.000000e+003  2.103345e+003  1.891281e+003
      vertex  9.750000e+002  2.091816e+003  1.881384e+003
    endloop
  endfacet
  facet normal  0.000000e+000  6.513761e-001 -7.587551e-001
    outer loop
      vertex  9.750000e+002  2.091816e+003  1.881384e+003
      vertex  1.000000e+003  2.103345e+003  1.891281e+003
      vertex  1.000000e+003  2.091816e+003  1.881384e+003
    endloop
  endfacet
  facet normal  0.000000e+000  5.712647e-001 -8.207658e-001
    outer loop
      vertex  9.750000e+002  2.091816e+003  1.881384e+003
      vertex  1.000000e+003  2.091816e+003  1.881384e+003
      vertex  9.750000e+002  2.079344e+003  1.872703e+003
    endloop
  endfacet
  facet normal  0.000000e+000  5.712647e-001 -8.207658e-001
    outer loop
      vertex  9.750000e+002  2.079344e+003  1.872703e+003
      vertex  1.000000e+003  2.091816e+003  1.881384e+003
      vertex  1.000000e+003  2.079344e+003  1.872703e+003
    endloop
  endfacet
  facet normal  0.000000e+000  4.853032e-001 -8.743459e-001
    outer loop
      vertex  9.750000e+002  2.079344e+003  1.872703e+003
      vertex  1.000000e+003  2.079344e+003  1.872703e+003
      vertex  9.750000e+002  2.066059e+003  1.865329e+003
    endloop
  endfacet
  facet normal  0.000000e+000  4.853032e-001 -8.743459e-001
    outer loop
      vertex  9.750000e+002  2.066059e+003  1.865329e+003
      vertex  1.000000e+003  2.079344e+003  1.872703e+003
      vertex  1.000000e+003  2.066059e+003  1.865329e+003
    endloop
  endfacet
  facet normal  0.000000e+000  3.943575e-001 -9.189571e-001
    outer loop
      vertex  9.750000e+002  2.066059e+003  1.865329e+003
      vertex  1.000000e+003  2.066059e+003  1.865329e+003
      vertex  9.750000e+002  2.052096e+003  1.859337e+003
    endloop
  endfacet
  facet normal  0.000000e+000  3.943575e-001 -9.189571e-001
    outer loop
      vertex  9.750000e+002  2.052096e+003  1.859337e+003
      vertex  1.000000e+003  2.066059e+003  1.865329e+003
      vertex  1.000000e+003  2.052096e+003  1.859337e+003
    endloop
  endfacet
  facet normal  0.000000e+000  2.993626e-001 -9.541394e-001
    outer loop
      vertex  9.750000e+002  2.052096e+003  1.859337e+003
      vertex  1.000000e+003  2.052096e+003  1.859337e+003
      vertex  9.750000e+002  2.037598e+003  1.854788e+003
    endloop
  endfacet
  facet normal  0.000000e+000  2.993626e-001 -9.541394e-001
    outer loop
      vertex  9.750000e+002  2.037598e+003  1.854788e+003
      vertex  1.000000e+003  2.052096e+003  1.859337e+003
      vertex  1.000000e+003  2.037598e+003  1.854788e+003
    endloop
  endfacet
  facet normal  0.000000e+000  2.012997e-001 -9.795296e-001
    outer loop
      vertex  9.750000e+002  2.037598e+003  1.854788e+003
      vertex  1.000000e+003  2.037598e+003  1.854788e+003
      vertex  9.750000e+002  2.022714e+003  1.851730e+003
    endloop
  endfacet
  facet normal  0.000000e+000  2.012997e-001 -9.795296e-001
    outer loop
      vertex  9.750000e+002  2.022714e+003  1.851730e+003
      vertex  1.000000e+003  2.037598e+003  1.854788e+003
      vertex  1.000000e+003  2.022714e+003  1.851730e+003
    endloop
  endfacet
  facet normal  0.000000e+000  1.011692e-001 -9.948692e-001
    outer loop
      vertex  9.750000e+002  2.022714e+003  1.851730e+003
      vertex  1.000000e+003  2.022714e+003  1.851730e+003
      vertex  9.750000e+002  2.007597e+003  1.850193e+003
    endloop
  endfacet
  facet normal  0.000000e+000  1.011692e-001 -9.948692e-001
    outer loop
      vertex  9.750000e+002  2.007597e+003  1.850193e+003
      vertex  1.000000e+003  2.022714e+003  1.851730e+003
      vertex  1.000000e+003  2.007597e+003  1.850193e+003
    endloop
  endfacet
  facet normal  -0.000000e+000  0.000000e+000 -9.999999e-001
    outer loop
      vertex  9.750000e+002  2.007597e+003  1.850193e+003
      vertex  1.000000e+003  2.007597e+003  1.850193e+003
      vertex  9.750000e+002  1.992403e+003  1.850193e+003
    endloop
  endfacet
  facet normal  0.000000e+000  0.000000e+000 -9.999999e-001
    outer loop
      vertex  9.750000e+002  1.992403e+003  1.850193e+003
      vertex  1.000000e+003  2.007597e+003  1.850193e+003
      vertex  1.000000e+003  1.992403e+003  1.850193e+003
    endloop
  endfacet
  facet normal  -0.000000e+000 -1.011692e-001 -9.948692e-001
    outer loop
      vertex  9.750000e+002  1.992403e+003  1.850193e+003
      vertex  1.000000e+003  1.992403e+003  1.850193e+003
      vertex  9.750000e+002  1.977286e+003  1.851730e+003
    endloop
  endfacet
  facet normal  0.000000e+000 -1.011692e-001 -9.948692e-001
    outer loop
      vertex  9.750000e+002  1.977286e+003  1.851730e+003
      vertex  1.000000e+003  1.992403e+003  1.850193e+003
      vertex  1.000000e+003  1.977286e+003  1.851730e+003
    endloop
  endfacet
  facet normal  -0.000000e+000 -2.012997e-001 -9.795296e-001
    outer loop
      vertex  9.750000e+002  1.977286e+003  1.851730e+003
      vertex  1.000000e+003  1.977286e+003  1.851730e+003
      vertex  9.750000e+002  1.962402e+003  1.854788e+003
    endloop
  endfacet
  facet normal  0.000000e+000 -2.012997e-001 -9.795296e-001
    outer loop
      vertex  9.750000e+002  1.962402e+003  1.854788e+003
      vertex  1.000000e+003  1.977286e+003  1.851730e+003
      vertex  1.000000e+003  1.962402e+003  1.854788e+003
    endloop
  endfacet
  facet normal  -0.000000e+000 -2.993603e-001 -9.541401e-001
    outer loop
      vertex  9.750000e+002  1.962402e+003  1.854788e+003
      vertex  1.000000e+003  1.962402e+003  1.854788e+003
      vertex  9.750000e+002  1.947904e+003  1.859337e+003
    endloop
  endfacet
  facet normal  0.000000e+000 -2.993603e-001 -9.541401e-001
    outer loop
      vertex  9.750000e+002  1.947904e+003  1.859337e+003
      vertex  1.000000e+003  1.962402e+003  1.854788e+003
      vertex  1.000000e+003  1.947904e+003  1.859337e+003
    endloop
  endfacet
  facet normal  -0.000000e+000 -3.943604e-001 -9.189558e-001
    outer loop
      vertex  9.750000e+002  1.947904e+003  1.859337e+003
      vertex  1.000000e+003  1.947904e+003  1.859337e+003
      vertex  9.750000e+002  1.933941e+003  1.865329e+003
    endloop
  endfacet
  facet normal  0.000000e+000 -3.943604e-001 -9.189558e-001
    outer loop
      vertex  9.750000e+002  1.933941e+003  1.865329e+003
      vertex  1.000000e+003  1.947904e+003  1.859337e+003
      vertex  1.000000e+003  1.933941e+003  1.865329e+003
    endloop
  endfacet
  facet normal  -0.000000e+000 -4.852998e-001 -8.743479e-001
    outer loop
      vertex  9.750000e+002  1.933941e+003  1.865329e+003
      vertex  1.000000e+003  1.933941e+003  1.865329e+003
      vertex  9.750000e+002  1.920655e+003  1.872703e+003
    endloop
  endfacet
  facet normal  0.000000e+000 -4.852998e-001 -8.743479e-001
    outer loop
      vertex  9.750000e+002  1.920655e+003  1.872703e+003
      vertex  1.000000e+003  1.933941e+003  1.865329e+003
      vertex  1.000000e+003  1.920655e+003  1.872703e+003
    endloop
  endfacet
  facet normal  -0.000000e+000 -5.712686e-001 -8.207632e-001
    outer loop
      vertex  9.750000e+002  1.920655e+003  1.872703e+003
      vertex  1.000000e+003  1.920655e+003  1.872703e+003
      vertex  9.750000e+002  1.908184e+003  1.881384e+003
    endloop
  endfacet
  facet normal  0.000000e+000 -5.712686e-001 -8.207632e-001
    outer loop
      vertex  9.750000e+002  1.908184e+003  1.881384e+003
      vertex  1.000000e+003  1.920655e+003  1.872703e+003
      vertex  1.000000e+003  1.908184e+003  1.881384e+003
    endloop
  endfacet
  facet normal  -0.000000e+000 -6.513721e-001 -7.587585e-001
    outer loop
      vertex  9.750000e+002  1.908184e+003  1.881384e+003
      vertex  1.000000e+003  1.908184e+003  1.881384e+003
      vertex  9.750000e+002  1.896655e+003  1.891281e+003
    endloop
  endfacet
  facet normal  0.000000e+000 -6.513721e-001 -7.587585e-001
    outer loop
      vertex  9.750000e+002  1.896655e+003  1.891281e+003
      vertex  1.000000e+003  1.908184e+003  1.881384e+003
      vertex  1.000000e+003  1.896655e+003  1.891281e+003
    endloop
  endfacet
  facet normal  -0.000000e+000 -7.247912e-001 -6.889685e-001
    outer loop
      vertex  9.750000e+002  1.896655e+003  1.891281e+003
      vertex  1.000000e+003  1.896655e+003  1.891281e+003
      vertex  9.750000e+002  1.886186e+003  1.902294e+003
    endloop
  endfacet
  facet normal  0.000000e+000 -7.247912e-001 -6.889685e-001
    outer loop
      vertex  9.750000e+002  1.886186e+003  1.902294e+003
      vertex  1.000000e+003  1.896655e+003  1.891281e+003
      vertex  1.000000e+003  1.886186e+003  1.902294e+003
    endloop
  endfacet
  facet normal  -0.000000e+000 -7.907789e-001 -6.121019e-001
    outer loop
      vertex  9.750000e+002  1.886186e+003  1.902294e+003
      vertex  1.000000e+003  1.886186e+003  1.902294e+003
      vertex  9.750000e+002  1.876885e+003  1.914310e+003
    endloop
  endfacet
  facet normal  0.000000e+000 -7.907789e-001 -6.121019e-001
    outer loop
      vertex  9.750000e+002  1.876885e+003  1.914310e+003
      vertex  1.000000e+003  1.886186e+003  1.902294e+003
      vertex  1.000000e+003  1.876885e+003  1.914310e+003
    endloop
  endfacet
  facet normal  -0.000000e+000 -8.486435e-001 -5.289651e-001
    outer loop
      vertex  9.750000e+002  1.876885e+003  1.914310e+003
      vertex  1.000000e+003  1.876885e+003  1.914310e+003
      vertex  9.750000e+002  1.868848e+003  1.927205e+003
    endloop
  endfacet
  facet normal  0.000000e+000 -8.486435e-001 -5.289651e-001
    outer loop
      vertex  9.750000e+002  1.868848e+003  1.927205e+003
      vertex  1.000000e+003  1.876885e+003  1.914310e+003
      vertex  1.000000e+003  1.868848e+003  1.927205e+003
    endloop
  endfacet
  facet normal  -0.000000e+000 -8.978059e-001 -4.403913e-001
    outer loop
      vertex  9.750000e+002  1.868848e+003  1.927205e+003
      vertex  1.000000e+003  1.868848e+003  1.927205e+003
      vertex  9.750000e+002  1.862156e+003  1.940847e+003
    endloop
  endfacet
  facet normal  0.000000e+000 -8.978059e-001 -4.403913e-001
    outer loop
      vertex  9.750000e+002  1.862156e+003  1.940847e+003
      vertex  1.000000e+003  1.868848e+003  1.927205e+003
      vertex  1.000000e+003  1.862156e+003  1.940847e+003
    endloop
  endfacet
  facet normal  -0.000000e+000 -9.377519e-001 -3.473057e-001
    outer loop
      vertex  9.750000e+002  1.862156e+003  1.940847e+003
      vertex  1.000000e+003  1.862156e+003  1.940847e+003
      vertex  9.750000e+002  1.856879e+003  1.955096e+003
    endloop
  endfacet
  facet normal  0.000000e+000 -9.377519e-001 -3.473057e-001
    outer loop
      vertex  9.750000e+002  1.856879e+003  1.955096e+003
      vertex  1.000000e+003  1.862156e+003  1.940847e+003
      vertex  1.000000e+003  1.856879e+003  1.955096e+003
    endloop
  endfacet
  facet normal  -0.000000e+000 -9.680769e-001 -2.506535e-001
    outer loop
      vertex  9.750000e+002  1.856879e+003  1.955096e+003
      vertex  1.000000e+003  1.856879e+003  1.955096e+003
      vertex  9.750000e+002  1.853071e+003  1.969805e+003
    endloop
  endfacet
  facet normal  0.000000e+000 -9.680769e-001 -2.506535e-001
    outer loop
      vertex  9.750000e+002  1.853071e+003  1.969805e+003
      vertex  1.000000e+003  1.856879e+003  1.955096e+003
      vertex  1.000000e+003  1.853071e+003  1.969805e+003
    endloop
  endfacet
  facet normal  -0.000000e+000 -9.884684e-001 -1.514275e-001
    outer loop
      vertex  9.750000e+002  1.853071e+003  1.969805e+003
      vertex  1.000000e+003  1.853071e+003  1.969805e+003
      vertex  9.750000e+002  1.850770e+003  1.984825e+003
    endloop
  endfacet
  facet normal  0.000000e+000 -9.884684e-001 -1.514275e-001
    outer loop
      vertex  9.750000e+002  1.850770e+003  1.984825e+003
      vertex  1.000000e+003  1.853071e+003  1.969805e+003
      vertex  1.000000e+003  1.850770e+003  1.984825e+003
    endloop
  endfacet
  facet normal  -0.000000e+000 -9.987164e-001 -5.065242e-002
    outer loop
      vertex  9.750000e+002  1.850770e+003  1.984825e+003
      vertex  1.000000e+003  1.850770e+003  1.984825e+003
      vertex  9.750000e+002  1.850000e+003  2.000000e+003
    endloop
  endfacet
  facet normal  0.000000e+000 -9.987164e-001 -5.065242e-002
    outer loop
      vertex  9.750000e+002  1.850000e+003  2.000000e+003
      vertex  1.000000e+003  1.850770e+003  1.984825e+003
      vertex  1.000000e+003  1.850000e+003  2.000000e+003
    endloop
  endfacet
  facet normal  0.000000e+000 -9.987164e-001  5.065242e-002
    outer loop
      vertex  9.750000e+002  1.850000e+003  2.000000e+003
      vertex  1.000000e+003  1.850000e+003  2.000000e+003
      vertex  9.750000e+002  1.850770e+003  2.015175e+003
    endloop
  endfacet
  facet normal  0.000000e+000 -9.987164e-001  5.065242e-002
    outer loop
      vertex  9.750000e+002  1.850770e+003  2.015175e+003
      vertex  1.000000e+003  1.850000e+003  2.000000e+003
      vertex  1.000000e+003  1.850770e+003  2.015175e+003
    endloop
  endfacet
  facet normal  0.000000e+000 -9.884684e-001  1.514275e-001
    outer loop
      vertex  9.750000e+002  1.850770e+003  2.015175e+003
      vertex  1.000000e+003  1.850770e+003  2.015175e+003
      vertex  9.750000e+002  1.853071e+003  2.030195e+003
    endloop
  endfacet
  facet normal  0.000000e+000 -9.884684e-001  1.514275e-001
    outer loop
      vertex  9.750000e+002  1.853071e+003  2.030195e+003
      vertex  1.000000e+003  1.850770e+003  2.015175e+003
      vertex  1.000000e+003  1.853071e+003  2.030195e+003
    endloop
  endfacet
  facet normal  0.000000e+000 -9.680769e-001  2.506535e-001
    outer loop
      vertex  9.750000e+002  1.853071e+003  2.030195e+003
      vertex  1.000000e+003  1.853071e+003  2.030195e+003
      vertex  9.750000e+002  1.856879e+003  2.044904e+003
    endloop
  endfacet
  facet normal  0.000000e+000 -9.680769e-001  2.506535e-001
    outer loop
      vertex  9.750000e+002  1.856879e+003  2.044904e+003
      vertex  1.000000e+003  1.853071e+003  2.030195e+003
      vertex  1.000000e+003  1.856879e+003  2.044904e+003
    endloop
  endfacet
  facet normal  0.000000e+000 -9.377519e-001  3.473057e-001
    outer loop
      vertex  9.750000e+002  1.856879e+003  2.044904e+003
      vertex  1.000000e+003  1.856879e+003  2.044904e+003
      vertex  9.750000e+002  1.862156e+003  2.059153e+003
    endloop
  endfacet
  facet normal  0.000000e+000 -9.377519e-001  3.473057e-001
    outer loop
      vertex  9.750000e+002  1.862156e+003  2.059153e+003
      vertex  1.000000e+003  1.856879e+003  2.044904e+003
      vertex  1.000000e+003  1.862156e+003  2.059153e+003
    endloop
  endfacet
  facet normal  0.000000e+000 -8.978075e-001  4.403881e-001
    outer loop
      vertex  9.750000e+002  1.862156e+003  2.059153e+003
      vertex  1.000000e+003  1.862156e+003  2.059153e+003
      vertex  9.750000e+002  1.868848e+003  2.072795e+003
    endloop
  endfacet
  facet normal  0.000000e+000 -8.978075e-001  4.403881e-001
    outer loop
      vertex  9.750000e+002  1.868848e+003  2.072795e+003
      vertex  1.000000e+003  1.862156e+003  2.059153e+003
      vertex  1.000000e+003  1.868848e+003  2.072795e+003
    endloop
  endfacet
  facet normal  0.000000e+000 -8.486413e-001  5.289688e-001
    outer loop
      vertex  9.750000e+002  1.868848e+003  2.072795e+003
      vertex  1.000000e+003  1.868848e+003  2.072795e+003
      vertex  9.750000e+002  1.876885e+003  2.085690e+003
    endloop
  endfacet
  facet normal  0.000000e+000 -8.486413e-001  5.289688e-001
    outer loop
      vertex  9.750000e+002  1.876885e+003  2.085690e+003
      vertex  1.000000e+003  1.868848e+003  2.072795e+003
      vertex  1.000000e+003  1.876885e+003  2.085690e+003
    endloop
  endfacet
  facet normal  0.000000e+000 -7.907758e-001  6.121057e-001
    outer loop
      vertex  9.750000e+002  1.876885e+003  2.085690e+003
      vertex  1.000000e+003  1.876885e+003  2.085690e+003
      vertex  9.750000e+002  1.886186e+003  2.097706e+003
    endloop
  endfacet
  facet normal  0.000000e+000 -7.907758e-001  6.121057e-001
    outer loop
      vertex  9.750000e+002  1.886186e+003  2.097706e+003
      vertex  1.000000e+003  1.876885e+003  2.085690e+003
      vertex  1.000000e+003  1.886186e+003  2.097706e+003
    endloop
  endfacet
  facet normal  0.000000e+000 -7.247989e-001  6.889606e-001
    outer loop
      vertex  9.750000e+002  1.886186e+003  2.097706e+003
      vertex  1.000000e+003  1.886186e+003  2.097706e+003
      vertex  9.750000e+002  1.896655e+003  2.108719e+003
    endloop
  endfacet
  facet normal  0.000000e+000 -7.247989e-001  6.889606e-001
    outer loop
      vertex  9.750000e+002  1.896655e+003  2.108719e+003
      vertex  1.000000e+003  1.886186e+003  2.097706e+003
      vertex  1.000000e+003  1.896655e+003  2.108719e+003
    endloop
  endfacet
  facet normal  0.000000e+000 -6.513721e-001  7.587585e-001
    outer loop
      vertex  9.750000e+002  1.896655e+003  2.108719e+003
      vertex  1.000000e+003  1.896655e+003  2.108719e+003
      vertex  9.750000e+002  1.908184e+003  2.118616e+003
    endloop
  endfacet
  facet normal  0.000000e+000 -6.513721e-001  7.587585e-001
    outer loop
      vertex  9.750000e+002  1.908184e+003  2.118616e+003
      vertex  1.000000e+003  1.896655e+003  2.108719e+003
      vertex  1.000000e+003  1.908184e+003  2.118616e+003
    endloop
  endfacet
  facet normal  0.000000e+000 -5.712632e-001  8.207670e-001
    outer loop
      vertex  9.750000e+002  1.908184e+003  2.118616e+003
      vertex  1.000000e+003  1.908184e+003  2.118616e+003
      vertex  9.750000e+002  1.920655e+003  2.127297e+003
    endloop
  endfacet
  facet normal  0.000000e+000 -5.712632e-001  8.207670e-001
    outer loop
      vertex  9.750000e+002  1.920655e+003  2.127297e+003
      vertex  1.000000e+003  1.908184e+003  2.118616e+003
      vertex  1.000000e+003  1.920655e+003  2.127297e+003
    endloop
  endfacet
  facet normal  0.000000e+000 -4.852998e-001  8.743479e-001
    outer loop
      vertex  9.750000e+002  1.920655e+003  2.127297e+003
      vertex  1.000000e+003  1.920655e+003  2.127297e+003
      vertex  9.750000e+002  1.933941e+003  2.134671e+003
    endloop
  endfacet
  facet normal  0.000000e+000 -4.852998e-001  8.743479e-001
    outer loop
      vertex  9.750000e+002  1.933941e+003  2.134671e+003
      vertex  1.000000e+003  1.920655e+003  2.127297e+003
      vertex  1.000000e+003  1.933941e+003  2.134671e+003
    endloop
  endfacet
  facet normal  0.000000e+000 -3.943604e-001  9.189558e-001
    outer loop
      vertex  9.750000e+002  1.933941e+003  2.134671e+003
      vertex  1.000000e+003  1.933941e+003  2.134671e+003
      vertex  9.750000e+002  1.947904e+003  2.140663e+003
    endloop
  endfacet
  facet normal  0.000000e+000 -3.943604e-001  9.189558e-001
    outer loop
      vertex  9.750000e+002  1.947904e+003  2.140663e+003
      vertex  1.000000e+003  1.933941e+003  2.134671e+003
      vertex  1.000000e+003  1.947904e+003  2.140663e+003
    endloop
  endfacet
  facet normal  0.000000e+000 -2.993676e-001  9.541379e-001
    outer loop
      vertex  9.750000e+002  1.947904e+003  2.140663e+003
      vertex  1.000000e+003  1.947904e+003  2.140663e+003
      vertex  9.750000e+002  1.962402e+003  2.145212e+003
    endloop
  endfacet
  facet normal  0.000000e+000 -2.993676e-001  9.541379e-001
    outer loop
      vertex  9.750000e+002  1.962402e+003  2.145212e+003
      vertex  1.000000e+003  1.947904e+003  2.140663e+003
      vertex  1.000000e+003  1.962402e+003  2.145212e+003
    endloop
  endfacet
  facet normal  0.000000e+000 -2.012920e-001  9.795313e-001
    outer loop
      vertex  9.750000e+002  1.962402e+003  2.145212e+003
      vertex  1.000000e+003  1.962402e+003  2.145212e+003
      vertex  9.750000e+002  1.977286e+003  2.148270e+003
    endloop
  endfacet
  facet normal  0.000000e+000 -2.012920e-001  9.795313e-001
    outer loop
      vertex  9.750000e+002  1.977286e+003  2.148270e+003
      vertex  1.000000e+003  1.962402e+003  2.145212e+003
      vertex  1.000000e+003  1.977286e+003  2.148270e+003
    endloop
  endfacet
  facet normal  0.000000e+000 -1.011612e-001  9.948700e-001
    outer loop
      vertex  9.750000e+002  1.977286e+003  2.148270e+003
      vertex  1.000000e+003  1.977286e+003  2.148270e+003
      vertex  9.750000e+002  1.992403e+003  2.149807e+003
    endloop
  endfacet
  facet normal  0.000000e+000 -1.011612e-001  9.948700e-001
    outer loop
      vertex  9.750000e+002  1.992403e+003  2.149807e+003
      vertex  1.000000e+003  1.977286e+003  2.148270e+003
      vertex  1.000000e+003  1.992403e+003  2.149807e+003
    endloop
  endfacet
  facet normal  0.000000e+000  0.000000e+000  9.999999e-001
    outer loop
      vertex  9.750000e+002  1.992403e+003  2.149807e+003
      vertex  1.000000e+003  1.992403e+003  2.149807e+003
      vertex  9.750000e+002  2.007597e+003  2.149807e+003
    endloop
  endfacet
  facet normal  -0.000000e+000  0.000000e+000  9.999999e-001
    outer loop
      vertex  9.750000e+002  2.007597e+003  2.149807e+003
      vertex  1.000000e+003  1.992403e+003  2.149807e+003
      vertex  1.000000e+003  2.007597e+003  2.149807e+003
    endloop
  endfacet
  facet normal  0.000000e+000  1.011612e-001  9.948700e-001
    outer loop
      vertex  9.750000e+002  2.007597e+003  2.149807e+003
      vertex  1.000000e+003  2.007597e+003  2.149807e+003
      vertex  9.750000e+002  2.022714e+003  2.148270e+003
    endloop
  endfacet
  facet normal  -0.000000e+000  1.011612e-001  9.948700e-001
    outer loop
      vertex  9.750000e+002  2.022714e+003  2.148270e+003
      vertex  1.000000e+003  2.007597e+003  2.149807e+003
      vertex  1.000000e+003  2.022714e+003  2.148270e+003
    endloop
  endfacet
  facet normal  0.000000e+000  2.012920e-001  9.795313e-001
    outer loop
      vertex  9.750000e+002  2.022714e+003  2.148270e+003
      vertex  1.000000e+003  2.022714e+003  2.148270e+003
      vertex  9.750000e+002  2.037598e+003  2.145212e+003
    endloop
  endfacet
  facet normal  -0.000000e+000  2.012920e-001  9.795313e-001
    outer loop
      vertex  9.750000e+002  2.037598e+003  2.145212e+003
      vertex  1.000000e+003  2.022714e+003  2.148270e+003
      vertex  1.000000e+003  2.037598e+003  2.145212e+003
    endloop
  endfacet
  facet normal  0.000000e+000  2.993699e-001  9.541371e-001
    outer loop
      vertex  9.750000e+002  2.037598e+003  2.145212e+003
      vertex  1.000000e+003  2.037598e+003  2.145212e+003
      vertex  9.750000e+002  2.052096e+003  2.140663e+003
    endloop
  endfacet
  facet normal  -0.000000e+000  2.993699e-001  9.541371e-001
    outer loop
      vertex  9.750000e+002  2.052096e+003  2.140663e+003
      vertex  1.000000e+003  2.037598e+003  2.145212e+003
      vertex  1.000000e+003  2.052096e+003  2.140663e+003
    endloop
  endfacet
  facet normal  0.000000e+000  3.943575e-001  9.189571e-001
    outer loop
      vertex  9.750000e+002  2.052096e+003  2.140663e+003
      vertex  1.000000e+003  2.052096e+003  2.140663e+003
      vertex  9.750000e+002  2.066059e+003  2.134671e+003
    endloop
  endfacet
  facet normal  -0.000000e+000  3.943575e-001  9.189571e-001
    outer loop
      vertex  9.750000e+002  2.066059e+003  2.134671e+003
      vertex  1.000000e+003  2.052096e+003  2.140663e+003
      vertex  1.000000e+003  2.066059e+003  2.134671e+003
    endloop
  endfacet
  facet normal  0.000000e+000  4.853032e-001  8.743459e-001
    outer loop
      vertex  9.750000e+002  2.066059e+003  2.134671e+003
      vertex  1.000000e+003  2.066059e+003  2.134671e+003
      vertex  9.750000e+002  2.079344e+003  2.127297e+003
    endloop
  endfacet
  facet normal  -0.000000e+000  4.853032e-001  8.743459e-001
    outer loop
      vertex  9.750000e+002  2.079344e+003  2.127297e+003
      vertex  1.000000e+003  2.066059e+003  2.134671e+003
      vertex  1.000000e+003  2.079344e+003  2.127297e+003
    endloop
  endfacet
  facet normal  0.000000e+000  5.712593e-001  8.207695e-001
    outer loop
      vertex  9.750000e+002  2.079344e+003  2.127297e+003
      vertex  1.000000e+003  2.079344e+003  2.127297e+003
      vertex  9.750000e+002  2.091816e+003  2.118616e+003
    endloop
  endfacet
  facet normal  -0.000000e+000  5.712593e-001  8.207695e-001
    outer loop
      vertex  9.750000e+002  2.091816e+003  2.118616e+003
      vertex  1.000000e+003  2.079344e+003  2.127297e+003
      vertex  1.000000e+003  2.091816e+003  2.118616e+003
    endloop
  endfacet
  facet normal  0.000000e+000  6.513761e-001  7.587551e-001
    outer loop
      vertex  9.750000e+002  2.091816e+003  2.118616e+003
      vertex  1.000000e+003  2.091816e+003  2.118616e+003
      vertex  9.750000e+002  2.103345e+003  2.108719e+003
    endloop
  endfacet
  facet normal  -0.000000e+000  6.513761e-001  7.587551e-001
    outer loop
      vertex  9.750000e+002  2.103345e+003  2.108719e+003
      vertex  1.000000e+003  2.091816e+003  2.118616e+003
      vertex  1.000000e+003  2.103345e+003  2.108719e+003
    endloop
  endfacet
  facet normal  0.000000e+000  7.247948e-001  6.889648e-001
    outer loop
      vertex  9.750000e+002  2.103345e+003  2.108719e+003
      vertex  1.000000e+003  2.103345e+003  2.108719e+003
      vertex  9.750000e+002  2.113814e+003  2.097706e+003
    endloop
  endfacet
  facet normal  -0.000000e+000  7.247948e-001  6.889648e-001
    outer loop
      vertex  9.750000e+002  2.113814e+003  2.097706e+003
      vertex  1.000000e+003  2.103345e+003  2.108719e+003
      vertex  1.000000e+003  2.113814e+003  2.097706e+003
    endloop
  endfacet
  facet normal  0.000000e+000  7.907758e-001  6.121057e-001
    outer loop
      vertex  9.750000e+002  2.113814e+003  2.097706e+003
      vertex  1.000000e+003  2.113814e+003  2.097706e+003
      vertex  9.750000e+002  2.123115e+003  2.085690e+003
    endloop
  endfacet
  facet normal  -0.000000e+000  7.907758e-001  6.121057e-001
    outer loop
      vertex  9.750000e+002  2.123115e+003  2.085690e+003
      vertex  1.000000e+003  2.113814e+003  2.097706e+003
      vertex  1.000000e+003  2.123115e+003  2.085690e+003
    endloop
  endfacet
  facet normal  0.000000e+000  8.486377e-001  5.289746e-001
    outer loop
      vertex  9.750000e+002  2.123115e+003  2.085690e+003
      vertex  1.000000e+003  2.123115e+003  2.085690e+003
      vertex  9.750000e+002  2.131152e+003  2.072795e+003
    endloop
  endfacet
  facet normal  -0.000000e+000  8.486377e-001  5.289746e-001
    outer loop
      vertex  9.750000e+002  2.131152e+003  2.072795e+003
      vertex  1.000000e+003  2.123115e+003  2.085690e+003
      vertex  1.000000e+003  2.131152e+003  2.072795e+003
    endloop
  endfacet
  facet normal  0.000000e+000  8.978075e-001  4.403881e-001
    outer loop
      vertex  9.750000e+002  2.131152e+003  2.072795e+003
      vertex  1.000000e+003  2.131152e+003  2.072795e+003
      vertex  9.750000e+002  2.137844e+003  2.059153e+003
    endloop
  endfacet
  facet normal  -0.000000e+000  8.978075e-001  4.403881e-001
    outer loop
      vertex  9.750000e+002  2.137844e+003  2.059153e+003
      vertex  1.000000e+003  2.131152e+003  2.072795e+003
      vertex  1.000000e+003  2.137844e+003  2.059153e+003
    endloop
  endfacet
  facet normal  0.000000e+000  9.377546e-001  3.472987e-001
    outer loop
      vertex  9.750000e+002  2.137844e+003  2.059153e+003
      vertex  1.000000e+003  2.137844e+003  2.059153e+003
      vertex  9.750000e+002  2.143121e+003  2.044904e+003
    endloop
  endfacet
  facet normal  -0.000000e+000  9.377546e-001  3.472987e-001
    outer loop
      vertex  9.750000e+002  2.143121e+003  2.044904e+003
      vertex  1.000000e+003  2.137844e+003  2.059153e+003
      vertex  1.000000e+003  2.143121e+003  2.044904e+003
    endloop
  endfacet
  facet normal  0.000000e+000  9.680769e-001  2.506535e-001
    outer loop
      vertex  9.750000e+002  2.143121e+003  2.044904e+003
      vertex  1.000000e+003  2.143121e+003  2.044904e+003
      vertex  9.750000e+002  2.146929e+003  2.030195e+003
    endloop
  endfacet
  facet normal  -0.000000e+000  9.680769e-001  2.506535e-001
    outer loop
      vertex  9.750000e+002  2.146929e+003  2.030195e+003
      vertex  1.000000e+003  2.143121e+003  2.044904e+003
      vertex  1.000000e+003  2.146929e+003  2.030195e+003
    endloop
  endfacet
  facet normal  0.000000e+000  9.884672e-001  1.514354e-001
    outer loop
      vertex  9.750000e+002  2.146929e+003  2.030195e+003
      vertex  1.000000e+003  2.146929e+003  2.030195e+003
      vertex  9.750000e+002  2.149230e+003  2.015175e+003
    endloop
  endfacet
  facet normal  -0.000000e+000  9.884672e-001  1.514354e-001
    outer loop
      vertex  9.750000e+002  2.149230e+003  2.015175e+003
      vertex  1.000000e+003  2.146929e+003  2.030195e+003
      vertex  1.000000e+003  2.149230e+003  2.015175e+003
    endloop
  endfacet
  facet normal  0.000000e+000  9.987167e-001  5.064441e-002
    outer loop
      vertex  9.750000e+002  2.149230e+003  2.015175e+003
      vertex  1.000000e+003  2.149230e+003  2.015175e+003
      vertex  9.750000e+002  2.150000e+003  2.000000e+003
    endloop
  endfacet
  facet normal  -0.000000e+000  9.987167e-001  5.064441e-002
    outer loop
      vertex  9.750000e+002  2.150000e+003  2.000000e+003
      vertex  1.000000e+003  2.149230e+003  2.015175e+003
      vertex  1.000000e+003  2.150000e+003  2.000000e+003
    endloop
  endfacet
  facet normal  1.000000e+000  -0.000000e+000  0.000000e+000
    outer loop
      vertex  1.035000e+003  2.003013e+003  2.024818e+003
      vertex  1.035000e+003  1.996987e+003  2.024818e+003
      vertex  1.035000e+003  2.008865e+003  2.023375e+003
    endloop
  endfacet
  facet normal  1.000000e+000  0.000000e+000  0.000000e+000
    outer loop
      vertex  1.035000e+003  2.008865e+003  2.023375e+003
      vertex  1.035000e+003  1.996987e+003  2.024818e+003
      vertex  1.035000e+003  1.991135e+003  2.023375e+003
    endloop
  endfacet
  facet normal  1.000000e+000  -0.000000e+000  0.000000e+000
    outer loop
      vertex  1.035000e+003  2.008865e+003  2.023375e+003
      vertex  1.035000e+003  1.991135e+003  2.023375e+003
      vertex  1.035000e+003  2.014202e+003  2.020575e+003
    endloop
  endfacet
  facet normal  1.000000e+000  0.000000e+000  0.000000e+000
    outer loop
      vertex  1.035000e+003  2.014202e+003  2.020575e+003
      vertex  1.035000e+003  1.991135e+003  2.023375e+003
      vertex  1.035000e+003  1.985798e+003  2.020575e+003
    endloop
  endfacet
  facet normal  1.000000e+000  -0.000000e+000  0.000000e+000
    outer loop
      vertex  1.035000e+003  2.014202e+003  2.020575e+003
      vertex  1.035000e+003  1.985798e+003  2.020575e+003
      vertex  1.035000e+003  2.018713e+003  2.016578e+003
    endloop
  endfacet
  facet normal  1.000000e+000  0.000000e+000  0.000000e+000
    outer loop
      vertex  1.035000e+003  2.018713e+003  2.016578e+003
      vertex  1.035000e+003  1.985798e+003  2.020575e+003
      vertex  1.035000e+003  1.981287e+003  2.016578e+003
    endloop
  endfacet
  facet normal  1.000000e+000  -0.000000e+000  0.000000e+000
    outer loop
      vertex  1.035000e+003  2.018713e+003  2.016578e+003
      vertex  1.035000e+003  1.981287e+003  2.016578e+003
      vertex  1.035000e+003  2.022136e+003  2.011618e+003
    endloop
  endfacet
  facet normal  1.000000e+000  0.000000e+000  0.000000e+000
    outer loop
      vertex  1.035000e+003  2.022136e+003  2.011618e+003
      vertex  1.035000e+003  1.981287e+003  2.016578e+003
      vertex  1.035000e+003  1.977864e+003  2.011618e+003
    endloop
  endfacet
  facet normal  1.000000e+000  -0.000000e+000  0.000000e+000
    outer loop
      vertex  1.035000e+003  2.022136e+003  2.011618e+003
      vertex  1.035000e+003  1.977864e+003  2.011618e+003
      vertex  1.035000e+003  2.024274e+003  2.005983e+003
    endloop
  endfacet
  facet normal  1.000000e+000  0.000000e+000  0.000000e+000
    outer loop
      vertex  1.035000e+003  2.024274e+003  2.005983e+003
      vertex  1.035000e+003  1.977864e+003  2.011618e+003
      vertex  1.035000e+003  1.975726e+003  2.005983e+003
    endloop
  endfacet
  facet normal  1.000000e+000  -0.000000e+000  0.000000e+000
    outer loop
      vertex  1.035000e+003  2.024274e+003  2.005983e+003
      vertex  1.035000e+003  1.975726e+003  2.005983e+003
      vertex  1.035000e+003  2.025000e+003  2.000000e+003
    endloop
  endfacet
  facet normal  1.000000e+000  0.000000e+000  0.000000e+000
    outer loop
      vertex  1.035000e+003  2.025000e+003  2.000000e+003
      vertex  1.035000e+003  1.975726e+003  2.005983e+003
      vertex  1.035000e+003  1.975000e+003  2.000000e+003
    endloop
  endfacet
  facet normal  1.000000e+000  -0.000000e+000  0.000000e+000
    outer loop
      vertex  1.035000e+003  2.025000e+003  2.000000e+003
      vertex  1.035000e+003  1.975000e+003  2.000000e+003
      vertex  1.035000e+003  2.024274e+003  1.994017e+003
    endloop
  endfacet
  facet normal  1.000000e+000  0.000000e+000  0.000000e+000
    outer loop
      vertex  1.035000e+003  2.024274e+003  1.994017e+003
      vertex  1.035000e+003  1.975000e+003  2.000000e+003
      vertex  1.035000e+003  1.975726e+003  1.994017e+003
    endloop
  endfacet
  facet normal  1.000000e+000  -0.000000e+000  0.000000e+000
    outer loop
      vertex  1.035000e+003  2.024274e+003  1.994017e+003
      vertex  1.035000e+003  1.975726e+003  1.994017e+003
      vertex  1.035000e+003  2.022136e+003  1.988382e+003
    endloop
  endfacet
  facet normal  1.000000e+000  0.000000e+000  0.000000e+000
    outer loop
      vertex  1.035000e+003  2.022136e+003  1.988382e+003
      vertex  1.035000e+003  1.975726e+003  1.994017e+003
      vertex  1.035000e+003  1.977864e+003  1.988382e+003
    endloop
  endfacet
  facet normal  1.000000e+000  -0.000000e+000  0.000000e+000
    outer loop
      vertex  1.035000e+003  2.022136e+003  1.988382e+003
      vertex  1.035000e+003  1.977864e+003  1.988382e+003
      vertex  1.035000e+003  2.018713e+003  1.983422e+003
    endloop
  endfacet
  facet normal  1.000000e+000  0.000000e+000  0.000000e+000
    outer loop
      vertex  1.035000e+003  2.018713e+003  1.983422e+003
      vertex  1.035000e+003  1.977864e+003  1.988382e+003
      vertex  1.035000e+003  1.981287e+003  1.983422e+003
    endloop
  endfacet
  facet normal  1.000000e+000  -0.000000e+000  0.000000e+000
    outer loop
      vertex  1.035000e+003  2.018713e+003  1.983422e+003
      vertex  1.035000e+003  1.981287e+003  1.983422e+003
      vertex  1.035000e+003  2.014202e+003  1.979425e+003
    endloop
  endfacet
  facet normal  1.000000e+000  0.000000e+000  0.000000e+000
    outer loop
      vertex  1.035000e+003  2.014202e+003  1.979425e+003
      vertex  1.035000e+003  1.981287e+003  1.983422e+003
      vertex  1.035000e+003  1.985798e+003  1.979425e+003
    endloop
  endfacet
  facet normal  1.000000e+000  -0.000000e+000  0.000000e+000
    outer loop
      vertex  1.035000e+003  2.014202e+003  1.979425e+003
      vertex  1.035000e+003  1.985798e+003  1.979425e+003
      vertex  1.035000e+003  2.008865e+003  1.976625e+003
    endloop
  endfacet
  facet normal  1.000000e+000  0.000000e+000  0.000000e+000
    outer loop
      vertex  1.035000e+003  2.008865e+003  1.976625e+003
      vertex  1.035000e+003  1.985798e+003  1.979425e+003
      vertex  1.035000e+003  1.991135e+003  1.976625e+003
    endloop
  endfacet
  facet normal  1.000000e+000  -0.000000e+000  0.000000e+000
    outer loop
      vertex  1.035000e+003  2.008865e+003  1.976625e+003
      vertex  1.035000e+003  1.991135e+003  1.976625e+003
      vertex  1.035000e+003  2.003013e+003  1.975182e+003
    endloop
  endfacet
  facet normal  1.000000e+000  0.000000e+000  0.000000e+000
    outer loop
      vertex  1.035000e+003  2.003013e+003  1.975182e+003
      vertex  1.035000e+003  1.991135e+003  1.976625e+003
      vertex  1.035000e+003  1.996987e+003  1.975182e+003
    endloop
  endfacet
endsolid CATIA STL
