ISO-10303-21;
HEADER;
FILE_DESCRIPTION(('CATIA V5 STEP Exchange'),'2;1');

FILE_NAME('C:\\Users\\bouda\\OneDrive\\Desktop\\Robotic Arm1\\Product1.stp','2026-08-17T02:03:07+00:00',('none'),('none'),'CATIA Version 5 Release 21 GA (IN-10)','CATIA V5 STEP AP203','none');

FILE_SCHEMA(('CONFIG_CONTROL_DESIGN'));

ENDSEC;
/* file written by CATIA V5R21 */
DATA;
#5=PRODUCT('Product1','','',(#2)) ;
#56=PRODUCT('Part2','','',(#2)) ;
#696=PRODUCT('Part1','','',(#2)) ;
#865=PRODUCT('Arm Link','','',(#2)) ;
#2098=PRODUCT('Arm Link 2','','',(#2)) ;
#3178=PRODUCT('gripper joint','','',(#2)) ;
#3525=PRODUCT('Gripper Joint','','',(#2)) ;
#6456=PRODUCT('Gripper Link','','',(#2)) ;
#8194=PRODUCT('Gripper Finger','','',(#2)) ;
#1=APPLICATION_CONTEXT('configuration controlled 3D design of mechanical parts and assemblies') ;
#17=PRODUCT_DEFINITION('',' ',#6,#3) ;
#19=SECURITY_CLASSIFICATION(' ',' ',#18) ;
#18=SECURITY_CLASSIFICATION_LEVEL('unclassified') ;
#63=CARTESIAN_POINT('Axis2P3D Location',(1017.5,2000.,2000.)) ;
#68=CARTESIAN_POINT('Line Origine',(1017.5,2025.,2000.)) ;
#72=CARTESIAN_POINT('Vertex',(1000.,2025.,2000.)) ;
#74=CARTESIAN_POINT('Vertex',(1035.,2025.,2000.)) ;
#77=CARTESIAN_POINT('Axis2P3D Location',(1000.,2000.,2000.)) ;
#81=CARTESIAN_POINT('Vertex',(1000.,1975.,2000.)) ;
#84=CARTESIAN_POINT('Line Origine',(1017.5,1975.,2000.)) ;
#88=CARTESIAN_POINT('Vertex',(1035.,1975.,2000.)) ;
#91=CARTESIAN_POINT('Axis2P3D Location',(1035.,2000.,2000.)) ;
#103=CARTESIAN_POINT('Axis2P3D Location',(1000.,2000.,2000.)) ;
#108=CARTESIAN_POINT('Axis2P3D Location',(1035.,2000.,2000.)) ;
#120=CARTESIAN_POINT('Axis2P3D Location',(1035.,2000.,2000.)) ;
#130=CARTESIAN_POINT('Axis2P3D Location',(987.5,2000.,2000.)) ;
#135=CARTESIAN_POINT('Axis2P3D Location',(975.,2000.,2000.)) ;
#139=CARTESIAN_POINT('Vertex',(975.,2150.,2000.)) ;
#141=CARTESIAN_POINT('Vertex',(975.,1850.,2000.)) ;
#144=CARTESIAN_POINT('Line Origine',(987.5,1850.,2000.)) ;
#148=CARTESIAN_POINT('Vertex',(1000.,1850.,2000.)) ;
#151=CARTESIAN_POINT('Axis2P3D Location',(1000.,2000.,2000.)) ;
#155=CARTESIAN_POINT('Vertex',(1000.,2150.,2000.)) ;
#158=CARTESIAN_POINT('Line Origine',(987.5,2150.,2000.)) ;
#170=CARTESIAN_POINT('Axis2P3D Location',(975.,2000.,2000.)) ;
#175=CARTESIAN_POINT('Axis2P3D Location',(1000.,2000.,2000.)) ;
#187=CARTESIAN_POINT('Axis2P3D Location',(1000.,2000.,2000.)) ;
#201=CARTESIAN_POINT('Axis2P3D Location',(975.,2000.,2000.)) ;
#210=CARTESIAN_POINT('Line Origine',(975.,2000.,2050.)) ;
#214=CARTESIAN_POINT('Vertex',(975.,1960.,2050.)) ;
#216=CARTESIAN_POINT('Vertex',(975.,2040.,2050.)) ;
#219=CARTESIAN_POINT('Line Origine',(975.,1960.,2045.)) ;
#223=CARTESIAN_POINT('Vertex',(975.,1960.,2040.)) ;
#226=CARTESIAN_POINT('Line Origine',(975.,2000.,2040.)) ;
#230=CARTESIAN_POINT('Vertex',(975.,2040.,2040.)) ;
#233=CARTESIAN_POINT('Line Origine',(975.,2040.,2045.)) ;
#244=CARTESIAN_POINT('Line Origine',(975.,2040.,1955.)) ;
#248=CARTESIAN_POINT('Vertex',(975.,2040.,1950.)) ;
#250=CARTESIAN_POINT('Vertex',(975.,2040.,1960.)) ;
#253=CARTESIAN_POINT('Line Origine',(975.,2000.,1960.)) ;
#257=CARTESIAN_POINT('Vertex',(975.,1960.,1960.)) ;
#260=CARTESIAN_POINT('Line Origine',(975.,1960.,1955.)) ;
#264=CARTESIAN_POINT('Vertex',(975.,1960.,1950.)) ;
#267=CARTESIAN_POINT('Line Origine',(975.,2000.,1950.)) ;
#279=CARTESIAN_POINT('Axis2P3D Location',(925.,2000.,2000.)) ;
#284=CARTESIAN_POINT('Line Origine',(900.,2000.,2000.)) ;
#288=CARTESIAN_POINT('Vertex',(900.,2000.,1950.)) ;
#290=CARTESIAN_POINT('Vertex',(900.,2000.,1960.)) ;
#293=CARTESIAN_POINT('Axis2P3D Location',(925.,2000.,1950.)) ;
#297=CARTESIAN_POINT('Vertex',(950.,2000.,1950.)) ;
#300=CARTESIAN_POINT('Line Origine',(950.,2000.,2000.)) ;
#304=CARTESIAN_POINT('Vertex',(950.,2000.,1960.)) ;
#307=CARTESIAN_POINT('Axis2P3D Location',(925.,2000.,1960.)) ;
#319=CARTESIAN_POINT('Line Origine',(950.,2000.,2000.)) ;
#323=CARTESIAN_POINT('Vertex',(950.,2000.,2040.)) ;
#325=CARTESIAN_POINT('Vertex',(950.,2000.,2050.)) ;
#328=CARTESIAN_POINT('Axis2P3D Location',(925.,2000.,2050.)) ;
#332=CARTESIAN_POINT('Vertex',(900.,2000.,2050.)) ;
#335=CARTESIAN_POINT('Line Origine',(900.,2000.,2000.)) ;
#339=CARTESIAN_POINT('Vertex',(900.,2000.,2040.)) ;
#342=CARTESIAN_POINT('Axis2P3D Location',(925.,2000.,2040.)) ;
#354=CARTESIAN_POINT('Axis2P3D Location',(925.,2000.,1950.)) ;
#359=CARTESIAN_POINT('Axis2P3D Location',(925.,2000.,1960.)) ;
#371=CARTESIAN_POINT('Axis2P3D Location',(925.,2000.,2050.)) ;
#376=CARTESIAN_POINT('Axis2P3D Location',(925.,2000.,2040.)) ;
#388=CARTESIAN_POINT('Axis2P3D Location',(1000.,2040.,2040.)) ;
#393=CARTESIAN_POINT('Line Origine',(915.,2040.,1955.)) ;
#397=CARTESIAN_POINT('Vertex',(915.,2040.,1950.)) ;
#399=CARTESIAN_POINT('Vertex',(915.,2040.,1960.)) ;
#402=CARTESIAN_POINT('Line Origine',(945.,2040.,1960.)) ;
#407=CARTESIAN_POINT('Line Origine',(945.,2040.,1950.)) ;
#419=CARTESIAN_POINT('Axis2P3D Location',(915.,2000.,1955.)) ;
#424=CARTESIAN_POINT('Axis2P3D Location',(915.,2000.,1960.)) ;
#428=CARTESIAN_POINT('Vertex',(875.,2000.,1960.)) ;
#431=CARTESIAN_POINT('Axis2P3D Location',(915.,2000.,1950.)) ;
#435=CARTESIAN_POINT('Vertex',(875.,2000.,1950.)) ;
#438=CARTESIAN_POINT('Line Origine',(875.,2000.,1955.)) ;
#450=CARTESIAN_POINT('Axis2P3D Location',(1000.,1960.,2050.)) ;
#455=CARTESIAN_POINT('Line Origine',(915.,1960.,1955.)) ;
#459=CARTESIAN_POINT('Vertex',(915.,1960.,1960.)) ;
#461=CARTESIAN_POINT('Vertex',(915.,1960.,1950.)) ;
#464=CARTESIAN_POINT('Line Origine',(945.,1960.,1950.)) ;
#469=CARTESIAN_POINT('Line Origine',(945.,1960.,1960.)) ;
#481=CARTESIAN_POINT('Axis2P3D Location',(1000.,2040.,1960.)) ;
#486=CARTESIAN_POINT('Axis2P3D Location',(915.,2000.,1960.)) ;
#503=CARTESIAN_POINT('Axis2P3D Location',(1000.,2040.,1950.)) ;
#508=CARTESIAN_POINT('Axis2P3D Location',(915.,2000.,1950.)) ;
#525=CARTESIAN_POINT('Axis2P3D Location',(915.,2000.,1955.)) ;
#537=CARTESIAN_POINT('Line Origine',(915.,1960.,2045.)) ;
#541=CARTESIAN_POINT('Vertex',(915.,1960.,2050.)) ;
#543=CARTESIAN_POINT('Vertex',(915.,1960.,2040.)) ;
#546=CARTESIAN_POINT('Line Origine',(945.,1960.,2040.)) ;
#551=CARTESIAN_POINT('Line Origine',(945.,1960.,2050.)) ;
#563=CARTESIAN_POINT('Axis2P3D Location',(915.,2000.,2045.)) ;
#568=CARTESIAN_POINT('Axis2P3D Location',(915.,2000.,2040.)) ;
#572=CARTESIAN_POINT('Vertex',(875.,2000.,2040.)) ;
#575=CARTESIAN_POINT('Axis2P3D Location',(915.,2000.,2050.)) ;
#579=CARTESIAN_POINT('Vertex',(875.,2000.,2050.)) ;
#582=CARTESIAN_POINT('Line Origine',(875.,2000.,2045.)) ;
#594=CARTESIAN_POINT('Line Origine',(915.,2040.,2045.)) ;
#598=CARTESIAN_POINT('Vertex',(915.,2040.,2040.)) ;
#600=CARTESIAN_POINT('Vertex',(915.,2040.,2050.)) ;
#603=CARTESIAN_POINT('Line Origine',(945.,2040.,2050.)) ;
#608=CARTESIAN_POINT('Line Origine',(945.,2040.,2040.)) ;
#620=CARTESIAN_POINT('Axis2P3D Location',(1000.,1960.,2040.)) ;
#625=CARTESIAN_POINT('Axis2P3D Location',(915.,2000.,2040.)) ;
#642=CARTESIAN_POINT('Axis2P3D Location',(1000.,1960.,2050.)) ;
#647=CARTESIAN_POINT('Axis2P3D Location',(915.,2000.,2050.)) ;
#664=CARTESIAN_POINT('Axis2P3D Location',(915.,2000.,2045.)) ;
#686=CARTESIAN_POINT('NONE',(0.,0.,0.)) ;
#687=CARTESIAN_POINT('NONE',(-2000.,-2000.,1050.)) ;
#703=CARTESIAN_POINT('Axis2P3D Location',(0.,0.,25.)) ;
#708=CARTESIAN_POINT('Line Origine',(150.,0.,25.)) ;
#712=CARTESIAN_POINT('Vertex',(150.,0.,0.)) ;
#714=CARTESIAN_POINT('Vertex',(150.,0.,50.)) ;
#717=CARTESIAN_POINT('Axis2P3D Location',(0.,0.,0.)) ;
#721=CARTESIAN_POINT('Vertex',(-150.,1.83690953073E-014,0.)) ;
#724=CARTESIAN_POINT('Line Origine',(-150.,1.83690953073E-014,25.)) ;
#728=CARTESIAN_POINT('Vertex',(-150.,1.83690953073E-014,50.)) ;
#731=CARTESIAN_POINT('Axis2P3D Location',(0.,0.,50.)) ;
#743=CARTESIAN_POINT('Axis2P3D Location',(0.,0.,0.)) ;
#748=CARTESIAN_POINT('Axis2P3D Location',(0.,0.,50.)) ;
#760=CARTESIAN_POINT('Axis2P3D Location',(0.,0.,0.)) ;
#769=CARTESIAN_POINT('Axis2P3D Location',(-3.5527136788E-015,-3.5527136788E-015,0.)) ;
#773=CARTESIAN_POINT('Vertex',(-25.,3.06151588456E-015,0.)) ;
#775=CARTESIAN_POINT('Vertex',(25.,0.,0.)) ;
#778=CARTESIAN_POINT('Axis2P3D Location',(5.3290705182E-015,5.3290705182E-015,0.)) ;
#788=CARTESIAN_POINT('Axis2P3D Location',(0.,0.,50.)) ;
#797=CARTESIAN_POINT('Axis2P3D Location',(5.3290705182E-015,5.3290705182E-015,50.)) ;
#801=CARTESIAN_POINT('Vertex',(25.,0.,50.)) ;
#803=CARTESIAN_POINT('Vertex',(-25.,3.06151588456E-015,50.)) ;
#806=CARTESIAN_POINT('Axis2P3D Location',(-3.5527136788E-015,-3.5527136788E-015,50.)) ;
#816=CARTESIAN_POINT('Axis2P3D Location',(0.,0.,0.)) ;
#821=CARTESIAN_POINT('Line Origine',(-25.,3.06151588456E-015,0.)) ;
#826=CARTESIAN_POINT('Line Origine',(25.,0.,0.)) ;
#855=CARTESIAN_POINT('NONE',(0.,0.,0.)) ;
#856=CARTESIAN_POINT('NONE',(0.,0.,0.)) ;
#872=CARTESIAN_POINT('Axis2P3D Location',(-1000.,0.,97.5)) ;
#877=CARTESIAN_POINT('Line Origine',(-1000.,40.,97.5)) ;
#881=CARTESIAN_POINT('Vertex',(-1000.,40.,92.5)) ;
#883=CARTESIAN_POINT('Vertex',(-1000.,40.,102.5)) ;
#886=CARTESIAN_POINT('Axis2P3D Location',(-1000.,0.,92.5)) ;
#890=CARTESIAN_POINT('Vertex',(-1000.,-40.,92.5)) ;
#893=CARTESIAN_POINT('Line Origine',(-1000.,-40.,97.5)) ;
#897=CARTESIAN_POINT('Vertex',(-1000.,-40.,102.5)) ;
#900=CARTESIAN_POINT('Axis2P3D Location',(-1000.,0.,102.5)) ;
#912=CARTESIAN_POINT('Axis2P3D Location',(-620.,-40.,92.5)) ;
#917=CARTESIAN_POINT('Line Origine',(-810.,-40.,92.5)) ;
#921=CARTESIAN_POINT('Vertex',(-620.,-40.,92.5)) ;
#924=CARTESIAN_POINT('Line Origine',(-620.,-40.,97.5)) ;
#928=CARTESIAN_POINT('Vertex',(-620.,-40.,102.5)) ;
#931=CARTESIAN_POINT('Line Origine',(-810.,-40.,102.5)) ;
#943=CARTESIAN_POINT('Axis2P3D Location',(-620.,0.,97.5)) ;
#948=CARTESIAN_POINT('Axis2P3D Location',(-620.,0.,92.5)) ;
#952=CARTESIAN_POINT('Vertex',(-620.,40.,92.5)) ;
#955=CARTESIAN_POINT('Line Origine',(-620.,40.,97.5)) ;
#959=CARTESIAN_POINT('Vertex',(-620.,40.,102.5)) ;
#962=CARTESIAN_POINT('Axis2P3D Location',(-620.,0.,102.5)) ;
#974=CARTESIAN_POINT('Axis2P3D Location',(-1000.,40.,92.5)) ;
#979=CARTESIAN_POINT('Line Origine',(-810.,40.,92.5)) ;
#984=CARTESIAN_POINT('Line Origine',(-810.,40.,102.5)) ;
#996=CARTESIAN_POINT('Axis2P3D Location',(-885.,25.,92.5)) ;
#1001=CARTESIAN_POINT('Line Origine',(-810.,25.,102.5)) ;
#1005=CARTESIAN_POINT('Vertex',(-735.,25.,102.5)) ;
#1007=CARTESIAN_POINT('Vertex',(-885.,25.,102.5)) ;
#1010=CARTESIAN_POINT('Line Origine',(-885.,25.,97.5)) ;
#1014=CARTESIAN_POINT('Vertex',(-885.,25.,92.5)) ;
#1017=CARTESIAN_POINT('Line Origine',(-810.,25.,92.5)) ;
#1021=CARTESIAN_POINT('Vertex',(-735.,25.,92.5)) ;
#1024=CARTESIAN_POINT('Line Origine',(-735.,25.,97.5)) ;
#1036=CARTESIAN_POINT('Axis2P3D Location',(-735.,4.5924254968E-015,97.5)) ;
#1041=CARTESIAN_POINT('Axis2P3D Location',(-735.,4.5924254968E-015,102.5)) ;
#1045=CARTESIAN_POINT('Vertex',(-735.,-25.,102.5)) ;
#1048=CARTESIAN_POINT('Axis2P3D Location',(-735.,4.5924254968E-015,92.5)) ;
#1052=CARTESIAN_POINT('Vertex',(-735.,-25.,92.5)) ;
#1055=CARTESIAN_POINT('Line Origine',(-735.,-25.,97.5)) ;
#1067=CARTESIAN_POINT('Axis2P3D Location',(-735.,-25.,92.5)) ;
#1072=CARTESIAN_POINT('Line Origine',(-810.,-25.,102.5)) ;
#1076=CARTESIAN_POINT('Vertex',(-885.,-25.,102.5)) ;
#1079=CARTESIAN_POINT('Line Origine',(-810.,-25.,92.5)) ;
#1083=CARTESIAN_POINT('Vertex',(-885.,-25.,92.5)) ;
#1086=CARTESIAN_POINT('Line Origine',(-885.,-25.,97.5)) ;
#1098=CARTESIAN_POINT('Axis2P3D Location',(-885.,-9.70054584401E-015,97.5)) ;
#1103=CARTESIAN_POINT('Axis2P3D Location',(-885.,-9.70054584401E-015,102.5)) ;
#1108=CARTESIAN_POINT('Axis2P3D Location',(-885.,-9.70054584401E-015,92.5)) ;
#1120=CARTESIAN_POINT('Axis2P3D Location',(-1000.,0.,92.5)) ;
#1137=CARTESIAN_POINT('Axis2P3D Location',(-1000.,-1.33226762955E-014,92.5)) ;
#1141=CARTESIAN_POINT('Vertex',(-1014.38276616,26.3274768567,92.5)) ;
#1143=CARTESIAN_POINT('Vertex',(-985.617233842,-26.3274768567,92.5)) ;
#1146=CARTESIAN_POINT('Axis2P3D Location',(-1000.,-3.90798504668E-014,92.5)) ;
#1155=CARTESIAN_POINT('Axis2P3D Location',(-620.,-1.33226762955E-014,92.5)) ;
#1159=CARTESIAN_POINT('Vertex',(-634.382766158,-26.3274768567,92.5)) ;
#1161=CARTESIAN_POINT('Vertex',(-605.617233842,26.3274768567,92.5)) ;
#1164=CARTESIAN_POINT('Axis2P3D Location',(-620.,-3.90798504668E-014,92.5)) ;
#1174=CARTESIAN_POINT('Axis2P3D Location',(-1000.,0.,102.5)) ;
#1191=CARTESIAN_POINT('Axis2P3D Location',(-1000.,-3.90798504668E-014,102.5)) ;
#1195=CARTESIAN_POINT('Vertex',(-985.617233842,-26.3274768567,102.5)) ;
#1197=CARTESIAN_POINT('Vertex',(-1014.38276616,26.3274768567,102.5)) ;
#1200=CARTESIAN_POINT('Axis2P3D Location',(-1000.,-1.33226762955E-014,102.5)) ;
#1209=CARTESIAN_POINT('Axis2P3D Location',(-620.,-3.90798504668E-014,102.5)) ;
#1213=CARTESIAN_POINT('Vertex',(-605.617233842,26.3274768567,102.5)) ;
#1215=CARTESIAN_POINT('Vertex',(-634.382766158,-26.3274768567,102.5)) ;
#1218=CARTESIAN_POINT('Axis2P3D Location',(-620.,-1.33226762955E-014,102.5)) ;
#1228=CARTESIAN_POINT('Axis2P3D Location',(-1000.,0.,22.5)) ;
#1232=CARTESIAN_POINT('Vertex',(-1000.,40.,22.5)) ;
#1234=CARTESIAN_POINT('Vertex',(-1000.,-40.,22.5)) ;
#1237=CARTESIAN_POINT('Line Origine',(-1000.,-40.,97.5)) ;
#1241=CARTESIAN_POINT('Vertex',(-1000.,-40.,32.5)) ;
#1244=CARTESIAN_POINT('Axis2P3D Location',(-1000.,0.,32.5)) ;
#1248=CARTESIAN_POINT('Vertex',(-1000.,40.,32.5)) ;
#1251=CARTESIAN_POINT('Line Origine',(-1000.,40.,97.5)) ;
#1263=CARTESIAN_POINT('Line Origine',(-810.,-40.,22.5)) ;
#1267=CARTESIAN_POINT('Vertex',(-620.,-40.,22.5)) ;
#1270=CARTESIAN_POINT('Line Origine',(-620.,-40.,27.5)) ;
#1274=CARTESIAN_POINT('Vertex',(-620.,-40.,32.5)) ;
#1277=CARTESIAN_POINT('Line Origine',(-810.,-40.,32.5)) ;
#1289=CARTESIAN_POINT('Axis2P3D Location',(-620.,0.,22.5)) ;
#1293=CARTESIAN_POINT('Vertex',(-620.,40.,22.5)) ;
#1296=CARTESIAN_POINT('Line Origine',(-620.,40.,97.5)) ;
#1300=CARTESIAN_POINT('Vertex',(-620.,40.,32.5)) ;
#1303=CARTESIAN_POINT('Axis2P3D Location',(-620.,0.,32.5)) ;
#1315=CARTESIAN_POINT('Line Origine',(-810.,40.,22.5)) ;
#1320=CARTESIAN_POINT('Line Origine',(-810.,40.,32.5)) ;
#1332=CARTESIAN_POINT('Line Origine',(-735.,25.,27.5)) ;
#1336=CARTESIAN_POINT('Vertex',(-735.,25.,32.5)) ;
#1338=CARTESIAN_POINT('Vertex',(-735.,25.,22.5)) ;
#1341=CARTESIAN_POINT('Line Origine',(-810.,25.,32.5)) ;
#1345=CARTESIAN_POINT('Vertex',(-885.,25.,32.5)) ;
#1348=CARTESIAN_POINT('Line Origine',(-885.,25.,27.5)) ;
#1352=CARTESIAN_POINT('Vertex',(-885.,25.,22.5)) ;
#1355=CARTESIAN_POINT('Line Origine',(-810.,25.,22.5)) ;
#1367=CARTESIAN_POINT('Line Origine',(-735.,-25.,97.5)) ;
#1371=CARTESIAN_POINT('Vertex',(-735.,-25.,32.5)) ;
#1373=CARTESIAN_POINT('Vertex',(-735.,-25.,22.5)) ;
#1376=CARTESIAN_POINT('Axis2P3D Location',(-735.,4.5924254968E-015,32.5)) ;
#1381=CARTESIAN_POINT('Axis2P3D Location',(-735.,4.5924254968E-015,22.5)) ;
#1393=CARTESIAN_POINT('Line Origine',(-885.,-25.,27.5)) ;
#1397=CARTESIAN_POINT('Vertex',(-885.,-25.,32.5)) ;
#1399=CARTESIAN_POINT('Vertex',(-885.,-25.,22.5)) ;
#1402=CARTESIAN_POINT('Line Origine',(-810.,-25.,32.5)) ;
#1407=CARTESIAN_POINT('Line Origine',(-810.,-25.,22.5)) ;
#1419=CARTESIAN_POINT('Axis2P3D Location',(-885.,-9.70054584401E-015,32.5)) ;
#1424=CARTESIAN_POINT('Axis2P3D Location',(-885.,-9.70054584401E-015,22.5)) ;
#1436=CARTESIAN_POINT('Axis2P3D Location',(-1000.,0.,32.5)) ;
#1453=CARTESIAN_POINT('Axis2P3D Location',(-1000.,-3.90798504668E-014,32.5)) ;
#1457=CARTESIAN_POINT('Vertex',(-985.617233842,-26.3274768567,32.5)) ;
#1459=CARTESIAN_POINT('Vertex',(-1014.38276616,26.3274768567,32.5)) ;
#1462=CARTESIAN_POINT('Axis2P3D Location',(-1000.,-1.33226762955E-014,32.5)) ;
#1471=CARTESIAN_POINT('Axis2P3D Location',(-620.,-3.90798504668E-014,32.5)) ;
#1475=CARTESIAN_POINT('Vertex',(-605.617233842,26.3274768567,32.5)) ;
#1477=CARTESIAN_POINT('Vertex',(-634.382766158,-26.3274768567,32.5)) ;
#1480=CARTESIAN_POINT('Axis2P3D Location',(-620.,-1.33226762955E-014,32.5)) ;
#1490=CARTESIAN_POINT('Axis2P3D Location',(-1000.,0.,22.5)) ;
#1507=CARTESIAN_POINT('Axis2P3D Location',(-1000.,-1.33226762955E-014,22.5)) ;
#1511=CARTESIAN_POINT('Vertex',(-1014.38276616,26.3274768567,22.5)) ;
#1513=CARTESIAN_POINT('Vertex',(-985.617233842,-26.3274768567,22.5)) ;
#1516=CARTESIAN_POINT('Axis2P3D Location',(-1000.,-3.90798504668E-014,22.5)) ;
#1525=CARTESIAN_POINT('Axis2P3D Location',(-620.,-1.33226762955E-014,22.5)) ;
#1529=CARTESIAN_POINT('Vertex',(-634.382766158,-26.3274768567,22.5)) ;
#1531=CARTESIAN_POINT('Vertex',(-605.617233842,26.3274768567,22.5)) ;
#1534=CARTESIAN_POINT('Axis2P3D Location',(-620.,-3.90798504668E-014,22.5)) ;
#1544=CARTESIAN_POINT('Axis2P3D Location',(-1000.,0.,62.5)) ;
#1549=CARTESIAN_POINT('Line Origine',(-985.617233842,-26.3274768567,62.5)) ;
#1553=CARTESIAN_POINT('Vertex',(-985.617233842,-26.3274768567,10.)) ;
#1556=CARTESIAN_POINT('Axis2P3D Location',(-1000.,0.,10.)) ;
#1560=CARTESIAN_POINT('Vertex',(-1014.38276616,26.3274768567,10.)) ;
#1563=CARTESIAN_POINT('Line Origine',(-1014.38276616,26.3274768567,62.5)) ;
#1575=CARTESIAN_POINT('Line Origine',(-985.617233842,-26.3274768567,62.5)) ;
#1580=CARTESIAN_POINT('Line Origine',(-1014.38276616,26.3274768567,62.5)) ;
#1592=CARTESIAN_POINT('Line Origine',(-1014.38276616,26.3274768567,62.5)) ;
#1596=CARTESIAN_POINT('Vertex',(-1014.38276616,26.3274768567,115.)) ;
#1599=CARTESIAN_POINT('Axis2P3D Location',(-1000.,0.,115.)) ;
#1603=CARTESIAN_POINT('Vertex',(-985.617233842,-26.3274768567,115.)) ;
#1606=CARTESIAN_POINT('Line Origine',(-985.617233842,-26.3274768567,62.5)) ;
#1618=CARTESIAN_POINT('Axis2P3D Location',(-1000.,0.,10.)) ;
#1637=CARTESIAN_POINT('Axis2P3D Location',(-1000.,0.,115.)) ;
#1649=CARTESIAN_POINT('Axis2P3D Location',(-1000.,-50.,115.)) ;
#1654=CARTESIAN_POINT('Axis2P3D Location',(-1000.,0.,115.)) ;
#1658=CARTESIAN_POINT('Vertex',(-976.02872307,-43.8791280945,115.)) ;
#1660=CARTESIAN_POINT('Vertex',(-1023.97127693,43.8791280945,115.)) ;
#1663=CARTESIAN_POINT('Axis2P3D Location',(-1000.,0.,115.)) ;
#1677=CARTESIAN_POINT('Axis2P3D Location',(-1000.,-30.,10.)) ;
#1682=CARTESIAN_POINT('Axis2P3D Location',(-1000.,0.,10.)) ;
#1686=CARTESIAN_POINT('Vertex',(-1023.97127693,43.8791280945,10.)) ;
#1688=CARTESIAN_POINT('Vertex',(-976.02872307,-43.8791280945,10.)) ;
#1691=CARTESIAN_POINT('Axis2P3D Location',(-1000.,0.,10.)) ;
#1705=CARTESIAN_POINT('Axis2P3D Location',(-1000.,-50.,0.)) ;
#1710=CARTESIAN_POINT('Axis2P3D Location',(-1000.,-7.1054273576E-015,0.)) ;
#1714=CARTESIAN_POINT('Vertex',(-1019.17702154,35.1033024756,0.)) ;
#1716=CARTESIAN_POINT('Vertex',(-980.822978456,-35.1033024756,0.)) ;
#1719=CARTESIAN_POINT('Axis2P3D Location',(-1000.,-7.1054273576E-015,0.)) ;
#1729=CARTESIAN_POINT('Axis2P3D Location',(-1000.,1.20459198172E-014,10.)) ;
#1734=CARTESIAN_POINT('Axis2P3D Location',(-980.822978456,-35.1033024756,10.)) ;
#1739=CARTESIAN_POINT('Axis2P3D Location',(-1019.17702154,35.1033024756,10.)) ;
#1751=CARTESIAN_POINT('Axis2P3D Location',(-1000.,-1.42108547152E-014,10.)) ;
#1763=CARTESIAN_POINT('Axis2P3D Location',(-1000.,-1.42108547152E-014,125.)) ;
#1768=CARTESIAN_POINT('Axis2P3D Location',(-1000.,-8.85048939565E-015,125.)) ;
#1772=CARTESIAN_POINT('Vertex',(-1019.17702154,35.1033024756,125.)) ;
#1774=CARTESIAN_POINT('Vertex',(-980.822978456,-35.1033024756,125.)) ;
#1777=CARTESIAN_POINT('Axis2P3D Location',(-1000.,-8.85048939565E-015,125.)) ;
#1787=CARTESIAN_POINT('Axis2P3D Location',(-1000.,7.1054273576E-015,115.)) ;
#1792=CARTESIAN_POINT('Axis2P3D Location',(-1019.17702154,35.1033024756,115.)) ;
#1797=CARTESIAN_POINT('Axis2P3D Location',(-980.822978456,-35.1033024756,115.)) ;
#1809=CARTESIAN_POINT('Axis2P3D Location',(-1000.,1.20459198172E-014,115.)) ;
#1821=CARTESIAN_POINT('Axis2P3D Location',(-620.,0.,62.5)) ;
#1826=CARTESIAN_POINT('Line Origine',(-634.382766158,-26.3274768567,62.5)) ;
#1830=CARTESIAN_POINT('Vertex',(-634.382766158,-26.3274768567,115.)) ;
#1833=CARTESIAN_POINT('Axis2P3D Location',(-620.,0.,115.)) ;
#1837=CARTESIAN_POINT('Vertex',(-605.617233842,26.3274768567,115.)) ;
#1840=CARTESIAN_POINT('Line Origine',(-605.617233842,26.3274768567,62.5)) ;
#1852=CARTESIAN_POINT('Line Origine',(-605.617233842,26.3274768567,62.5)) ;
#1857=CARTESIAN_POINT('Line Origine',(-634.382766158,-26.3274768567,62.5)) ;
#1869=CARTESIAN_POINT('Line Origine',(-605.617233842,26.3274768567,62.5)) ;
#1873=CARTESIAN_POINT('Vertex',(-605.617233842,26.3274768567,10.)) ;
#1876=CARTESIAN_POINT('Axis2P3D Location',(-620.,0.,10.)) ;
#1880=CARTESIAN_POINT('Vertex',(-634.382766158,-26.3274768567,10.)) ;
#1883=CARTESIAN_POINT('Line Origine',(-634.382766158,-26.3274768567,62.5)) ;
#1895=CARTESIAN_POINT('Axis2P3D Location',(-620.,0.,115.)) ;
#1914=CARTESIAN_POINT('Axis2P3D Location',(-620.,0.,10.)) ;
#1926=CARTESIAN_POINT('Axis2P3D Location',(-620.,0.,115.)) ;
#1930=CARTESIAN_POINT('Vertex',(-596.02872307,43.8791280945,115.)) ;
#1932=CARTESIAN_POINT('Vertex',(-643.97127693,-43.8791280945,115.)) ;
#1935=CARTESIAN_POINT('Axis2P3D Location',(-620.,0.,115.)) ;
#1949=CARTESIAN_POINT('Axis2P3D Location',(-620.,0.,10.)) ;
#1953=CARTESIAN_POINT('Vertex',(-643.97127693,-43.8791280945,10.)) ;
#1955=CARTESIAN_POINT('Vertex',(-596.02872307,43.8791280945,10.)) ;
#1958=CARTESIAN_POINT('Axis2P3D Location',(-620.,0.,10.)) ;
#1972=CARTESIAN_POINT('Axis2P3D Location',(-620.,-7.1054273576E-015,0.)) ;
#1976=CARTESIAN_POINT('Vertex',(-639.177021544,-35.1033024756,0.)) ;
#1978=CARTESIAN_POINT('Vertex',(-600.822978456,35.1033024756,0.)) ;
#1981=CARTESIAN_POINT('Axis2P3D Location',(-620.,-7.1054273576E-015,0.)) ;
#1991=CARTESIAN_POINT('Axis2P3D Location',(-620.,1.20459198172E-014,10.)) ;
#1996=CARTESIAN_POINT('Axis2P3D Location',(-600.822978456,35.1033024756,10.)) ;
#2001=CARTESIAN_POINT('Axis2P3D Location',(-639.177021544,-35.1033024756,10.)) ;
#2013=CARTESIAN_POINT('Axis2P3D Location',(-620.,-1.42108547152E-014,10.)) ;
#2025=CARTESIAN_POINT('Axis2P3D Location',(-620.,-8.85048939565E-015,125.)) ;
#2029=CARTESIAN_POINT('Vertex',(-639.177021544,-35.1033024756,125.)) ;
#2031=CARTESIAN_POINT('Vertex',(-600.822978456,35.1033024756,125.)) ;
#2034=CARTESIAN_POINT('Axis2P3D Location',(-620.,-8.85048939565E-015,125.)) ;
#2044=CARTESIAN_POINT('Axis2P3D Location',(-620.,7.1054273576E-015,115.)) ;
#2049=CARTESIAN_POINT('Axis2P3D Location',(-639.177021544,-35.1033024756,115.)) ;
#2054=CARTESIAN_POINT('Axis2P3D Location',(-600.822978456,35.1033024756,115.)) ;
#2066=CARTESIAN_POINT('Axis2P3D Location',(-620.,1.20459198172E-014,115.)) ;
#2088=CARTESIAN_POINT('NONE',(0.,0.,0.)) ;
#2089=CARTESIAN_POINT('NONE',(62.5,-441.019028711,-310.77771434)) ;
#2105=CARTESIAN_POINT('Axis2P3D Location',(-1000.,0.,5.)) ;
#2110=CARTESIAN_POINT('Line Origine',(-1000.,40.,5.)) ;
#2114=CARTESIAN_POINT('Vertex',(-1000.,40.,0.)) ;
#2116=CARTESIAN_POINT('Vertex',(-1000.,40.,10.)) ;
#2119=CARTESIAN_POINT('Axis2P3D Location',(-1000.,0.,0.)) ;
#2123=CARTESIAN_POINT('Vertex',(-1000.,-40.,0.)) ;
#2126=CARTESIAN_POINT('Line Origine',(-1000.,-40.,5.)) ;
#2130=CARTESIAN_POINT('Vertex',(-1000.,-40.,10.)) ;
#2133=CARTESIAN_POINT('Axis2P3D Location',(-1000.,0.,10.)) ;
#2145=CARTESIAN_POINT('Axis2P3D Location',(-620.,-40.,0.)) ;
#2150=CARTESIAN_POINT('Line Origine',(-810.,-40.,0.)) ;
#2154=CARTESIAN_POINT('Vertex',(-620.,-40.,0.)) ;
#2157=CARTESIAN_POINT('Line Origine',(-620.,-40.,5.)) ;
#2161=CARTESIAN_POINT('Vertex',(-620.,-40.,10.)) ;
#2164=CARTESIAN_POINT('Line Origine',(-810.,-40.,10.)) ;
#2176=CARTESIAN_POINT('Axis2P3D Location',(-620.,0.,5.)) ;
#2181=CARTESIAN_POINT('Axis2P3D Location',(-620.,0.,0.)) ;
#2185=CARTESIAN_POINT('Vertex',(-620.,40.,0.)) ;
#2188=CARTESIAN_POINT('Line Origine',(-620.,40.,5.)) ;
#2192=CARTESIAN_POINT('Vertex',(-620.,40.,10.)) ;
#2195=CARTESIAN_POINT('Axis2P3D Location',(-620.,0.,10.)) ;
#2207=CARTESIAN_POINT('Axis2P3D Location',(-1000.,40.,0.)) ;
#2212=CARTESIAN_POINT('Line Origine',(-810.,40.,0.)) ;
#2217=CARTESIAN_POINT('Line Origine',(-810.,40.,10.)) ;
#2229=CARTESIAN_POINT('Axis2P3D Location',(-885.,25.,0.)) ;
#2234=CARTESIAN_POINT('Line Origine',(-810.,25.,10.)) ;
#2238=CARTESIAN_POINT('Vertex',(-735.,25.,10.)) ;
#2240=CARTESIAN_POINT('Vertex',(-885.,25.,10.)) ;
#2243=CARTESIAN_POINT('Line Origine',(-885.,25.,5.)) ;
#2247=CARTESIAN_POINT('Vertex',(-885.,25.,0.)) ;
#2250=CARTESIAN_POINT('Line Origine',(-810.,25.,0.)) ;
#2254=CARTESIAN_POINT('Vertex',(-735.,25.,0.)) ;
#2257=CARTESIAN_POINT('Line Origine',(-735.,25.,5.)) ;
#2269=CARTESIAN_POINT('Axis2P3D Location',(-735.,4.5924254968E-015,5.)) ;
#2274=CARTESIAN_POINT('Axis2P3D Location',(-735.,4.5924254968E-015,10.)) ;
#2278=CARTESIAN_POINT('Vertex',(-735.,-25.,10.)) ;
#2281=CARTESIAN_POINT('Axis2P3D Location',(-735.,4.5924254968E-015,0.)) ;
#2285=CARTESIAN_POINT('Vertex',(-735.,-25.,0.)) ;
#2288=CARTESIAN_POINT('Line Origine',(-735.,-25.,5.)) ;
#2300=CARTESIAN_POINT('Axis2P3D Location',(-735.,-25.,0.)) ;
#2305=CARTESIAN_POINT('Line Origine',(-810.,-25.,10.)) ;
#2309=CARTESIAN_POINT('Vertex',(-885.,-25.,10.)) ;
#2312=CARTESIAN_POINT('Line Origine',(-810.,-25.,0.)) ;
#2316=CARTESIAN_POINT('Vertex',(-885.,-25.,0.)) ;
#2319=CARTESIAN_POINT('Line Origine',(-885.,-25.,5.)) ;
#2331=CARTESIAN_POINT('Axis2P3D Location',(-885.,-9.70054584401E-015,5.)) ;
#2336=CARTESIAN_POINT('Axis2P3D Location',(-885.,-9.70054584401E-015,10.)) ;
#2341=CARTESIAN_POINT('Axis2P3D Location',(-885.,-9.70054584401E-015,0.)) ;
#2353=CARTESIAN_POINT('Axis2P3D Location',(-1000.,0.,0.)) ;
#2370=CARTESIAN_POINT('Axis2P3D Location',(-620.,-1.7763568394E-015,0.)) ;
#2374=CARTESIAN_POINT('Vertex',(-645.,3.06151588456E-015,0.)) ;
#2376=CARTESIAN_POINT('Vertex',(-595.,0.,0.)) ;
#2379=CARTESIAN_POINT('Axis2P3D Location',(-620.,5.3290705182E-015,0.)) ;
#2388=CARTESIAN_POINT('Axis2P3D Location',(-1000.,-1.7763568394E-015,0.)) ;
#2392=CARTESIAN_POINT('Vertex',(-1025.,3.06151588456E-015,0.)) ;
#2394=CARTESIAN_POINT('Vertex',(-975.,0.,0.)) ;
#2397=CARTESIAN_POINT('Axis2P3D Location',(-1000.,5.3290705182E-015,0.)) ;
#2407=CARTESIAN_POINT('Axis2P3D Location',(-1000.,0.,10.)) ;
#2424=CARTESIAN_POINT('Axis2P3D Location',(-945.,25.,10.)) ;
#2428=CARTESIAN_POINT('Vertex',(-939.,25.,10.)) ;
#2430=CARTESIAN_POINT('Vertex',(-951.,25.,10.)) ;
#2433=CARTESIAN_POINT('Axis2P3D Location',(-945.,25.,10.)) ;
#2442=CARTESIAN_POINT('Axis2P3D Location',(-945.,-25.,10.)) ;
#2446=CARTESIAN_POINT('Vertex',(-939.,-25.,10.)) ;
#2448=CARTESIAN_POINT('Vertex',(-951.,-25.,10.)) ;
#2451=CARTESIAN_POINT('Axis2P3D Location',(-945.,-25.,10.)) ;
#2460=CARTESIAN_POINT('Axis2P3D Location',(-675.,25.,10.)) ;
#2464=CARTESIAN_POINT('Vertex',(-669.,25.,10.)) ;
#2466=CARTESIAN_POINT('Vertex',(-681.,25.,10.)) ;
#2469=CARTESIAN_POINT('Axis2P3D Location',(-675.,25.,10.)) ;
#2478=CARTESIAN_POINT('Axis2P3D Location',(-675.,-25.,10.)) ;
#2482=CARTESIAN_POINT('Vertex',(-669.,-25.,10.)) ;
#2484=CARTESIAN_POINT('Vertex',(-681.,-25.,10.)) ;
#2487=CARTESIAN_POINT('Axis2P3D Location',(-675.,-25.,10.)) ;
#2496=CARTESIAN_POINT('Axis2P3D Location',(-620.,5.3290705182E-015,10.)) ;
#2500=CARTESIAN_POINT('Vertex',(-595.,0.,10.)) ;
#2502=CARTESIAN_POINT('Vertex',(-645.,3.06151588456E-015,10.)) ;
#2505=CARTESIAN_POINT('Axis2P3D Location',(-620.,-1.7763568394E-015,10.)) ;
#2514=CARTESIAN_POINT('Axis2P3D Location',(-1000.,5.3290705182E-015,10.)) ;
#2518=CARTESIAN_POINT('Vertex',(-975.,0.,10.)) ;
#2520=CARTESIAN_POINT('Vertex',(-1025.,3.06151588456E-015,10.)) ;
#2523=CARTESIAN_POINT('Axis2P3D Location',(-1000.,-1.7763568394E-015,10.)) ;
#2533=CARTESIAN_POINT('Axis2P3D Location',(-1000.,0.,90.)) ;
#2537=CARTESIAN_POINT('Vertex',(-1000.,40.,90.)) ;
#2539=CARTESIAN_POINT('Vertex',(-1000.,-40.,90.)) ;
#2542=CARTESIAN_POINT('Line Origine',(-1000.,-40.,5.)) ;
#2546=CARTESIAN_POINT('Vertex',(-1000.,-40.,100.)) ;
#2549=CARTESIAN_POINT('Axis2P3D Location',(-1000.,0.,100.)) ;
#2553=CARTESIAN_POINT('Vertex',(-1000.,40.,100.)) ;
#2556=CARTESIAN_POINT('Line Origine',(-1000.,40.,5.)) ;
#2568=CARTESIAN_POINT('Line Origine',(-810.,-40.,90.)) ;
#2572=CARTESIAN_POINT('Vertex',(-620.,-40.,90.)) ;
#2575=CARTESIAN_POINT('Line Origine',(-620.,-40.,95.)) ;
#2579=CARTESIAN_POINT('Vertex',(-620.,-40.,100.)) ;
#2582=CARTESIAN_POINT('Line Origine',(-810.,-40.,100.)) ;
#2594=CARTESIAN_POINT('Axis2P3D Location',(-620.,0.,90.)) ;
#2598=CARTESIAN_POINT('Vertex',(-620.,40.,90.)) ;
#2601=CARTESIAN_POINT('Line Origine',(-620.,40.,5.)) ;
#2605=CARTESIAN_POINT('Vertex',(-620.,40.,100.)) ;
#2608=CARTESIAN_POINT('Axis2P3D Location',(-620.,0.,100.)) ;
#2620=CARTESIAN_POINT('Line Origine',(-810.,40.,90.)) ;
#2625=CARTESIAN_POINT('Line Origine',(-810.,40.,100.)) ;
#2637=CARTESIAN_POINT('Line Origine',(-735.,25.,95.)) ;
#2641=CARTESIAN_POINT('Vertex',(-735.,25.,100.)) ;
#2643=CARTESIAN_POINT('Vertex',(-735.,25.,90.)) ;
#2646=CARTESIAN_POINT('Line Origine',(-810.,25.,100.)) ;
#2650=CARTESIAN_POINT('Vertex',(-885.,25.,100.)) ;
#2653=CARTESIAN_POINT('Line Origine',(-885.,25.,95.)) ;
#2657=CARTESIAN_POINT('Vertex',(-885.,25.,90.)) ;
#2660=CARTESIAN_POINT('Line Origine',(-810.,25.,90.)) ;
#2672=CARTESIAN_POINT('Line Origine',(-735.,-25.,5.)) ;
#2676=CARTESIAN_POINT('Vertex',(-735.,-25.,100.)) ;
#2678=CARTESIAN_POINT('Vertex',(-735.,-25.,90.)) ;
#2681=CARTESIAN_POINT('Axis2P3D Location',(-735.,4.5924254968E-015,100.)) ;
#2686=CARTESIAN_POINT('Axis2P3D Location',(-735.,4.5924254968E-015,90.)) ;
#2698=CARTESIAN_POINT('Line Origine',(-885.,-25.,95.)) ;
#2702=CARTESIAN_POINT('Vertex',(-885.,-25.,100.)) ;
#2704=CARTESIAN_POINT('Vertex',(-885.,-25.,90.)) ;
#2707=CARTESIAN_POINT('Line Origine',(-810.,-25.,100.)) ;
#2712=CARTESIAN_POINT('Line Origine',(-810.,-25.,90.)) ;
#2724=CARTESIAN_POINT('Axis2P3D Location',(-885.,-9.70054584401E-015,100.)) ;
#2729=CARTESIAN_POINT('Axis2P3D Location',(-885.,-9.70054584401E-015,90.)) ;
#2741=CARTESIAN_POINT('Axis2P3D Location',(-1000.,0.,100.)) ;
#2758=CARTESIAN_POINT('Axis2P3D Location',(-620.,5.3290705182E-015,100.)) ;
#2762=CARTESIAN_POINT('Vertex',(-595.,0.,100.)) ;
#2764=CARTESIAN_POINT('Vertex',(-645.,3.06151588456E-015,100.)) ;
#2767=CARTESIAN_POINT('Axis2P3D Location',(-620.,-1.7763568394E-015,100.)) ;
#2776=CARTESIAN_POINT('Axis2P3D Location',(-1000.,5.3290705182E-015,100.)) ;
#2780=CARTESIAN_POINT('Vertex',(-975.,0.,100.)) ;
#2782=CARTESIAN_POINT('Vertex',(-1025.,3.06151588456E-015,100.)) ;
#2785=CARTESIAN_POINT('Axis2P3D Location',(-1000.,-1.7763568394E-015,100.)) ;
#2795=CARTESIAN_POINT('Axis2P3D Location',(-1000.,0.,90.)) ;
#2812=CARTESIAN_POINT('Axis2P3D Location',(-945.,25.,90.)) ;
#2816=CARTESIAN_POINT('Vertex',(-951.,25.,90.)) ;
#2818=CARTESIAN_POINT('Vertex',(-939.,25.,90.)) ;
#2821=CARTESIAN_POINT('Axis2P3D Location',(-945.,25.,90.)) ;
#2830=CARTESIAN_POINT('Axis2P3D Location',(-945.,-25.,90.)) ;
#2834=CARTESIAN_POINT('Vertex',(-951.,-25.,90.)) ;
#2836=CARTESIAN_POINT('Vertex',(-939.,-25.,90.)) ;
#2839=CARTESIAN_POINT('Axis2P3D Location',(-945.,-25.,90.)) ;
#2848=CARTESIAN_POINT('Axis2P3D Location',(-675.,25.,90.)) ;
#2852=CARTESIAN_POINT('Vertex',(-669.,25.,90.)) ;
#2854=CARTESIAN_POINT('Vertex',(-681.,25.,90.)) ;
#2857=CARTESIAN_POINT('Axis2P3D Location',(-675.,25.,90.)) ;
#2866=CARTESIAN_POINT('Axis2P3D Location',(-675.,-25.,90.)) ;
#2870=CARTESIAN_POINT('Vertex',(-669.,-25.,90.)) ;
#2872=CARTESIAN_POINT('Vertex',(-681.,-25.,90.)) ;
#2875=CARTESIAN_POINT('Axis2P3D Location',(-675.,-25.,90.)) ;
#2884=CARTESIAN_POINT('Axis2P3D Location',(-620.,-1.7763568394E-015,90.)) ;
#2888=CARTESIAN_POINT('Vertex',(-645.,3.06151588456E-015,90.)) ;
#2890=CARTESIAN_POINT('Vertex',(-595.,0.,90.)) ;
#2893=CARTESIAN_POINT('Axis2P3D Location',(-620.,5.3290705182E-015,90.)) ;
#2902=CARTESIAN_POINT('Axis2P3D Location',(-1000.,-1.7763568394E-015,90.)) ;
#2906=CARTESIAN_POINT('Vertex',(-1025.,3.06151588456E-015,90.)) ;
#2908=CARTESIAN_POINT('Vertex',(-975.,0.,90.)) ;
#2911=CARTESIAN_POINT('Axis2P3D Location',(-1000.,5.3290705182E-015,90.)) ;
#2921=CARTESIAN_POINT('Axis2P3D Location',(-945.,25.,45.)) ;
#2926=CARTESIAN_POINT('Line Origine',(-951.,25.,45.)) ;
#2931=CARTESIAN_POINT('Line Origine',(-939.,25.,45.)) ;
#2950=CARTESIAN_POINT('Axis2P3D Location',(-945.,-25.,45.)) ;
#2955=CARTESIAN_POINT('Line Origine',(-951.,-25.,45.)) ;
#2960=CARTESIAN_POINT('Line Origine',(-939.,-25.,45.)) ;
#2979=CARTESIAN_POINT('Axis2P3D Location',(-675.,25.,45.)) ;
#2984=CARTESIAN_POINT('Line Origine',(-681.,25.,45.)) ;
#2989=CARTESIAN_POINT('Line Origine',(-669.,25.,45.)) ;
#3008=CARTESIAN_POINT('Axis2P3D Location',(-675.,-25.,45.)) ;
#3013=CARTESIAN_POINT('Line Origine',(-681.,-25.,45.)) ;
#3018=CARTESIAN_POINT('Line Origine',(-669.,-25.,45.)) ;
#3037=CARTESIAN_POINT('Axis2P3D Location',(-620.,0.,0.)) ;
#3042=CARTESIAN_POINT('Line Origine',(-645.,3.06151588456E-015,0.)) ;
#3047=CARTESIAN_POINT('Line Origine',(-595.,0.,0.)) ;
#3059=CARTESIAN_POINT('Line Origine',(-595.,0.,0.)) ;
#3064=CARTESIAN_POINT('Line Origine',(-645.,3.06151588456E-015,0.)) ;
#3090=CARTESIAN_POINT('Axis2P3D Location',(-1000.,0.,0.)) ;
#3095=CARTESIAN_POINT('Line Origine',(-1025.,3.06151588456E-015,0.)) ;
#3100=CARTESIAN_POINT('Line Origine',(-975.,0.,0.)) ;
#3112=CARTESIAN_POINT('Line Origine',(-975.,0.,0.)) ;
#3117=CARTESIAN_POINT('Line Origine',(-1025.,3.06151588456E-015,0.)) ;
#3153=CARTESIAN_POINT('NONE',(0.,0.,0.)) ;
#3154=CARTESIAN_POINT('NONE',(-50.,270.301985339,-227.910433147)) ;
#3168=CARTESIAN_POINT('NONE',(0.,0.,0.)) ;
#3169=CARTESIAN_POINT('NONE',(-62.5,836.19014403,518.770416662)) ;
#3185=CARTESIAN_POINT('Axis2P3D Location',(-5000.,-5000.,-4982.)) ;
#3190=CARTESIAN_POINT('Line Origine',(-4999.02439024,-4960.01189945,-4982.)) ;
#3194=CARTESIAN_POINT('Vertex',(-4999.02439024,-4960.01189945,-5000.)) ;
#3196=CARTESIAN_POINT('Vertex',(-4999.02439024,-4960.01189945,-4964.)) ;
#3199=CARTESIAN_POINT('Axis2P3D Location',(-5000.,-5000.,-5000.)) ;
#3203=CARTESIAN_POINT('Vertex',(-4999.02439024,-5039.98810055,-5000.)) ;
#3206=CARTESIAN_POINT('Line Origine',(-4999.02439024,-5039.98810055,-4982.)) ;
#3210=CARTESIAN_POINT('Vertex',(-4999.02439024,-5039.98810055,-4964.)) ;
#3213=CARTESIAN_POINT('Axis2P3D Location',(-5000.,-5000.,-4964.)) ;
#3225=CARTESIAN_POINT('Axis2P3D Location',(-4999.02439024,-5039.98810055,-5000.)) ;
#3230=CARTESIAN_POINT('Line Origine',(-4988.7804878,-5039.73817492,-5000.)) ;
#3234=CARTESIAN_POINT('Vertex',(-4978.53658537,-5039.48824929,-5000.)) ;
#3237=CARTESIAN_POINT('Line Origine',(-4978.53658537,-5039.48824929,-4982.)) ;
#3241=CARTESIAN_POINT('Vertex',(-4978.53658537,-5039.48824929,-4964.)) ;
#3244=CARTESIAN_POINT('Line Origine',(-4988.7804878,-5039.73817492,-4964.)) ;
#3256=CARTESIAN_POINT('Axis2P3D Location',(-4979.5,-5000.,-4982.)) ;
#3261=CARTESIAN_POINT('Axis2P3D Location',(-4979.5,-5000.,-5000.)) ;
#3265=CARTESIAN_POINT('Vertex',(-4978.53658537,-4960.51175071,-5000.)) ;
#3268=CARTESIAN_POINT('Line Origine',(-4978.53658537,-4960.51175071,-4982.)) ;
#3272=CARTESIAN_POINT('Vertex',(-4978.53658537,-4960.51175071,-4964.)) ;
#3275=CARTESIAN_POINT('Axis2P3D Location',(-4979.5,-5000.,-4964.)) ;
#3287=CARTESIAN_POINT('Control Point',(-4942.95892722,-4985.,-4982.)) ;
#3288=CARTESIAN_POINT('Control Point',(-4942.95892722,-4985.,-4979.9405808)) ;
#3289=CARTESIAN_POINT('Control Point',(-4942.81384365,-4985.35343395,-4977.88116258)) ;
#3290=CARTESIAN_POINT('Control Point',(-4942.52310291,-4986.06014546,-4975.92039905)) ;
#3291=CARTESIAN_POINT('Control Point',(-4941.89550787,-4987.77017628,-4972.89248305)) ;
#3292=CARTESIAN_POINT('Control Point',(-4941.20431093,-4990.23081418,-4970.48827183)) ;
#3293=CARTESIAN_POINT('Control Point',(-4940.93007263,-4991.34994717,-4969.62419367)) ;
#3294=CARTESIAN_POINT('Control Point',(-4940.46853715,-4993.63012157,-4968.2576164)) ;
#3295=CARTESIAN_POINT('Control Point',(-4940.15809969,-4996.17022045,-4967.41655459)) ;
#3296=CARTESIAN_POINT('Control Point',(-4940.0559262,-4997.39905839,-4967.14727974)) ;
#3297=CARTESIAN_POINT('Control Point',(-4939.9138169,-5000.77230244,-4966.77303899)) ;
#3298=CARTESIAN_POINT('Control Point',(-4940.13234181,-5004.15262302,-4967.34852007)) ;
#3299=CARTESIAN_POINT('Control Point',(-4940.41409876,-5006.17678736,-4968.08777927)) ;
#3300=CARTESIAN_POINT('Control Point',(-4940.9912976,-5009.02576598,-4969.73483169)) ;
#3301=CARTESIAN_POINT('Control Point',(-4941.63934268,-5011.30571735,-4972.04196595)) ;
#3302=CARTESIAN_POINT('Control Point',(-4941.86828158,-5012.03500845,-4972.93645052)) ;
#3303=CARTESIAN_POINT('Control Point',(-4942.35919303,-5013.48887496,-4975.11644188)) ;
#3304=CARTESIAN_POINT('Control Point',(-4942.73256976,-5014.44907375,-4977.58342816)) ;
#3305=CARTESIAN_POINT('Control Point',(-4942.88357158,-5014.81642829,-4979.03159314)) ;
#3306=CARTESIAN_POINT('Control Point',(-4942.95892722,-5015.,-4980.51579632)) ;
#3307=CARTESIAN_POINT('Control Point',(-4942.95892722,-5015.,-4982.)) ;
#3308=CARTESIAN_POINT('Vertex',(-4942.95892722,-4985.,-4982.)) ;
#3310=CARTESIAN_POINT('Vertex',(-4942.95892722,-5015.,-4982.)) ;
#3314=CARTESIAN_POINT('Control Point',(-4942.95892722,-5015.,-4982.)) ;
#3315=CARTESIAN_POINT('Control Point',(-4942.95892722,-5015.,-4984.0594192)) ;
#3316=CARTESIAN_POINT('Control Point',(-4942.81384365,-5014.64656605,-4986.11883743)) ;
#3317=CARTESIAN_POINT('Control Point',(-4942.52310291,-5013.93985454,-4988.07960094)) ;
#3318=CARTESIAN_POINT('Control Point',(-4941.89550787,-5012.22982372,-4991.10751695)) ;
#3319=CARTESIAN_POINT('Control Point',(-4941.20431093,-5009.76918582,-4993.51172817)) ;
#3320=CARTESIAN_POINT('Control Point',(-4940.93007263,-5008.65005283,-4994.37580633)) ;
#3321=CARTESIAN_POINT('Control Point',(-4940.46853716,-5006.36987843,-4995.7423836)) ;
#3322=CARTESIAN_POINT('Control Point',(-4940.15809969,-5003.82977955,-4996.58344541)) ;
#3323=CARTESIAN_POINT('Control Point',(-4940.0559262,-5002.60094161,-4996.85272026)) ;
#3324=CARTESIAN_POINT('Control Point',(-4939.9138169,-4999.22769756,-4997.22696101)) ;
#3325=CARTESIAN_POINT('Control Point',(-4940.13234181,-4995.84737698,-4996.65147993)) ;
#3326=CARTESIAN_POINT('Control Point',(-4940.41409876,-4993.82321263,-4995.91222073)) ;
#3327=CARTESIAN_POINT('Control Point',(-4940.9912976,-4990.97423402,-4994.26516831)) ;
#3328=CARTESIAN_POINT('Control Point',(-4941.63934268,-4988.69428265,-4991.95803405)) ;
#3329=CARTESIAN_POINT('Control Point',(-4941.86828158,-4987.96499155,-4991.06354948)) ;
#3330=CARTESIAN_POINT('Control Point',(-4942.35919304,-4986.51112504,-4988.88355812)) ;
#3331=CARTESIAN_POINT('Control Point',(-4942.73256976,-4985.55092625,-4986.41657184)) ;
#3332=CARTESIAN_POINT('Control Point',(-4942.88357158,-4985.18357171,-4984.96840686)) ;
#3333=CARTESIAN_POINT('Control Point',(-4942.95892722,-4985.,-4983.48420368)) ;
#3334=CARTESIAN_POINT('Control Point',(-4942.95892722,-4985.,-4982.)) ;
#3341=CARTESIAN_POINT('Axis2P3D Location',(-4999.02439024,-4960.01189945,-5000.)) ;
#3346=CARTESIAN_POINT('Line Origine',(-4988.7804878,-4960.26182508,-5000.)) ;
#3351=CARTESIAN_POINT('Line Origine',(-4988.7804878,-4960.26182508,-4964.)) ;
#3363=CARTESIAN_POINT('Axis2P3D Location',(-5000.,-5000.,-4982.)) ;
#3368=CARTESIAN_POINT('Axis2P3D Location',(-5000.,-5000.,-4964.)) ;
#3372=CARTESIAN_POINT('Vertex',(-5030.,-5000.,-4964.)) ;
#3374=CARTESIAN_POINT('Vertex',(-4970.,-5000.,-4964.)) ;
#3377=CARTESIAN_POINT('Line Origine',(-4970.,-5000.,-4982.)) ;
#3381=CARTESIAN_POINT('Vertex',(-4970.,-5000.,-5000.)) ;
#3384=CARTESIAN_POINT('Axis2P3D Location',(-5000.,-5000.,-5000.)) ;
#3388=CARTESIAN_POINT('Vertex',(-5030.,-5000.,-5000.)) ;
#3391=CARTESIAN_POINT('Line Origine',(-5030.,-5000.,-4982.)) ;
#3403=CARTESIAN_POINT('Axis2P3D Location',(-5000.,-5000.,-4964.)) ;
#3408=CARTESIAN_POINT('Axis2P3D Location',(-5000.,-5000.,-5000.)) ;
#3420=CARTESIAN_POINT('Axis2P3D Location',(-5000.,-5000.,-5000.)) ;
#3436=CARTESIAN_POINT('Axis2P3D Location',(-5000.,-5000.,-4964.)) ;
#3452=CARTESIAN_POINT('Axis2P3D Location',(-4940.,-5000.,-4982.)) ;
#3457=CARTESIAN_POINT('Line Origine',(-4940.,-5015.,-4982.)) ;
#3461=CARTESIAN_POINT('Vertex',(-4960.,-5015.,-4982.)) ;
#3464=CARTESIAN_POINT('Axis2P3D Location',(-4960.,-5000.,-4982.)) ;
#3468=CARTESIAN_POINT('Vertex',(-4960.,-4985.,-4982.)) ;
#3471=CARTESIAN_POINT('Line Origine',(-4940.,-4985.,-4982.)) ;
#3483=CARTESIAN_POINT('Axis2P3D Location',(-4960.,-5000.,-4982.)) ;
#3495=CARTESIAN_POINT('Axis2P3D Location',(-4960.,-5000.,-5000.)) ;
#3515=CARTESIAN_POINT('NONE',(0.,0.,0.)) ;
#3516=CARTESIAN_POINT('NONE',(4982.,-7135.04128105,1348.60555912)) ;
#3532=CARTESIAN_POINT('Axis2P3D Location',(0.,0.,-3076.)) ;
#3537=CARTESIAN_POINT('Axis2P3D Location',(0.,0.,-3076.)) ;
#3541=CARTESIAN_POINT('Vertex',(-14.,1.71444889535E-015,-3076.)) ;
#3543=CARTESIAN_POINT('Vertex',(14.,0.,-3076.)) ;
#3546=CARTESIAN_POINT('Axis2P3D Location',(0.,0.,-3076.)) ;
#3556=CARTESIAN_POINT('Axis2P3D Location',(0.,-35.,-3000.)) ;
#3561=CARTESIAN_POINT('Axis2P3D Location',(60.,-35.,-2985.)) ;
#3565=CARTESIAN_POINT('Vertex',(60.,-35.,-2989.5)) ;
#3567=CARTESIAN_POINT('Vertex',(60.,-35.,-2980.5)) ;
#3570=CARTESIAN_POINT('Axis2P3D Location',(60.,-35.,-2985.)) ;
#3580=CARTESIAN_POINT('Axis2P3D Location',(60.,-32.,-2985.)) ;
#3585=CARTESIAN_POINT('Axis2P3D Location',(60.,-32.,-2980.5)) ;
#3589=CARTESIAN_POINT('Vertex',(60.,-32.,-2977.5)) ;
#3592=CARTESIAN_POINT('Axis2P3D Location',(60.,-32.,-2989.5)) ;
#3596=CARTESIAN_POINT('Vertex',(60.,-32.,-2992.5)) ;
#3599=CARTESIAN_POINT('Axis2P3D Location',(60.,-32.,-2985.)) ;
#3611=CARTESIAN_POINT('Axis2P3D Location',(60.,-32.,-2985.)) ;
#3616=CARTESIAN_POINT('Axis2P3D Location',(60.,-32.,-2985.)) ;
#3628=CARTESIAN_POINT('Axis2P3D Location',(0.,35.,-3000.)) ;
#3633=CARTESIAN_POINT('Axis2P3D Location',(60.,35.,-2985.)) ;
#3637=CARTESIAN_POINT('Vertex',(60.,35.,-2980.5)) ;
#3639=CARTESIAN_POINT('Vertex',(60.,35.,-2989.5)) ;
#3642=CARTESIAN_POINT('Axis2P3D Location',(60.,35.,-2985.)) ;
#3652=CARTESIAN_POINT('Axis2P3D Location',(60.,0.,-2985.)) ;
#3657=CARTESIAN_POINT('Line Origine',(60.,0.,-2977.5)) ;
#3661=CARTESIAN_POINT('Vertex',(60.,-25.,-2977.5)) ;
#3664=CARTESIAN_POINT('Line Origine',(60.,0.,-2992.5)) ;
#3668=CARTESIAN_POINT('Vertex',(60.,-25.,-2992.5)) ;
#3671=CARTESIAN_POINT('Axis2P3D Location',(60.,-25.,-2985.)) ;
#3683=CARTESIAN_POINT('Line Origine',(60.,0.,-2992.5)) ;
#3687=CARTESIAN_POINT('Vertex',(60.,32.,-2992.5)) ;
#3689=CARTESIAN_POINT('Vertex',(60.,25.,-2992.5)) ;
#3692=CARTESIAN_POINT('Axis2P3D Location',(60.,32.,-2985.)) ;
#3696=CARTESIAN_POINT('Vertex',(60.,32.,-2977.5)) ;
#3699=CARTESIAN_POINT('Line Origine',(60.,0.,-2977.5)) ;
#3703=CARTESIAN_POINT('Vertex',(60.,25.,-2977.5)) ;
#3706=CARTESIAN_POINT('Axis2P3D Location',(60.,25.,-2985.)) ;
#3718=CARTESIAN_POINT('Axis2P3D Location',(60.,-25.,-2985.)) ;
#3730=CARTESIAN_POINT('Axis2P3D Location',(60.,32.,-2985.)) ;
#3735=CARTESIAN_POINT('Axis2P3D Location',(60.,25.,-2985.)) ;
#3747=CARTESIAN_POINT('Axis2P3D Location',(60.,32.,-2985.)) ;
#3752=CARTESIAN_POINT('Axis2P3D Location',(60.,32.,-2980.5)) ;
#3757=CARTESIAN_POINT('Axis2P3D Location',(60.,32.,-2989.5)) ;
#3769=CARTESIAN_POINT('Axis2P3D Location',(60.,32.,-2985.)) ;
#3781=CARTESIAN_POINT('Axis2P3D Location',(35.,-2.14306111919E-015,-3000.)) ;
#3786=CARTESIAN_POINT('Axis2P3D Location',(35.,60.,-2985.)) ;
#3790=CARTESIAN_POINT('Vertex',(35.,60.,-2989.5)) ;
#3792=CARTESIAN_POINT('Vertex',(35.,60.,-2980.5)) ;
#3795=CARTESIAN_POINT('Axis2P3D Location',(35.,60.,-2985.)) ;
#3805=CARTESIAN_POINT('Axis2P3D Location',(32.,60.,-2985.)) ;
#3810=CARTESIAN_POINT('Axis2P3D Location',(32.,60.,-2980.5)) ;
#3814=CARTESIAN_POINT('Vertex',(32.,60.,-2977.5)) ;
#3817=CARTESIAN_POINT('Axis2P3D Location',(32.,60.,-2989.5)) ;
#3821=CARTESIAN_POINT('Vertex',(32.,60.,-2992.5)) ;
#3824=CARTESIAN_POINT('Axis2P3D Location',(32.,60.,-2985.)) ;
#3836=CARTESIAN_POINT('Axis2P3D Location',(32.,60.,-2985.)) ;
#3841=CARTESIAN_POINT('Axis2P3D Location',(32.,60.,-2985.)) ;
#3853=CARTESIAN_POINT('Axis2P3D Location',(-35.,2.14306111919E-015,-3000.)) ;
#3858=CARTESIAN_POINT('Axis2P3D Location',(-35.,60.,-2985.)) ;
#3862=CARTESIAN_POINT('Vertex',(-35.,60.,-2980.5)) ;
#3864=CARTESIAN_POINT('Vertex',(-35.,60.,-2989.5)) ;
#3867=CARTESIAN_POINT('Axis2P3D Location',(-35.,60.,-2985.)) ;
#3877=CARTESIAN_POINT('Axis2P3D Location',(3.67381906147E-015,60.,-2985.)) ;
#3882=CARTESIAN_POINT('Line Origine',(7.1054273576E-015,60.,-2977.5)) ;
#3886=CARTESIAN_POINT('Vertex',(25.,60.,-2977.5)) ;
#3889=CARTESIAN_POINT('Line Origine',(7.1054273576E-015,60.,-2992.5)) ;
#3893=CARTESIAN_POINT('Vertex',(25.,60.,-2992.5)) ;
#3896=CARTESIAN_POINT('Axis2P3D Location',(25.,60.,-2985.)) ;
#3908=CARTESIAN_POINT('Line Origine',(7.1054273576E-015,60.,-2992.5)) ;
#3912=CARTESIAN_POINT('Vertex',(-32.,60.,-2992.5)) ;
#3914=CARTESIAN_POINT('Vertex',(-25.,60.,-2992.5)) ;
#3917=CARTESIAN_POINT('Axis2P3D Location',(-32.,60.,-2985.)) ;
#3921=CARTESIAN_POINT('Vertex',(-32.,60.,-2977.5)) ;
#3924=CARTESIAN_POINT('Line Origine',(7.1054273576E-015,60.,-2977.5)) ;
#3928=CARTESIAN_POINT('Vertex',(-25.,60.,-2977.5)) ;
#3931=CARTESIAN_POINT('Axis2P3D Location',(-25.,60.,-2985.)) ;
#3943=CARTESIAN_POINT('Axis2P3D Location',(25.,60.,-2985.)) ;
#3955=CARTESIAN_POINT('Axis2P3D Location',(-32.,60.,-2985.)) ;
#3960=CARTESIAN_POINT('Axis2P3D Location',(-25.,60.,-2985.)) ;
#3972=CARTESIAN_POINT('Axis2P3D Location',(-32.,60.,-2985.)) ;
#3977=CARTESIAN_POINT('Axis2P3D Location',(-32.,60.,-2980.5)) ;
#3982=CARTESIAN_POINT('Axis2P3D Location',(-32.,60.,-2989.5)) ;
#3994=CARTESIAN_POINT('Axis2P3D Location',(-32.,60.,-2985.)) ;
#4006=CARTESIAN_POINT('Axis2P3D Location',(4.28612223838E-015,35.,-3000.)) ;
#4011=CARTESIAN_POINT('Axis2P3D Location',(-60.,35.,-2985.)) ;
#4015=CARTESIAN_POINT('Vertex',(-60.,35.,-2989.5)) ;
#4017=CARTESIAN_POINT('Vertex',(-60.,35.,-2980.5)) ;
#4020=CARTESIAN_POINT('Axis2P3D Location',(-60.,35.,-2985.)) ;
#4030=CARTESIAN_POINT('Axis2P3D Location',(-60.,32.,-2985.)) ;
#4035=CARTESIAN_POINT('Axis2P3D Location',(-60.,32.,-2980.5)) ;
#4039=CARTESIAN_POINT('Vertex',(-60.,32.,-2977.5)) ;
#4042=CARTESIAN_POINT('Axis2P3D Location',(-60.,32.,-2989.5)) ;
#4046=CARTESIAN_POINT('Vertex',(-60.,32.,-2992.5)) ;
#4049=CARTESIAN_POINT('Axis2P3D Location',(-60.,32.,-2985.)) ;
#4061=CARTESIAN_POINT('Axis2P3D Location',(-60.,32.,-2985.)) ;
#4066=CARTESIAN_POINT('Axis2P3D Location',(-60.,32.,-2985.)) ;
#4078=CARTESIAN_POINT('Axis2P3D Location',(-4.28612223838E-015,-35.,-3000.)) ;
#4083=CARTESIAN_POINT('Axis2P3D Location',(-60.,-35.,-2985.)) ;
#4087=CARTESIAN_POINT('Vertex',(-60.,-35.,-2980.5)) ;
#4089=CARTESIAN_POINT('Vertex',(-60.,-35.,-2989.5)) ;
#4092=CARTESIAN_POINT('Axis2P3D Location',(-60.,-35.,-2985.)) ;
#4102=CARTESIAN_POINT('Axis2P3D Location',(-60.,7.34788079488E-015,-2985.)) ;
#4107=CARTESIAN_POINT('Line Origine',(-60.,7.1054273576E-015,-2977.5)) ;
#4111=CARTESIAN_POINT('Vertex',(-60.,25.,-2977.5)) ;
#4114=CARTESIAN_POINT('Line Origine',(-60.,7.1054273576E-015,-2992.5)) ;
#4118=CARTESIAN_POINT('Vertex',(-60.,25.,-2992.5)) ;
#4121=CARTESIAN_POINT('Axis2P3D Location',(-60.,25.,-2985.)) ;
#4133=CARTESIAN_POINT('Line Origine',(-60.,7.1054273576E-015,-2992.5)) ;
#4137=CARTESIAN_POINT('Vertex',(-60.,-32.,-2992.5)) ;
#4139=CARTESIAN_POINT('Vertex',(-60.,-25.,-2992.5)) ;
#4142=CARTESIAN_POINT('Axis2P3D Location',(-60.,-32.,-2985.)) ;
#4146=CARTESIAN_POINT('Vertex',(-60.,-32.,-2977.5)) ;
#4149=CARTESIAN_POINT('Line Origine',(-60.,7.1054273576E-015,-2977.5)) ;
#4153=CARTESIAN_POINT('Vertex',(-60.,-25.,-2977.5)) ;
#4156=CARTESIAN_POINT('Axis2P3D Location',(-60.,-25.,-2985.)) ;
#4168=CARTESIAN_POINT('Axis2P3D Location',(-60.,25.,-2985.)) ;
#4180=CARTESIAN_POINT('Axis2P3D Location',(-60.,-32.,-2985.)) ;
#4185=CARTESIAN_POINT('Axis2P3D Location',(-60.,-25.,-2985.)) ;
#4197=CARTESIAN_POINT('Axis2P3D Location',(-60.,-32.,-2985.)) ;
#4202=CARTESIAN_POINT('Axis2P3D Location',(-60.,-32.,-2980.5)) ;
#4207=CARTESIAN_POINT('Axis2P3D Location',(-60.,-32.,-2989.5)) ;
#4219=CARTESIAN_POINT('Axis2P3D Location',(-60.,-32.,-2985.)) ;
#4231=CARTESIAN_POINT('Axis2P3D Location',(-35.,6.42918335757E-015,-3000.)) ;
#4236=CARTESIAN_POINT('Axis2P3D Location',(-35.,-60.,-2985.)) ;
#4240=CARTESIAN_POINT('Vertex',(-35.,-60.,-2989.5)) ;
#4242=CARTESIAN_POINT('Vertex',(-35.,-60.,-2980.5)) ;
#4245=CARTESIAN_POINT('Axis2P3D Location',(-35.,-60.,-2985.)) ;
#4255=CARTESIAN_POINT('Axis2P3D Location',(-32.,-60.,-2985.)) ;
#4260=CARTESIAN_POINT('Axis2P3D Location',(-32.,-60.,-2980.5)) ;
#4264=CARTESIAN_POINT('Vertex',(-32.,-60.,-2977.5)) ;
#4267=CARTESIAN_POINT('Axis2P3D Location',(-32.,-60.,-2989.5)) ;
#4271=CARTESIAN_POINT('Vertex',(-32.,-60.,-2992.5)) ;
#4274=CARTESIAN_POINT('Axis2P3D Location',(-32.,-60.,-2985.)) ;
#4286=CARTESIAN_POINT('Axis2P3D Location',(-32.,-60.,-2985.)) ;
#4291=CARTESIAN_POINT('Axis2P3D Location',(-32.,-60.,-2985.)) ;
#4303=CARTESIAN_POINT('Axis2P3D Location',(35.,-6.42918335757E-015,-3000.)) ;
#4308=CARTESIAN_POINT('Axis2P3D Location',(35.,-60.,-2985.)) ;
#4312=CARTESIAN_POINT('Vertex',(35.,-60.,-2980.5)) ;
#4314=CARTESIAN_POINT('Vertex',(35.,-60.,-2989.5)) ;
#4317=CARTESIAN_POINT('Axis2P3D Location',(35.,-60.,-2985.)) ;
#4327=CARTESIAN_POINT('Axis2P3D Location',(-1.10214571844E-014,-60.,-2985.)) ;
#4332=CARTESIAN_POINT('Line Origine',(-1.42108547152E-014,-60.,-2977.5)) ;
#4336=CARTESIAN_POINT('Vertex',(-25.,-60.,-2977.5)) ;
#4339=CARTESIAN_POINT('Line Origine',(-1.42108547152E-014,-60.,-2992.5)) ;
#4343=CARTESIAN_POINT('Vertex',(-25.,-60.,-2992.5)) ;
#4346=CARTESIAN_POINT('Axis2P3D Location',(-25.,-60.,-2985.)) ;
#4358=CARTESIAN_POINT('Line Origine',(-1.42108547152E-014,-60.,-2992.5)) ;
#4362=CARTESIAN_POINT('Vertex',(32.,-60.,-2992.5)) ;
#4364=CARTESIAN_POINT('Vertex',(25.,-60.,-2992.5)) ;
#4367=CARTESIAN_POINT('Axis2P3D Location',(32.,-60.,-2985.)) ;
#4371=CARTESIAN_POINT('Vertex',(32.,-60.,-2977.5)) ;
#4374=CARTESIAN_POINT('Line Origine',(-1.42108547152E-014,-60.,-2977.5)) ;
#4378=CARTESIAN_POINT('Vertex',(25.,-60.,-2977.5)) ;
#4381=CARTESIAN_POINT('Axis2P3D Location',(25.,-60.,-2985.)) ;
#4393=CARTESIAN_POINT('Axis2P3D Location',(-25.,-60.,-2985.)) ;
#4405=CARTESIAN_POINT('Axis2P3D Location',(32.,-60.,-2985.)) ;
#4410=CARTESIAN_POINT('Axis2P3D Location',(25.,-60.,-2985.)) ;
#4422=CARTESIAN_POINT('Axis2P3D Location',(32.,-60.,-2985.)) ;
#4427=CARTESIAN_POINT('Axis2P3D Location',(32.,-60.,-2980.5)) ;
#4432=CARTESIAN_POINT('Axis2P3D Location',(32.,-60.,-2989.5)) ;
#4444=CARTESIAN_POINT('Axis2P3D Location',(32.,-60.,-2985.)) ;
#4456=CARTESIAN_POINT('Axis2P3D Location',(0.,0.,-3026.)) ;
#4461=CARTESIAN_POINT('Line Origine',(-57.1021416551,-2.57571741713E-014,-3026.)) ;
#4465=CARTESIAN_POINT('Vertex',(-57.1021416551,7.10214165512,-3026.)) ;
#4467=CARTESIAN_POINT('Vertex',(-57.1021416551,-7.10214165512,-3026.)) ;
#4470=CARTESIAN_POINT('Line Origine',(-34.5834746583,7.10214165512,-3026.)) ;
#4474=CARTESIAN_POINT('Vertex',(-12.0648076616,7.10214165512,-3026.)) ;
#4477=CARTESIAN_POINT('Axis2P3D Location',(-1.7763568394E-015,0.,-3026.)) ;
#4481=CARTESIAN_POINT('Vertex',(-14.,1.71444889535E-015,-3026.)) ;
#4484=CARTESIAN_POINT('Axis2P3D Location',(-1.7763568394E-015,-8.881784197E-016,-3026.)) ;
#4488=CARTESIAN_POINT('Vertex',(-12.0648076616,-7.10214165512,-3026.)) ;
#4491=CARTESIAN_POINT('Line Origine',(-34.5834746583,-7.10214165512,-3026.)) ;
#4504=CARTESIAN_POINT('Axis2P3D Location',(-57.1021416551,7.10214165512,-3021.)) ;
#4509=CARTESIAN_POINT('Axis2P3D Location',(-57.1021416551,7.10214165512,-3021.)) ;
#4513=CARTESIAN_POINT('Vertex',(-57.1021416551,11.432268674,-3023.5)) ;
#4516=CARTESIAN_POINT('Axis2P3D Location',(-57.1021416551,7.10214165512,-3021.)) ;
#4520=CARTESIAN_POINT('Vertex',(-61.432268674,7.10214165512,-3023.5)) ;
#4524=CARTESIAN_POINT('Control Point',(-61.432268674,7.10214165512,-3023.5)) ;
#4525=CARTESIAN_POINT('Control Point',(-61.0921812932,8.4624911783,-3024.08904862)) ;
#4526=CARTESIAN_POINT('Control Point',(-60.3155214313,9.5449983206,-3024.26562963)) ;
#4527=CARTESIAN_POINT('Control Point',(-59.5449983206,10.3155214313,-3024.26562963)) ;
#4528=CARTESIAN_POINT('Control Point',(-58.4624911783,11.0921812932,-3024.08904862)) ;
#4529=CARTESIAN_POINT('Control Point',(-57.1021416551,11.432268674,-3023.5)) ;
#4537=CARTESIAN_POINT('Axis2P3D Location',(-57.1021416551,-0.0267118668039,-3021.)) ;
#4542=CARTESIAN_POINT('Axis2P3D Location',(-57.1021416551,-7.10214165512,-3021.)) ;
#4546=CARTESIAN_POINT('Vertex',(-61.432268674,-7.10214165512,-3023.5)) ;
#4549=CARTESIAN_POINT('Line Origine',(-61.432268674,-0.0267118668039,-3023.5)) ;
#4561=CARTESIAN_POINT('Axis2P3D Location',(-57.1021416551,-7.10214165512,-3021.)) ;
#4567=CARTESIAN_POINT('Control Point',(-57.1021416551,-7.10214165512,-3026.)) ;
#4568=CARTESIAN_POINT('Control Point',(-57.1021416551,-8.0609605705,-3026.)) ;
#4569=CARTESIAN_POINT('Control Point',(-57.1021416551,-9.01751196639,-3025.76677552)) ;
#4570=CARTESIAN_POINT('Control Point',(-57.1021416551,-9.95981306561,-3025.32145706)) ;
#4571=CARTESIAN_POINT('Control Point',(-57.1021416551,-10.8330068519,-3024.53795192)) ;
#4572=CARTESIAN_POINT('Control Point',(-57.1021416551,-11.432268674,-3023.5)) ;
#4573=CARTESIAN_POINT('Vertex',(-57.1021416551,-11.432268674,-3023.5)) ;
#4576=CARTESIAN_POINT('Axis2P3D Location',(-57.1021416551,-7.10214165512,-3021.)) ;
#4587=CARTESIAN_POINT('Axis2P3D Location',(-0.026711866793,7.10214165512,-3021.)) ;
#4592=CARTESIAN_POINT('Line Origine',(-0.026711866793,11.432268674,-3023.5)) ;
#4596=CARTESIAN_POINT('Vertex',(-11.432268674,11.432268674,-3023.5)) ;
#4600=CARTESIAN_POINT('Control Point',(-9.8994949442,9.89949891321,-3025.14424811)) ;
#4601=CARTESIAN_POINT('Control Point',(-10.336818874,10.3368225598,-3024.84905572)) ;
#4602=CARTESIAN_POINT('Control Point',(-10.7497112726,10.7497102065,-3024.48123333)) ;
#4603=CARTESIAN_POINT('Control Point',(-11.1257910289,11.1257910289,-3024.03083485)) ;
#4604=CARTESIAN_POINT('Control Point',(-11.432268674,11.432268674,-3023.5)) ;
#4605=CARTESIAN_POINT('Vertex',(-9.8994948517,9.89949502152,-3025.14424902)) ;
#4609=CARTESIAN_POINT('Control Point',(-10.3275772634,9.45205023031,-3025.41338075)) ;
#4610=CARTESIAN_POINT('Control Point',(-10.1861015208,9.60663073024,-3025.33107423)) ;
#4611=CARTESIAN_POINT('Control Point',(-10.0431593657,9.75583596411,-3025.24122024)) ;
#4612=CARTESIAN_POINT('Control Point',(-9.8994949442,9.89949891321,-3025.14424811)) ;
#4613=CARTESIAN_POINT('Vertex',(-10.3275776579,9.45204420852,-3025.41338165)) ;
#4617=CARTESIAN_POINT('Control Point',(-10.3275772634,9.45205023031,-3025.41338075)) ;
#4618=CARTESIAN_POINT('Control Point',(-10.7993180814,8.93661252981,-3025.68782602)) ;
#4619=CARTESIAN_POINT('Control Point',(-11.2567716956,8.36839183034,-3025.88794657)) ;
#4620=CARTESIAN_POINT('Control Point',(-11.6839857015,7.74906534719,-3026.)) ;
#4621=CARTESIAN_POINT('Control Point',(-12.0648076616,7.10214165512,-3026.)) ;
#4632=CARTESIAN_POINT('Axis2P3D Location',(-7.10214165512,2.03051619404,-3021.)) ;
#4637=CARTESIAN_POINT('Line Origine',(-7.10214165512,2.03051619404,-3026.)) ;
#4641=CARTESIAN_POINT('Vertex',(-7.10214165512,57.1021416551,-3026.)) ;
#4643=CARTESIAN_POINT('Vertex',(-7.10214165512,12.0648076616,-3026.)) ;
#4647=CARTESIAN_POINT('Control Point',(-7.10214165512,12.0648076616,-3026.)) ;
#4648=CARTESIAN_POINT('Control Point',(-7.89458521212,11.5983231097,-3026.)) ;
#4649=CARTESIAN_POINT('Control Point',(-8.64522210126,11.0620917877,-3025.83137356)) ;
#4650=CARTESIAN_POINT('Control Point',(-9.31268332417,10.4863137127,-3025.54034693)) ;
#4651=CARTESIAN_POINT('Control Point',(-9.89949766887,9.89949628562,-3025.14424895)) ;
#4653=CARTESIAN_POINT('Line Origine',(-11.432268674,2.03051619404,-3023.5)) ;
#4657=CARTESIAN_POINT('Vertex',(-11.432268674,57.1021416551,-3023.5)) ;
#4660=CARTESIAN_POINT('Axis2P3D Location',(-7.10214165512,57.1021416551,-3021.)) ;
#4673=CARTESIAN_POINT('Line Origine',(4.52970994047E-014,57.1021416551,-3026.)) ;
#4677=CARTESIAN_POINT('Vertex',(7.10214165512,57.1021416551,-3026.)) ;
#4680=CARTESIAN_POINT('Line Origine',(7.10214165512,34.5834746583,-3026.)) ;
#4684=CARTESIAN_POINT('Vertex',(7.10214165512,12.0648076616,-3026.)) ;
#4687=CARTESIAN_POINT('Axis2P3D Location',(-1.7763568394E-015,0.,-3026.)) ;
#4699=CARTESIAN_POINT('Axis2P3D Location',(7.10214165512,57.1021416551,-3021.)) ;
#4704=CARTESIAN_POINT('Axis2P3D Location',(7.10214165512,57.1021416551,-3021.)) ;
#4708=CARTESIAN_POINT('Vertex',(11.432268674,57.1021416551,-3023.5)) ;
#4711=CARTESIAN_POINT('Axis2P3D Location',(7.10214165512,57.1021416551,-3021.)) ;
#4715=CARTESIAN_POINT('Vertex',(7.10214165512,61.432268674,-3023.5)) ;
#4719=CARTESIAN_POINT('Control Point',(7.10214165512,61.432268674,-3023.5)) ;
#4720=CARTESIAN_POINT('Control Point',(8.4624911783,61.0921812932,-3024.08904862)) ;
#4721=CARTESIAN_POINT('Control Point',(9.5449983206,60.3155214313,-3024.26562963)) ;
#4722=CARTESIAN_POINT('Control Point',(10.3155214313,59.5449983206,-3024.26562963)) ;
#4723=CARTESIAN_POINT('Control Point',(11.0921812932,58.4624911783,-3024.08904862)) ;
#4724=CARTESIAN_POINT('Control Point',(11.432268674,57.1021416551,-3023.5)) ;
#4732=CARTESIAN_POINT('Axis2P3D Location',(19.9263042102,57.1021416551,-3021.)) ;
#4737=CARTESIAN_POINT('Axis2P3D Location',(-7.10214165512,57.1021416551,-3021.)) ;
#4741=CARTESIAN_POINT('Vertex',(-7.10214165512,61.432268674,-3023.5)) ;
#4744=CARTESIAN_POINT('Line Origine',(19.9263042102,61.432268674,-3023.5)) ;
#4756=CARTESIAN_POINT('Axis2P3D Location',(-7.10214165512,57.1021416551,-3021.)) ;
#4761=CARTESIAN_POINT('Axis2P3D Location',(-7.10214165512,57.1021416551,-3021.)) ;
#4772=CARTESIAN_POINT('Axis2P3D Location',(0.,0.,-3038.)) ;
#4778=CARTESIAN_POINT('Control Point',(9.45204420845,10.327577658,-3025.41338165)) ;
#4779=CARTESIAN_POINT('Control Point',(9.60662470873,10.186101915,-3025.33107512)) ;
#4780=CARTESIAN_POINT('Control Point',(9.75583044468,10.043159431,-3025.24122135)) ;
#4781=CARTESIAN_POINT('Control Point',(9.89949502151,9.89949485172,-3025.14424902)) ;
#4782=CARTESIAN_POINT('Vertex',(9.45204420845,10.327577658,-3025.41338165)) ;
#4784=CARTESIAN_POINT('Vertex',(9.89949502151,9.89949485172,-3025.14424902)) ;
#4788=CARTESIAN_POINT('Control Point',(12.0648076616,7.10214165512,-3026.)) ;
#4789=CARTESIAN_POINT('Control Point',(11.5983231096,7.89458521232,-3026.)) ;
#4790=CARTESIAN_POINT('Control Point',(11.0620919186,8.64522011215,-3025.83137126)) ;
#4791=CARTESIAN_POINT('Control Point',(10.4863114133,9.31267844989,-3025.54034697)) ;
#4792=CARTESIAN_POINT('Control Point',(9.89949502151,9.89949485172,-3025.14424902)) ;
#4793=CARTESIAN_POINT('Vertex',(12.0648076616,7.10214165512,-3026.)) ;
#4796=CARTESIAN_POINT('Axis2P3D Location',(0.,0.,-3026.)) ;
#4800=CARTESIAN_POINT('Vertex',(14.,0.,-3026.)) ;
#4803=CARTESIAN_POINT('Line Origine',(14.,0.,-3038.)) ;
#4808=CARTESIAN_POINT('Line Origine',(-14.,1.71444889535E-015,-3038.)) ;
#4814=CARTESIAN_POINT('Control Point',(9.45204420845,10.327577658,-3025.41338165)) ;
#4815=CARTESIAN_POINT('Control Point',(8.93660650754,10.7993184763,-3025.68782692)) ;
#4816=CARTESIAN_POINT('Control Point',(8.36837892392,11.2567659748,-3025.88794156)) ;
#4817=CARTESIAN_POINT('Control Point',(7.74906534769,11.6839857012,-3026.)) ;
#4818=CARTESIAN_POINT('Control Point',(7.10214165512,12.0648076616,-3026.)) ;
#4835=CARTESIAN_POINT('Axis2P3D Location',(7.10214165512,-9.69180291577E-012,-3021.)) ;
#4840=CARTESIAN_POINT('Line Origine',(11.432268674,-9.69180291577E-012,-3023.5)) ;
#4844=CARTESIAN_POINT('Vertex',(11.432268674,11.432268674,-3023.5)) ;
#4848=CARTESIAN_POINT('Control Point',(9.89949891322,9.89949494423,-3025.14424811)) ;
#4849=CARTESIAN_POINT('Control Point',(10.3368225598,10.336818874,-3024.84905572)) ;
#4850=CARTESIAN_POINT('Control Point',(10.7497102065,10.7497112726,-3024.48123333)) ;
#4851=CARTESIAN_POINT('Control Point',(11.1257910289,11.1257910289,-3024.03083485)) ;
#4852=CARTESIAN_POINT('Control Point',(11.432268674,11.432268674,-3023.5)) ;
#4863=CARTESIAN_POINT('Line Origine',(7.10214165512,-34.5834746583,-3026.)) ;
#4867=CARTESIAN_POINT('Vertex',(7.10214165512,-12.0648076616,-3026.)) ;
#4869=CARTESIAN_POINT('Vertex',(7.10214165512,-57.1021416551,-3026.)) ;
#4872=CARTESIAN_POINT('Line Origine',(7.1054273576E-015,-57.1021416551,-3026.)) ;
#4876=CARTESIAN_POINT('Vertex',(-7.10214165512,-57.1021416551,-3026.)) ;
#4879=CARTESIAN_POINT('Line Origine',(-7.10214165512,-34.5834746583,-3026.)) ;
#4883=CARTESIAN_POINT('Vertex',(-7.10214165512,-12.0648076616,-3026.)) ;
#4886=CARTESIAN_POINT('Axis2P3D Location',(-1.7763568394E-015,-8.881784197E-016,-3026.)) ;
#4898=CARTESIAN_POINT('Axis2P3D Location',(7.10214165512,-57.1021416551,-3021.)) ;
#4903=CARTESIAN_POINT('Axis2P3D Location',(7.10214165512,-57.1021416551,-3021.)) ;
#4907=CARTESIAN_POINT('Vertex',(11.432268674,-57.1021416551,-3023.5)) ;
#4911=CARTESIAN_POINT('Control Point',(11.432268674,-57.1021416551,-3023.5)) ;
#4912=CARTESIAN_POINT('Control Point',(11.0921812933,-58.4624911783,-3024.08904862)) ;
#4913=CARTESIAN_POINT('Control Point',(10.3155214313,-59.5449983206,-3024.26562963)) ;
#4914=CARTESIAN_POINT('Control Point',(9.5449983206,-60.3155214313,-3024.26562963)) ;
#4915=CARTESIAN_POINT('Control Point',(8.4624911783,-61.0921812933,-3024.08904862)) ;
#4916=CARTESIAN_POINT('Control Point',(7.10214165512,-61.432268674,-3023.5)) ;
#4917=CARTESIAN_POINT('Vertex',(7.10214165512,-61.432268674,-3023.5)) ;
#4920=CARTESIAN_POINT('Axis2P3D Location',(7.10214165512,-57.1021416551,-3021.)) ;
#4931=CARTESIAN_POINT('Axis2P3D Location',(22.5243804216,-57.1021416551,-3021.)) ;
#4936=CARTESIAN_POINT('Line Origine',(22.5243804216,-61.432268674,-3023.5)) ;
#4940=CARTESIAN_POINT('Vertex',(-7.10214165512,-61.432268674,-3023.5)) ;
#4943=CARTESIAN_POINT('Axis2P3D Location',(-7.10214165512,-57.1021416551,-3021.)) ;
#4955=CARTESIAN_POINT('Axis2P3D Location',(-7.10214165512,-57.1021416551,-3021.)) ;
#4961=CARTESIAN_POINT('Control Point',(-7.10214165512,-61.432268674,-3023.5)) ;
#4962=CARTESIAN_POINT('Control Point',(-8.4624911783,-61.0921812933,-3024.08904862)) ;
#4963=CARTESIAN_POINT('Control Point',(-9.5449983206,-60.3155214313,-3024.26562963)) ;
#4964=CARTESIAN_POINT('Control Point',(-10.3155214313,-59.5449983206,-3024.26562963)) ;
#4965=CARTESIAN_POINT('Control Point',(-11.0921812932,-58.4624911783,-3024.08904862)) ;
#4966=CARTESIAN_POINT('Control Point',(-11.432268674,-57.1021416551,-3023.5)) ;
#4967=CARTESIAN_POINT('Vertex',(-11.432268674,-57.1021416551,-3023.5)) ;
#4970=CARTESIAN_POINT('Axis2P3D Location',(-7.10214165512,-57.1021416551,-3021.)) ;
#4981=CARTESIAN_POINT('Axis2P3D Location',(-7.10214165512,-31.1912026572,-3021.)) ;
#4986=CARTESIAN_POINT('Line Origine',(-11.432268674,-31.1912026572,-3023.5)) ;
#4990=CARTESIAN_POINT('Vertex',(-11.432268674,-11.432268674,-3023.5)) ;
#4994=CARTESIAN_POINT('Control Point',(-9.8994976689,-9.89949628558,-3025.14424895)) ;
#4995=CARTESIAN_POINT('Control Point',(-10.3368215989,-10.3368199324,-3024.84905656)) ;
#4996=CARTESIAN_POINT('Control Point',(-10.7497098996,-10.7497117137,-3024.48123383)) ;
#4997=CARTESIAN_POINT('Control Point',(-11.1257910288,-11.1257910288,-3024.03083485)) ;
#4998=CARTESIAN_POINT('Control Point',(-11.432268674,-11.432268674,-3023.5)) ;
#4999=CARTESIAN_POINT('Vertex',(-9.89949485174,-9.89949502149,-3025.14424902)) ;
#5003=CARTESIAN_POINT('Control Point',(-7.10214165512,-12.0648076616,-3026.)) ;
#5004=CARTESIAN_POINT('Control Point',(-7.8945852121,-11.5983231097,-3026.)) ;
#5005=CARTESIAN_POINT('Control Point',(-8.64522210106,-11.0620917879,-3025.83137356)) ;
#5006=CARTESIAN_POINT('Control Point',(-9.31268332399,-10.4863137129,-3025.54034693)) ;
#5007=CARTESIAN_POINT('Control Point',(-9.8994976689,-9.89949628558,-3025.14424895)) ;
#5017=CARTESIAN_POINT('Axis2P3D Location',(-2.00888559892,-7.10214165512,-3021.)) ;
#5023=CARTESIAN_POINT('Control Point',(-10.3275772635,-9.45205023047,-3025.41338075)) ;
#5024=CARTESIAN_POINT('Control Point',(-10.7993180815,-8.93661252996,-3025.68782602)) ;
#5025=CARTESIAN_POINT('Control Point',(-11.2567716956,-8.36839183039,-3025.88794657)) ;
#5026=CARTESIAN_POINT('Control Point',(-11.6839857015,-7.7490653472,-3026.)) ;
#5027=CARTESIAN_POINT('Control Point',(-12.0648076616,-7.10214165512,-3026.)) ;
#5028=CARTESIAN_POINT('Vertex',(-10.327577658,-9.45204420846,-3025.41338165)) ;
#5032=CARTESIAN_POINT('Control Point',(-10.3275772635,-9.45205023047,-3025.41338075)) ;
#5033=CARTESIAN_POINT('Control Point',(-10.1861015207,-9.60663073053,-3025.33107423)) ;
#5034=CARTESIAN_POINT('Control Point',(-10.0431593656,-9.75583596437,-3025.24122024)) ;
#5035=CARTESIAN_POINT('Control Point',(-9.89949494424,-9.8994989133,-3025.14424811)) ;
#5037=CARTESIAN_POINT('Line Origine',(-2.00888559892,-11.432268674,-3023.5)) ;
#5052=CARTESIAN_POINT('Control Point',(12.0648076616,-7.10214165512,-3026.)) ;
#5053=CARTESIAN_POINT('Control Point',(11.59832311,-7.89458521161,-3026.)) ;
#5054=CARTESIAN_POINT('Control Point',(11.062091917,-8.64522011438,-3025.83137126)) ;
#5055=CARTESIAN_POINT('Control Point',(10.4863114127,-9.31267845042,-3025.54034697)) ;
#5056=CARTESIAN_POINT('Control Point',(9.8994950215,-9.89949485172,-3025.14424902)) ;
#5057=CARTESIAN_POINT('Vertex',(9.8994950215,-9.89949485172,-3025.14424902)) ;
#5059=CARTESIAN_POINT('Vertex',(12.0648076616,-7.10214165512,-3026.)) ;
#5063=CARTESIAN_POINT('Control Point',(9.45204420868,-10.3275776578,-3025.41338165)) ;
#5064=CARTESIAN_POINT('Control Point',(9.60662470839,-10.1861019153,-3025.33107512)) ;
#5065=CARTESIAN_POINT('Control Point',(9.75583044428,-10.0431594314,-3025.24122135)) ;
#5066=CARTESIAN_POINT('Control Point',(9.8994950215,-9.89949485172,-3025.14424902)) ;
#5067=CARTESIAN_POINT('Vertex',(9.45204420868,-10.3275776578,-3025.41338165)) ;
#5071=CARTESIAN_POINT('Control Point',(9.45204420868,-10.3275776578,-3025.41338165)) ;
#5072=CARTESIAN_POINT('Control Point',(8.93660650862,-10.7993184753,-3025.68782692)) ;
#5073=CARTESIAN_POINT('Control Point',(8.36837892275,-11.2567659759,-3025.88794156)) ;
#5074=CARTESIAN_POINT('Control Point',(7.74906534665,-11.6839857019,-3026.)) ;
#5075=CARTESIAN_POINT('Control Point',(7.10214165512,-12.0648076616,-3026.)) ;
#5077=CARTESIAN_POINT('Axis2P3D Location',(0.,0.,-3026.)) ;
#5097=CARTESIAN_POINT('Axis2P3D Location',(7.10214165512,-31.1375178219,-3021.)) ;
#5102=CARTESIAN_POINT('Line Origine',(11.432268674,-31.1375178219,-3023.5)) ;
#5106=CARTESIAN_POINT('Vertex',(11.432268674,-11.432268674,-3023.5)) ;
#5110=CARTESIAN_POINT('Control Point',(9.89949891319,-9.89949494432,-3025.14424811)) ;
#5111=CARTESIAN_POINT('Control Point',(10.3368225597,-10.3368188739,-3024.84905572)) ;
#5112=CARTESIAN_POINT('Control Point',(10.7497102066,-10.7497112727,-3024.48123333)) ;
#5113=CARTESIAN_POINT('Control Point',(11.125791029,-11.125791029,-3024.03083485)) ;
#5114=CARTESIAN_POINT('Control Point',(11.432268674,-11.432268674,-3023.5)) ;
#5125=CARTESIAN_POINT('Axis2P3D Location',(-25.,-25.,-3000.)) ;
#5130=CARTESIAN_POINT('Line Origine',(-25.,-47.5,-2970.)) ;
#5134=CARTESIAN_POINT('Vertex',(-25.,-25.,-2970.)) ;
#5136=CARTESIAN_POINT('Vertex',(-25.,-70.,-2970.)) ;
#5139=CARTESIAN_POINT('Line Origine',(-25.,-25.,-2985.)) ;
#5143=CARTESIAN_POINT('Vertex',(-25.,-25.,-3000.)) ;
#5146=CARTESIAN_POINT('Line Origine',(-25.,-47.5,-3000.)) ;
#5150=CARTESIAN_POINT('Vertex',(-25.,-70.,-3000.)) ;
#5153=CARTESIAN_POINT('Line Origine',(-25.,-70.,-2985.)) ;
#5169=CARTESIAN_POINT('Axis2P3D Location',(-13.1643194817,-63.1643194817,-3010.5)) ;
#5174=CARTESIAN_POINT('Line Origine',(-17.4944465007,-63.1643194817,-3013.)) ;
#5178=CARTESIAN_POINT('Vertex',(-24.9601484813,-70.6300214624,-3000.06902486)) ;
#5181=CARTESIAN_POINT('Line Origine',(-13.1643194817,-67.4944465007,-3013.)) ;
#5185=CARTESIAN_POINT('Vertex',(-20.6300214613,-74.9601484802,-3000.06902486)) ;
#5189=CARTESIAN_POINT('Control Point',(-20.6300214613,-74.9601484802,-3000.06902486)) ;
#5190=CARTESIAN_POINT('Control Point',(-21.9190837437,-74.7964161027,-3000.35261765)) ;
#5191=CARTESIAN_POINT('Control Point',(-23.1793714643,-74.2154688742,-3000.52382609)) ;
#5192=CARTESIAN_POINT('Control Point',(-24.2140843911,-73.1836025587,-3000.52453316)) ;
#5193=CARTESIAN_POINT('Control Point',(-24.7964161037,-71.9190837448,-3000.35261765)) ;
#5194=CARTESIAN_POINT('Control Point',(-24.9601484813,-70.6300214624,-3000.06902486)) ;
#5203=CARTESIAN_POINT('Axis2P3D Location',(-25.,-25.,-3000.)) ;
#5209=CARTESIAN_POINT('Control Point',(-25.,-25.,-3000.)) ;
#5210=CARTESIAN_POINT('Control Point',(-11.432268674,-11.432268674,-3023.5)) ;
#5213=CARTESIAN_POINT('Control Point',(-24.9601484813,-70.6300214624,-3000.06902486)) ;
#5214=CARTESIAN_POINT('Control Point',(-24.9862764095,-70.4243167194,-3000.02376996)) ;
#5215=CARTESIAN_POINT('Control Point',(-25.,-70.2122383467,-3000.)) ;
#5216=CARTESIAN_POINT('Control Point',(-25.,-70.,-3000.)) ;
#5226=CARTESIAN_POINT('Axis2P3D Location',(-20.,-70.,-2985.08162443)) ;
#5231=CARTESIAN_POINT('Axis2P3D Location',(-20.,-70.,-2970.)) ;
#5235=CARTESIAN_POINT('Vertex',(-20.,-75.,-2970.)) ;
#5239=CARTESIAN_POINT('Control Point',(-20.,-75.,-3000.)) ;
#5240=CARTESIAN_POINT('Control Point',(-20.2122407677,-75.,-3000.)) ;
#5241=CARTESIAN_POINT('Control Point',(-20.4243152408,-74.9862765972,-3000.02376966)) ;
#5242=CARTESIAN_POINT('Control Point',(-20.6300214617,-74.9601484814,-3000.06902486)) ;
#5243=CARTESIAN_POINT('Vertex',(-20.,-75.,-3000.)) ;
#5246=CARTESIAN_POINT('Line Origine',(-20.,-75.,-2985.08162443)) ;
#5260=CARTESIAN_POINT('Axis2P3D Location',(-75.,-25.,-3000.)) ;
#5265=CARTESIAN_POINT('Line Origine',(-47.5,-25.,-3000.)) ;
#5269=CARTESIAN_POINT('Vertex',(-70.,-25.,-3000.)) ;
#5272=CARTESIAN_POINT('Line Origine',(-47.5,-25.,-2970.)) ;
#5276=CARTESIAN_POINT('Vertex',(-70.,-25.,-2970.)) ;
#5279=CARTESIAN_POINT('Line Origine',(-70.,-25.,-2985.)) ;
#5295=CARTESIAN_POINT('Axis2P3D Location',(0.,-25.,-3000.)) ;
#5301=CARTESIAN_POINT('Control Point',(-70.,-25.,-3000.)) ;
#5302=CARTESIAN_POINT('Control Point',(-70.2122407677,-25.,-3000.)) ;
#5303=CARTESIAN_POINT('Control Point',(-70.4243152296,-24.9862765825,-3000.02376966)) ;
#5304=CARTESIAN_POINT('Control Point',(-70.6300214613,-24.9601484802,-3000.06902486)) ;
#5305=CARTESIAN_POINT('Vertex',(-70.6300214613,-24.9601484802,-3000.06902486)) ;
#5309=CARTESIAN_POINT('Control Point',(-70.6300214613,-24.9601484802,-3000.06902486)) ;
#5310=CARTESIAN_POINT('Control Point',(-57.1021416551,-11.432268674,-3023.5)) ;
#5320=CARTESIAN_POINT('Axis2P3D Location',(-63.1333971829,-13.1333971829,-3010.55355899)) ;
#5325=CARTESIAN_POINT('Line Origine',(-67.4635242019,-13.1333971829,-3013.05355899)) ;
#5329=CARTESIAN_POINT('Vertex',(-74.9601484813,-20.6300214624,-3000.06902486)) ;
#5333=CARTESIAN_POINT('Control Point',(-70.6300214613,-24.9601484802,-3000.06902486)) ;
#5334=CARTESIAN_POINT('Control Point',(-71.9190837444,-24.7964161026,-3000.35261765)) ;
#5335=CARTESIAN_POINT('Control Point',(-73.1793714634,-24.215468874,-3000.52382609)) ;
#5336=CARTESIAN_POINT('Control Point',(-74.2140843895,-23.1836025612,-3000.52453316)) ;
#5337=CARTESIAN_POINT('Control Point',(-74.7964161036,-21.9190837455,-3000.35261765)) ;
#5338=CARTESIAN_POINT('Control Point',(-74.9601484813,-20.6300214624,-3000.06902486)) ;
#5347=CARTESIAN_POINT('Axis2P3D Location',(-70.,-20.,-2985.08162443)) ;
#5352=CARTESIAN_POINT('Axis2P3D Location',(-70.,-20.,-2970.)) ;
#5356=CARTESIAN_POINT('Vertex',(-75.,-20.,-2970.)) ;
#5359=CARTESIAN_POINT('Line Origine',(-75.,-20.,-2985.08162443)) ;
#5363=CARTESIAN_POINT('Vertex',(-75.,-20.,-3000.)) ;
#5367=CARTESIAN_POINT('Control Point',(-74.9601484813,-20.6300214624,-3000.06902486)) ;
#5368=CARTESIAN_POINT('Control Point',(-74.9862764095,-20.4243167194,-3000.02376996)) ;
#5369=CARTESIAN_POINT('Control Point',(-75.,-20.2122383467,-3000.)) ;
#5370=CARTESIAN_POINT('Control Point',(-75.,-20.,-3000.)) ;
#5381=CARTESIAN_POINT('Axis2P3D Location',(25.,25.,-3000.)) ;
#5386=CARTESIAN_POINT('Line Origine',(-70.,25.,-2985.)) ;
#5390=CARTESIAN_POINT('Vertex',(-70.,25.,-3000.)) ;
#5392=CARTESIAN_POINT('Vertex',(-70.,25.,-2970.)) ;
#5395=CARTESIAN_POINT('Line Origine',(-47.5,25.,-2970.)) ;
#5399=CARTESIAN_POINT('Vertex',(-25.,25.,-2970.)) ;
#5402=CARTESIAN_POINT('Line Origine',(-25.,25.,-2985.)) ;
#5406=CARTESIAN_POINT('Vertex',(-25.,25.,-3000.)) ;
#5409=CARTESIAN_POINT('Line Origine',(-47.5,25.,-3000.)) ;
#5425=CARTESIAN_POINT('Axis2P3D Location',(25.,25.,-3000.)) ;
#5431=CARTESIAN_POINT('Control Point',(-70.6300214624,24.9601484813,-3000.06902486)) ;
#5432=CARTESIAN_POINT('Control Point',(-70.4243167194,24.9862764095,-3000.02376996)) ;
#5433=CARTESIAN_POINT('Control Point',(-70.2122383467,25.,-3000.)) ;
#5434=CARTESIAN_POINT('Control Point',(-70.,25.,-3000.)) ;
#5435=CARTESIAN_POINT('Vertex',(-70.6300214624,24.9601484813,-3000.06902486)) ;
#5439=CARTESIAN_POINT('Control Point',(-25.,25.,-3000.)) ;
#5440=CARTESIAN_POINT('Control Point',(-11.432268674,11.432268674,-3023.5)) ;
#5443=CARTESIAN_POINT('Control Point',(-70.6300214624,24.9601484813,-3000.06902486)) ;
#5444=CARTESIAN_POINT('Control Point',(-57.1021416551,11.432268674,-3023.5)) ;
#5454=CARTESIAN_POINT('Axis2P3D Location',(-63.1333971829,13.1333971829,-3010.55355899)) ;
#5459=CARTESIAN_POINT('Line Origine',(-67.4635242019,13.1333971829,-3013.05355899)) ;
#5463=CARTESIAN_POINT('Vertex',(-74.9601484802,20.6300214613,-3000.06902486)) ;
#5467=CARTESIAN_POINT('Control Point',(-74.9601484802,20.6300214613,-3000.06902486)) ;
#5468=CARTESIAN_POINT('Control Point',(-74.7964161027,21.9190837438,-3000.35261765)) ;
#5469=CARTESIAN_POINT('Control Point',(-74.2154688743,23.1793714643,-3000.52382609)) ;
#5470=CARTESIAN_POINT('Control Point',(-73.1836025584,24.2140843912,-3000.52453316)) ;
#5471=CARTESIAN_POINT('Control Point',(-71.9190837448,24.7964161037,-3000.35261765)) ;
#5472=CARTESIAN_POINT('Control Point',(-70.6300214624,24.9601484813,-3000.06902486)) ;
#5481=CARTESIAN_POINT('Axis2P3D Location',(-75.,25.,-3000.)) ;
#5486=CARTESIAN_POINT('Line Origine',(-75.,0.,-3000.)) ;
#5490=CARTESIAN_POINT('Vertex',(-75.,20.,-3000.)) ;
#5493=CARTESIAN_POINT('Line Origine',(-75.,0.,-2970.)) ;
#5497=CARTESIAN_POINT('Vertex',(-75.,20.,-2970.)) ;
#5500=CARTESIAN_POINT('Line Origine',(-75.,20.,-2985.)) ;
#5512=CARTESIAN_POINT('Axis2P3D Location',(-75.,9.31322574615E-010,-3000.)) ;
#5518=CARTESIAN_POINT('Control Point',(-75.,20.,-3000.)) ;
#5519=CARTESIAN_POINT('Control Point',(-75.,20.2122407678,-3000.)) ;
#5520=CARTESIAN_POINT('Control Point',(-74.9862765825,20.4243152296,-3000.02376966)) ;
#5521=CARTESIAN_POINT('Control Point',(-74.9601484802,20.6300214613,-3000.06902486)) ;
#5532=CARTESIAN_POINT('Axis2P3D Location',(-70.,20.,-2985.08162443)) ;
#5537=CARTESIAN_POINT('Axis2P3D Location',(-70.,20.,-2970.)) ;
#5551=CARTESIAN_POINT('Line Origine',(-25.,47.5,-3000.)) ;
#5555=CARTESIAN_POINT('Vertex',(-25.,70.,-3000.)) ;
#5558=CARTESIAN_POINT('Line Origine',(-25.,47.5,-2970.)) ;
#5562=CARTESIAN_POINT('Vertex',(-25.,70.,-2970.)) ;
#5565=CARTESIAN_POINT('Line Origine',(-25.,70.,-2985.)) ;
#5581=CARTESIAN_POINT('Axis2P3D Location',(-25.,-25.,-3000.)) ;
#5587=CARTESIAN_POINT('Control Point',(-24.9601484802,70.6300214613,-3000.06902486)) ;
#5588=CARTESIAN_POINT('Control Point',(-11.432268674,57.1021416551,-3023.5)) ;
#5589=CARTESIAN_POINT('Vertex',(-24.9601484802,70.6300214613,-3000.06902486)) ;
#5593=CARTESIAN_POINT('Control Point',(-25.,70.,-3000.)) ;
#5594=CARTESIAN_POINT('Control Point',(-25.,70.2122407677,-3000.)) ;
#5595=CARTESIAN_POINT('Control Point',(-24.9862765825,70.4243152296,-3000.02376966)) ;
#5596=CARTESIAN_POINT('Control Point',(-24.9601484802,70.6300214613,-3000.06902486)) ;
#5606=CARTESIAN_POINT('Axis2P3D Location',(-13.1333971829,63.1333971829,-3010.55355899)) ;
#5611=CARTESIAN_POINT('Line Origine',(-13.1333971829,67.4635242019,-3013.05355899)) ;
#5615=CARTESIAN_POINT('Vertex',(-20.6300214624,74.9601484813,-3000.06902486)) ;
#5619=CARTESIAN_POINT('Control Point',(-24.9601484802,70.6300214613,-3000.06902486)) ;
#5620=CARTESIAN_POINT('Control Point',(-24.7964161026,71.9190837444,-3000.35261765)) ;
#5621=CARTESIAN_POINT('Control Point',(-24.2154688741,73.1793714634,-3000.52382609)) ;
#5622=CARTESIAN_POINT('Control Point',(-23.1836025608,74.2140843897,-3000.52453316)) ;
#5623=CARTESIAN_POINT('Control Point',(-21.9190837455,74.7964161036,-3000.35261765)) ;
#5624=CARTESIAN_POINT('Control Point',(-20.6300214624,74.9601484813,-3000.06902486)) ;
#5633=CARTESIAN_POINT('Axis2P3D Location',(-20.,70.,-2985.08162443)) ;
#5638=CARTESIAN_POINT('Axis2P3D Location',(-20.,70.,-2970.)) ;
#5642=CARTESIAN_POINT('Vertex',(-20.,75.,-2970.)) ;
#5645=CARTESIAN_POINT('Line Origine',(-20.,75.,-2985.08162443)) ;
#5649=CARTESIAN_POINT('Vertex',(-20.,75.,-3000.)) ;
#5653=CARTESIAN_POINT('Control Point',(-20.6300214624,74.9601484813,-3000.06902486)) ;
#5654=CARTESIAN_POINT('Control Point',(-20.4243167194,74.9862764095,-3000.02376996)) ;
#5655=CARTESIAN_POINT('Control Point',(-20.2122383467,75.,-3000.)) ;
#5656=CARTESIAN_POINT('Control Point',(-20.,75.,-3000.)) ;
#5667=CARTESIAN_POINT('Axis2P3D Location',(25.,-25.,-3000.)) ;
#5672=CARTESIAN_POINT('Line Origine',(25.,70.,-2985.)) ;
#5676=CARTESIAN_POINT('Vertex',(25.,70.,-3000.)) ;
#5678=CARTESIAN_POINT('Vertex',(25.,70.,-2970.)) ;
#5681=CARTESIAN_POINT('Line Origine',(25.,47.5,-2970.)) ;
#5685=CARTESIAN_POINT('Vertex',(25.,25.,-2970.)) ;
#5688=CARTESIAN_POINT('Line Origine',(25.,25.,-2985.)) ;
#5692=CARTESIAN_POINT('Vertex',(25.,25.,-3000.)) ;
#5695=CARTESIAN_POINT('Line Origine',(25.,47.5,-3000.)) ;
#5711=CARTESIAN_POINT('Axis2P3D Location',(25.,-25.,-3000.)) ;
#5717=CARTESIAN_POINT('Control Point',(24.9601484813,70.6300214624,-3000.06902486)) ;
#5718=CARTESIAN_POINT('Control Point',(24.9862764095,70.4243167194,-3000.02376996)) ;
#5719=CARTESIAN_POINT('Control Point',(25.,70.2122383467,-3000.)) ;
#5720=CARTESIAN_POINT('Control Point',(25.,70.,-3000.)) ;
#5721=CARTESIAN_POINT('Vertex',(24.9601484813,70.6300214624,-3000.06902486)) ;
#5725=CARTESIAN_POINT('Control Point',(25.,25.,-3000.)) ;
#5726=CARTESIAN_POINT('Control Point',(11.432268674,11.432268674,-3023.5)) ;
#5729=CARTESIAN_POINT('Control Point',(24.9601484813,70.6300214624,-3000.06902486)) ;
#5730=CARTESIAN_POINT('Control Point',(11.432268674,57.1021416551,-3023.5)) ;
#5740=CARTESIAN_POINT('Axis2P3D Location',(13.1333971829,63.1333971829,-3010.55355899)) ;
#5745=CARTESIAN_POINT('Line Origine',(13.1333971829,67.4635242019,-3013.05355899)) ;
#5749=CARTESIAN_POINT('Vertex',(20.6300214613,74.9601484802,-3000.06902486)) ;
#5753=CARTESIAN_POINT('Control Point',(20.6300214613,74.9601484802,-3000.06902486)) ;
#5754=CARTESIAN_POINT('Control Point',(21.9190837458,74.7964161025,-3000.35261765)) ;
#5755=CARTESIAN_POINT('Control Point',(23.1793714616,74.2154688736,-3000.52382608)) ;
#5756=CARTESIAN_POINT('Control Point',(24.2140843864,73.1836025656,-3000.52453316)) ;
#5757=CARTESIAN_POINT('Control Point',(24.7964161034,71.9190837469,-3000.35261765)) ;
#5758=CARTESIAN_POINT('Control Point',(24.9601484813,70.6300214624,-3000.06902486)) ;
#5767=CARTESIAN_POINT('Axis2P3D Location',(25.,75.,-3000.)) ;
#5772=CARTESIAN_POINT('Line Origine',(-3.5527136788E-015,75.,-3000.)) ;
#5776=CARTESIAN_POINT('Vertex',(20.,75.,-3000.)) ;
#5779=CARTESIAN_POINT('Line Origine',(0.,75.,-2970.)) ;
#5783=CARTESIAN_POINT('Vertex',(20.,75.,-2970.)) ;
#5786=CARTESIAN_POINT('Line Origine',(20.,75.,-2985.)) ;
#5798=CARTESIAN_POINT('Axis2P3D Location',(9.31322574615E-010,75.,-3000.)) ;
#5804=CARTESIAN_POINT('Control Point',(20.,75.,-3000.)) ;
#5805=CARTESIAN_POINT('Control Point',(20.2122407677,75.,-3000.)) ;
#5806=CARTESIAN_POINT('Control Point',(20.4243152296,74.9862765825,-3000.02376966)) ;
#5807=CARTESIAN_POINT('Control Point',(20.6300214613,74.9601484802,-3000.06902486)) ;
#5818=CARTESIAN_POINT('Axis2P3D Location',(20.,70.,-2985.08162443)) ;
#5823=CARTESIAN_POINT('Axis2P3D Location',(20.,70.,-2970.)) ;
#5837=CARTESIAN_POINT('Line Origine',(70.,25.,-2985.)) ;
#5841=CARTESIAN_POINT('Vertex',(70.,25.,-3000.)) ;
#5843=CARTESIAN_POINT('Vertex',(70.,25.,-2970.)) ;
#5846=CARTESIAN_POINT('Line Origine',(47.5,25.,-3000.)) ;
#5851=CARTESIAN_POINT('Line Origine',(47.5,25.,-2970.)) ;
#5867=CARTESIAN_POINT('Line Origine',(25.,-70.,-2985.)) ;
#5871=CARTESIAN_POINT('Vertex',(25.,-70.,-3000.)) ;
#5873=CARTESIAN_POINT('Vertex',(25.,-70.,-2970.)) ;
#5876=CARTESIAN_POINT('Line Origine',(25.,-47.5,-3000.)) ;
#5880=CARTESIAN_POINT('Vertex',(25.,-25.,-3000.)) ;
#5883=CARTESIAN_POINT('Line Origine',(25.,-25.,-2985.)) ;
#5887=CARTESIAN_POINT('Vertex',(25.,-25.,-2970.)) ;
#5890=CARTESIAN_POINT('Line Origine',(25.,-47.5,-2970.)) ;
#5906=CARTESIAN_POINT('Axis2P3D Location',(25.,-25.,-3000.)) ;
#5912=CARTESIAN_POINT('Control Point',(25.,-70.,-3000.)) ;
#5913=CARTESIAN_POINT('Control Point',(25.,-70.2122407677,-3000.)) ;
#5914=CARTESIAN_POINT('Control Point',(24.9862765825,-70.4243152296,-3000.02376966)) ;
#5915=CARTESIAN_POINT('Control Point',(24.9601484802,-70.6300214613,-3000.06902486)) ;
#5916=CARTESIAN_POINT('Vertex',(24.9601484802,-70.6300214613,-3000.06902486)) ;
#5920=CARTESIAN_POINT('Control Point',(24.9601484802,-70.6300214613,-3000.06902486)) ;
#5921=CARTESIAN_POINT('Control Point',(11.432268674,-57.1021416551,-3023.5)) ;
#5924=CARTESIAN_POINT('Control Point',(25.,-25.,-3000.)) ;
#5925=CARTESIAN_POINT('Control Point',(11.432268674,-11.432268674,-3023.5)) ;
#5935=CARTESIAN_POINT('Axis2P3D Location',(13.1643194817,-63.1643194817,-3010.5)) ;
#5940=CARTESIAN_POINT('Line Origine',(13.1643194817,-67.4944465007,-3013.)) ;
#5944=CARTESIAN_POINT('Vertex',(20.6300214624,-74.9601484813,-3000.06902486)) ;
#5948=CARTESIAN_POINT('Control Point',(24.9601484802,-70.6300214613,-3000.06902486)) ;
#5949=CARTESIAN_POINT('Control Point',(24.7964161028,-71.9190837431,-3000.35261765)) ;
#5950=CARTESIAN_POINT('Control Point',(24.2154688746,-73.1793714652,-3000.52382609)) ;
#5951=CARTESIAN_POINT('Control Point',(23.1836025559,-74.2140843929,-3000.52453316)) ;
#5952=CARTESIAN_POINT('Control Point',(21.9190837441,-74.7964161038,-3000.35261765)) ;
#5953=CARTESIAN_POINT('Control Point',(20.6300214624,-74.9601484813,-3000.06902486)) ;
#5962=CARTESIAN_POINT('Axis2P3D Location',(-25.,-75.,-3000.)) ;
#5967=CARTESIAN_POINT('Line Origine',(3.5527136788E-015,-75.,-2970.)) ;
#5971=CARTESIAN_POINT('Vertex',(20.,-75.,-2970.)) ;
#5974=CARTESIAN_POINT('Line Origine',(0.,-75.,-3000.)) ;
#5978=CARTESIAN_POINT('Vertex',(20.,-75.,-3000.)) ;
#5981=CARTESIAN_POINT('Line Origine',(20.,-75.,-2985.)) ;
#5993=CARTESIAN_POINT('Axis2P3D Location',(-9.31322574615E-010,-75.,-3000.)) ;
#5999=CARTESIAN_POINT('Control Point',(20.6300214624,-74.9601484813,-3000.06902486)) ;
#6000=CARTESIAN_POINT('Control Point',(20.4243167194,-74.9862764095,-3000.02376996)) ;
#6001=CARTESIAN_POINT('Control Point',(20.2122383467,-75.,-3000.)) ;
#6002=CARTESIAN_POINT('Control Point',(20.,-75.,-3000.)) ;
#6013=CARTESIAN_POINT('Axis2P3D Location',(20.,-70.,-2985.08162443)) ;
#6018=CARTESIAN_POINT('Axis2P3D Location',(20.,-70.,-2970.)) ;
#6032=CARTESIAN_POINT('Line Origine',(47.5,-25.,-2970.)) ;
#6036=CARTESIAN_POINT('Vertex',(70.,-25.,-2970.)) ;
#6039=CARTESIAN_POINT('Line Origine',(47.5,-25.,-3000.)) ;
#6043=CARTESIAN_POINT('Vertex',(70.,-25.,-3000.)) ;
#6046=CARTESIAN_POINT('Line Origine',(70.,-25.,-2985.)) ;
#6062=CARTESIAN_POINT('Axis2P3D Location',(75.,-25.,-3000.)) ;
#6067=CARTESIAN_POINT('Line Origine',(75.,0.,-3000.)) ;
#6071=CARTESIAN_POINT('Vertex',(75.,20.,-3000.)) ;
#6073=CARTESIAN_POINT('Vertex',(75.,-20.,-3000.)) ;
#6076=CARTESIAN_POINT('Line Origine',(75.,20.,-2985.)) ;
#6080=CARTESIAN_POINT('Vertex',(75.,20.,-2970.)) ;
#6083=CARTESIAN_POINT('Line Origine',(75.,0.,-2970.)) ;
#6087=CARTESIAN_POINT('Vertex',(75.,-20.,-2970.)) ;
#6090=CARTESIAN_POINT('Line Origine',(75.,-20.,-2985.)) ;
#6102=CARTESIAN_POINT('Axis2P3D Location',(0.,0.,-2970.)) ;
#6107=CARTESIAN_POINT('Axis2P3D Location',(70.,20.,-2970.)) ;
#6112=CARTESIAN_POINT('Axis2P3D Location',(70.,-20.,-2970.)) ;
#6140=CARTESIAN_POINT('Axis2P3D Location',(32.0561719899,7.10214165512,-3021.)) ;
#6145=CARTESIAN_POINT('Line Origine',(32.0561719899,7.10214165512,-3026.)) ;
#6149=CARTESIAN_POINT('Vertex',(57.1021416551,7.10214165512,-3026.)) ;
#6152=CARTESIAN_POINT('Line Origine',(32.0561719899,11.432268674,-3023.5)) ;
#6156=CARTESIAN_POINT('Vertex',(57.1021416551,11.432268674,-3023.5)) ;
#6159=CARTESIAN_POINT('Axis2P3D Location',(57.1021416551,7.10214165512,-3021.)) ;
#6172=CARTESIAN_POINT('Line Origine',(57.1021416551,7.1054273576E-015,-3026.)) ;
#6176=CARTESIAN_POINT('Vertex',(57.1021416551,-7.10214165512,-3026.)) ;
#6179=CARTESIAN_POINT('Line Origine',(34.5834746583,-7.10214165512,-3026.)) ;
#6192=CARTESIAN_POINT('Axis2P3D Location',(42.2260223243,-7.10214165512,-3021.)) ;
#6197=CARTESIAN_POINT('Line Origine',(42.2260223243,-11.432268674,-3023.5)) ;
#6201=CARTESIAN_POINT('Vertex',(57.1021416551,-11.432268674,-3023.5)) ;
#6204=CARTESIAN_POINT('Axis2P3D Location',(57.1021416551,-7.10214165512,-3021.)) ;
#6217=CARTESIAN_POINT('Axis2P3D Location',(25.,25.,-3000.)) ;
#6223=CARTESIAN_POINT('Control Point',(70.6300205764,24.9601475953,-3000.06902639)) ;
#6224=CARTESIAN_POINT('Control Point',(57.1021416551,11.432268674,-3023.5)) ;
#6225=CARTESIAN_POINT('Vertex',(70.6300205764,24.9601475953,-3000.06902639)) ;
#6229=CARTESIAN_POINT('Control Point',(70.,25.,-3000.)) ;
#6230=CARTESIAN_POINT('Control Point',(70.2122745115,25.,-3000.)) ;
#6231=CARTESIAN_POINT('Control Point',(70.4243405057,24.9862720933,-3000.02377743)) ;
#6232=CARTESIAN_POINT('Control Point',(70.6300205764,24.9601475953,-3000.06902639)) ;
#6242=CARTESIAN_POINT('Axis2P3D Location',(70.,20.,-2985.)) ;
#6248=CARTESIAN_POINT('Control Point',(74.9601484256,20.6300219015,-3000.06902503)) ;
#6249=CARTESIAN_POINT('Control Point',(74.9862766888,20.4243146656,-3000.02376943)) ;
#6250=CARTESIAN_POINT('Control Point',(75.,20.2122306238,-3000.)) ;
#6251=CARTESIAN_POINT('Control Point',(75.,20.,-3000.)) ;
#6252=CARTESIAN_POINT('Vertex',(74.9601483829,20.630021364,-3000.06902503)) ;
#6256=CARTESIAN_POINT('Control Point',(74.9601484256,20.6300219015,-3000.06902503)) ;
#6257=CARTESIAN_POINT('Control Point',(74.7964154715,21.9190878092,-3000.35261882)) ;
#6258=CARTESIAN_POINT('Control Point',(74.2154878092,23.179377581,-3000.52381656)) ;
#6259=CARTESIAN_POINT('Control Point',(73.1835575332,24.2141016442,-3000.52452583)) ;
#6260=CARTESIAN_POINT('Control Point',(71.9190891838,24.7964148816,-3000.35262086)) ;
#6261=CARTESIAN_POINT('Control Point',(70.6300234743,24.9601482258,-3000.06902639)) ;
#6272=CARTESIAN_POINT('Axis2P3D Location',(0.,-25.,-3000.)) ;
#6278=CARTESIAN_POINT('Control Point',(70.630021364,-24.9601483829,-3000.06902503)) ;
#6279=CARTESIAN_POINT('Control Point',(57.1021416551,-11.432268674,-3023.5)) ;
#6280=CARTESIAN_POINT('Vertex',(70.630021364,-24.9601483829,-3000.06902503)) ;
#6284=CARTESIAN_POINT('Control Point',(70.630021364,-24.9601483829,-3000.06902503)) ;
#6285=CARTESIAN_POINT('Control Point',(70.424315369,-24.986276716,-3000.02376943)) ;
#6286=CARTESIAN_POINT('Control Point',(70.2122306238,-25.,-3000.)) ;
#6287=CARTESIAN_POINT('Control Point',(70.,-25.,-3000.)) ;
#6297=CARTESIAN_POINT('Axis2P3D Location',(75.,-9.31322574615E-010,-3000.)) ;
#6303=CARTESIAN_POINT('Control Point',(74.9601475953,-20.6300205764,-3000.06902639)) ;
#6304=CARTESIAN_POINT('Control Point',(61.432268674,-7.10214165512,-3023.5)) ;
#6305=CARTESIAN_POINT('Vertex',(61.432268674,-7.10214165512,-3023.5)) ;
#6307=CARTESIAN_POINT('Vertex',(74.9601475953,-20.6300205764,-3000.06902639)) ;
#6310=CARTESIAN_POINT('Line Origine',(61.432268674,-2.84217094304E-014,-3023.5)) ;
#6314=CARTESIAN_POINT('Vertex',(61.432268674,7.10214165512,-3023.5)) ;
#6318=CARTESIAN_POINT('Control Point',(74.9601483829,20.630021364,-3000.06902503)) ;
#6319=CARTESIAN_POINT('Control Point',(61.432268674,7.10214165512,-3023.5)) ;
#6322=CARTESIAN_POINT('Control Point',(75.,-20.,-3000.)) ;
#6323=CARTESIAN_POINT('Control Point',(75.,-20.2122745115,-3000.)) ;
#6324=CARTESIAN_POINT('Control Point',(74.9862720933,-20.4243405057,-3000.02377743)) ;
#6325=CARTESIAN_POINT('Control Point',(74.9601475953,-20.6300205764,-3000.06902639)) ;
#6336=CARTESIAN_POINT('Axis2P3D Location',(70.,-20.,-2985.)) ;
#6342=CARTESIAN_POINT('Control Point',(70.6300219015,-24.9601484256,-3000.06902503)) ;
#6343=CARTESIAN_POINT('Control Point',(71.9190878092,-24.7964154715,-3000.35261882)) ;
#6344=CARTESIAN_POINT('Control Point',(73.1793775811,-24.2154878091,-3000.52381656)) ;
#6345=CARTESIAN_POINT('Control Point',(74.2141016442,-23.1835575333,-3000.52452583)) ;
#6346=CARTESIAN_POINT('Control Point',(74.7964148816,-21.9190891837,-3000.35262086)) ;
#6347=CARTESIAN_POINT('Control Point',(74.9601482258,-20.6300234743,-3000.06902639)) ;
#6358=CARTESIAN_POINT('Axis2P3D Location',(57.1021416551,7.10214165512,-3021.)) ;
#6363=CARTESIAN_POINT('Axis2P3D Location',(57.1021416551,7.10214165512,-3021.)) ;
#6368=CARTESIAN_POINT('Axis2P3D Location',(57.1021416551,7.10214165512,-3021.)) ;
#6379=CARTESIAN_POINT('Axis2P3D Location',(57.1021416551,-7.1054273576E-015,-3021.)) ;
#6384=CARTESIAN_POINT('Axis2P3D Location',(57.1021416551,-7.10214165512,-3021.)) ;
#6396=CARTESIAN_POINT('Axis2P3D Location',(57.1021416551,-7.10214165512,-3021.)) ;
#6401=CARTESIAN_POINT('Axis2P3D Location',(57.1021416551,-7.10214165512,-3021.)) ;
#6412=CARTESIAN_POINT('Axis2P3D Location',(63.148715392,-13.148715392,-3010.52702708)) ;
#6424=CARTESIAN_POINT('Axis2P3D Location',(63.148715392,13.148715392,-3010.52702708)) ;
#6446=CARTESIAN_POINT('NONE',(0.,0.,0.)) ;
#6447=CARTESIAN_POINT('NONE',(-4.25437463036E-013,-2144.70064029,3258.04429579)) ;
#6463=CARTESIAN_POINT('Axis2P3D Location',(0.,-5025.,0.)) ;
#6468=CARTESIAN_POINT('Line Origine',(0.,-5025.,0.)) ;
#6472=CARTESIAN_POINT('Vertex',(-15.,-5025.,0.)) ;
#6474=CARTESIAN_POINT('Vertex',(15.,-5025.,0.)) ;
#6477=CARTESIAN_POINT('Line Origine',(-15.,-5000.,0.)) ;
#6481=CARTESIAN_POINT('Vertex',(-15.,-4975.,0.)) ;
#6484=CARTESIAN_POINT('Line Origine',(0.,-4975.,0.)) ;
#6488=CARTESIAN_POINT('Vertex',(15.,-4975.,0.)) ;
#6491=CARTESIAN_POINT('Line Origine',(15.,-5000.,0.)) ;
#6503=CARTESIAN_POINT('Axis2P3D Location',(0.,-4975.,-40.)) ;
#6508=CARTESIAN_POINT('Axis2P3D Location',(-3.5527136788E-015,-4975.,-25.)) ;
#6512=CARTESIAN_POINT('Vertex',(5.38962320953E-015,-4975.,-40.)) ;
#6514=CARTESIAN_POINT('Vertex',(-15.,-4975.,-25.)) ;
#6517=CARTESIAN_POINT('Axis2P3D Location',(3.5527136788E-015,-4975.,-25.)) ;
#6521=CARTESIAN_POINT('Vertex',(15.,-4975.,-25.)) ;
#6524=CARTESIAN_POINT('Line Origine',(15.,-4975.,-12.5)) ;
#6529=CARTESIAN_POINT('Line Origine',(-15.,-4975.,-12.5)) ;
#6541=CARTESIAN_POINT('Axis2P3D Location',(-1.7763568394E-015,-4975.,-25.)) ;
#6545=CARTESIAN_POINT('Vertex',(7.80183751804E-015,-4975.,-32.5)) ;
#6547=CARTESIAN_POINT('Vertex',(3.5527136788E-015,-4975.,-17.5)) ;
#6550=CARTESIAN_POINT('Axis2P3D Location',(5.3290705182E-015,-4975.,-25.)) ;
#6560=CARTESIAN_POINT('Axis2P3D Location',(0.,-5025.,-40.)) ;
#6565=CARTESIAN_POINT('Line Origine',(-15.,-5025.,-12.5)) ;
#6569=CARTESIAN_POINT('Vertex',(-15.,-5025.,-25.)) ;
#6572=CARTESIAN_POINT('Line Origine',(15.,-5025.,-12.5)) ;
#6576=CARTESIAN_POINT('Vertex',(15.,-5025.,-25.)) ;
#6579=CARTESIAN_POINT('Axis2P3D Location',(3.5527136788E-015,-5025.,-25.)) ;
#6583=CARTESIAN_POINT('Vertex',(5.38962320953E-015,-5025.,-40.)) ;
#6586=CARTESIAN_POINT('Axis2P3D Location',(-3.5527136788E-015,-5025.,-25.)) ;
#6598=CARTESIAN_POINT('Axis2P3D Location',(5.3290705182E-015,-5025.,-25.)) ;
#6602=CARTESIAN_POINT('Vertex',(3.5527136788E-015,-5025.,-17.5)) ;
#6604=CARTESIAN_POINT('Vertex',(7.80183751804E-015,-5025.,-32.5)) ;
#6607=CARTESIAN_POINT('Axis2P3D Location',(-1.7763568394E-015,-5025.,-25.)) ;
#6617=CARTESIAN_POINT('Axis2P3D Location',(3.5527136788E-015,-5000.,-25.)) ;
#6622=CARTESIAN_POINT('Line Origine',(7.80183751804E-015,-5000.,-32.5)) ;
#6626=CARTESIAN_POINT('Vertex',(7.80183751804E-015,-5030.,-32.5)) ;
#6629=CARTESIAN_POINT('Axis2P3D Location',(3.5527136788E-015,-5030.,-25.)) ;
#6633=CARTESIAN_POINT('Vertex',(3.5527136788E-015,-5030.,-17.5)) ;
#6636=CARTESIAN_POINT('Line Origine',(3.5527136788E-015,-5000.,-17.5)) ;
#6648=CARTESIAN_POINT('Line Origine',(3.5527136788E-015,-5000.,-17.5)) ;
#6652=CARTESIAN_POINT('Vertex',(3.5527136788E-015,-4970.,-17.5)) ;
#6655=CARTESIAN_POINT('Axis2P3D Location',(3.5527136788E-015,-4970.,-25.)) ;
#6659=CARTESIAN_POINT('Vertex',(7.80183751804E-015,-4970.,-32.5)) ;
#6662=CARTESIAN_POINT('Line Origine',(7.80183751804E-015,-5000.,-32.5)) ;
#6674=CARTESIAN_POINT('Axis2P3D Location',(3.5527136788E-015,-5030.,-25.)) ;
#6686=CARTESIAN_POINT('Axis2P3D Location',(3.5527136788E-015,-4970.,-25.)) ;
#6698=CARTESIAN_POINT('Axis2P3D Location',(-3.5527136788E-015,-4983.,85.)) ;
#6703=CARTESIAN_POINT('Axis2P3D Location',(-3.5527136788E-015,-4985.,85.)) ;
#6707=CARTESIAN_POINT('Vertex',(2.2306717561E-015,-4985.,94.5)) ;
#6709=CARTESIAN_POINT('Vertex',(-1.3915998833E-014,-4985.,75.5)) ;
#6712=CARTESIAN_POINT('Axis2P3D Location',(4.88498130835E-015,-4983.,75.5)) ;
#6716=CARTESIAN_POINT('Vertex',(4.24912383924E-015,-4983.,77.5)) ;
#6719=CARTESIAN_POINT('Axis2P3D Location',(-3.5527136788E-015,-4983.,85.)) ;
#6723=CARTESIAN_POINT('Vertex',(-8.49824767848E-015,-4983.,92.5)) ;
#6726=CARTESIAN_POINT('Axis2P3D Location',(1.12132525487E-014,-4983.,94.5)) ;
#6738=CARTESIAN_POINT('Axis2P3D Location',(-8.881784197E-016,-4983.,85.)) ;
#6743=CARTESIAN_POINT('Axis2P3D Location',(-8.881784197E-016,-4985.,85.)) ;
#6748=CARTESIAN_POINT('Axis2P3D Location',(-8.881784197E-016,-4983.,85.)) ;
#6760=CARTESIAN_POINT('Axis2P3D Location',(0.,-4977.5,0.)) ;
#6765=CARTESIAN_POINT('Axis2P3D Location',(9.04092649613E-016,-4977.5,85.)) ;
#6769=CARTESIAN_POINT('Vertex',(4.44200696876E-015,-4977.5,90.5)) ;
#6771=CARTESIAN_POINT('Vertex',(4.02011679839E-015,-4977.5,79.5)) ;
#6774=CARTESIAN_POINT('Axis2P3D Location',(9.04092649613E-016,-4977.5,85.)) ;
#6784=CARTESIAN_POINT('Axis2P3D Location',(0.,-5000.,85.)) ;
#6789=CARTESIAN_POINT('Line Origine',(0.,-5000.,92.5)) ;
#6793=CARTESIAN_POINT('Vertex',(-1.51595858262E-014,-4979.5,92.5)) ;
#6796=CARTESIAN_POINT('Line Origine',(4.24912383924E-015,-5000.,77.5)) ;
#6800=CARTESIAN_POINT('Vertex',(4.24912383924E-015,-4979.5,77.5)) ;
#6803=CARTESIAN_POINT('Axis2P3D Location',(0.,-4979.5,85.)) ;
#6815=CARTESIAN_POINT('Axis2P3D Location',(0.,-4979.5,85.)) ;
#6827=CARTESIAN_POINT('Axis2P3D Location',(-1.7763568394E-015,-4979.5,85.)) ;
#6832=CARTESIAN_POINT('Axis2P3D Location',(1.27675647832E-015,-4979.5,90.5)) ;
#6837=CARTESIAN_POINT('Axis2P3D Location',(5.24580379135E-015,-4979.5,79.5)) ;
#6849=CARTESIAN_POINT('Axis2P3D Location',(8.881784197E-016,-4979.5,85.)) ;
#6861=CARTESIAN_POINT('Axis2P3D Location',(0.,-5022.5,0.)) ;
#6866=CARTESIAN_POINT('Axis2P3D Location',(9.04092649613E-016,-5022.5,85.)) ;
#6870=CARTESIAN_POINT('Vertex',(-3.30735516414E-015,-5022.5,79.5)) ;
#6872=CARTESIAN_POINT('Vertex',(4.44200696876E-015,-5022.5,90.5)) ;
#6875=CARTESIAN_POINT('Axis2P3D Location',(9.04092649613E-016,-5022.5,85.)) ;
#6885=CARTESIAN_POINT('Axis2P3D Location',(-1.33226762955E-015,-5020.5,85.)) ;
#6890=CARTESIAN_POINT('Axis2P3D Location',(-4.16333634234E-016,-5020.5,90.5)) ;
#6894=CARTESIAN_POINT('Vertex',(-1.51595858262E-014,-5020.5,92.5)) ;
#6897=CARTESIAN_POINT('Axis2P3D Location',(-1.63757896132E-015,-5020.5,79.5)) ;
#6901=CARTESIAN_POINT('Vertex',(4.24912383924E-015,-5020.5,77.5)) ;
#6904=CARTESIAN_POINT('Axis2P3D Location',(-1.33226762955E-015,-5020.5,85.)) ;
#6916=CARTESIAN_POINT('Axis2P3D Location',(4.4408920985E-016,-5020.5,85.)) ;
#6921=CARTESIAN_POINT('Axis2P3D Location',(4.4408920985E-016,-5020.5,85.)) ;
#6933=CARTESIAN_POINT('Line Origine',(0.,-5000.,92.5)) ;
#6937=CARTESIAN_POINT('Vertex',(-8.49824767848E-015,-5017.,92.5)) ;
#6940=CARTESIAN_POINT('Line Origine',(4.24912383924E-015,-5000.,77.5)) ;
#6944=CARTESIAN_POINT('Vertex',(4.24912383924E-015,-5017.,77.5)) ;
#6947=CARTESIAN_POINT('Axis2P3D Location',(0.,-5017.,85.)) ;
#6959=CARTESIAN_POINT('Axis2P3D Location',(0.,-5017.,85.)) ;
#6971=CARTESIAN_POINT('Axis2P3D Location',(-3.5527136788E-015,-5017.,85.)) ;
#6976=CARTESIAN_POINT('Axis2P3D Location',(-1.46271883494E-014,-5017.,75.5)) ;
#6980=CARTESIAN_POINT('Vertex',(-1.3915998833E-014,-5015.,75.5)) ;
#6983=CARTESIAN_POINT('Axis2P3D Location',(-3.5527136788E-015,-5015.,85.)) ;
#6987=CARTESIAN_POINT('Vertex',(2.2306717561E-015,-5015.,94.5)) ;
#6990=CARTESIAN_POINT('Axis2P3D Location',(1.12132525487E-014,-5017.,94.5)) ;
#7002=CARTESIAN_POINT('Axis2P3D Location',(-3.5527136788E-015,-5017.,85.)) ;
#7007=CARTESIAN_POINT('Axis2P3D Location',(-3.5527136788E-015,-5015.,85.)) ;
#7019=CARTESIAN_POINT('Axis2P3D Location',(0.,-5015.,100.)) ;
#7024=CARTESIAN_POINT('Axis2P3D Location',(-13.,-4987.,100.)) ;
#7028=CARTESIAN_POINT('Vertex',(-15.,-4987.,100.)) ;
#7030=CARTESIAN_POINT('Vertex',(-13.,-4985.,100.)) ;
#7033=CARTESIAN_POINT('Line Origine',(-15.,-5000.,100.)) ;
#7037=CARTESIAN_POINT('Vertex',(-15.,-5013.,100.)) ;
#7040=CARTESIAN_POINT('Axis2P3D Location',(-13.,-5013.,100.)) ;
#7044=CARTESIAN_POINT('Vertex',(-13.,-5015.,100.)) ;
#7047=CARTESIAN_POINT('Line Origine',(0.,-5015.,100.)) ;
#7051=CARTESIAN_POINT('Vertex',(13.,-5015.,100.)) ;
#7054=CARTESIAN_POINT('Axis2P3D Location',(13.,-5013.,100.)) ;
#7058=CARTESIAN_POINT('Vertex',(15.,-5013.,100.)) ;
#7061=CARTESIAN_POINT('Line Origine',(15.,-5000.,100.)) ;
#7065=CARTESIAN_POINT('Vertex',(15.,-4987.,100.)) ;
#7068=CARTESIAN_POINT('Axis2P3D Location',(13.,-4987.,100.)) ;
#7072=CARTESIAN_POINT('Vertex',(13.,-4985.,100.)) ;
#7075=CARTESIAN_POINT('Line Origine',(0.,-4985.,100.)) ;
#7091=CARTESIAN_POINT('Axis2P3D Location',(3.5527136788E-015,-5000.,-25.)) ;
#7096=CARTESIAN_POINT('Line Origine',(15.,-5000.,-25.)) ;
#7100=CARTESIAN_POINT('Vertex',(15.,-4972.,-25.)) ;
#7103=CARTESIAN_POINT('Line Origine',(3.5527136788E-015,-5000.,-40.)) ;
#7107=CARTESIAN_POINT('Vertex',(3.5527136788E-015,-4972.,-40.)) ;
#7110=CARTESIAN_POINT('Axis2P3D Location',(3.5527136788E-015,-4972.,-25.)) ;
#7122=CARTESIAN_POINT('Axis2P3D Location',(-3.5527136788E-015,-5000.,-25.)) ;
#7127=CARTESIAN_POINT('Line Origine',(-15.,-5000.,-25.)) ;
#7131=CARTESIAN_POINT('Vertex',(-15.,-4972.,-25.)) ;
#7134=CARTESIAN_POINT('Axis2P3D Location',(-3.5527136788E-015,-4972.,-25.)) ;
#7146=CARTESIAN_POINT('Axis2P3D Location',(0.,-4970.,40.)) ;
#7151=CARTESIAN_POINT('Line Origine',(13.,-4970.,-1.06581410364E-014)) ;
#7155=CARTESIAN_POINT('Vertex',(13.,-4970.,-25.)) ;
#7157=CARTESIAN_POINT('Vertex',(13.,-4970.,25.)) ;
#7160=CARTESIAN_POINT('Axis2P3D Location',(2.07138860314E-015,-4970.,-25.)) ;
#7164=CARTESIAN_POINT('Vertex',(1.68015794876E-014,-4970.,-38.)) ;
#7167=CARTESIAN_POINT('Axis2P3D Location',(-3.1070829047E-015,-4970.,-25.)) ;
#7171=CARTESIAN_POINT('Vertex',(-13.,-4970.,-25.)) ;
#7174=CARTESIAN_POINT('Line Origine',(-13.,-4970.,-3.5527136788E-015)) ;
#7178=CARTESIAN_POINT('Vertex',(-13.,-4970.,25.)) ;
#7181=CARTESIAN_POINT('Axis2P3D Location',(-2.33031217853E-015,-4970.,25.)) ;
#7198=CARTESIAN_POINT('Axis2P3D Location',(-5.3290705182E-015,-4972.,25.)) ;
#7203=CARTESIAN_POINT('Axis2P3D Location',(13.,-4972.,25.)) ;
#7207=CARTESIAN_POINT('Vertex',(15.,-4972.,25.)) ;
#7210=CARTESIAN_POINT('Axis2P3D Location',(-13.,-4972.,25.)) ;
#7214=CARTESIAN_POINT('Vertex',(-15.,-4972.,25.)) ;
#7217=CARTESIAN_POINT('Axis2P3D Location',(-5.3290705182E-015,-4972.,25.)) ;
#7229=CARTESIAN_POINT('Axis2P3D Location',(-13.,-4972.,34.5)) ;
#7234=CARTESIAN_POINT('Axis2P3D Location',(-13.,-4972.,-25.)) ;
#7239=CARTESIAN_POINT('Line Origine',(-15.,-4972.,34.5)) ;
#7251=CARTESIAN_POINT('Axis2P3D Location',(13.,-4972.,34.5)) ;
#7256=CARTESIAN_POINT('Axis2P3D Location',(13.,-4972.,-25.)) ;
#7261=CARTESIAN_POINT('Line Origine',(15.,-4972.,34.5)) ;
#7273=CARTESIAN_POINT('Axis2P3D Location',(-1.7763568394E-015,-4972.,-25.)) ;
#7287=CARTESIAN_POINT('Axis2P3D Location',(3.5527136788E-015,-5000.,-25.)) ;
#7292=CARTESIAN_POINT('Line Origine',(7.22653274027E-015,-5000.,-40.)) ;
#7296=CARTESIAN_POINT('Vertex',(7.22653274027E-015,-5028.,-40.)) ;
#7299=CARTESIAN_POINT('Line Origine',(15.,-5000.,-25.)) ;
#7303=CARTESIAN_POINT('Vertex',(15.,-5028.,-25.)) ;
#7306=CARTESIAN_POINT('Axis2P3D Location',(3.5527136788E-015,-5028.,-25.)) ;
#7318=CARTESIAN_POINT('Axis2P3D Location',(-3.5527136788E-015,-5000.,-25.)) ;
#7323=CARTESIAN_POINT('Line Origine',(-15.,-5000.,-25.)) ;
#7327=CARTESIAN_POINT('Vertex',(-15.,-5028.,-25.)) ;
#7330=CARTESIAN_POINT('Axis2P3D Location',(-3.5527136788E-015,-5028.,-25.)) ;
#7342=CARTESIAN_POINT('Axis2P3D Location',(0.,-5030.,40.)) ;
#7347=CARTESIAN_POINT('Axis2P3D Location',(4.66062435706E-015,-5030.,-25.)) ;
#7351=CARTESIAN_POINT('Vertex',(13.,-5030.,-25.)) ;
#7353=CARTESIAN_POINT('Vertex',(1.10791067826E-015,-5030.,-38.)) ;
#7356=CARTESIAN_POINT('Line Origine',(13.,-5030.,3.5527136788E-015)) ;
#7360=CARTESIAN_POINT('Vertex',(13.,-5030.,25.)) ;
#7363=CARTESIAN_POINT('Axis2P3D Location',(-3.1070829047E-015,-5030.,25.)) ;
#7367=CARTESIAN_POINT('Vertex',(-13.,-5030.,25.)) ;
#7370=CARTESIAN_POINT('Line Origine',(-13.,-5030.,-3.5527136788E-015)) ;
#7374=CARTESIAN_POINT('Vertex',(-13.,-5030.,-25.)) ;
#7377=CARTESIAN_POINT('Axis2P3D Location',(-3.88385363088E-015,-5030.,-25.)) ;
#7394=CARTESIAN_POINT('Axis2P3D Location',(15.,-5000.,0.)) ;
#7399=CARTESIAN_POINT('Line Origine',(15.,-4979.5,25.)) ;
#7403=CARTESIAN_POINT('Vertex',(15.,-4987.,25.)) ;
#7406=CARTESIAN_POINT('Line Origine',(15.,-4987.,62.5)) ;
#7411=CARTESIAN_POINT('Line Origine',(15.,-5013.,62.5)) ;
#7415=CARTESIAN_POINT('Vertex',(15.,-5013.,25.)) ;
#7418=CARTESIAN_POINT('Line Origine',(15.,-5020.5,25.)) ;
#7422=CARTESIAN_POINT('Vertex',(15.,-5028.,25.)) ;
#7425=CARTESIAN_POINT('Line Origine',(15.,-5028.,3.5527136788E-015)) ;
#7445=CARTESIAN_POINT('Axis2P3D Location',(-15.,-5000.,0.)) ;
#7450=CARTESIAN_POINT('Line Origine',(-15.,-5028.,3.5527136788E-015)) ;
#7454=CARTESIAN_POINT('Vertex',(-15.,-5028.,25.)) ;
#7457=CARTESIAN_POINT('Line Origine',(-15.,-5020.5,25.)) ;
#7461=CARTESIAN_POINT('Vertex',(-15.,-5013.,25.)) ;
#7464=CARTESIAN_POINT('Line Origine',(-15.,-5013.,62.5)) ;
#7469=CARTESIAN_POINT('Line Origine',(-15.,-4987.,62.5)) ;
#7473=CARTESIAN_POINT('Vertex',(-15.,-4987.,25.)) ;
#7476=CARTESIAN_POINT('Line Origine',(-15.,-4979.5,25.)) ;
#7496=CARTESIAN_POINT('Axis2P3D Location',(-13.,-5028.,34.5)) ;
#7501=CARTESIAN_POINT('Axis2P3D Location',(-13.,-5028.,-25.)) ;
#7506=CARTESIAN_POINT('Axis2P3D Location',(-13.,-5028.,25.)) ;
#7518=CARTESIAN_POINT('Axis2P3D Location',(0.,-5028.,25.)) ;
#7523=CARTESIAN_POINT('Axis2P3D Location',(13.,-5028.,25.)) ;
#7528=CARTESIAN_POINT('Axis2P3D Location',(0.,-5028.,25.)) ;
#7540=CARTESIAN_POINT('Axis2P3D Location',(13.,-5028.,34.5)) ;
#7545=CARTESIAN_POINT('Axis2P3D Location',(13.,-5028.,-25.)) ;
#7557=CARTESIAN_POINT('Axis2P3D Location',(-7.1054273576E-015,-5028.,-25.)) ;
#7571=CARTESIAN_POINT('Axis2P3D Location',(13.,-5013.,37.5)) ;
#7576=CARTESIAN_POINT('Line Origine',(13.,-5015.,37.5)) ;
#7580=CARTESIAN_POINT('Vertex',(13.,-5015.,35.9544511501)) ;
#7584=CARTESIAN_POINT('Control Point',(15.,-5013.,25.)) ;
#7585=CARTESIAN_POINT('Control Point',(15.,-5013.23712712,25.9776997802)) ;
#7586=CARTESIAN_POINT('Control Point',(14.9648567052,-5013.47425424,26.9553995604)) ;
#7587=CARTESIAN_POINT('Control Point',(14.8946087283,-5013.70698384,27.9315477153)) ;
#7588=CARTESIAN_POINT('Control Point',(14.7326642182,-5014.04827678,29.4129972345)) ;
#7589=CARTESIAN_POINT('Control Point',(14.4811589236,-5014.35424305,30.8848389991)) ;
#7590=CARTESIAN_POINT('Control Point',(14.3841907039,-5014.45387548,31.3873966719)) ;
#7591=CARTESIAN_POINT('Control Point',(14.1166036775,-5014.68438332,32.6247839582)) ;
#7592=CARTESIAN_POINT('Control Point',(13.7767202566,-5014.86477279,33.8459109606)) ;
#7593=CARTESIAN_POINT('Control Point',(13.5475748445,-5014.94843145,34.5640839251)) ;
#7594=CARTESIAN_POINT('Control Point',(13.2872418973,-5015.00000186,35.2726364136)) ;
#7595=CARTESIAN_POINT('Control Point',(12.9999870459,-5015.,35.9544456924)) ;
#7604=CARTESIAN_POINT('Axis2P3D Location',(0.,-5015.,100.)) ;
#7609=CARTESIAN_POINT('Line Origine',(-13.,-5015.,67.9772255751)) ;
#7613=CARTESIAN_POINT('Vertex',(-13.,-5015.,35.9544511501)) ;
#7616=CARTESIAN_POINT('Axis2P3D Location',(-4.23953757355E-015,-5015.,25.)) ;
#7632=CARTESIAN_POINT('Axis2P3D Location',(-13.,-5013.,37.5)) ;
#7638=CARTESIAN_POINT('Control Point',(-12.9999954347,-5015.,35.9544492266)) ;
#7639=CARTESIAN_POINT('Control Point',(-13.2944854664,-5015.00000067,35.2554895773)) ;
#7640=CARTESIAN_POINT('Control Point',(-13.5604965643,-5014.94579854,34.5288343315)) ;
#7641=CARTESIAN_POINT('Control Point',(-13.7941264398,-5014.85835785,33.791278151)) ;
#7642=CARTESIAN_POINT('Control Point',(-14.3921060603,-5014.53236497,31.6187388616)) ;
#7643=CARTESIAN_POINT('Control Point',(-14.7627652076,-5014.05195949,29.3965142536)) ;
#7644=CARTESIAN_POINT('Control Point',(-14.9208890237,-5013.71155481,27.9338144793)) ;
#7645=CARTESIAN_POINT('Control Point',(-15.,-5013.35577741,26.4669072396)) ;
#7646=CARTESIAN_POINT('Control Point',(-15.,-5013.,25.)) ;
#7655=CARTESIAN_POINT('Axis2P3D Location',(-3.5527136788E-015,-5000.,25.)) ;
#7661=CARTESIAN_POINT('Control Point',(15.,-5013.,25.)) ;
#7662=CARTESIAN_POINT('Control Point',(15.,-5013.47425599,25.8626804402)) ;
#7663=CARTESIAN_POINT('Control Point',(14.9379818715,-5013.94851197,26.7253608804)) ;
#7664=CARTESIAN_POINT('Control Point',(14.8140154872,-5014.41396729,27.5866599034)) ;
#7665=CARTESIAN_POINT('Control Point',(14.5282309295,-5015.09655376,28.8938210089)) ;
#7666=CARTESIAN_POINT('Control Point',(14.0843981232,-5015.70848599,30.192505041)) ;
#7667=CARTESIAN_POINT('Control Point',(13.913277769,-5015.90775081,30.6359382929)) ;
#7668=CARTESIAN_POINT('Control Point',(13.4410632484,-5016.36876881,31.7277550561)) ;
#7669=CARTESIAN_POINT('Control Point',(12.8412661278,-5016.72954826,32.8052247137)) ;
#7670=CARTESIAN_POINT('Control Point',(12.436896668,-5016.89684955,33.43890051)) ;
#7671=CARTESIAN_POINT('Control Point',(11.9775358308,-5016.99997459,34.064081152)) ;
#7672=CARTESIAN_POINT('Control Point',(11.4705882352,-5016.99998177,34.6656921914)) ;
#7673=CARTESIAN_POINT('Vertex',(11.4705882353,-5017.,34.6656921913)) ;
#7676=CARTESIAN_POINT('Axis2P3D Location',(-3.5527136788E-015,-5017.,25.)) ;
#7680=CARTESIAN_POINT('Vertex',(-11.4705882353,-5017.,34.6656921913)) ;
#7684=CARTESIAN_POINT('Control Point',(-11.4705882353,-5016.99999384,34.6656921913)) ;
#7685=CARTESIAN_POINT('Control Point',(-11.9902759399,-5016.99999579,34.0489620541)) ;
#7686=CARTESIAN_POINT('Control Point',(-12.4596615477,-5016.89161214,33.4078110508)) ;
#7687=CARTESIAN_POINT('Control Point',(-12.8719861232,-5016.71671703,32.7570128978)) ;
#7688=CARTESIAN_POINT('Control Point',(-13.9272457331,-5016.06472999,30.8400654055)) ;
#7689=CARTESIAN_POINT('Control Point',(-14.581349915,-5015.10392029,28.8792768458)) ;
#7690=CARTESIAN_POINT('Control Point',(-14.8603918827,-5014.42311116,27.5886656076)) ;
#7691=CARTESIAN_POINT('Control Point',(-15.,-5013.71155558,26.2943328038)) ;
#7692=CARTESIAN_POINT('Control Point',(-15.,-5013.,25.)) ;
#7704=CARTESIAN_POINT('Control Point',(-13.0000033319,-5014.99999684,35.9544492266)) ;
#7705=CARTESIAN_POINT('Control Point',(-12.7597636806,-5014.99999667,35.7520114059)) ;
#7706=CARTESIAN_POINT('Control Point',(-12.5195203227,-5015.06166765,35.5495703779)) ;
#7707=CARTESIAN_POINT('Control Point',(-12.2916428337,-5015.18510246,35.357549359)) ;
#7708=CARTESIAN_POINT('Control Point',(-11.8851984659,-5015.54217395,35.0150587319)) ;
#7709=CARTESIAN_POINT('Control Point',(-11.6121441031,-5016.07367778,34.7849688876)) ;
#7710=CARTESIAN_POINT('Control Point',(-11.5177530643,-5016.37167107,34.7054299208)) ;
#7711=CARTESIAN_POINT('Control Point',(-11.4705933229,-5016.68583494,34.6656903609)) ;
#7712=CARTESIAN_POINT('Control Point',(-11.4705939579,-5016.99999384,34.6656904683)) ;
#7713=CARTESIAN_POINT('Control Point',(-13.8590693666,-5014.99673794,33.9177050259)) ;
#7714=CARTESIAN_POINT('Control Point',(-13.6383117244,-5015.1018237,33.7951625004)) ;
#7715=CARTESIAN_POINT('Control Point',(-13.4441357614,-5015.24227044,33.6726217876)) ;
#7716=CARTESIAN_POINT('Control Point',(-13.2824988066,-5015.41257752,33.5520442629)) ;
#7717=CARTESIAN_POINT('Control Point',(-13.0306872346,-5015.80049226,33.3188170296)) ;
#7718=CARTESIAN_POINT('Control Point',(-12.9254584362,-5016.25908266,33.1117694674)) ;
#7719=CARTESIAN_POINT('Control Point',(-12.9104227318,-5016.50001568,33.0173291955)) ;
#7720=CARTESIAN_POINT('Control Point',(-12.9316826814,-5016.74674462,32.9351276082)) ;
#7721=CARTESIAN_POINT('Control Point',(-12.9865932007,-5016.99347575,32.8685632556)) ;
#7722=CARTESIAN_POINT('Control Point',(-14.4555618271,-5014.55776851,31.6780867099)) ;
#7723=CARTESIAN_POINT('Control Point',(-14.3536038848,-5014.70215062,31.5935349431)) ;
#7724=CARTESIAN_POINT('Control Point',(-14.2682226211,-5014.85128673,31.508982)) ;
#7725=CARTESIAN_POINT('Control Point',(-14.1978146162,-5015.00383388,31.425314108)) ;
#7726=CARTESIAN_POINT('Control Point',(-14.0854928852,-5015.31429842,31.2614689566)) ;
#7727=CARTESIAN_POINT('Control Point',(-14.0306775084,-5015.63269594,31.1067364045)) ;
#7728=CARTESIAN_POINT('Control Point',(-14.0177486484,-5015.79319989,31.0322073492)) ;
#7729=CARTESIAN_POINT('Control Point',(-14.0202154651,-5015.95436906,30.9607270953)) ;
#7730=CARTESIAN_POINT('Control Point',(-14.0392264984,-5016.11553705,30.8924295101)) ;
#7731=CARTESIAN_POINT('Control Point',(-14.8125597147,-5014.09277895,29.4786596855)) ;
#7732=CARTESIAN_POINT('Control Point',(-14.7721623086,-5014.19738991,29.4263469067)) ;
#7733=CARTESIAN_POINT('Control Point',(-14.7375134384,-5014.30341607,29.3740346961)) ;
#7734=CARTESIAN_POINT('Control Point',(-14.7093919853,-5014.4109613,29.3216138038)) ;
#7735=CARTESIAN_POINT('Control Point',(-14.6669941525,-5014.62862408,29.2163614513)) ;
#7736=CARTESIAN_POINT('Control Point',(-14.6521429472,-5014.85028023,29.1104873835)) ;
#7737=CARTESIAN_POINT('Control Point',(-14.6515843191,-5014.96180947,29.0574324081)) ;
#7738=CARTESIAN_POINT('Control Point',(-14.6574618205,-5015.07368381,29.0044522876)) ;
#7739=CARTESIAN_POINT('Control Point',(-14.6692230052,-5015.18555865,28.9517582166)) ;
#7740=CARTESIAN_POINT('Control Point',(-15.0009941647,-5013.54009909,27.2334765713)) ;
#7741=CARTESIAN_POINT('Control Point',(-15.0018716851,-5013.59531815,27.207120652)) ;
#7742=CARTESIAN_POINT('Control Point',(-15.0027472012,-5013.65018179,27.1807645901)) ;
#7743=CARTESIAN_POINT('Control Point',(-15.0034243894,-5013.70465398,27.1544333243)) ;
#7744=CARTESIAN_POINT('Control Point',(-15.004172673,-5013.81292282,27.101863887)) ;
#7745=CARTESIAN_POINT('Control Point',(-15.0037318966,-5013.92013417,27.0494268502)) ;
#7746=CARTESIAN_POINT('Control Point',(-15.0032155845,-5013.97355091,27.0232310476)) ;
#7747=CARTESIAN_POINT('Control Point',(-15.002510219,-5014.02687447,26.9970102682)) ;
#7748=CARTESIAN_POINT('Control Point',(-15.0017544339,-5014.08019792,26.970714734)) ;
#7749=CARTESIAN_POINT('Control Point',(-15.,-5013.,25.)) ;
#7750=CARTESIAN_POINT('Control Point',(-15.,-5013.,25.)) ;
#7751=CARTESIAN_POINT('Control Point',(-15.,-5013.,25.)) ;
#7752=CARTESIAN_POINT('Control Point',(-15.,-5013.,25.)) ;
#7753=CARTESIAN_POINT('Control Point',(-15.,-5013.,25.)) ;
#7754=CARTESIAN_POINT('Control Point',(-15.,-5013.,25.)) ;
#7755=CARTESIAN_POINT('Control Point',(-15.,-5013.,25.)) ;
#7756=CARTESIAN_POINT('Control Point',(-15.,-5013.,25.)) ;
#7757=CARTESIAN_POINT('Control Point',(-15.,-5013.,25.)) ;
#7759=CARTESIAN_POINT('Control Point',(-13.0000033319,-5014.99999684,35.9544492266)) ;
#7760=CARTESIAN_POINT('Control Point',(-12.5195240292,-5014.99999651,35.5495735852)) ;
#7761=CARTESIAN_POINT('Control Point',(-12.0385968328,-5015.24602599,35.1443201913)) ;
#7762=CARTESIAN_POINT('Control Point',(-11.6587322411,-5015.74277203,34.8242268089)) ;
#7763=CARTESIAN_POINT('Control Point',(-11.470592688,-5016.37167605,34.6656902535)) ;
#7764=CARTESIAN_POINT('Control Point',(-11.4705939579,-5016.99999384,34.6656904683)) ;
#7772=CARTESIAN_POINT('Axis2P3D Location',(1.7763568394E-015,-5017.,25.)) ;
#7777=CARTESIAN_POINT('Axis2P3D Location',(13.,-5017.,35.9544511501)) ;
#7790=CARTESIAN_POINT('Control Point',(15.,-5013.,25.)) ;
#7791=CARTESIAN_POINT('Control Point',(15.,-5013.,25.)) ;
#7792=CARTESIAN_POINT('Control Point',(15.,-5013.,25.)) ;
#7793=CARTESIAN_POINT('Control Point',(15.,-5013.,25.)) ;
#7794=CARTESIAN_POINT('Control Point',(15.,-5013.,25.)) ;
#7795=CARTESIAN_POINT('Control Point',(15.,-5013.,25.)) ;
#7796=CARTESIAN_POINT('Control Point',(15.,-5013.,25.)) ;
#7797=CARTESIAN_POINT('Control Point',(15.,-5013.,25.)) ;
#7798=CARTESIAN_POINT('Control Point',(15.,-5013.,25.)) ;
#7799=CARTESIAN_POINT('Control Point',(15.0008605536,-5013.53973568,27.2324370808)) ;
#7800=CARTESIAN_POINT('Control Point',(15.0017302305,-5013.59490117,27.2060856771)) ;
#7801=CARTESIAN_POINT('Control Point',(15.0025952227,-5013.64971612,27.1797341302)) ;
#7802=CARTESIAN_POINT('Control Point',(15.003260214,-5013.70414489,27.1534085096)) ;
#7803=CARTESIAN_POINT('Control Point',(15.0039832117,-5013.81233674,27.1008548619)) ;
#7804=CARTESIAN_POINT('Control Point',(15.0035192863,-5013.91948698,27.0484454443)) ;
#7805=CARTESIAN_POINT('Control Point',(15.0029929243,-5013.9728762,27.0222671298)) ;
#7806=CARTESIAN_POINT('Control Point',(15.0022797601,-5014.02617377,26.9960678138)) ;
#7807=CARTESIAN_POINT('Control Point',(15.0015186427,-5014.07947123,26.9697974748)) ;
#7808=CARTESIAN_POINT('Control Point',(14.8132252558,-5014.09266026,29.4767761706)) ;
#7809=CARTESIAN_POINT('Control Point',(14.772895698,-5014.19732107,29.4245126752)) ;
#7810=CARTESIAN_POINT('Control Point',(14.7383175894,-5014.30337941,29.3722497499)) ;
#7811=CARTESIAN_POINT('Control Point',(14.7102663783,-5014.41093791,29.3198741806)) ;
#7812=CARTESIAN_POINT('Control Point',(14.667999552,-5014.62859209,29.2146966998)) ;
#7813=CARTESIAN_POINT('Control Point',(14.653246918,-5014.85018301,29.1088559528)) ;
#7814=CARTESIAN_POINT('Control Point',(14.6527260598,-5014.96166882,29.0558047035)) ;
#7815=CARTESIAN_POINT('Control Point',(14.6586273153,-5015.07349432,29.0028142975)) ;
#7816=CARTESIAN_POINT('Control Point',(14.6703974919,-5015.1853203,28.950096726)) ;
#7817=CARTESIAN_POINT('Control Point',(14.4549580019,-5014.55769399,31.6792058088)) ;
#7818=CARTESIAN_POINT('Control Point',(14.3529765326,-5014.70199827,31.5946053311)) ;
#7819=CARTESIAN_POINT('Control Point',(14.2675560076,-5014.85107428,31.5100036744)) ;
#7820=CARTESIAN_POINT('Control Point',(14.1970975786,-5015.00358272,31.4262924069)) ;
#7821=CARTESIAN_POINT('Control Point',(14.0846648023,-5015.31401166,31.2623817427)) ;
#7822=CARTESIAN_POINT('Control Point',(14.0297377972,-5015.63244248,31.1076384198)) ;
#7823=CARTESIAN_POINT('Control Point',(14.0167579913,-5015.79297669,31.0331208024)) ;
#7824=CARTESIAN_POINT('Control Point',(14.0191825447,-5015.95418297,30.9616696635)) ;
#7825=CARTESIAN_POINT('Control Point',(14.0381613145,-5016.11538808,30.8934168047)) ;
#7826=CARTESIAN_POINT('Control Point',(13.8597533374,-5014.99663569,33.9159275664)) ;
#7827=CARTESIAN_POINT('Control Point',(13.6390418322,-5015.10179542,33.7934424281)) ;
#7828=CARTESIAN_POINT('Control Point',(13.4449246246,-5015.24229263,33.6709591048)) ;
#7829=CARTESIAN_POINT('Control Point',(13.2833532795,-5015.4126244,33.5504336307)) ;
#7830=CARTESIAN_POINT('Control Point',(13.0316737544,-5015.80054022,33.3172892318)) ;
#7831=CARTESIAN_POINT('Control Point',(12.9265593571,-5016.25905368,33.1102685065)) ;
#7832=CARTESIAN_POINT('Control Point',(12.9115715559,-5016.49993327,33.0158242315)) ;
#7833=CARTESIAN_POINT('Control Point',(12.9328669085,-5016.74660126,32.9335997818)) ;
#7834=CARTESIAN_POINT('Control Point',(12.9877998069,-5016.99327144,32.866994944)) ;
#7835=CARTESIAN_POINT('Control Point',(13.0000118661,-5014.999991,35.9544456924)) ;
#7836=CARTESIAN_POINT('Control Point',(12.7597719587,-5014.99999091,35.7520079781)) ;
#7837=CARTESIAN_POINT('Control Point',(12.5195286159,-5015.06166173,35.5495670566)) ;
#7838=CARTESIAN_POINT('Control Point',(12.2916514227,-5015.18509619,35.3575461354)) ;
#7839=CARTESIAN_POINT('Control Point',(11.885208168,-5015.54216658,35.0150556689)) ;
#7840=CARTESIAN_POINT('Control Point',(11.6121557898,-5016.07366871,34.7849658946)) ;
#7841=CARTESIAN_POINT('Control Point',(11.5177659189,-5016.37166104,34.7054269349)) ;
#7842=CARTESIAN_POINT('Control Point',(11.4706074562,-5016.68582389,34.6656873523)) ;
#7843=CARTESIAN_POINT('Control Point',(11.4706094128,-5016.99998177,34.6656874098)) ;
#7850=CARTESIAN_POINT('Axis2P3D Location',(13.,-4987.,37.5)) ;
#7855=CARTESIAN_POINT('Line Origine',(13.,-4985.,37.5)) ;
#7859=CARTESIAN_POINT('Vertex',(13.,-4985.,35.9544511501)) ;
#7863=CARTESIAN_POINT('Control Point',(12.9999954347,-4985.,35.9544492266)) ;
#7864=CARTESIAN_POINT('Control Point',(13.2944854664,-4984.99999933,35.2554895773)) ;
#7865=CARTESIAN_POINT('Control Point',(13.5604965643,-4985.05420146,34.5288343314)) ;
#7866=CARTESIAN_POINT('Control Point',(13.7941264398,-4985.14164215,33.791278151)) ;
#7867=CARTESIAN_POINT('Control Point',(14.3921060604,-4985.46763503,31.6187388615)) ;
#7868=CARTESIAN_POINT('Control Point',(14.7627652076,-4985.94804051,29.3965142534)) ;
#7869=CARTESIAN_POINT('Control Point',(14.9208890236,-4986.28844519,27.9338144795)) ;
#7870=CARTESIAN_POINT('Control Point',(15.,-4986.64422259,26.4669072397)) ;
#7871=CARTESIAN_POINT('Control Point',(15.,-4987.,25.)) ;
#7880=CARTESIAN_POINT('Axis2P3D Location',(0.,-4985.,100.)) ;
#7885=CARTESIAN_POINT('Axis2P3D Location',(-6.05648224793E-016,-4985.,25.)) ;
#7889=CARTESIAN_POINT('Vertex',(-13.,-4985.,35.9544511501)) ;
#7892=CARTESIAN_POINT('Line Origine',(-13.,-4985.,67.9772255751)) ;
#7908=CARTESIAN_POINT('Axis2P3D Location',(-13.,-4987.,37.5)) ;
#7914=CARTESIAN_POINT('Control Point',(-15.,-4987.,25.)) ;
#7915=CARTESIAN_POINT('Control Point',(-15.,-4986.76287288,25.9776997805)) ;
#7916=CARTESIAN_POINT('Control Point',(-14.9648567052,-4986.52574576,26.9553995609)) ;
#7917=CARTESIAN_POINT('Control Point',(-14.8946087283,-4986.29301616,27.9315477153)) ;
#7918=CARTESIAN_POINT('Control Point',(-14.7326642182,-4985.95172322,29.4129972348)) ;
#7919=CARTESIAN_POINT('Control Point',(-14.4811589235,-4985.64575695,30.8848389996)) ;
#7920=CARTESIAN_POINT('Control Point',(-14.3841907039,-4985.54612452,31.3873966723)) ;
#7921=CARTESIAN_POINT('Control Point',(-14.1166036774,-4985.31561668,32.6247839585)) ;
#7922=CARTESIAN_POINT('Control Point',(-13.7767202565,-4985.13522721,33.8459109608)) ;
#7923=CARTESIAN_POINT('Control Point',(-13.5475748445,-4985.05156855,34.5640839252)) ;
#7924=CARTESIAN_POINT('Control Point',(-13.2872418973,-4984.99999814,35.2726364136)) ;
#7925=CARTESIAN_POINT('Control Point',(-12.9999870459,-4985.,35.9544456924)) ;
#7934=CARTESIAN_POINT('Axis2P3D Location',(-3.5527136788E-015,-5000.,25.)) ;
#7940=CARTESIAN_POINT('Control Point',(-15.,-4987.,25.)) ;
#7941=CARTESIAN_POINT('Control Point',(-15.,-4986.52574401,25.8626804405)) ;
#7942=CARTESIAN_POINT('Control Point',(-14.9379818715,-4986.05148802,26.725360881)) ;
#7943=CARTESIAN_POINT('Control Point',(-14.8140154872,-4985.58603271,27.5866599035)) ;
#7944=CARTESIAN_POINT('Control Point',(-14.5282309294,-4984.90344624,28.8938210091)) ;
#7945=CARTESIAN_POINT('Control Point',(-14.0843981231,-4984.291514,30.1925050414)) ;
#7946=CARTESIAN_POINT('Control Point',(-13.9132777688,-4984.09224919,30.6359382933)) ;
#7947=CARTESIAN_POINT('Control Point',(-13.4410632483,-4983.63123119,31.7277550564)) ;
#7948=CARTESIAN_POINT('Control Point',(-12.8412661277,-4983.27045174,32.8052247139)) ;
#7949=CARTESIAN_POINT('Control Point',(-12.4368966679,-4983.10315045,33.4389005101)) ;
#7950=CARTESIAN_POINT('Control Point',(-11.9775358307,-4983.00002541,34.064081152)) ;
#7951=CARTESIAN_POINT('Control Point',(-11.4705882352,-4983.00001823,34.6656921914)) ;
#7952=CARTESIAN_POINT('Vertex',(-11.4705882353,-4983.,34.6656921913)) ;
#7955=CARTESIAN_POINT('Axis2P3D Location',(-3.5527136788E-015,-4983.,25.)) ;
#7959=CARTESIAN_POINT('Vertex',(11.4705882353,-4983.,34.6656921913)) ;
#7963=CARTESIAN_POINT('Control Point',(11.4705882353,-4983.00000616,34.6656921913)) ;
#7964=CARTESIAN_POINT('Control Point',(11.9902759399,-4983.00000421,34.0489620541)) ;
#7965=CARTESIAN_POINT('Control Point',(12.4596615477,-4983.10838786,33.4078110508)) ;
#7966=CARTESIAN_POINT('Control Point',(12.8719861232,-4983.28328297,32.7570128979)) ;
#7967=CARTESIAN_POINT('Control Point',(13.9272457332,-4983.93527001,30.8400654054)) ;
#7968=CARTESIAN_POINT('Control Point',(14.5813499151,-4984.89607971,28.8792768455)) ;
#7969=CARTESIAN_POINT('Control Point',(14.8603918827,-4985.57688884,27.5886656076)) ;
#7970=CARTESIAN_POINT('Control Point',(15.,-4986.28844442,26.2943328038)) ;
#7971=CARTESIAN_POINT('Control Point',(15.,-4987.,25.)) ;
#7983=CARTESIAN_POINT('Control Point',(13.0000033319,-4985.00000316,35.9544492266)) ;
#7984=CARTESIAN_POINT('Control Point',(12.7597636806,-4985.00000333,35.7520114059)) ;
#7985=CARTESIAN_POINT('Control Point',(12.5195203227,-4984.93833235,35.5495703779)) ;
#7986=CARTESIAN_POINT('Control Point',(12.2916428337,-4984.81489754,35.357549359)) ;
#7987=CARTESIAN_POINT('Control Point',(11.8851984659,-4984.45782605,35.0150587319)) ;
#7988=CARTESIAN_POINT('Control Point',(11.6121441031,-4983.92632222,34.7849688876)) ;
#7989=CARTESIAN_POINT('Control Point',(11.5177530643,-4983.62832893,34.7054299208)) ;
#7990=CARTESIAN_POINT('Control Point',(11.4705933229,-4983.31416506,34.6656903609)) ;
#7991=CARTESIAN_POINT('Control Point',(11.4705939579,-4983.00000616,34.6656904683)) ;
#7992=CARTESIAN_POINT('Control Point',(13.8590693667,-4985.00326206,33.917705026)) ;
#7993=CARTESIAN_POINT('Control Point',(13.6383117244,-4984.8981763,33.7951625005)) ;
#7994=CARTESIAN_POINT('Control Point',(13.4441357615,-4984.75772956,33.6726217877)) ;
#7995=CARTESIAN_POINT('Control Point',(13.2824988066,-4984.58742248,33.552044263)) ;
#7996=CARTESIAN_POINT('Control Point',(13.0306872346,-4984.19950774,33.3188170298)) ;
#7997=CARTESIAN_POINT('Control Point',(12.9254584362,-4983.74091734,33.1117694675)) ;
#7998=CARTESIAN_POINT('Control Point',(12.9104227319,-4983.49998432,33.0173291956)) ;
#7999=CARTESIAN_POINT('Control Point',(12.9316826815,-4983.25325538,32.9351276083)) ;
#8000=CARTESIAN_POINT('Control Point',(12.9865932007,-4983.00652425,32.8685632557)) ;
#8001=CARTESIAN_POINT('Control Point',(14.4555618272,-4985.44223149,31.6780867087)) ;
#8002=CARTESIAN_POINT('Control Point',(14.353603885,-4985.29784938,31.5935349419)) ;
#8003=CARTESIAN_POINT('Control Point',(14.2682226213,-4985.14871328,31.5089819989)) ;
#8004=CARTESIAN_POINT('Control Point',(14.1978146164,-4984.99616612,31.4253141069)) ;
#8005=CARTESIAN_POINT('Control Point',(14.0854928855,-4984.68570158,31.2614689555)) ;
#8006=CARTESIAN_POINT('Control Point',(14.0306775086,-4984.36730406,31.1067364035)) ;
#8007=CARTESIAN_POINT('Control Point',(14.0177486486,-4984.20680011,31.0322073481)) ;
#8008=CARTESIAN_POINT('Control Point',(14.0202154654,-4984.04563094,30.9607270943)) ;
#8009=CARTESIAN_POINT('Control Point',(14.0392264987,-4983.88446295,30.8924295091)) ;
#8010=CARTESIAN_POINT('Control Point',(14.8125597147,-4985.90722105,29.4786596863)) ;
#8011=CARTESIAN_POINT('Control Point',(14.7721623085,-4985.80261009,29.4263469075)) ;
#8012=CARTESIAN_POINT('Control Point',(14.7375134383,-4985.69658393,29.3740346969)) ;
#8013=CARTESIAN_POINT('Control Point',(14.7093919852,-4985.5890387,29.3216138046)) ;
#8014=CARTESIAN_POINT('Control Point',(14.6669941523,-4985.37137592,29.2163614521)) ;
#8015=CARTESIAN_POINT('Control Point',(14.652142947,-4985.14971977,29.1104873842)) ;
#8016=CARTESIAN_POINT('Control Point',(14.6515843189,-4985.03819053,29.0574324088)) ;
#8017=CARTESIAN_POINT('Control Point',(14.6574618203,-4984.92631619,29.0044522883)) ;
#8018=CARTESIAN_POINT('Control Point',(14.669223005,-4984.81444135,28.9517582173)) ;
#8019=CARTESIAN_POINT('Control Point',(15.0009941647,-4986.45990091,27.2334765715)) ;
#8020=CARTESIAN_POINT('Control Point',(15.0018716851,-4986.40468185,27.2071206522)) ;
#8021=CARTESIAN_POINT('Control Point',(15.0027472012,-4986.34981821,27.1807645902)) ;
#8022=CARTESIAN_POINT('Control Point',(15.0034243894,-4986.29534602,27.1544333244)) ;
#8023=CARTESIAN_POINT('Control Point',(15.004172673,-4986.18707718,27.1018638871)) ;
#8024=CARTESIAN_POINT('Control Point',(15.0037318966,-4986.07986583,27.0494268503)) ;
#8025=CARTESIAN_POINT('Control Point',(15.0032155845,-4986.02644909,27.0232310477)) ;
#8026=CARTESIAN_POINT('Control Point',(15.002510219,-4985.97312553,26.9970102683)) ;
#8027=CARTESIAN_POINT('Control Point',(15.0017544339,-4985.91980208,26.9707147341)) ;
#8028=CARTESIAN_POINT('Control Point',(15.,-4987.,25.)) ;
#8029=CARTESIAN_POINT('Control Point',(15.,-4987.,25.)) ;
#8030=CARTESIAN_POINT('Control Point',(15.,-4987.,25.)) ;
#8031=CARTESIAN_POINT('Control Point',(15.,-4987.,25.)) ;
#8032=CARTESIAN_POINT('Control Point',(15.,-4987.,25.)) ;
#8033=CARTESIAN_POINT('Control Point',(15.,-4987.,25.)) ;
#8034=CARTESIAN_POINT('Control Point',(15.,-4987.,25.)) ;
#8035=CARTESIAN_POINT('Control Point',(15.,-4987.,25.)) ;
#8036=CARTESIAN_POINT('Control Point',(15.,-4987.,25.)) ;
#8038=CARTESIAN_POINT('Control Point',(13.0000033319,-4985.00000316,35.9544492266)) ;
#8039=CARTESIAN_POINT('Control Point',(12.5195240292,-4985.00000349,35.5495735852)) ;
#8040=CARTESIAN_POINT('Control Point',(12.0385968328,-4984.75397401,35.1443201913)) ;
#8041=CARTESIAN_POINT('Control Point',(11.6587322411,-4984.25722797,34.8242268089)) ;
#8042=CARTESIAN_POINT('Control Point',(11.470592688,-4983.62832395,34.6656902535)) ;
#8043=CARTESIAN_POINT('Control Point',(11.4705939579,-4983.00000616,34.6656904683)) ;
#8051=CARTESIAN_POINT('Axis2P3D Location',(-3.5527136788E-015,-4983.,25.)) ;
#8056=CARTESIAN_POINT('Axis2P3D Location',(-13.,-4983.,35.9544511501)) ;
#8069=CARTESIAN_POINT('Control Point',(-15.,-4987.,25.)) ;
#8070=CARTESIAN_POINT('Control Point',(-15.,-4987.,25.)) ;
#8071=CARTESIAN_POINT('Control Point',(-15.,-4987.,25.)) ;
#8072=CARTESIAN_POINT('Control Point',(-15.,-4987.,25.)) ;
#8073=CARTESIAN_POINT('Control Point',(-15.,-4987.,25.)) ;
#8074=CARTESIAN_POINT('Control Point',(-15.,-4987.,25.)) ;
#8075=CARTESIAN_POINT('Control Point',(-15.,-4987.,25.)) ;
#8076=CARTESIAN_POINT('Control Point',(-15.,-4987.,25.)) ;
#8077=CARTESIAN_POINT('Control Point',(-15.,-4987.,25.)) ;
#8078=CARTESIAN_POINT('Control Point',(-15.0008605535,-4986.46026432,27.2324370814)) ;
#8079=CARTESIAN_POINT('Control Point',(-15.0017302304,-4986.40509883,27.2060856777)) ;
#8080=CARTESIAN_POINT('Control Point',(-15.0025952227,-4986.35028388,27.1797341308)) ;
#8081=CARTESIAN_POINT('Control Point',(-15.0032602139,-4986.29585511,27.1534085102)) ;
#8082=CARTESIAN_POINT('Control Point',(-15.0039832117,-4986.18766326,27.1008548624)) ;
#8083=CARTESIAN_POINT('Control Point',(-15.0035192863,-4986.08051302,27.0484454448)) ;
#8084=CARTESIAN_POINT('Control Point',(-15.0029929243,-4986.0271238,27.0222671303)) ;
#8085=CARTESIAN_POINT('Control Point',(-15.0022797601,-4985.97382623,26.9960678143)) ;
#8086=CARTESIAN_POINT('Control Point',(-15.0015186426,-4985.92052877,26.9697974753)) ;
#8087=CARTESIAN_POINT('Control Point',(-14.8132252559,-4985.90733974,29.4767761689)) ;
#8088=CARTESIAN_POINT('Control Point',(-14.7728956981,-4985.80267894,29.4245126735)) ;
#8089=CARTESIAN_POINT('Control Point',(-14.7383175896,-4985.69662059,29.3722497483)) ;
#8090=CARTESIAN_POINT('Control Point',(-14.7102663785,-4985.58906209,29.319874179)) ;
#8091=CARTESIAN_POINT('Control Point',(-14.6679995523,-4985.37140791,29.2146966982)) ;
#8092=CARTESIAN_POINT('Control Point',(-14.6532469183,-4985.14981699,29.1088559512)) ;
#8093=CARTESIAN_POINT('Control Point',(-14.6527260601,-4985.03833118,29.055804702)) ;
#8094=CARTESIAN_POINT('Control Point',(-14.6586273155,-4984.92650569,29.002814296)) ;
#8095=CARTESIAN_POINT('Control Point',(-14.6703974922,-4984.8146797,28.9500967245)) ;
#8096=CARTESIAN_POINT('Control Point',(-14.454958002,-4985.44230601,31.6792058091)) ;
#8097=CARTESIAN_POINT('Control Point',(-14.3529765327,-4985.29800173,31.5946053314)) ;
#8098=CARTESIAN_POINT('Control Point',(-14.2675560076,-4985.14892572,31.5100036747)) ;
#8099=CARTESIAN_POINT('Control Point',(-14.1970975787,-4984.99641728,31.4262924072)) ;
#8100=CARTESIAN_POINT('Control Point',(-14.0846648024,-4984.68598834,31.2623817431)) ;
#8101=CARTESIAN_POINT('Control Point',(-14.0297377973,-4984.36755752,31.1076384202)) ;
#8102=CARTESIAN_POINT('Control Point',(-14.0167579914,-4984.20702331,31.0331208028)) ;
#8103=CARTESIAN_POINT('Control Point',(-14.0191825447,-4984.04581703,30.9616696638)) ;
#8104=CARTESIAN_POINT('Control Point',(-14.0381613146,-4983.88461192,30.893416805)) ;
#8105=CARTESIAN_POINT('Control Point',(-13.8597533374,-4985.00336431,33.9159275661)) ;
#8106=CARTESIAN_POINT('Control Point',(-13.6390418322,-4984.89820458,33.7934424278)) ;
#8107=CARTESIAN_POINT('Control Point',(-13.4449246246,-4984.75770737,33.6709591045)) ;
#8108=CARTESIAN_POINT('Control Point',(-13.2833532796,-4984.5873756,33.5504336304)) ;
#8109=CARTESIAN_POINT('Control Point',(-13.0316737545,-4984.19945978,33.3172892315)) ;
#8110=CARTESIAN_POINT('Control Point',(-12.9265593572,-4983.74094632,33.1102685062)) ;
#8111=CARTESIAN_POINT('Control Point',(-12.911571556,-4983.50006673,33.0158242313)) ;
#8112=CARTESIAN_POINT('Control Point',(-12.9328669086,-4983.25339874,32.9335997815)) ;
#8113=CARTESIAN_POINT('Control Point',(-12.987799807,-4983.00672856,32.8669949437)) ;
#8114=CARTESIAN_POINT('Control Point',(-13.0000118661,-4985.000009,35.9544456924)) ;
#8115=CARTESIAN_POINT('Control Point',(-12.7597719587,-4985.00000909,35.7520079781)) ;
#8116=CARTESIAN_POINT('Control Point',(-12.5195286159,-4984.93833827,35.5495670566)) ;
#8117=CARTESIAN_POINT('Control Point',(-12.2916514227,-4984.81490381,35.3575461354)) ;
#8118=CARTESIAN_POINT('Control Point',(-11.885208168,-4984.45783342,35.0150556689)) ;
#8119=CARTESIAN_POINT('Control Point',(-11.6121557898,-4983.92633129,34.7849658946)) ;
#8120=CARTESIAN_POINT('Control Point',(-11.5177659189,-4983.62833896,34.7054269349)) ;
#8121=CARTESIAN_POINT('Control Point',(-11.4706074562,-4983.31417611,34.6656873523)) ;
#8122=CARTESIAN_POINT('Control Point',(-11.4706094128,-4983.00001823,34.6656874098)) ;
#8139=CARTESIAN_POINT('NONE',(0.,0.,0.)) ;
#8140=CARTESIAN_POINT('NONE',(-5000.,-229.22088594,971.734521702)) ;
#8154=CARTESIAN_POINT('NONE',(0.,0.,0.)) ;
#8155=CARTESIAN_POINT('NONE',(-60.,3559.80839321,4362.66037695)) ;
#8169=CARTESIAN_POINT('NONE',(0.,0.,0.)) ;
#8170=CARTESIAN_POINT('NONE',(60.,3559.80839321,4362.66037695)) ;
#8184=CARTESIAN_POINT('NONE',(0.,0.,0.)) ;
#8185=CARTESIAN_POINT('NONE',(-5000.,-118.602116469,1090.15812187)) ;
#8201=CARTESIAN_POINT('Axis2P3D Location',(0.,-5015.,0.)) ;
#8206=CARTESIAN_POINT('Line Origine',(0.,-5015.,0.)) ;
#8210=CARTESIAN_POINT('Vertex',(-15.,-5015.,0.)) ;
#8212=CARTESIAN_POINT('Vertex',(15.,-5015.,0.)) ;
#8215=CARTESIAN_POINT('Line Origine',(-15.,-5000.,0.)) ;
#8219=CARTESIAN_POINT('Vertex',(-15.,-4985.,0.)) ;
#8222=CARTESIAN_POINT('Line Origine',(0.,-4985.,0.)) ;
#8226=CARTESIAN_POINT('Vertex',(15.,-4985.,0.)) ;
#8229=CARTESIAN_POINT('Line Origine',(15.,-5000.,0.)) ;
#8241=CARTESIAN_POINT('Axis2P3D Location',(0.,-4985.,-40.)) ;
#8246=CARTESIAN_POINT('Axis2P3D Location',(-3.5527136788E-015,-4985.,-25.)) ;
#8250=CARTESIAN_POINT('Vertex',(5.38962320953E-015,-4985.,-40.)) ;
#8252=CARTESIAN_POINT('Vertex',(-15.,-4985.,-25.)) ;
#8255=CARTESIAN_POINT('Axis2P3D Location',(3.5527136788E-015,-4985.,-25.)) ;
#8259=CARTESIAN_POINT('Vertex',(15.,-4985.,-25.)) ;
#8262=CARTESIAN_POINT('Line Origine',(15.,-4985.,-12.5)) ;
#8267=CARTESIAN_POINT('Line Origine',(-15.,-4985.,-12.5)) ;
#8279=CARTESIAN_POINT('Axis2P3D Location',(-1.7763568394E-015,-4985.,-25.)) ;
#8283=CARTESIAN_POINT('Vertex',(7.80183751804E-015,-4985.,-32.5)) ;
#8285=CARTESIAN_POINT('Vertex',(3.5527136788E-015,-4985.,-17.5)) ;
#8288=CARTESIAN_POINT('Axis2P3D Location',(5.3290705182E-015,-4985.,-25.)) ;
#8298=CARTESIAN_POINT('Axis2P3D Location',(0.,-5015.,160.)) ;
#8303=CARTESIAN_POINT('Axis2P3D Location',(-3.5527136788E-015,-5015.,-25.)) ;
#8307=CARTESIAN_POINT('Vertex',(-15.,-5015.,-25.)) ;
#8309=CARTESIAN_POINT('Vertex',(7.22653274027E-015,-5015.,-40.)) ;
#8312=CARTESIAN_POINT('Line Origine',(-15.,-5015.,-12.5)) ;
#8317=CARTESIAN_POINT('Line Origine',(15.,-5015.,-12.5)) ;
#8321=CARTESIAN_POINT('Vertex',(15.,-5015.,-25.)) ;
#8324=CARTESIAN_POINT('Axis2P3D Location',(3.5527136788E-015,-5015.,-25.)) ;
#8336=CARTESIAN_POINT('Axis2P3D Location',(4.88498130835E-015,-5015.,-25.)) ;
#8340=CARTESIAN_POINT('Vertex',(3.5527136788E-015,-5015.,-17.5)) ;
#8342=CARTESIAN_POINT('Vertex',(7.80183751804E-015,-5015.,-32.5)) ;
#8345=CARTESIAN_POINT('Axis2P3D Location',(4.88498130835E-015,-5015.,-25.)) ;
#8355=CARTESIAN_POINT('Axis2P3D Location',(3.5527136788E-015,-5000.,-25.)) ;
#8360=CARTESIAN_POINT('Line Origine',(7.80183751804E-015,-5000.,-32.5)) ;
#8364=CARTESIAN_POINT('Vertex',(7.80183751804E-015,-5020.,-32.5)) ;
#8367=CARTESIAN_POINT('Axis2P3D Location',(3.5527136788E-015,-5020.,-25.)) ;
#8371=CARTESIAN_POINT('Vertex',(3.5527136788E-015,-5020.,-17.5)) ;
#8374=CARTESIAN_POINT('Line Origine',(3.5527136788E-015,-5000.,-17.5)) ;
#8386=CARTESIAN_POINT('Line Origine',(3.5527136788E-015,-5000.,-17.5)) ;
#8390=CARTESIAN_POINT('Vertex',(3.5527136788E-015,-4980.,-17.5)) ;
#8393=CARTESIAN_POINT('Axis2P3D Location',(3.5527136788E-015,-4980.,-25.)) ;
#8397=CARTESIAN_POINT('Vertex',(7.80183751804E-015,-4980.,-32.5)) ;
#8400=CARTESIAN_POINT('Line Origine',(7.80183751804E-015,-5000.,-32.5)) ;
#8412=CARTESIAN_POINT('Axis2P3D Location',(3.5527136788E-015,-5020.,-25.)) ;
#8424=CARTESIAN_POINT('Axis2P3D Location',(3.5527136788E-015,-4980.,-25.)) ;
#8436=CARTESIAN_POINT('Axis2P3D Location',(-3.5527136788E-015,-4985.,25.)) ;
#8440=CARTESIAN_POINT('Vertex',(-15.,-4985.,25.)) ;
#8442=CARTESIAN_POINT('Vertex',(-14.9802136504,-4985.,25.7701941244)) ;
#8445=CARTESIAN_POINT('Line Origine',(-15.,-4985.,25.3147034657)) ;
#8449=CARTESIAN_POINT('Vertex',(-15.,-4985.,25.6294069313)) ;
#8452=CARTESIAN_POINT('Line Origine',(-14.9901068252,-4985.,25.6998005279)) ;
#8463=CARTESIAN_POINT('Line Origine',(-15.,-5015.,25.3147034657)) ;
#8467=CARTESIAN_POINT('Vertex',(-15.,-5015.,25.6294069313)) ;
#8469=CARTESIAN_POINT('Vertex',(-15.,-5015.,25.)) ;
#8472=CARTESIAN_POINT('Axis2P3D Location',(-3.5527136788E-015,-5015.,25.)) ;
#8476=CARTESIAN_POINT('Vertex',(-14.9802136504,-5015.,25.7701941244)) ;
#8479=CARTESIAN_POINT('Line Origine',(-14.9901068252,-5015.,25.6998005279)) ;
#8490=CARTESIAN_POINT('Axis2P3D Location',(3.5527136788E-015,-5000.,-25.)) ;
#8495=CARTESIAN_POINT('Line Origine',(15.,-5000.,-25.)) ;
#8499=CARTESIAN_POINT('Vertex',(15.,-4982.,-25.)) ;
#8502=CARTESIAN_POINT('Line Origine',(3.5527136788E-015,-5000.,-40.)) ;
#8506=CARTESIAN_POINT('Vertex',(3.5527136788E-015,-4982.,-40.)) ;
#8509=CARTESIAN_POINT('Axis2P3D Location',(3.5527136788E-015,-4982.,-25.)) ;
#8521=CARTESIAN_POINT('Axis2P3D Location',(-3.5527136788E-015,-5000.,-25.)) ;
#8526=CARTESIAN_POINT('Line Origine',(-15.,-5000.,-25.)) ;
#8530=CARTESIAN_POINT('Vertex',(-15.,-4982.,-25.)) ;
#8533=CARTESIAN_POINT('Axis2P3D Location',(-3.5527136788E-015,-4982.,-25.)) ;
#8545=CARTESIAN_POINT('Axis2P3D Location',(0.,-4980.,40.)) ;
#8550=CARTESIAN_POINT('Line Origine',(13.,-4980.,0.)) ;
#8554=CARTESIAN_POINT('Vertex',(13.,-4980.,-25.)) ;
#8556=CARTESIAN_POINT('Vertex',(13.,-4980.,25.)) ;
#8559=CARTESIAN_POINT('Axis2P3D Location',(6.4730893848E-015,-4980.,-25.)) ;
#8563=CARTESIAN_POINT('Vertex',(5.51418360685E-015,-4980.,-38.)) ;
#8566=CARTESIAN_POINT('Axis2P3D Location',(-2.84815932931E-015,-4980.,-25.)) ;
#8570=CARTESIAN_POINT('Vertex',(-13.,-4980.,-25.)) ;
#8573=CARTESIAN_POINT('Line Origine',(-13.,-4980.,3.5527136788E-015)) ;
#8577=CARTESIAN_POINT('Vertex',(-13.,-4980.,25.)) ;
#8580=CARTESIAN_POINT('Axis2P3D Location',(3.88385363088E-015,-4980.,25.)) ;
#8597=CARTESIAN_POINT('Axis2P3D Location',(3.5527136788E-015,-5000.,25.)) ;
#8602=CARTESIAN_POINT('Line Origine',(-15.,-5000.,25.)) ;
#8606=CARTESIAN_POINT('Vertex',(-15.,-4982.,25.)) ;
#8609=CARTESIAN_POINT('Axis2P3D Location',(3.5527136788E-015,-4985.,25.)) ;
#8613=CARTESIAN_POINT('Vertex',(-14.612199851,-4985.,28.3887483699)) ;
#8616=CARTESIAN_POINT('Axis2P3D Location',(3.5527136788E-015,-4985.,25.)) ;
#8620=CARTESIAN_POINT('Vertex',(3.5527136788E-015,-4985.,40.)) ;
#8623=CARTESIAN_POINT('Axis2P3D Location',(3.5527136788E-015,-4985.,25.)) ;
#8627=CARTESIAN_POINT('Vertex',(13.,-4985.,32.4833147735)) ;
#8631=CARTESIAN_POINT('Control Point',(13.,-4985.,32.4833147735)) ;
#8632=CARTESIAN_POINT('Control Point',(13.8108999894,-4985.,31.0746208751)) ;
#8633=CARTESIAN_POINT('Control Point',(14.4244258783,-4985.40273398,29.5626928858)) ;
#8634=CARTESIAN_POINT('Control Point',(14.803307683,-4985.88113727,28.0540499823)) ;
#8635=CARTESIAN_POINT('Control Point',(15.,-4986.4424869,26.5268125079)) ;
#8636=CARTESIAN_POINT('Control Point',(15.,-4987.,25.)) ;
#8637=CARTESIAN_POINT('Vertex',(15.,-4987.,25.)) ;
#8640=CARTESIAN_POINT('Line Origine',(15.,-5000.,25.)) ;
#8644=CARTESIAN_POINT('Vertex',(15.,-4982.,25.)) ;
#8647=CARTESIAN_POINT('Axis2P3D Location',(3.5527136788E-015,-4982.,25.)) ;
#8663=CARTESIAN_POINT('Axis2P3D Location',(2.6645352591E-015,-4982.,25.)) ;
#8668=CARTESIAN_POINT('Axis2P3D Location',(13.,-4982.,25.)) ;
#8673=CARTESIAN_POINT('Axis2P3D Location',(-13.,-4982.,25.)) ;
#8685=CARTESIAN_POINT('Axis2P3D Location',(-13.,-4982.,0.)) ;
#8690=CARTESIAN_POINT('Axis2P3D Location',(-13.,-4982.,-25.)) ;
#8695=CARTESIAN_POINT('Line Origine',(-15.,-4982.,0.)) ;
#8707=CARTESIAN_POINT('Axis2P3D Location',(13.,-4982.,67.5)) ;
#8712=CARTESIAN_POINT('Axis2P3D Location',(13.,-4982.,-25.)) ;
#8717=CARTESIAN_POINT('Line Origine',(15.,-4982.,67.5)) ;
#8729=CARTESIAN_POINT('Axis2P3D Location',(-3.5527136788E-015,-4982.,-25.)) ;
#8743=CARTESIAN_POINT('Axis2P3D Location',(3.5527136788E-015,-5000.,-25.)) ;
#8748=CARTESIAN_POINT('Line Origine',(7.22653274027E-015,-5000.,-40.)) ;
#8752=CARTESIAN_POINT('Vertex',(7.22653274027E-015,-5018.,-40.)) ;
#8755=CARTESIAN_POINT('Line Origine',(15.,-5000.,-25.)) ;
#8759=CARTESIAN_POINT('Vertex',(15.,-5018.,-25.)) ;
#8762=CARTESIAN_POINT('Axis2P3D Location',(3.5527136788E-015,-5018.,-25.)) ;
#8774=CARTESIAN_POINT('Axis2P3D Location',(-3.5527136788E-015,-5000.,-25.)) ;
#8779=CARTESIAN_POINT('Line Origine',(-15.,-5000.,-25.)) ;
#8783=CARTESIAN_POINT('Vertex',(-15.,-5018.,-25.)) ;
#8786=CARTESIAN_POINT('Axis2P3D Location',(-3.5527136788E-015,-5018.,-25.)) ;
#8798=CARTESIAN_POINT('Axis2P3D Location',(0.,-5020.,40.)) ;
#8803=CARTESIAN_POINT('Axis2P3D Location',(4.66062435706E-015,-5020.,-25.)) ;
#8807=CARTESIAN_POINT('Vertex',(13.,-5020.,-25.)) ;
#8809=CARTESIAN_POINT('Vertex',(1.10791067826E-015,-5020.,-38.)) ;
#8812=CARTESIAN_POINT('Line Origine',(13.,-5020.,3.5527136788E-015)) ;
#8816=CARTESIAN_POINT('Vertex',(13.,-5020.,25.)) ;
#8819=CARTESIAN_POINT('Axis2P3D Location',(4.66062435706E-015,-5020.,25.)) ;
#8823=CARTESIAN_POINT('Vertex',(-13.,-5020.,25.)) ;
#8826=CARTESIAN_POINT('Line Origine',(-13.,-5020.,3.5527136788E-015)) ;
#8830=CARTESIAN_POINT('Vertex',(-13.,-5020.,-25.)) ;
#8833=CARTESIAN_POINT('Axis2P3D Location',(-3.88385363088E-015,-5020.,-25.)) ;
#8850=CARTESIAN_POINT('Axis2P3D Location',(3.5527136788E-015,-5000.,25.)) ;
#8855=CARTESIAN_POINT('Line Origine',(15.,-5000.,25.)) ;
#8859=CARTESIAN_POINT('Vertex',(15.,-5013.,25.)) ;
#8861=CARTESIAN_POINT('Vertex',(15.,-5018.,25.)) ;
#8865=CARTESIAN_POINT('Control Point',(13.,-5015.,32.4833147735)) ;
#8866=CARTESIAN_POINT('Control Point',(13.8108999894,-5015.,31.0746208751)) ;
#8867=CARTESIAN_POINT('Control Point',(14.4244258783,-5014.59726602,29.5626928858)) ;
#8868=CARTESIAN_POINT('Control Point',(14.803307683,-5014.11886273,28.054049982)) ;
#8869=CARTESIAN_POINT('Control Point',(15.,-5013.5575131,26.5268125079)) ;
#8870=CARTESIAN_POINT('Control Point',(15.,-5013.,25.)) ;
#8871=CARTESIAN_POINT('Vertex',(13.,-5015.,32.4833147735)) ;
#8874=CARTESIAN_POINT('Axis2P3D Location',(3.5527136788E-015,-5015.,25.)) ;
#8878=CARTESIAN_POINT('Vertex',(5.38962320953E-015,-5015.,40.)) ;
#8881=CARTESIAN_POINT('Axis2P3D Location',(3.5527136788E-015,-5015.,25.)) ;
#8885=CARTESIAN_POINT('Vertex',(-14.612199851,-5015.,28.3887483699)) ;
#8888=CARTESIAN_POINT('Axis2P3D Location',(3.5527136788E-015,-5015.,25.)) ;
#8893=CARTESIAN_POINT('Line Origine',(-15.,-5000.,25.)) ;
#8897=CARTESIAN_POINT('Vertex',(-15.,-5018.,25.)) ;
#8900=CARTESIAN_POINT('Axis2P3D Location',(3.5527136788E-015,-5018.,25.)) ;
#8916=CARTESIAN_POINT('Axis2P3D Location',(-15.,-5000.,0.)) ;
#8921=CARTESIAN_POINT('Line Origine',(-15.,-5018.,0.)) ;
#8926=CARTESIAN_POINT('Line Origine',(-15.,-5015.,25.7011909229)) ;
#8930=CARTESIAN_POINT('Vertex',(-15.,-5014.99990019,25.7729749145)) ;
#8934=CARTESIAN_POINT('Control Point',(-15.,-5013.,40.)) ;
#8935=CARTESIAN_POINT('Control Point',(-15.,-5013.02043657,40.)) ;
#8936=CARTESIAN_POINT('Control Point',(-15.,-5013.04087291,39.9981243972)) ;
#8937=CARTESIAN_POINT('Control Point',(-15.,-5013.06157979,39.994257595)) ;
#8938=CARTESIAN_POINT('Control Point',(-15.,-5013.1125445,39.9801198361)) ;
#8939=CARTESIAN_POINT('Control Point',(-15.,-5013.15996265,39.9561798898)) ;
#8940=CARTESIAN_POINT('Control Point',(-15.,-5013.18804747,39.9382186559)) ;
#8941=CARTESIAN_POINT('Control Point',(-15.,-5013.26130973,39.8828291718)) ;
#8942=CARTESIAN_POINT('Control Point',(-15.,-5013.32364003,39.8147642923)) ;
#8943=CARTESIAN_POINT('Control Point',(-15.,-5013.36044081,39.7681393458)) ;
#8944=CARTESIAN_POINT('Control Point',(-15.,-5013.44448331,39.6484091926)) ;
#8945=CARTESIAN_POINT('Control Point',(-15.,-5013.5150506,39.5200871783)) ;
#8946=CARTESIAN_POINT('Control Point',(-15.,-5013.55352189,39.4427800418)) ;
#8947=CARTESIAN_POINT('Control Point',(-15.,-5013.64265222,39.247533037)) ;
#8948=CARTESIAN_POINT('Control Point',(-15.,-5013.71857066,39.0466816155)) ;
#8949=CARTESIAN_POINT('Control Point',(-15.,-5013.76060533,38.9256929897)) ;
#8950=CARTESIAN_POINT('Control Point',(-15.,-5013.85837038,38.6225053205)) ;
#8951=CARTESIAN_POINT('Control Point',(-15.,-5013.94205537,38.3150637454)) ;
#8952=CARTESIAN_POINT('Control Point',(-15.,-5013.98857848,38.1298425687)) ;
#8953=CARTESIAN_POINT('Control Point',(-15.,-5014.08847972,37.7022549982)) ;
#8954=CARTESIAN_POINT('Control Point',(-15.,-5014.1746117,37.2716522757)) ;
#8955=CARTESIAN_POINT('Control Point',(-15.,-5014.21992639,37.0273476037)) ;
#8956=CARTESIAN_POINT('Control Point',(-15.,-5014.31308299,36.4889981063)) ;
#8957=CARTESIAN_POINT('Control Point',(-15.,-5014.39380822,35.9486314026)) ;
#8958=CARTESIAN_POINT('Control Point',(-15.,-5014.43478395,35.6533724941)) ;
#8959=CARTESIAN_POINT('Control Point',(-15.,-5014.56624357,34.6377254742)) ;
#8960=CARTESIAN_POINT('Control Point',(-15.,-5014.66898469,33.6186010756)) ;
#8961=CARTESIAN_POINT('Control Point',(-15.,-5014.73102628,32.8980067348)) ;
#8962=CARTESIAN_POINT('Control Point',(-15.,-5014.86687621,31.0402989946)) ;
#8963=CARTESIAN_POINT('Control Point',(-15.,-5014.94820035,29.1792301932)) ;
#8964=CARTESIAN_POINT('Control Point',(-15.,-5014.98110251,28.0458676458)) ;
#8965=CARTESIAN_POINT('Control Point',(-15.,-5014.99831999,26.9094321544)) ;
#8966=CARTESIAN_POINT('Control Point',(-15.,-5014.99990019,25.7729749145)) ;
#8967=CARTESIAN_POINT('Vertex',(-15.,-5013.,40.)) ;
#8970=CARTESIAN_POINT('Line Origine',(-15.,-5000.,40.)) ;
#8974=CARTESIAN_POINT('Vertex',(-15.,-4987.,40.)) ;
#8978=CARTESIAN_POINT('Control Point',(-15.,-4987.,40.)) ;
#8979=CARTESIAN_POINT('Control Point',(-15.,-4986.97956343,40.)) ;
#8980=CARTESIAN_POINT('Control Point',(-15.,-4986.95912709,39.9981243972)) ;
#8981=CARTESIAN_POINT('Control Point',(-15.,-4986.93842021,39.994257595)) ;
#8982=CARTESIAN_POINT('Control Point',(-15.,-4986.8874555,39.9801198361)) ;
#8983=CARTESIAN_POINT('Control Point',(-15.,-4986.84003735,39.9561798898)) ;
#8984=CARTESIAN_POINT('Control Point',(-15.,-4986.81195253,39.9382186559)) ;
#8985=CARTESIAN_POINT('Control Point',(-15.,-4986.73869027,39.8828291717)) ;
#8986=CARTESIAN_POINT('Control Point',(-15.,-4986.67635997,39.8147642922)) ;
#8987=CARTESIAN_POINT('Control Point',(-15.,-4986.63955919,39.768139346)) ;
#8988=CARTESIAN_POINT('Control Point',(-15.,-4986.55551669,39.6484091925)) ;
#8989=CARTESIAN_POINT('Control Point',(-15.,-4986.4849494,39.520087178)) ;
#8990=CARTESIAN_POINT('Control Point',(-15.,-4986.44647811,39.4427800421)) ;
#8991=CARTESIAN_POINT('Control Point',(-15.,-4986.35734778,39.2475330372)) ;
#8992=CARTESIAN_POINT('Control Point',(-15.,-4986.28142934,39.0466816155)) ;
#8993=CARTESIAN_POINT('Control Point',(-15.,-4986.23939467,38.9256929896)) ;
#8994=CARTESIAN_POINT('Control Point',(-15.,-4986.14162962,38.6225053205)) ;
#8995=CARTESIAN_POINT('Control Point',(-15.,-4986.05794463,38.3150637454)) ;
#8996=CARTESIAN_POINT('Control Point',(-15.,-4986.01142152,38.1298425687)) ;
#8997=CARTESIAN_POINT('Control Point',(-15.,-4985.91152028,37.7022549982)) ;
#8998=CARTESIAN_POINT('Control Point',(-15.,-4985.8253883,37.2716522757)) ;
#8999=CARTESIAN_POINT('Control Point',(-15.,-4985.78007361,37.0273476037)) ;
#9000=CARTESIAN_POINT('Control Point',(-15.,-4985.68691701,36.4889981063)) ;
#9001=CARTESIAN_POINT('Control Point',(-15.,-4985.60619178,35.9486314026)) ;
#9002=CARTESIAN_POINT('Control Point',(-15.,-4985.56521605,35.6533724941)) ;
#9003=CARTESIAN_POINT('Control Point',(-15.,-4985.43375643,34.6377254742)) ;
#9004=CARTESIAN_POINT('Control Point',(-15.,-4985.33101531,33.6186010756)) ;
#9005=CARTESIAN_POINT('Control Point',(-15.,-4985.26897372,32.8980067348)) ;
#9006=CARTESIAN_POINT('Control Point',(-15.,-4985.13312379,31.0402989947)) ;
#9007=CARTESIAN_POINT('Control Point',(-15.,-4985.05179965,29.1792301935)) ;
#9008=CARTESIAN_POINT('Control Point',(-15.,-4985.01889749,28.0458676455)) ;
#9009=CARTESIAN_POINT('Control Point',(-15.,-4985.00168001,26.9094321542)) ;
#9010=CARTESIAN_POINT('Control Point',(-15.,-4985.00009981,25.7729749145)) ;
#9011=CARTESIAN_POINT('Vertex',(-15.,-4985.00009981,25.7729749145)) ;
#9014=CARTESIAN_POINT('Line Origine',(-15.,-4985.,25.7011909229)) ;
#9038=CARTESIAN_POINT('Axis2P3D Location',(-13.,-5018.,0.)) ;
#9043=CARTESIAN_POINT('Axis2P3D Location',(-13.,-5018.,-25.)) ;
#9048=CARTESIAN_POINT('Axis2P3D Location',(-13.,-5018.,25.)) ;
#9060=CARTESIAN_POINT('Axis2P3D Location',(6.2172489379E-015,-5018.,25.)) ;
#9065=CARTESIAN_POINT('Axis2P3D Location',(13.,-5018.,25.)) ;
#9077=CARTESIAN_POINT('Axis2P3D Location',(13.,-5018.,67.5)) ;
#9082=CARTESIAN_POINT('Axis2P3D Location',(13.,-5018.,-25.)) ;
#9087=CARTESIAN_POINT('Line Origine',(15.,-5018.,67.5)) ;
#9099=CARTESIAN_POINT('Axis2P3D Location',(-7.1054273576E-015,-5018.,-25.)) ;
#9113=CARTESIAN_POINT('Axis2P3D Location',(-5.60195103309,-4987.,92.5)) ;
#9118=CARTESIAN_POINT('Line Origine',(-5.60195103309,-4985.,92.5)) ;
#9122=CARTESIAN_POINT('Vertex',(3.60347363992,-4985.,158.)) ;
#9125=CARTESIAN_POINT('Line Origine',(-7.58248717057,-4987.,92.7783462019)) ;
#9129=CARTESIAN_POINT('Vertex',(1.62293750244,-4987.,158.278346202)) ;
#9132=CARTESIAN_POINT('Axis2P3D Location',(3.60347363992,-4987.,158.)) ;
#9147=CARTESIAN_POINT('Axis2P3D Location',(-15.,-5028.,40.)) ;
#9152=CARTESIAN_POINT('Line Origine',(1.62293750244,-5000.,158.278346202)) ;
#9156=CARTESIAN_POINT('Vertex',(1.62293750244,-5013.,158.278346202)) ;
#9159=CARTESIAN_POINT('Line Origine',(-6.56754991786,-5013.,100.)) ;
#9171=CARTESIAN_POINT('Axis2P3D Location',(-5.60195103309,-5013.,92.5)) ;
#9176=CARTESIAN_POINT('Line Origine',(-5.60195103309,-5015.,92.5)) ;
#9180=CARTESIAN_POINT('Vertex',(3.60347363992,-5015.,158.)) ;
#9183=CARTESIAN_POINT('Axis2P3D Location',(3.60347363992,-5013.,158.)) ;
#9198=CARTESIAN_POINT('Line Origine',(13.,-5015.,95.2416573868)) ;
#9202=CARTESIAN_POINT('Vertex',(13.,-5015.,158.)) ;
#9205=CARTESIAN_POINT('Line Origine',(8.30173681996,-5015.,158.)) ;
#9218=CARTESIAN_POINT('Axis2P3D Location',(13.,-5013.,67.5)) ;
#9223=CARTESIAN_POINT('Line Origine',(15.,-5013.,67.5)) ;
#9227=CARTESIAN_POINT('Vertex',(15.,-5013.,158.)) ;
#9230=CARTESIAN_POINT('Axis2P3D Location',(13.,-5013.,158.)) ;
#9242=CARTESIAN_POINT('Line Origine',(13.,-4985.,95.2416573868)) ;
#9246=CARTESIAN_POINT('Vertex',(13.,-4985.,158.)) ;
#9249=CARTESIAN_POINT('Line Origine',(8.30173681996,-4985.,158.)) ;
#9262=CARTESIAN_POINT('Axis2P3D Location',(0.,-5015.,160.)) ;
#9267=CARTESIAN_POINT('Line Origine',(3.60347363992,-5000.,160.)) ;
#9271=CARTESIAN_POINT('Vertex',(3.60347363992,-4987.,160.)) ;
#9273=CARTESIAN_POINT('Vertex',(3.60347363992,-5013.,160.)) ;
#9276=CARTESIAN_POINT('Line Origine',(8.30173681996,-5013.,160.)) ;
#9280=CARTESIAN_POINT('Vertex',(13.,-5013.,160.)) ;
#9283=CARTESIAN_POINT('Line Origine',(13.,-5000.,160.)) ;
#9287=CARTESIAN_POINT('Vertex',(13.,-4987.,160.)) ;
#9290=CARTESIAN_POINT('Line Origine',(8.30173681996,-4987.,160.)) ;
#9302=CARTESIAN_POINT('Axis2P3D Location',(13.,-4987.,67.5)) ;
#9307=CARTESIAN_POINT('Line Origine',(15.,-4987.,67.5)) ;
#9311=CARTESIAN_POINT('Vertex',(15.,-4987.,158.)) ;
#9314=CARTESIAN_POINT('Axis2P3D Location',(13.,-4987.,158.)) ;
#9326=CARTESIAN_POINT('Axis2P3D Location',(15.,-5000.,0.)) ;
#9331=CARTESIAN_POINT('Line Origine',(15.,-5000.,158.)) ;
#9351=CARTESIAN_POINT('Axis2P3D Location',(3.60347363992,-5000.,158.)) ;
#9356=CARTESIAN_POINT('Axis2P3D Location',(3.60347363992,-4987.,158.)) ;
#9361=CARTESIAN_POINT('Axis2P3D Location',(3.60347363992,-5013.,158.)) ;
#9373=CARTESIAN_POINT('Axis2P3D Location',(3.60347363992,-5013.,158.)) ;
#9378=CARTESIAN_POINT('Axis2P3D Location',(3.60347363992,-5013.,158.)) ;
#9389=CARTESIAN_POINT('Axis2P3D Location',(-0.806099925497,-5013.,158.)) ;
#9394=CARTESIAN_POINT('Axis2P3D Location',(13.,-5013.,158.)) ;
#9406=CARTESIAN_POINT('Axis2P3D Location',(13.,-5013.,158.)) ;
#9411=CARTESIAN_POINT('Axis2P3D Location',(13.,-5013.,158.)) ;
#9422=CARTESIAN_POINT('Axis2P3D Location',(13.,-5000.,158.)) ;
#9427=CARTESIAN_POINT('Axis2P3D Location',(13.,-4987.,158.)) ;
#9439=CARTESIAN_POINT('Axis2P3D Location',(13.,-4987.,158.)) ;
#9444=CARTESIAN_POINT('Axis2P3D Location',(13.,-4987.,158.)) ;
#9455=CARTESIAN_POINT('Axis2P3D Location',(-0.806099925497,-4987.,158.)) ;
#9460=CARTESIAN_POINT('Axis2P3D Location',(3.60347363992,-4987.,158.)) ;
#9472=CARTESIAN_POINT('Axis2P3D Location',(3.60347363992,-4987.,158.)) ;
#9493=CARTESIAN_POINT('NONE',(0.,0.,0.)) ;
#9494=CARTESIAN_POINT('NONE',(5000.,-300.150312319,949.894192139)) ;
#9508=CARTESIAN_POINT('NONE',(0.,0.,0.)) ;
#9509=CARTESIAN_POINT('NONE',(48.3407612018,3488.71362688,4442.77968664)) ;
#9523=CARTESIAN_POINT('NONE',(0.,0.,0.)) ;
#9524=CARTESIAN_POINT('NONE',(-5000.,-118.602116469,1200.15812187)) ;
#9538=CARTESIAN_POINT('NONE',(0.,0.,0.)) ;
#9539=CARTESIAN_POINT('NONE',(-81.6855107753,-3984.62905417,-2201.709969)) ;
#64=DIRECTION('Axis2P3D Direction',(1.,0.,0.)) ;
#65=DIRECTION('Axis2P3D XDirection',(0.,1.,0.)) ;
#69=DIRECTION('Vector Direction',(1.,0.,0.)) ;
#78=DIRECTION('Axis2P3D Direction',(1.,0.,0.)) ;
#85=DIRECTION('Vector Direction',(1.,0.,0.)) ;
#92=DIRECTION('Axis2P3D Direction',(1.,0.,0.)) ;
#104=DIRECTION('Axis2P3D Direction',(1.,0.,0.)) ;
#109=DIRECTION('Axis2P3D Direction',(1.,0.,0.)) ;
#121=DIRECTION('Axis2P3D Direction',(1.,0.,0.)) ;
#122=DIRECTION('Axis2P3D XDirection',(0.,1.,0.)) ;
#131=DIRECTION('Axis2P3D Direction',(1.,0.,0.)) ;
#132=DIRECTION('Axis2P3D XDirection',(0.,1.,0.)) ;
#136=DIRECTION('Axis2P3D Direction',(1.,0.,0.)) ;
#145=DIRECTION('Vector Direction',(1.,0.,0.)) ;
#152=DIRECTION('Axis2P3D Direction',(1.,0.,0.)) ;
#159=DIRECTION('Vector Direction',(1.,0.,0.)) ;
#171=DIRECTION('Axis2P3D Direction',(1.,0.,0.)) ;
#176=DIRECTION('Axis2P3D Direction',(1.,0.,0.)) ;
#188=DIRECTION('Axis2P3D Direction',(1.,0.,0.)) ;
#189=DIRECTION('Axis2P3D XDirection',(0.,1.,0.)) ;
#202=DIRECTION('Axis2P3D Direction',(1.,0.,0.)) ;
#203=DIRECTION('Axis2P3D XDirection',(0.,1.,0.)) ;
#211=DIRECTION('Vector Direction',(0.,1.,0.)) ;
#220=DIRECTION('Vector Direction',(0.,0.,-1.)) ;
#227=DIRECTION('Vector Direction',(0.,1.,0.)) ;
#234=DIRECTION('Vector Direction',(0.,0.,1.)) ;
#245=DIRECTION('Vector Direction',(0.,0.,1.)) ;
#254=DIRECTION('Vector Direction',(0.,-1.,0.)) ;
#261=DIRECTION('Vector Direction',(0.,0.,-1.)) ;
#268=DIRECTION('Vector Direction',(0.,-1.,0.)) ;
#280=DIRECTION('Axis2P3D Direction',(0.,0.,1.)) ;
#281=DIRECTION('Axis2P3D XDirection',(1.,0.,0.)) ;
#285=DIRECTION('Vector Direction',(0.,0.,1.)) ;
#294=DIRECTION('Axis2P3D Direction',(0.,0.,1.)) ;
#301=DIRECTION('Vector Direction',(0.,0.,1.)) ;
#308=DIRECTION('Axis2P3D Direction',(0.,0.,1.)) ;
#320=DIRECTION('Vector Direction',(0.,0.,1.)) ;
#329=DIRECTION('Axis2P3D Direction',(0.,0.,1.)) ;
#336=DIRECTION('Vector Direction',(0.,0.,1.)) ;
#343=DIRECTION('Axis2P3D Direction',(0.,0.,1.)) ;
#355=DIRECTION('Axis2P3D Direction',(0.,0.,1.)) ;
#360=DIRECTION('Axis2P3D Direction',(0.,0.,1.)) ;
#372=DIRECTION('Axis2P3D Direction',(0.,0.,1.)) ;
#377=DIRECTION('Axis2P3D Direction',(0.,0.,1.)) ;
#389=DIRECTION('Axis2P3D Direction',(0.,-1.,0.)) ;
#390=DIRECTION('Axis2P3D XDirection',(0.,0.,1.)) ;
#394=DIRECTION('Vector Direction',(0.,0.,1.)) ;
#403=DIRECTION('Vector Direction',(-1.,0.,0.)) ;
#408=DIRECTION('Vector Direction',(-1.,0.,0.)) ;
#420=DIRECTION('Axis2P3D Direction',(0.,0.,1.)) ;
#421=DIRECTION('Axis2P3D XDirection',(1.83690953073E-016,1.,-0.)) ;
#425=DIRECTION('Axis2P3D Direction',(0.,0.,1.)) ;
#432=DIRECTION('Axis2P3D Direction',(0.,0.,1.)) ;
#439=DIRECTION('Vector Direction',(0.,0.,1.)) ;
#451=DIRECTION('Axis2P3D Direction',(0.,1.,0.)) ;
#452=DIRECTION('Axis2P3D XDirection',(0.,0.,-1.)) ;
#456=DIRECTION('Vector Direction',(0.,0.,-1.)) ;
#465=DIRECTION('Vector Direction',(-1.,0.,0.)) ;
#470=DIRECTION('Vector Direction',(-1.,0.,0.)) ;
#482=DIRECTION('Axis2P3D Direction',(-0.,-0.,-1.)) ;
#483=DIRECTION('Axis2P3D XDirection',(0.,-1.,0.)) ;
#487=DIRECTION('Axis2P3D Direction',(-0.,-0.,-1.)) ;
#504=DIRECTION('Axis2P3D Direction',(-0.,-0.,-1.)) ;
#505=DIRECTION('Axis2P3D XDirection',(0.,-1.,0.)) ;
#509=DIRECTION('Axis2P3D Direction',(-0.,-0.,-1.)) ;
#526=DIRECTION('Axis2P3D Direction',(0.,0.,-1.)) ;
#527=DIRECTION('Axis2P3D XDirection',(1.83690953073E-016,-1.,-0.)) ;
#538=DIRECTION('Vector Direction',(0.,0.,-1.)) ;
#547=DIRECTION('Vector Direction',(-1.,0.,0.)) ;
#552=DIRECTION('Vector Direction',(-1.,0.,0.)) ;
#564=DIRECTION('Axis2P3D Direction',(0.,0.,-1.)) ;
#565=DIRECTION('Axis2P3D XDirection',(1.83690953073E-016,-1.,-0.)) ;
#569=DIRECTION('Axis2P3D Direction',(0.,0.,-1.)) ;
#576=DIRECTION('Axis2P3D Direction',(0.,0.,-1.)) ;
#583=DIRECTION('Vector Direction',(0.,0.,-1.)) ;
#595=DIRECTION('Vector Direction',(0.,0.,1.)) ;
#604=DIRECTION('Vector Direction',(-1.,0.,0.)) ;
#609=DIRECTION('Vector Direction',(-1.,0.,0.)) ;
#621=DIRECTION('Axis2P3D Direction',(0.,-0.,1.)) ;
#622=DIRECTION('Axis2P3D XDirection',(0.,1.,0.)) ;
#626=DIRECTION('Axis2P3D Direction',(0.,-0.,1.)) ;
#643=DIRECTION('Axis2P3D Direction',(0.,-0.,1.)) ;
#644=DIRECTION('Axis2P3D XDirection',(0.,1.,0.)) ;
#648=DIRECTION('Axis2P3D Direction',(0.,-0.,1.)) ;
#665=DIRECTION('Axis2P3D Direction',(0.,0.,1.)) ;
#666=DIRECTION('Axis2P3D XDirection',(1.83690953073E-016,1.,-0.)) ;
#688=DIRECTION('NONE',(1.,0.,0.)) ;
#689=DIRECTION('NONE',(0.,0.,1.)) ;
#690=DIRECTION('NONE',(0.,0.,-1.)) ;
#691=DIRECTION('NONE',(1.,0.,0.)) ;
#704=DIRECTION('Axis2P3D Direction',(0.,0.,1.)) ;
#705=DIRECTION('Axis2P3D XDirection',(1.,0.,0.)) ;
#709=DIRECTION('Vector Direction',(0.,0.,1.)) ;
#718=DIRECTION('Axis2P3D Direction',(0.,0.,1.)) ;
#725=DIRECTION('Vector Direction',(0.,0.,1.)) ;
#732=DIRECTION('Axis2P3D Direction',(0.,0.,1.)) ;
#744=DIRECTION('Axis2P3D Direction',(0.,0.,1.)) ;
#749=DIRECTION('Axis2P3D Direction',(0.,0.,1.)) ;
#761=DIRECTION('Axis2P3D Direction',(0.,0.,1.)) ;
#762=DIRECTION('Axis2P3D XDirection',(1.,0.,0.)) ;
#770=DIRECTION('Axis2P3D Direction',(0.,0.,1.)) ;
#779=DIRECTION('Axis2P3D Direction',(0.,0.,1.)) ;
#789=DIRECTION('Axis2P3D Direction',(0.,0.,1.)) ;
#790=DIRECTION('Axis2P3D XDirection',(1.,0.,0.)) ;
#798=DIRECTION('Axis2P3D Direction',(0.,0.,1.)) ;
#807=DIRECTION('Axis2P3D Direction',(0.,0.,1.)) ;
#817=DIRECTION('Axis2P3D Direction',(0.,0.,1.)) ;
#818=DIRECTION('Axis2P3D XDirection',(1.,0.,0.)) ;
#822=DIRECTION('Vector Direction',(0.,0.,1.)) ;
#827=DIRECTION('Vector Direction',(0.,0.,1.)) ;
#857=DIRECTION('NONE',(1.,0.,0.)) ;
#858=DIRECTION('NONE',(0.,0.,1.)) ;
#859=DIRECTION('NONE',(1.,0.,0.)) ;
#860=DIRECTION('NONE',(0.,0.,1.)) ;
#873=DIRECTION('Axis2P3D Direction',(0.,0.,1.)) ;
#874=DIRECTION('Axis2P3D XDirection',(6.12303176911E-017,1.,0.)) ;
#878=DIRECTION('Vector Direction',(0.,0.,1.)) ;
#887=DIRECTION('Axis2P3D Direction',(0.,0.,1.)) ;
#894=DIRECTION('Vector Direction',(0.,0.,1.)) ;
#901=DIRECTION('Axis2P3D Direction',(0.,0.,1.)) ;
#913=DIRECTION('Axis2P3D Direction',(0.,1.,-0.)) ;
#914=DIRECTION('Axis2P3D XDirection',(-1.,0.,0.)) ;
#918=DIRECTION('Vector Direction',(-1.,0.,0.)) ;
#925=DIRECTION('Vector Direction',(0.,0.,1.)) ;
#932=DIRECTION('Vector Direction',(-1.,0.,0.)) ;
#944=DIRECTION('Axis2P3D Direction',(0.,0.,1.)) ;
#945=DIRECTION('Axis2P3D XDirection',(-1.83690953073E-016,-1.,-0.)) ;
#949=DIRECTION('Axis2P3D Direction',(0.,0.,1.)) ;
#956=DIRECTION('Vector Direction',(0.,0.,1.)) ;
#963=DIRECTION('Axis2P3D Direction',(0.,0.,1.)) ;
#975=DIRECTION('Axis2P3D Direction',(0.,-1.,0.)) ;
#976=DIRECTION('Axis2P3D XDirection',(1.,0.,0.)) ;
#980=DIRECTION('Vector Direction',(1.,0.,0.)) ;
#985=DIRECTION('Vector Direction',(1.,0.,0.)) ;
#997=DIRECTION('Axis2P3D Direction',(0.,-1.,0.)) ;
#998=DIRECTION('Axis2P3D XDirection',(1.,0.,0.)) ;
#1002=DIRECTION('Vector Direction',(1.,0.,0.)) ;
#1011=DIRECTION('Vector Direction',(0.,0.,1.)) ;
#1018=DIRECTION('Vector Direction',(1.,0.,0.)) ;
#1025=DIRECTION('Vector Direction',(0.,0.,1.)) ;
#1037=DIRECTION('Axis2P3D Direction',(0.,0.,1.)) ;
#1038=DIRECTION('Axis2P3D XDirection',(-1.83690953073E-016,-1.,-0.)) ;
#1042=DIRECTION('Axis2P3D Direction',(0.,0.,1.)) ;
#1049=DIRECTION('Axis2P3D Direction',(0.,0.,1.)) ;
#1056=DIRECTION('Vector Direction',(0.,0.,1.)) ;
#1068=DIRECTION('Axis2P3D Direction',(0.,1.,-0.)) ;
#1069=DIRECTION('Axis2P3D XDirection',(-1.,0.,0.)) ;
#1073=DIRECTION('Vector Direction',(-1.,0.,0.)) ;
#1080=DIRECTION('Vector Direction',(-1.,0.,0.)) ;
#1087=DIRECTION('Vector Direction',(0.,0.,1.)) ;
#1099=DIRECTION('Axis2P3D Direction',(0.,0.,1.)) ;
#1100=DIRECTION('Axis2P3D XDirection',(6.12303176911E-017,1.,0.)) ;
#1104=DIRECTION('Axis2P3D Direction',(0.,0.,1.)) ;
#1109=DIRECTION('Axis2P3D Direction',(0.,0.,1.)) ;
#1121=DIRECTION('Axis2P3D Direction',(0.,0.,1.)) ;
#1122=DIRECTION('Axis2P3D XDirection',(1.,0.,0.)) ;
#1138=DIRECTION('Axis2P3D Direction',(0.,0.,1.)) ;
#1147=DIRECTION('Axis2P3D Direction',(0.,0.,1.)) ;
#1156=DIRECTION('Axis2P3D Direction',(0.,0.,1.)) ;
#1165=DIRECTION('Axis2P3D Direction',(0.,0.,1.)) ;
#1175=DIRECTION('Axis2P3D Direction',(0.,0.,1.)) ;
#1176=DIRECTION('Axis2P3D XDirection',(1.,0.,0.)) ;
#1192=DIRECTION('Axis2P3D Direction',(0.,0.,1.)) ;
#1201=DIRECTION('Axis2P3D Direction',(0.,0.,1.)) ;
#1210=DIRECTION('Axis2P3D Direction',(0.,0.,1.)) ;
#1219=DIRECTION('Axis2P3D Direction',(0.,0.,1.)) ;
#1229=DIRECTION('Axis2P3D Direction',(0.,0.,1.)) ;
#1238=DIRECTION('Vector Direction',(0.,0.,1.)) ;
#1245=DIRECTION('Axis2P3D Direction',(0.,0.,1.)) ;
#1252=DIRECTION('Vector Direction',(0.,0.,1.)) ;
#1264=DIRECTION('Vector Direction',(-1.,0.,0.)) ;
#1271=DIRECTION('Vector Direction',(0.,0.,1.)) ;
#1278=DIRECTION('Vector Direction',(-1.,0.,0.)) ;
#1290=DIRECTION('Axis2P3D Direction',(0.,0.,1.)) ;
#1297=DIRECTION('Vector Direction',(0.,0.,1.)) ;
#1304=DIRECTION('Axis2P3D Direction',(0.,0.,1.)) ;
#1316=DIRECTION('Vector Direction',(1.,0.,0.)) ;
#1321=DIRECTION('Vector Direction',(1.,0.,0.)) ;
#1333=DIRECTION('Vector Direction',(0.,0.,1.)) ;
#1342=DIRECTION('Vector Direction',(1.,0.,0.)) ;
#1349=DIRECTION('Vector Direction',(0.,0.,1.)) ;
#1356=DIRECTION('Vector Direction',(1.,0.,0.)) ;
#1368=DIRECTION('Vector Direction',(0.,0.,1.)) ;
#1377=DIRECTION('Axis2P3D Direction',(0.,0.,1.)) ;
#1382=DIRECTION('Axis2P3D Direction',(0.,0.,1.)) ;
#1394=DIRECTION('Vector Direction',(0.,0.,1.)) ;
#1403=DIRECTION('Vector Direction',(-1.,0.,0.)) ;
#1408=DIRECTION('Vector Direction',(-1.,0.,0.)) ;
#1420=DIRECTION('Axis2P3D Direction',(0.,0.,1.)) ;
#1425=DIRECTION('Axis2P3D Direction',(0.,0.,1.)) ;
#1437=DIRECTION('Axis2P3D Direction',(0.,0.,1.)) ;
#1438=DIRECTION('Axis2P3D XDirection',(1.,0.,0.)) ;
#1454=DIRECTION('Axis2P3D Direction',(0.,0.,1.)) ;
#1463=DIRECTION('Axis2P3D Direction',(0.,0.,1.)) ;
#1472=DIRECTION('Axis2P3D Direction',(0.,0.,1.)) ;
#1481=DIRECTION('Axis2P3D Direction',(0.,0.,1.)) ;
#1491=DIRECTION('Axis2P3D Direction',(0.,0.,1.)) ;
#1492=DIRECTION('Axis2P3D XDirection',(1.,0.,0.)) ;
#1508=DIRECTION('Axis2P3D Direction',(0.,0.,1.)) ;
#1517=DIRECTION('Axis2P3D Direction',(0.,0.,1.)) ;
#1526=DIRECTION('Axis2P3D Direction',(0.,0.,1.)) ;
#1535=DIRECTION('Axis2P3D Direction',(0.,0.,1.)) ;
#1545=DIRECTION('Axis2P3D Direction',(0.,0.,1.)) ;
#1546=DIRECTION('Axis2P3D XDirection',(0.479425538604,-0.87758256189,0.)) ;
#1550=DIRECTION('Vector Direction',(0.,0.,1.)) ;
#1557=DIRECTION('Axis2P3D Direction',(0.,0.,1.)) ;
#1564=DIRECTION('Vector Direction',(0.,0.,1.)) ;
#1576=DIRECTION('Vector Direction',(0.,0.,1.)) ;
#1581=DIRECTION('Vector Direction',(0.,0.,1.)) ;
#1593=DIRECTION('Vector Direction',(0.,0.,1.)) ;
#1600=DIRECTION('Axis2P3D Direction',(0.,0.,1.)) ;
#1607=DIRECTION('Vector Direction',(0.,0.,1.)) ;
#1619=DIRECTION('Axis2P3D Direction',(0.,0.,1.)) ;
#1638=DIRECTION('Axis2P3D Direction',(0.,0.,1.)) ;
#1650=DIRECTION('Axis2P3D Direction',(0.,0.,1.)) ;
#1651=DIRECTION('Axis2P3D XDirection',(1.,0.,0.)) ;
#1655=DIRECTION('Axis2P3D Direction',(0.,0.,1.)) ;
#1664=DIRECTION('Axis2P3D Direction',(0.,0.,1.)) ;
#1678=DIRECTION('Axis2P3D Direction',(0.,0.,1.)) ;
#1679=DIRECTION('Axis2P3D XDirection',(1.,0.,0.)) ;
#1683=DIRECTION('Axis2P3D Direction',(0.,0.,1.)) ;
#1692=DIRECTION('Axis2P3D Direction',(0.,0.,1.)) ;
#1706=DIRECTION('Axis2P3D Direction',(0.,0.,1.)) ;
#1707=DIRECTION('Axis2P3D XDirection',(1.,0.,0.)) ;
#1711=DIRECTION('Axis2P3D Direction',(0.,0.,1.)) ;
#1720=DIRECTION('Axis2P3D Direction',(0.,0.,1.)) ;
#1730=DIRECTION('Axis2P3D Direction',(0.,0.,1.)) ;
#1731=DIRECTION('Axis2P3D XDirection',(0.479425538604,-0.87758256189,0.)) ;
#1735=DIRECTION('Axis2P3D Direction',(-0.87758256189,-0.479425538604,0.)) ;
#1740=DIRECTION('Axis2P3D Direction',(0.87758256189,0.479425538604,-0.)) ;
#1752=DIRECTION('Axis2P3D Direction',(0.,-0.,1.)) ;
#1753=DIRECTION('Axis2P3D XDirection',(-0.479425538604,0.87758256189,0.)) ;
#1764=DIRECTION('Axis2P3D Direction',(0.,0.,1.)) ;
#1765=DIRECTION('Axis2P3D XDirection',(1.,0.,0.)) ;
#1769=DIRECTION('Axis2P3D Direction',(0.,0.,1.)) ;
#1778=DIRECTION('Axis2P3D Direction',(0.,0.,1.)) ;
#1788=DIRECTION('Axis2P3D Direction',(0.,-0.,1.)) ;
#1789=DIRECTION('Axis2P3D XDirection',(-0.479425538604,0.87758256189,0.)) ;
#1793=DIRECTION('Axis2P3D Direction',(0.87758256189,0.479425538604,0.)) ;
#1798=DIRECTION('Axis2P3D Direction',(-0.87758256189,-0.479425538604,0.)) ;
#1810=DIRECTION('Axis2P3D Direction',(0.,0.,1.)) ;
#1811=DIRECTION('Axis2P3D XDirection',(0.479425538604,-0.87758256189,0.)) ;
#1822=DIRECTION('Axis2P3D Direction',(0.,0.,-1.)) ;
#1823=DIRECTION('Axis2P3D XDirection',(-0.479425538604,-0.87758256189,0.)) ;
#1827=DIRECTION('Vector Direction',(0.,0.,-1.)) ;
#1834=DIRECTION('Axis2P3D Direction',(0.,0.,-1.)) ;
#1841=DIRECTION('Vector Direction',(0.,0.,-1.)) ;
#1853=DIRECTION('Vector Direction',(0.,0.,-1.)) ;
#1858=DIRECTION('Vector Direction',(0.,0.,-1.)) ;
#1870=DIRECTION('Vector Direction',(0.,0.,-1.)) ;
#1877=DIRECTION('Axis2P3D Direction',(0.,0.,-1.)) ;
#1884=DIRECTION('Vector Direction',(0.,0.,-1.)) ;
#1896=DIRECTION('Axis2P3D Direction',(0.,0.,-1.)) ;
#1915=DIRECTION('Axis2P3D Direction',(0.,0.,-1.)) ;
#1927=DIRECTION('Axis2P3D Direction',(0.,0.,1.)) ;
#1936=DIRECTION('Axis2P3D Direction',(0.,0.,1.)) ;
#1950=DIRECTION('Axis2P3D Direction',(0.,0.,1.)) ;
#1959=DIRECTION('Axis2P3D Direction',(0.,0.,1.)) ;
#1973=DIRECTION('Axis2P3D Direction',(0.,0.,1.)) ;
#1982=DIRECTION('Axis2P3D Direction',(0.,0.,1.)) ;
#1992=DIRECTION('Axis2P3D Direction',(0.,0.,1.)) ;
#1993=DIRECTION('Axis2P3D XDirection',(-0.479425538604,-0.87758256189,0.)) ;
#1997=DIRECTION('Axis2P3D Direction',(0.87758256189,-0.479425538604,0.)) ;
#2002=DIRECTION('Axis2P3D Direction',(-0.87758256189,0.479425538604,0.)) ;
#2014=DIRECTION('Axis2P3D Direction',(0.,0.,1.)) ;
#2015=DIRECTION('Axis2P3D XDirection',(0.479425538604,0.87758256189,0.)) ;
#2026=DIRECTION('Axis2P3D Direction',(0.,0.,1.)) ;
#2035=DIRECTION('Axis2P3D Direction',(0.,0.,1.)) ;
#2045=DIRECTION('Axis2P3D Direction',(0.,0.,1.)) ;
#2046=DIRECTION('Axis2P3D XDirection',(0.479425538604,0.87758256189,0.)) ;
#2050=DIRECTION('Axis2P3D Direction',(-0.87758256189,0.479425538604,0.)) ;
#2055=DIRECTION('Axis2P3D Direction',(0.87758256189,-0.479425538604,0.)) ;
#2067=DIRECTION('Axis2P3D Direction',(0.,0.,1.)) ;
#2068=DIRECTION('Axis2P3D XDirection',(-0.479425538604,-0.87758256189,0.)) ;
#2090=DIRECTION('NONE',(1.,0.,0.)) ;
#2091=DIRECTION('NONE',(0.,0.,1.)) ;
#2092=DIRECTION('NONE',(6.12303176911E-017,-0.71132101405,-0.702867281193)) ;
#2093=DIRECTION('NONE',(-1.,-4.35544116706E-017,-4.30367869221E-017)) ;
#2106=DIRECTION('Axis2P3D Direction',(0.,0.,1.)) ;
#2107=DIRECTION('Axis2P3D XDirection',(6.12303176911E-017,1.,0.)) ;
#2111=DIRECTION('Vector Direction',(0.,0.,1.)) ;
#2120=DIRECTION('Axis2P3D Direction',(0.,0.,1.)) ;
#2127=DIRECTION('Vector Direction',(0.,0.,1.)) ;
#2134=DIRECTION('Axis2P3D Direction',(0.,0.,1.)) ;
#2146=DIRECTION('Axis2P3D Direction',(0.,1.,-0.)) ;
#2147=DIRECTION('Axis2P3D XDirection',(-1.,0.,0.)) ;
#2151=DIRECTION('Vector Direction',(-1.,0.,0.)) ;
#2158=DIRECTION('Vector Direction',(0.,0.,1.)) ;
#2165=DIRECTION('Vector Direction',(-1.,0.,0.)) ;
#2177=DIRECTION('Axis2P3D Direction',(0.,0.,1.)) ;
#2178=DIRECTION('Axis2P3D XDirection',(-1.83690953073E-016,-1.,-0.)) ;
#2182=DIRECTION('Axis2P3D Direction',(0.,0.,1.)) ;
#2189=DIRECTION('Vector Direction',(0.,0.,1.)) ;
#2196=DIRECTION('Axis2P3D Direction',(0.,0.,1.)) ;
#2208=DIRECTION('Axis2P3D Direction',(0.,-1.,0.)) ;
#2209=DIRECTION('Axis2P3D XDirection',(1.,0.,0.)) ;
#2213=DIRECTION('Vector Direction',(1.,0.,0.)) ;
#2218=DIRECTION('Vector Direction',(1.,0.,0.)) ;
#2230=DIRECTION('Axis2P3D Direction',(0.,-1.,0.)) ;
#2231=DIRECTION('Axis2P3D XDirection',(1.,0.,0.)) ;
#2235=DIRECTION('Vector Direction',(1.,0.,0.)) ;
#2244=DIRECTION('Vector Direction',(0.,0.,1.)) ;
#2251=DIRECTION('Vector Direction',(1.,0.,0.)) ;
#2258=DIRECTION('Vector Direction',(0.,0.,1.)) ;
#2270=DIRECTION('Axis2P3D Direction',(0.,0.,1.)) ;
#2271=DIRECTION('Axis2P3D XDirection',(-1.83690953073E-016,-1.,-0.)) ;
#2275=DIRECTION('Axis2P3D Direction',(0.,0.,1.)) ;
#2282=DIRECTION('Axis2P3D Direction',(0.,0.,1.)) ;
#2289=DIRECTION('Vector Direction',(0.,0.,1.)) ;
#2301=DIRECTION('Axis2P3D Direction',(0.,1.,-0.)) ;
#2302=DIRECTION('Axis2P3D XDirection',(-1.,0.,0.)) ;
#2306=DIRECTION('Vector Direction',(-1.,0.,0.)) ;
#2313=DIRECTION('Vector Direction',(-1.,0.,0.)) ;
#2320=DIRECTION('Vector Direction',(0.,0.,1.)) ;
#2332=DIRECTION('Axis2P3D Direction',(0.,0.,1.)) ;
#2333=DIRECTION('Axis2P3D XDirection',(6.12303176911E-017,1.,0.)) ;
#2337=DIRECTION('Axis2P3D Direction',(0.,0.,1.)) ;
#2342=DIRECTION('Axis2P3D Direction',(0.,0.,1.)) ;
#2354=DIRECTION('Axis2P3D Direction',(0.,0.,1.)) ;
#2355=DIRECTION('Axis2P3D XDirection',(1.,0.,0.)) ;
#2371=DIRECTION('Axis2P3D Direction',(0.,0.,1.)) ;
#2380=DIRECTION('Axis2P3D Direction',(0.,0.,1.)) ;
#2389=DIRECTION('Axis2P3D Direction',(0.,0.,1.)) ;
#2398=DIRECTION('Axis2P3D Direction',(0.,0.,1.)) ;
#2408=DIRECTION('Axis2P3D Direction',(0.,0.,1.)) ;
#2409=DIRECTION('Axis2P3D XDirection',(1.,0.,0.)) ;
#2425=DIRECTION('Axis2P3D Direction',(0.,0.,1.)) ;
#2434=DIRECTION('Axis2P3D Direction',(0.,0.,1.)) ;
#2443=DIRECTION('Axis2P3D Direction',(0.,0.,1.)) ;
#2452=DIRECTION('Axis2P3D Direction',(0.,0.,1.)) ;
#2461=DIRECTION('Axis2P3D Direction',(0.,0.,1.)) ;
#2470=DIRECTION('Axis2P3D Direction',(0.,0.,1.)) ;
#2479=DIRECTION('Axis2P3D Direction',(0.,0.,1.)) ;
#2488=DIRECTION('Axis2P3D Direction',(0.,0.,1.)) ;
#2497=DIRECTION('Axis2P3D Direction',(0.,0.,1.)) ;
#2506=DIRECTION('Axis2P3D Direction',(0.,0.,1.)) ;
#2515=DIRECTION('Axis2P3D Direction',(0.,0.,1.)) ;
#2524=DIRECTION('Axis2P3D Direction',(0.,0.,1.)) ;
#2534=DIRECTION('Axis2P3D Direction',(0.,0.,1.)) ;
#2543=DIRECTION('Vector Direction',(0.,0.,1.)) ;
#2550=DIRECTION('Axis2P3D Direction',(0.,0.,1.)) ;
#2557=DIRECTION('Vector Direction',(0.,0.,1.)) ;
#2569=DIRECTION('Vector Direction',(-1.,0.,0.)) ;
#2576=DIRECTION('Vector Direction',(0.,0.,1.)) ;
#2583=DIRECTION('Vector Direction',(-1.,0.,0.)) ;
#2595=DIRECTION('Axis2P3D Direction',(0.,0.,1.)) ;
#2602=DIRECTION('Vector Direction',(0.,0.,1.)) ;
#2609=DIRECTION('Axis2P3D Direction',(0.,0.,1.)) ;
#2621=DIRECTION('Vector Direction',(1.,0.,0.)) ;
#2626=DIRECTION('Vector Direction',(1.,0.,0.)) ;
#2638=DIRECTION('Vector Direction',(0.,0.,1.)) ;
#2647=DIRECTION('Vector Direction',(1.,0.,0.)) ;
#2654=DIRECTION('Vector Direction',(0.,0.,1.)) ;
#2661=DIRECTION('Vector Direction',(1.,0.,0.)) ;
#2673=DIRECTION('Vector Direction',(0.,0.,1.)) ;
#2682=DIRECTION('Axis2P3D Direction',(0.,0.,1.)) ;
#2687=DIRECTION('Axis2P3D Direction',(0.,0.,1.)) ;
#2699=DIRECTION('Vector Direction',(0.,0.,1.)) ;
#2708=DIRECTION('Vector Direction',(-1.,0.,0.)) ;
#2713=DIRECTION('Vector Direction',(-1.,0.,0.)) ;
#2725=DIRECTION('Axis2P3D Direction',(0.,0.,1.)) ;
#2730=DIRECTION('Axis2P3D Direction',(0.,0.,1.)) ;
#2742=DIRECTION('Axis2P3D Direction',(0.,0.,1.)) ;
#2743=DIRECTION('Axis2P3D XDirection',(1.,0.,0.)) ;
#2759=DIRECTION('Axis2P3D Direction',(0.,0.,1.)) ;
#2768=DIRECTION('Axis2P3D Direction',(0.,0.,1.)) ;
#2777=DIRECTION('Axis2P3D Direction',(0.,0.,1.)) ;
#2786=DIRECTION('Axis2P3D Direction',(0.,0.,1.)) ;
#2796=DIRECTION('Axis2P3D Direction',(0.,0.,1.)) ;
#2797=DIRECTION('Axis2P3D XDirection',(1.,0.,0.)) ;
#2813=DIRECTION('Axis2P3D Direction',(0.,0.,1.)) ;
#2822=DIRECTION('Axis2P3D Direction',(0.,0.,1.)) ;
#2831=DIRECTION('Axis2P3D Direction',(0.,0.,1.)) ;
#2840=DIRECTION('Axis2P3D Direction',(0.,0.,1.)) ;
#2849=DIRECTION('Axis2P3D Direction',(0.,0.,1.)) ;
#2858=DIRECTION('Axis2P3D Direction',(0.,0.,1.)) ;
#2867=DIRECTION('Axis2P3D Direction',(0.,0.,1.)) ;
#2876=DIRECTION('Axis2P3D Direction',(0.,0.,1.)) ;
#2885=DIRECTION('Axis2P3D Direction',(0.,0.,1.)) ;
#2894=DIRECTION('Axis2P3D Direction',(0.,0.,1.)) ;
#2903=DIRECTION('Axis2P3D Direction',(0.,0.,1.)) ;
#2912=DIRECTION('Axis2P3D Direction',(0.,0.,1.)) ;
#2922=DIRECTION('Axis2P3D Direction',(0.,0.,1.)) ;
#2923=DIRECTION('Axis2P3D XDirection',(1.,0.,0.)) ;
#2927=DIRECTION('Vector Direction',(0.,0.,1.)) ;
#2932=DIRECTION('Vector Direction',(0.,0.,1.)) ;
#2951=DIRECTION('Axis2P3D Direction',(0.,0.,1.)) ;
#2952=DIRECTION('Axis2P3D XDirection',(1.,0.,0.)) ;
#2956=DIRECTION('Vector Direction',(0.,0.,1.)) ;
#2961=DIRECTION('Vector Direction',(0.,0.,1.)) ;
#2980=DIRECTION('Axis2P3D Direction',(0.,0.,-1.)) ;
#2981=DIRECTION('Axis2P3D XDirection',(-1.,0.,0.)) ;
#2985=DIRECTION('Vector Direction',(0.,0.,-1.)) ;
#2990=DIRECTION('Vector Direction',(0.,0.,-1.)) ;
#3009=DIRECTION('Axis2P3D Direction',(0.,0.,-1.)) ;
#3010=DIRECTION('Axis2P3D XDirection',(-1.,0.,0.)) ;
#3014=DIRECTION('Vector Direction',(0.,0.,-1.)) ;
#3019=DIRECTION('Vector Direction',(0.,0.,-1.)) ;
#3038=DIRECTION('Axis2P3D Direction',(0.,0.,1.)) ;
#3039=DIRECTION('Axis2P3D XDirection',(1.,0.,0.)) ;
#3043=DIRECTION('Vector Direction',(0.,0.,1.)) ;
#3048=DIRECTION('Vector Direction',(0.,0.,1.)) ;
#3060=DIRECTION('Vector Direction',(0.,0.,1.)) ;
#3065=DIRECTION('Vector Direction',(0.,0.,1.)) ;
#3091=DIRECTION('Axis2P3D Direction',(0.,0.,1.)) ;
#3092=DIRECTION('Axis2P3D XDirection',(1.,0.,0.)) ;
#3096=DIRECTION('Vector Direction',(0.,0.,1.)) ;
#3101=DIRECTION('Vector Direction',(0.,0.,1.)) ;
#3113=DIRECTION('Vector Direction',(0.,0.,1.)) ;
#3118=DIRECTION('Vector Direction',(0.,0.,1.)) ;
#3155=DIRECTION('NONE',(1.,0.,0.)) ;
#3156=DIRECTION('NONE',(0.,0.,1.)) ;
#3157=DIRECTION('NONE',(4.30367869221E-017,-4.35544116706E-017,-1.)) ;
#3158=DIRECTION('NONE',(1.,4.35544116706E-017,4.30367869221E-017)) ;
#3170=DIRECTION('NONE',(1.,0.,0.)) ;
#3171=DIRECTION('NONE',(0.,0.,1.)) ;
#3172=DIRECTION('NONE',(4.30367869221E-017,0.912722836598,-0.408579274501)) ;
#3173=DIRECTION('NONE',(1.,-2.14852283159E-017,5.73370453439E-017)) ;
#3186=DIRECTION('Axis2P3D Direction',(0.,0.,1.)) ;
#3187=DIRECTION('Axis2P3D XDirection',(0.0243902439024,0.999702513752,0.)) ;
#3191=DIRECTION('Vector Direction',(0.,0.,1.)) ;
#3200=DIRECTION('Axis2P3D Direction',(0.,0.,1.)) ;
#3207=DIRECTION('Vector Direction',(0.,0.,1.)) ;
#3214=DIRECTION('Axis2P3D Direction',(0.,0.,1.)) ;
#3226=DIRECTION('Axis2P3D Direction',(0.0243902439024,-0.999702513752,0.)) ;
#3227=DIRECTION('Axis2P3D XDirection',(0.999702513752,0.0243902439024,0.)) ;
#3231=DIRECTION('Vector Direction',(0.999702513752,0.0243902439025,0.)) ;
#3238=DIRECTION('Vector Direction',(0.,0.,1.)) ;
#3245=DIRECTION('Vector Direction',(0.999702513752,0.0243902439025,0.)) ;
#3257=DIRECTION('Axis2P3D Direction',(0.,0.,1.)) ;
#3258=DIRECTION('Axis2P3D XDirection',(0.0243902439024,-0.999702513752,0.)) ;
#3262=DIRECTION('Axis2P3D Direction',(0.,0.,1.)) ;
#3269=DIRECTION('Vector Direction',(0.,0.,1.)) ;
#3276=DIRECTION('Axis2P3D Direction',(0.,0.,1.)) ;
#3342=DIRECTION('Axis2P3D Direction',(-0.0243902439024,-0.999702513752,0.)) ;
#3343=DIRECTION('Axis2P3D XDirection',(0.999702513752,-0.0243902439024,0.)) ;
#3347=DIRECTION('Vector Direction',(0.999702513752,-0.0243902439025,0.)) ;
#3352=DIRECTION('Vector Direction',(0.999702513752,-0.0243902439025,0.)) ;
#3364=DIRECTION('Axis2P3D Direction',(0.,0.,1.)) ;
#3365=DIRECTION('Axis2P3D XDirection',(1.,0.,0.)) ;
#3369=DIRECTION('Axis2P3D Direction',(0.,0.,1.)) ;
#3378=DIRECTION('Vector Direction',(0.,0.,1.)) ;
#3385=DIRECTION('Axis2P3D Direction',(0.,0.,1.)) ;
#3392=DIRECTION('Vector Direction',(0.,0.,1.)) ;
#3404=DIRECTION('Axis2P3D Direction',(0.,0.,1.)) ;
#3409=DIRECTION('Axis2P3D Direction',(0.,0.,1.)) ;
#3421=DIRECTION('Axis2P3D Direction',(0.,0.,1.)) ;
#3422=DIRECTION('Axis2P3D XDirection',(1.,0.,0.)) ;
#3437=DIRECTION('Axis2P3D Direction',(0.,0.,1.)) ;
#3438=DIRECTION('Axis2P3D XDirection',(1.,0.,0.)) ;
#3453=DIRECTION('Axis2P3D Direction',(1.,0.,0.)) ;
#3454=DIRECTION('Axis2P3D XDirection',(0.,1.,0.)) ;
#3458=DIRECTION('Vector Direction',(1.,0.,0.)) ;
#3465=DIRECTION('Axis2P3D Direction',(1.,0.,0.)) ;
#3472=DIRECTION('Vector Direction',(1.,0.,0.)) ;
#3484=DIRECTION('Axis2P3D Direction',(1.,0.,0.)) ;
#3496=DIRECTION('Axis2P3D Direction',(1.,0.,0.)) ;
#3497=DIRECTION('Axis2P3D XDirection',(0.,1.,0.)) ;
#3517=DIRECTION('NONE',(1.,0.,0.)) ;
#3518=DIRECTION('NONE',(0.,0.,1.)) ;
#3519=DIRECTION('NONE',(-1.38777878078E-016,-0.663725272053,0.747976445644)) ;
#3520=DIRECTION('NONE',(1.,3.385375268E-016,-4.60467220892E-016)) ;
#3533=DIRECTION('Axis2P3D Direction',(0.,0.,1.)) ;
#3534=DIRECTION('Axis2P3D XDirection',(1.,0.,0.)) ;
#3538=DIRECTION('Axis2P3D Direction',(0.,0.,1.)) ;
#3547=DIRECTION('Axis2P3D Direction',(0.,0.,1.)) ;
#3557=DIRECTION('Axis2P3D Direction',(0.,1.,0.)) ;
#3558=DIRECTION('Axis2P3D XDirection',(0.,0.,1.)) ;
#3562=DIRECTION('Axis2P3D Direction',(0.,1.,0.)) ;
#3571=DIRECTION('Axis2P3D Direction',(0.,1.,0.)) ;
#3581=DIRECTION('Axis2P3D Direction',(0.,1.,-0.)) ;
#3582=DIRECTION('Axis2P3D XDirection',(0.,0.,1.)) ;
#3586=DIRECTION('Axis2P3D Direction',(-1.,0.,0.)) ;
#3593=DIRECTION('Axis2P3D Direction',(1.,0.,1.08801856413E-014)) ;
#3600=DIRECTION('Axis2P3D Direction',(0.,1.,-0.)) ;
#3612=DIRECTION('Axis2P3D Direction',(-0.,1.,0.)) ;
#3613=DIRECTION('Axis2P3D XDirection',(-7.89491928622E-015,0.,-1.)) ;
#3617=DIRECTION('Axis2P3D Direction',(-0.,1.,0.)) ;
#3629=DIRECTION('Axis2P3D Direction',(0.,1.,0.)) ;
#3630=DIRECTION('Axis2P3D XDirection',(0.,0.,1.)) ;
#3634=DIRECTION('Axis2P3D Direction',(0.,1.,0.)) ;
#3643=DIRECTION('Axis2P3D Direction',(0.,1.,0.)) ;
#3653=DIRECTION('Axis2P3D Direction',(0.,1.,0.)) ;
#3654=DIRECTION('Axis2P3D XDirection',(0.,0.,1.)) ;
#3658=DIRECTION('Vector Direction',(0.,1.,0.)) ;
#3665=DIRECTION('Vector Direction',(0.,1.,0.)) ;
#3672=DIRECTION('Axis2P3D Direction',(0.,1.,0.)) ;
#3684=DIRECTION('Vector Direction',(0.,1.,0.)) ;
#3693=DIRECTION('Axis2P3D Direction',(0.,1.,0.)) ;
#3700=DIRECTION('Vector Direction',(0.,1.,0.)) ;
#3707=DIRECTION('Axis2P3D Direction',(0.,1.,0.)) ;
#3719=DIRECTION('Axis2P3D Direction',(0.,1.,0.)) ;
#3731=DIRECTION('Axis2P3D Direction',(0.,1.,0.)) ;
#3736=DIRECTION('Axis2P3D Direction',(0.,1.,0.)) ;
#3748=DIRECTION('Axis2P3D Direction',(0.,1.,-0.)) ;
#3749=DIRECTION('Axis2P3D XDirection',(0.,0.,1.)) ;
#3753=DIRECTION('Axis2P3D Direction',(-1.,0.,0.)) ;
#3758=DIRECTION('Axis2P3D Direction',(1.,0.,6.66133814775E-016)) ;
#3770=DIRECTION('Axis2P3D Direction',(-0.,1.,0.)) ;
#3771=DIRECTION('Axis2P3D XDirection',(2.84217094304E-015,0.,-1.)) ;
#3782=DIRECTION('Axis2P3D Direction',(-1.,6.12303176911E-017,0.)) ;
#3783=DIRECTION('Axis2P3D XDirection',(0.,0.,1.)) ;
#3787=DIRECTION('Axis2P3D Direction',(-1.,6.12303176911E-017,0.)) ;
#3796=DIRECTION('Axis2P3D Direction',(-1.,6.12303176911E-017,0.)) ;
#3806=DIRECTION('Axis2P3D Direction',(-1.,6.12303176911E-017,0.)) ;
#3807=DIRECTION('Axis2P3D XDirection',(0.,0.,1.)) ;
#3811=DIRECTION('Axis2P3D Direction',(-6.12303176911E-017,-1.,0.)) ;
#3818=DIRECTION('Axis2P3D Direction',(6.12303176911E-017,1.,1.08801856413E-014)) ;
#3825=DIRECTION('Axis2P3D Direction',(-1.,6.12303176911E-017,0.)) ;
#3837=DIRECTION('Axis2P3D Direction',(-1.,6.12303176911E-017,0.)) ;
#3838=DIRECTION('Axis2P3D XDirection',(0.,-7.89491928622E-015,-1.)) ;
#3842=DIRECTION('Axis2P3D Direction',(-1.,6.12303176911E-017,0.)) ;
#3854=DIRECTION('Axis2P3D Direction',(-1.,6.12303176911E-017,0.)) ;
#3855=DIRECTION('Axis2P3D XDirection',(0.,0.,1.)) ;
#3859=DIRECTION('Axis2P3D Direction',(-1.,6.12303176911E-017,0.)) ;
#3868=DIRECTION('Axis2P3D Direction',(-1.,6.12303176911E-017,0.)) ;
#3878=DIRECTION('Axis2P3D Direction',(-1.,6.12303176911E-017,0.)) ;
#3879=DIRECTION('Axis2P3D XDirection',(0.,0.,1.)) ;
#3883=DIRECTION('Vector Direction',(-1.,0.,0.)) ;
#3890=DIRECTION('Vector Direction',(-1.,0.,0.)) ;
#3897=DIRECTION('Axis2P3D Direction',(-1.,6.12303176911E-017,0.)) ;
#3909=DIRECTION('Vector Direction',(-1.,0.,0.)) ;
#3918=DIRECTION('Axis2P3D Direction',(-1.,6.12303176911E-017,0.)) ;
#3925=DIRECTION('Vector Direction',(-1.,0.,0.)) ;
#3932=DIRECTION('Axis2P3D Direction',(-1.,6.12303176911E-017,0.)) ;
#3944=DIRECTION('Axis2P3D Direction',(-1.,6.12303176911E-017,0.)) ;
#3956=DIRECTION('Axis2P3D Direction',(-1.,6.12303176911E-017,0.)) ;
#3961=DIRECTION('Axis2P3D Direction',(-1.,6.12303176911E-017,0.)) ;
#3973=DIRECTION('Axis2P3D Direction',(-1.,6.12303176911E-017,0.)) ;
#3974=DIRECTION('Axis2P3D XDirection',(0.,0.,1.)) ;
#3978=DIRECTION('Axis2P3D Direction',(-6.12303176911E-017,-1.,0.)) ;
#3983=DIRECTION('Axis2P3D Direction',(6.12303176911E-017,1.,6.66133814775E-016)) ;
#3995=DIRECTION('Axis2P3D Direction',(-1.,6.12303176911E-017,0.)) ;
#3996=DIRECTION('Axis2P3D XDirection',(0.,2.84217094304E-015,-1.)) ;
#4007=DIRECTION('Axis2P3D Direction',(-1.22460635382E-016,-1.,0.)) ;
#4008=DIRECTION('Axis2P3D XDirection',(0.,0.,1.)) ;
#4012=DIRECTION('Axis2P3D Direction',(-1.22460635382E-016,-1.,0.)) ;
#4021=DIRECTION('Axis2P3D Direction',(-1.22460635382E-016,-1.,0.)) ;
#4031=DIRECTION('Axis2P3D Direction',(-1.22460635382E-016,-1.,0.)) ;
#4032=DIRECTION('Axis2P3D XDirection',(0.,0.,1.)) ;
#4036=DIRECTION('Axis2P3D Direction',(1.,-1.22460635382E-016,0.)) ;
#4043=DIRECTION('Axis2P3D Direction',(-1.,1.22460635382E-016,1.08801856413E-014)) ;
#4050=DIRECTION('Axis2P3D Direction',(-1.22460635382E-016,-1.,0.)) ;
#4062=DIRECTION('Axis2P3D Direction',(-1.22460635382E-016,-1.,0.)) ;
#4063=DIRECTION('Axis2P3D XDirection',(7.89491928622E-015,0.,-1.)) ;
#4067=DIRECTION('Axis2P3D Direction',(-1.22460635382E-016,-1.,0.)) ;
#4079=DIRECTION('Axis2P3D Direction',(-1.22460635382E-016,-1.,0.)) ;
#4080=DIRECTION('Axis2P3D XDirection',(0.,0.,1.)) ;
#4084=DIRECTION('Axis2P3D Direction',(-1.22460635382E-016,-1.,0.)) ;
#4093=DIRECTION('Axis2P3D Direction',(-1.22460635382E-016,-1.,0.)) ;
#4103=DIRECTION('Axis2P3D Direction',(-1.22460635382E-016,-1.,0.)) ;
#4104=DIRECTION('Axis2P3D XDirection',(0.,0.,1.)) ;
#4108=DIRECTION('Vector Direction',(-2.03012210217E-016,-1.,0.)) ;
#4115=DIRECTION('Vector Direction',(-2.03012210217E-016,-1.,0.)) ;
#4122=DIRECTION('Axis2P3D Direction',(-1.22460635382E-016,-1.,0.)) ;
#4134=DIRECTION('Vector Direction',(-2.03012210217E-016,-1.,0.)) ;
#4143=DIRECTION('Axis2P3D Direction',(-1.22460635382E-016,-1.,0.)) ;
#4150=DIRECTION('Vector Direction',(-2.03012210217E-016,-1.,0.)) ;
#4157=DIRECTION('Axis2P3D Direction',(-1.22460635382E-016,-1.,0.)) ;
#4169=DIRECTION('Axis2P3D Direction',(-1.22460635382E-016,-1.,0.)) ;
#4181=DIRECTION('Axis2P3D Direction',(-1.22460635382E-016,-1.,0.)) ;
#4186=DIRECTION('Axis2P3D Direction',(-1.22460635382E-016,-1.,0.)) ;
#4198=DIRECTION('Axis2P3D Direction',(-1.22460635382E-016,-1.,0.)) ;
#4199=DIRECTION('Axis2P3D XDirection',(0.,0.,1.)) ;
#4203=DIRECTION('Axis2P3D Direction',(1.,-1.22460635382E-016,0.)) ;
#4208=DIRECTION('Axis2P3D Direction',(-1.,1.22460635382E-016,6.66133814775E-016)) ;
#4220=DIRECTION('Axis2P3D Direction',(-1.22460635382E-016,-1.,0.)) ;
#4221=DIRECTION('Axis2P3D XDirection',(-2.84217094304E-015,0.,-1.)) ;
#4232=DIRECTION('Axis2P3D Direction',(1.,-1.83690953073E-016,0.)) ;
#4233=DIRECTION('Axis2P3D XDirection',(0.,0.,1.)) ;
#4237=DIRECTION('Axis2P3D Direction',(1.,-1.83690953073E-016,0.)) ;
#4246=DIRECTION('Axis2P3D Direction',(1.,-1.83690953073E-016,0.)) ;
#4256=DIRECTION('Axis2P3D Direction',(1.,-1.83690953073E-016,0.)) ;
#4257=DIRECTION('Axis2P3D XDirection',(0.,0.,1.)) ;
#4261=DIRECTION('Axis2P3D Direction',(1.83690953073E-016,1.,-0.)) ;
#4268=DIRECTION('Axis2P3D Direction',(-1.83690953073E-016,-1.,1.08801856413E-014)) ;
#4275=DIRECTION('Axis2P3D Direction',(1.,-1.83690953073E-016,0.)) ;
#4287=DIRECTION('Axis2P3D Direction',(1.,-1.83690953073E-016,0.)) ;
#4288=DIRECTION('Axis2P3D XDirection',(0.,7.89491928622E-015,-1.)) ;
#4292=DIRECTION('Axis2P3D Direction',(1.,-1.83690953073E-016,0.)) ;
#4304=DIRECTION('Axis2P3D Direction',(1.,-1.83690953073E-016,0.)) ;
#4305=DIRECTION('Axis2P3D XDirection',(0.,0.,1.)) ;
#4309=DIRECTION('Axis2P3D Direction',(1.,-1.83690953073E-016,0.)) ;
#4318=DIRECTION('Axis2P3D Direction',(1.,-1.83690953073E-016,0.)) ;
#4328=DIRECTION('Axis2P3D Direction',(1.,-1.83690953073E-016,0.)) ;
#4329=DIRECTION('Axis2P3D XDirection',(0.,0.,1.)) ;
#4333=DIRECTION('Vector Direction',(1.,-2.03012210217E-016,0.)) ;
#4340=DIRECTION('Vector Direction',(1.,-2.03012210217E-016,0.)) ;
#4347=DIRECTION('Axis2P3D Direction',(1.,-1.83690953073E-016,0.)) ;
#4359=DIRECTION('Vector Direction',(1.,-2.03012210217E-016,0.)) ;
#4368=DIRECTION('Axis2P3D Direction',(1.,-1.83690953073E-016,0.)) ;
#4375=DIRECTION('Vector Direction',(1.,-2.03012210217E-016,0.)) ;
#4382=DIRECTION('Axis2P3D Direction',(1.,-1.83690953073E-016,0.)) ;
#4394=DIRECTION('Axis2P3D Direction',(1.,-1.83690953073E-016,0.)) ;
#4406=DIRECTION('Axis2P3D Direction',(1.,-1.83690953073E-016,0.)) ;
#4411=DIRECTION('Axis2P3D Direction',(1.,-1.83690953073E-016,0.)) ;
#4423=DIRECTION('Axis2P3D Direction',(1.,-1.83690953073E-016,0.)) ;
#4424=DIRECTION('Axis2P3D XDirection',(0.,0.,1.)) ;
#4428=DIRECTION('Axis2P3D Direction',(1.83690953073E-016,1.,-0.)) ;
#4433=DIRECTION('Axis2P3D Direction',(-1.83690953073E-016,-1.,6.66133814775E-016)) ;
#4445=DIRECTION('Axis2P3D Direction',(1.,-1.83690953073E-016,0.)) ;
#4446=DIRECTION('Axis2P3D XDirection',(0.,-2.84217094304E-015,-1.)) ;
#4457=DIRECTION('Axis2P3D Direction',(0.,0.,1.)) ;
#4458=DIRECTION('Axis2P3D XDirection',(1.,0.,0.)) ;
#4462=DIRECTION('Vector Direction',(0.,1.,0.)) ;
#4471=DIRECTION('Vector Direction',(1.,0.,0.)) ;
#4478=DIRECTION('Axis2P3D Direction',(0.,0.,1.)) ;
#4485=DIRECTION('Axis2P3D Direction',(0.,0.,1.)) ;
#4492=DIRECTION('Vector Direction',(-1.,0.,0.)) ;
#4505=DIRECTION('Axis2P3D Direction',(0.,0.,-1.)) ;
#4506=DIRECTION('Axis2P3D XDirection',(-0.973196794562,-0.229973909508,0.)) ;
#4510=DIRECTION('Axis2P3D Direction',(-1.,-3.33066907388E-015,-0.)) ;
#4517=DIRECTION('Axis2P3D Direction',(-6.2172489379E-016,-1.,-0.)) ;
#4538=DIRECTION('Axis2P3D Direction',(0.,1.,0.)) ;
#4539=DIRECTION('Axis2P3D XDirection',(0.,0.,-1.)) ;
#4543=DIRECTION('Axis2P3D Direction',(0.,1.,0.)) ;
#4550=DIRECTION('Vector Direction',(0.,1.,0.)) ;
#4562=DIRECTION('Axis2P3D Direction',(-0.866025403784,-5.55111512313E-016,-0.5)) ;
#4563=DIRECTION('Axis2P3D XDirection',(0.455416081852,0.412776900472,-0.788803792351)) ;
#4577=DIRECTION('Axis2P3D Direction',(0.4472135955,0.4472135955,-0.774596669241)) ;
#4588=DIRECTION('Axis2P3D Direction',(1.,0.,0.)) ;
#4589=DIRECTION('Axis2P3D XDirection',(0.,0.,-1.)) ;
#4593=DIRECTION('Vector Direction',(1.,0.,0.)) ;
#4633=DIRECTION('Axis2P3D Direction',(0.,-1.,0.)) ;
#4634=DIRECTION('Axis2P3D XDirection',(-0.866025403784,0.,-0.5)) ;
#4638=DIRECTION('Vector Direction',(0.,-1.,0.)) ;
#4654=DIRECTION('Vector Direction',(0.,-1.,0.)) ;
#4661=DIRECTION('Axis2P3D Direction',(0.,-1.,0.)) ;
#4674=DIRECTION('Vector Direction',(1.,0.,0.)) ;
#4681=DIRECTION('Vector Direction',(0.,-1.,0.)) ;
#4688=DIRECTION('Axis2P3D Direction',(0.,0.,1.)) ;
#4700=DIRECTION('Axis2P3D Direction',(0.,0.,-1.)) ;
#4701=DIRECTION('Axis2P3D XDirection',(-0.229973909508,0.973196794562,0.)) ;
#4705=DIRECTION('Axis2P3D Direction',(5.19584375525E-015,1.,0.)) ;
#4712=DIRECTION('Axis2P3D Direction',(-1.,-4.4408920985E-017,-0.)) ;
#4733=DIRECTION('Axis2P3D Direction',(1.,0.,0.)) ;
#4734=DIRECTION('Axis2P3D XDirection',(0.,0.,-1.)) ;
#4738=DIRECTION('Axis2P3D Direction',(1.,0.,0.)) ;
#4745=DIRECTION('Vector Direction',(1.,0.,0.)) ;
#4757=DIRECTION('Axis2P3D Direction',(-3.40005801291E-016,0.866025403784,-0.5)) ;
#4758=DIRECTION('Axis2P3D XDirection',(0.412776900472,-0.455416081852,-0.788803792351)) ;
#4762=DIRECTION('Axis2P3D Direction',(0.4472135955,-0.4472135955,-0.774596669241)) ;
#4773=DIRECTION('Axis2P3D Direction',(0.,0.,1.)) ;
#4774=DIRECTION('Axis2P3D XDirection',(1.,0.,0.)) ;
#4797=DIRECTION('Axis2P3D Direction',(0.,0.,1.)) ;
#4804=DIRECTION('Vector Direction',(0.,0.,1.)) ;
#4809=DIRECTION('Vector Direction',(0.,0.,1.)) ;
#4836=DIRECTION('Axis2P3D Direction',(0.,-1.,0.)) ;
#4837=DIRECTION('Axis2P3D XDirection',(0.,0.,-1.)) ;
#4841=DIRECTION('Vector Direction',(0.,-1.,0.)) ;
#4864=DIRECTION('Vector Direction',(0.,-1.,0.)) ;
#4873=DIRECTION('Vector Direction',(-1.,0.,0.)) ;
#4880=DIRECTION('Vector Direction',(0.,-1.,0.)) ;
#4887=DIRECTION('Axis2P3D Direction',(0.,0.,1.)) ;
#4899=DIRECTION('Axis2P3D Direction',(-3.5527136788E-016,-4.26325641456E-015,-1.)) ;
#4900=DIRECTION('Axis2P3D XDirection',(0.973196794562,0.229973909508,0.)) ;
#4904=DIRECTION('Axis2P3D Direction',(-2.35367281221E-015,1.,-4.26325641456E-015)) ;
#4921=DIRECTION('Axis2P3D Direction',(1.,3.5527136788E-016,-3.5527136788E-016)) ;
#4932=DIRECTION('Axis2P3D Direction',(-1.,-0.,0.)) ;
#4933=DIRECTION('Axis2P3D XDirection',(0.,0.,-1.)) ;
#4937=DIRECTION('Vector Direction',(-1.,0.,0.)) ;
#4944=DIRECTION('Axis2P3D Direction',(-1.,-0.,0.)) ;
#4956=DIRECTION('Axis2P3D Direction',(-1.7763568394E-016,-4.26325641456E-015,-1.)) ;
#4957=DIRECTION('Axis2P3D XDirection',(0.229973909508,-0.973196794562,0.)) ;
#4971=DIRECTION('Axis2P3D Direction',(-4.26325641456E-015,-1.,4.26325641456E-015)) ;
#4982=DIRECTION('Axis2P3D Direction',(0.,-1.,-0.)) ;
#4983=DIRECTION('Axis2P3D XDirection',(-0.866025403784,0.,-0.5)) ;
#4987=DIRECTION('Vector Direction',(0.,-1.,0.)) ;
#5018=DIRECTION('Axis2P3D Direction',(-1.,-0.,0.)) ;
#5019=DIRECTION('Axis2P3D XDirection',(0.,6.66133814775E-016,-1.)) ;
#5038=DIRECTION('Vector Direction',(-1.,0.,0.)) ;
#5078=DIRECTION('Axis2P3D Direction',(0.,0.,1.)) ;
#5098=DIRECTION('Axis2P3D Direction',(0.,-1.,0.)) ;
#5099=DIRECTION('Axis2P3D XDirection',(-6.10622663544E-016,0.,-1.)) ;
#5103=DIRECTION('Vector Direction',(0.,-1.,0.)) ;
#5126=DIRECTION('Axis2P3D Direction',(-1.,0.,0.)) ;
#5127=DIRECTION('Axis2P3D XDirection',(0.,-1.,0.)) ;
#5131=DIRECTION('Vector Direction',(0.,-1.,0.)) ;
#5140=DIRECTION('Vector Direction',(0.,0.,1.)) ;
#5147=DIRECTION('Vector Direction',(0.,-1.,0.)) ;
#5154=DIRECTION('Vector Direction',(0.,0.,1.)) ;
#5170=DIRECTION('Axis2P3D Direction',(0.4472135955,0.4472135955,-0.774596669241)) ;
#5171=DIRECTION('Axis2P3D XDirection',(0.,-0.866025403784,-0.5)) ;
#5175=DIRECTION('Vector Direction',(0.4472135955,0.4472135955,-0.774596669241)) ;
#5182=DIRECTION('Vector Direction',(0.4472135955,0.4472135955,-0.774596669241)) ;
#5204=DIRECTION('Axis2P3D Direction',(-0.866025403784,-0.,-0.5)) ;
#5205=DIRECTION('Axis2P3D XDirection',(0.,-1.,0.)) ;
#5227=DIRECTION('Axis2P3D Direction',(0.,0.,1.)) ;
#5228=DIRECTION('Axis2P3D XDirection',(-1.,1.83690953073E-016,0.)) ;
#5232=DIRECTION('Axis2P3D Direction',(0.,0.,1.)) ;
#5247=DIRECTION('Vector Direction',(0.,0.,1.)) ;
#5261=DIRECTION('Axis2P3D Direction',(0.,-1.,0.)) ;
#5262=DIRECTION('Axis2P3D XDirection',(1.,0.,0.)) ;
#5266=DIRECTION('Vector Direction',(-1.,0.,0.)) ;
#5273=DIRECTION('Vector Direction',(1.,0.,0.)) ;
#5280=DIRECTION('Vector Direction',(0.,0.,1.)) ;
#5296=DIRECTION('Axis2P3D Direction',(0.,0.866025403784,0.5)) ;
#5297=DIRECTION('Axis2P3D XDirection',(-1.,0.,0.)) ;
#5321=DIRECTION('Axis2P3D Direction',(0.4472135955,0.4472135955,-0.774596669241)) ;
#5322=DIRECTION('Axis2P3D XDirection',(0.,-0.866025403784,-0.5)) ;
#5326=DIRECTION('Vector Direction',(0.4472135955,0.4472135955,-0.774596669241)) ;
#5348=DIRECTION('Axis2P3D Direction',(0.,0.,1.)) ;
#5349=DIRECTION('Axis2P3D XDirection',(-1.,1.83690953073E-016,0.)) ;
#5353=DIRECTION('Axis2P3D Direction',(0.,0.,1.)) ;
#5360=DIRECTION('Vector Direction',(0.,0.,1.)) ;
#5382=DIRECTION('Axis2P3D Direction',(0.,-1.,0.)) ;
#5383=DIRECTION('Axis2P3D XDirection',(1.,0.,0.)) ;
#5387=DIRECTION('Vector Direction',(0.,0.,1.)) ;
#5396=DIRECTION('Vector Direction',(1.,0.,0.)) ;
#5403=DIRECTION('Vector Direction',(0.,0.,1.)) ;
#5410=DIRECTION('Vector Direction',(1.,0.,0.)) ;
#5426=DIRECTION('Axis2P3D Direction',(0.,-0.866025403784,0.5)) ;
#5427=DIRECTION('Axis2P3D XDirection',(1.,0.,0.)) ;
#5455=DIRECTION('Axis2P3D Direction',(0.4472135955,-0.4472135955,-0.774596669241)) ;
#5456=DIRECTION('Axis2P3D XDirection',(-0.866025403784,0.,-0.5)) ;
#5460=DIRECTION('Vector Direction',(0.4472135955,-0.4472135955,-0.774596669241)) ;
#5482=DIRECTION('Axis2P3D Direction',(-1.,0.,0.)) ;
#5483=DIRECTION('Axis2P3D XDirection',(0.,-1.,0.)) ;
#5487=DIRECTION('Vector Direction',(0.,1.,0.)) ;
#5494=DIRECTION('Vector Direction',(0.,-1.,0.)) ;
#5501=DIRECTION('Vector Direction',(0.,0.,1.)) ;
#5513=DIRECTION('Axis2P3D Direction',(0.866025403784,-0.,0.5)) ;
#5514=DIRECTION('Axis2P3D XDirection',(0.,1.,0.)) ;
#5533=DIRECTION('Axis2P3D Direction',(0.,0.,1.)) ;
#5534=DIRECTION('Axis2P3D XDirection',(1.83690953073E-016,1.,-0.)) ;
#5538=DIRECTION('Axis2P3D Direction',(0.,0.,1.)) ;
#5552=DIRECTION('Vector Direction',(0.,-1.,0.)) ;
#5559=DIRECTION('Vector Direction',(0.,-1.,0.)) ;
#5566=DIRECTION('Vector Direction',(0.,0.,1.)) ;
#5582=DIRECTION('Axis2P3D Direction',(-0.866025403784,-0.,-0.5)) ;
#5583=DIRECTION('Axis2P3D XDirection',(0.,-1.,0.)) ;
#5607=DIRECTION('Axis2P3D Direction',(0.4472135955,-0.4472135955,-0.774596669241)) ;
#5608=DIRECTION('Axis2P3D XDirection',(-0.866025403784,0.,-0.5)) ;
#5612=DIRECTION('Vector Direction',(0.4472135955,-0.4472135955,-0.774596669241)) ;
#5634=DIRECTION('Axis2P3D Direction',(0.,0.,1.)) ;
#5635=DIRECTION('Axis2P3D XDirection',(1.83690953073E-016,1.,-0.)) ;
#5639=DIRECTION('Axis2P3D Direction',(0.,0.,1.)) ;
#5646=DIRECTION('Vector Direction',(0.,0.,1.)) ;
#5668=DIRECTION('Axis2P3D Direction',(-1.,0.,0.)) ;
#5669=DIRECTION('Axis2P3D XDirection',(0.,-1.,0.)) ;
#5673=DIRECTION('Vector Direction',(0.,0.,1.)) ;
#5682=DIRECTION('Vector Direction',(0.,-1.,0.)) ;
#5689=DIRECTION('Vector Direction',(0.,0.,1.)) ;
#5696=DIRECTION('Vector Direction',(0.,-1.,0.)) ;
#5712=DIRECTION('Axis2P3D Direction',(-0.866025403784,0.,0.5)) ;
#5713=DIRECTION('Axis2P3D XDirection',(0.,-1.,0.)) ;
#5741=DIRECTION('Axis2P3D Direction',(-0.4472135955,-0.4472135955,-0.774596669241)) ;
#5742=DIRECTION('Axis2P3D XDirection',(0.,0.866025403784,-0.5)) ;
#5746=DIRECTION('Vector Direction',(-0.4472135955,-0.4472135955,-0.774596669241)) ;
#5768=DIRECTION('Axis2P3D Direction',(0.,1.,-0.)) ;
#5769=DIRECTION('Axis2P3D XDirection',(-1.,0.,0.)) ;
#5773=DIRECTION('Vector Direction',(1.,0.,0.)) ;
#5780=DIRECTION('Vector Direction',(-1.,0.,0.)) ;
#5787=DIRECTION('Vector Direction',(0.,0.,1.)) ;
#5799=DIRECTION('Axis2P3D Direction',(0.,-0.866025403784,0.5)) ;
#5800=DIRECTION('Axis2P3D XDirection',(1.,0.,0.)) ;
#5819=DIRECTION('Axis2P3D Direction',(0.,-0.,1.)) ;
#5820=DIRECTION('Axis2P3D XDirection',(1.,-1.83690953073E-016,-0.)) ;
#5824=DIRECTION('Axis2P3D Direction',(0.,-0.,1.)) ;
#5838=DIRECTION('Vector Direction',(0.,0.,1.)) ;
#5847=DIRECTION('Vector Direction',(1.,0.,0.)) ;
#5852=DIRECTION('Vector Direction',(1.,0.,0.)) ;
#5868=DIRECTION('Vector Direction',(0.,0.,1.)) ;
#5877=DIRECTION('Vector Direction',(0.,-1.,0.)) ;
#5884=DIRECTION('Vector Direction',(0.,0.,1.)) ;
#5891=DIRECTION('Vector Direction',(0.,-1.,0.)) ;
#5907=DIRECTION('Axis2P3D Direction',(-0.866025403784,0.,0.5)) ;
#5908=DIRECTION('Axis2P3D XDirection',(0.,-1.,0.)) ;
#5936=DIRECTION('Axis2P3D Direction',(-0.4472135955,0.4472135955,-0.774596669241)) ;
#5937=DIRECTION('Axis2P3D XDirection',(0.866025403784,0.,-0.5)) ;
#5941=DIRECTION('Vector Direction',(-0.4472135955,0.4472135955,-0.774596669241)) ;
#5963=DIRECTION('Axis2P3D Direction',(0.,-1.,0.)) ;
#5964=DIRECTION('Axis2P3D XDirection',(1.,0.,0.)) ;
#5968=DIRECTION('Vector Direction',(1.,0.,0.)) ;
#5975=DIRECTION('Vector Direction',(-1.,0.,0.)) ;
#5982=DIRECTION('Vector Direction',(0.,0.,1.)) ;
#5994=DIRECTION('Axis2P3D Direction',(0.,0.866025403784,0.5)) ;
#5995=DIRECTION('Axis2P3D XDirection',(-1.,0.,0.)) ;
#6014=DIRECTION('Axis2P3D Direction',(0.,0.,1.)) ;
#6015=DIRECTION('Axis2P3D XDirection',(-1.83690953073E-016,-1.,-0.)) ;
#6019=DIRECTION('Axis2P3D Direction',(0.,0.,1.)) ;
#6033=DIRECTION('Vector Direction',(1.,0.,0.)) ;
#6040=DIRECTION('Vector Direction',(-1.,0.,0.)) ;
#6047=DIRECTION('Vector Direction',(0.,0.,1.)) ;
#6063=DIRECTION('Axis2P3D Direction',(1.,0.,0.)) ;
#6064=DIRECTION('Axis2P3D XDirection',(0.,1.,0.)) ;
#6068=DIRECTION('Vector Direction',(0.,-1.,0.)) ;
#6077=DIRECTION('Vector Direction',(0.,0.,1.)) ;
#6084=DIRECTION('Vector Direction',(0.,1.,0.)) ;
#6091=DIRECTION('Vector Direction',(0.,0.,1.)) ;
#6103=DIRECTION('Axis2P3D Direction',(0.,0.,1.)) ;
#6104=DIRECTION('Axis2P3D XDirection',(1.,0.,0.)) ;
#6108=DIRECTION('Axis2P3D Direction',(0.,0.,1.)) ;
#6113=DIRECTION('Axis2P3D Direction',(0.,0.,1.)) ;
#6141=DIRECTION('Axis2P3D Direction',(1.,0.,0.)) ;
#6142=DIRECTION('Axis2P3D XDirection',(0.,0.,-1.)) ;
#6146=DIRECTION('Vector Direction',(1.,0.,0.)) ;
#6153=DIRECTION('Vector Direction',(1.,0.,0.)) ;
#6160=DIRECTION('Axis2P3D Direction',(1.,0.,0.)) ;
#6173=DIRECTION('Vector Direction',(0.,-1.,0.)) ;
#6180=DIRECTION('Vector Direction',(1.,0.,0.)) ;
#6193=DIRECTION('Axis2P3D Direction',(1.,0.,0.)) ;
#6194=DIRECTION('Axis2P3D XDirection',(0.,-0.866025403784,-0.5)) ;
#6198=DIRECTION('Vector Direction',(1.,0.,0.)) ;
#6205=DIRECTION('Axis2P3D Direction',(1.,0.,0.)) ;
#6218=DIRECTION('Axis2P3D Direction',(0.,-0.866025403784,0.5)) ;
#6219=DIRECTION('Axis2P3D XDirection',(1.,0.,0.)) ;
#6243=DIRECTION('Axis2P3D Direction',(0.,-0.,1.)) ;
#6244=DIRECTION('Axis2P3D XDirection',(1.,-1.83690953073E-016,-0.)) ;
#6273=DIRECTION('Axis2P3D Direction',(0.,0.866025403784,0.5)) ;
#6274=DIRECTION('Axis2P3D XDirection',(-1.,0.,0.)) ;
#6298=DIRECTION('Axis2P3D Direction',(-0.866025403784,0.,0.5)) ;
#6299=DIRECTION('Axis2P3D XDirection',(0.,-1.,0.)) ;
#6311=DIRECTION('Vector Direction',(0.,-1.,0.)) ;
#6337=DIRECTION('Axis2P3D Direction',(0.,0.,1.)) ;
#6338=DIRECTION('Axis2P3D XDirection',(-1.83690953073E-016,-1.,-0.)) ;
#6359=DIRECTION('Axis2P3D Direction',(0.866025403784,-2.77555756156E-017,-0.5)) ;
#6360=DIRECTION('Axis2P3D XDirection',(-0.455416081852,-0.412776900472,-0.788803792351)) ;
#6364=DIRECTION('Axis2P3D Direction',(-0.4472135955,-0.4472135955,-0.774596669241)) ;
#6369=DIRECTION('Axis2P3D Direction',(-1.11022302463E-016,-1.,-1.92296268638E-016)) ;
#6380=DIRECTION('Axis2P3D Direction',(0.,-1.,0.)) ;
#6381=DIRECTION('Axis2P3D XDirection',(0.,0.,-1.)) ;
#6385=DIRECTION('Axis2P3D Direction',(0.,-1.,0.)) ;
#6397=DIRECTION('Axis2P3D Direction',(0.866025403784,-6.93889390391E-018,-0.5)) ;
#6398=DIRECTION('Axis2P3D XDirection',(-0.0647171446269,-0.991588001523,-0.112093382615)) ;
#6402=DIRECTION('Axis2P3D Direction',(0.4472135955,-0.4472135955,0.774596669241)) ;
#6413=DIRECTION('Axis2P3D Direction',(-0.4472135955,0.4472135955,-0.774596669241)) ;
#6414=DIRECTION('Axis2P3D XDirection',(0.866025403784,0.,-0.5)) ;
#6425=DIRECTION('Axis2P3D Direction',(-0.4472135955,-0.4472135955,-0.774596669241)) ;
#6426=DIRECTION('Axis2P3D XDirection',(-1.16573417586E-015,0.866025403784,-0.5)) ;
#6448=DIRECTION('NONE',(1.,0.,0.)) ;
#6449=DIRECTION('NONE',(0.,0.,1.)) ;
#6450=DIRECTION('NONE',(1.,-5.26954382663E-017,1.38777878078E-016)) ;
#6451=DIRECTION('NONE',(-1.38777878078E-016,-0.663725272053,0.747976445644)) ;
#6464=DIRECTION('Axis2P3D Direction',(0.,0.,-1.)) ;
#6465=DIRECTION('Axis2P3D XDirection',(0.,1.,0.)) ;
#6469=DIRECTION('Vector Direction',(1.,0.,0.)) ;
#6478=DIRECTION('Vector Direction',(0.,1.,0.)) ;
#6485=DIRECTION('Vector Direction',(1.,0.,0.)) ;
#6492=DIRECTION('Vector Direction',(0.,1.,0.)) ;
#6504=DIRECTION('Axis2P3D Direction',(0.,1.,0.)) ;
#6505=DIRECTION('Axis2P3D XDirection',(0.,0.,1.)) ;
#6509=DIRECTION('Axis2P3D Direction',(0.,1.,0.)) ;
#6518=DIRECTION('Axis2P3D Direction',(0.,1.,0.)) ;
#6525=DIRECTION('Vector Direction',(0.,0.,1.)) ;
#6530=DIRECTION('Vector Direction',(0.,0.,1.)) ;
#6542=DIRECTION('Axis2P3D Direction',(0.,1.,0.)) ;
#6551=DIRECTION('Axis2P3D Direction',(0.,1.,0.)) ;
#6561=DIRECTION('Axis2P3D Direction',(0.,1.,0.)) ;
#6562=DIRECTION('Axis2P3D XDirection',(0.,0.,1.)) ;
#6566=DIRECTION('Vector Direction',(0.,0.,1.)) ;
#6573=DIRECTION('Vector Direction',(0.,0.,1.)) ;
#6580=DIRECTION('Axis2P3D Direction',(0.,1.,0.)) ;
#6587=DIRECTION('Axis2P3D Direction',(0.,1.,0.)) ;
#6599=DIRECTION('Axis2P3D Direction',(0.,1.,0.)) ;
#6608=DIRECTION('Axis2P3D Direction',(0.,1.,0.)) ;
#6618=DIRECTION('Axis2P3D Direction',(0.,1.,0.)) ;
#6619=DIRECTION('Axis2P3D XDirection',(0.,0.,1.)) ;
#6623=DIRECTION('Vector Direction',(0.,1.,0.)) ;
#6630=DIRECTION('Axis2P3D Direction',(0.,1.,0.)) ;
#6637=DIRECTION('Vector Direction',(0.,1.,0.)) ;
#6649=DIRECTION('Vector Direction',(0.,1.,0.)) ;
#6656=DIRECTION('Axis2P3D Direction',(0.,1.,0.)) ;
#6663=DIRECTION('Vector Direction',(0.,1.,0.)) ;
#6675=DIRECTION('Axis2P3D Direction',(0.,1.,0.)) ;
#6687=DIRECTION('Axis2P3D Direction',(0.,1.,0.)) ;
#6699=DIRECTION('Axis2P3D Direction',(0.,-1.,-0.)) ;
#6700=DIRECTION('Axis2P3D XDirection',(-2.80477395695E-016,0.,-1.)) ;
#6704=DIRECTION('Axis2P3D Direction',(0.,-1.,-0.)) ;
#6713=DIRECTION('Axis2P3D Direction',(-1.,0.,-8.881784197E-016)) ;
#6720=DIRECTION('Axis2P3D Direction',(0.,-1.,-0.)) ;
#6727=DIRECTION('Axis2P3D Direction',(1.,0.,-1.55431223448E-015)) ;
#6739=DIRECTION('Axis2P3D Direction',(0.,-1.,0.)) ;
#6740=DIRECTION('Axis2P3D XDirection',(-9.34924652316E-017,0.,1.)) ;
#6744=DIRECTION('Axis2P3D Direction',(0.,-1.,0.)) ;
#6749=DIRECTION('Axis2P3D Direction',(0.,-1.,0.)) ;
#6761=DIRECTION('Axis2P3D Direction',(0.,1.,0.)) ;
#6762=DIRECTION('Axis2P3D XDirection',(0.,0.,1.)) ;
#6766=DIRECTION('Axis2P3D Direction',(0.,1.,0.)) ;
#6775=DIRECTION('Axis2P3D Direction',(0.,1.,0.)) ;
#6785=DIRECTION('Axis2P3D Direction',(0.,1.,0.)) ;
#6786=DIRECTION('Axis2P3D XDirection',(0.,0.,1.)) ;
#6790=DIRECTION('Vector Direction',(0.,1.,0.)) ;
#6797=DIRECTION('Vector Direction',(0.,1.,0.)) ;
#6804=DIRECTION('Axis2P3D Direction',(0.,1.,0.)) ;
#6816=DIRECTION('Axis2P3D Direction',(0.,1.,0.)) ;
#6828=DIRECTION('Axis2P3D Direction',(0.,1.,-0.)) ;
#6829=DIRECTION('Axis2P3D XDirection',(2.36847578587E-016,0.,1.)) ;
#6833=DIRECTION('Axis2P3D Direction',(-1.,0.,5.55111512313E-016)) ;
#6838=DIRECTION('Axis2P3D Direction',(1.,0.,1.27675647832E-015)) ;
#6850=DIRECTION('Axis2P3D Direction',(-0.,1.,0.)) ;
#6851=DIRECTION('Axis2P3D XDirection',(1.7763568394E-016,0.,-1.)) ;
#6862=DIRECTION('Axis2P3D Direction',(0.,1.,0.)) ;
#6863=DIRECTION('Axis2P3D XDirection',(0.,0.,1.)) ;
#6867=DIRECTION('Axis2P3D Direction',(0.,1.,0.)) ;
#6876=DIRECTION('Axis2P3D Direction',(0.,1.,0.)) ;
#6886=DIRECTION('Axis2P3D Direction',(0.,1.,-0.)) ;
#6887=DIRECTION('Axis2P3D XDirection',(2.422304781E-016,0.,1.)) ;
#6891=DIRECTION('Axis2P3D Direction',(-1.,0.,1.66533453694E-016)) ;
#6898=DIRECTION('Axis2P3D Direction',(1.,-0.,-5.55111512313E-017)) ;
#6905=DIRECTION('Axis2P3D Direction',(0.,1.,-0.)) ;
#6917=DIRECTION('Axis2P3D Direction',(-0.,1.,0.)) ;
#6918=DIRECTION('Axis2P3D XDirection',(1.5341263613E-015,0.,-1.)) ;
#6922=DIRECTION('Axis2P3D Direction',(-0.,1.,0.)) ;
#6934=DIRECTION('Vector Direction',(0.,1.,0.)) ;
#6941=DIRECTION('Vector Direction',(0.,1.,0.)) ;
#6948=DIRECTION('Axis2P3D Direction',(0.,1.,0.)) ;
#6960=DIRECTION('Axis2P3D Direction',(0.,1.,0.)) ;
#6972=DIRECTION('Axis2P3D Direction',(0.,-1.,-0.)) ;
#6973=DIRECTION('Axis2P3D XDirection',(-2.36847578587E-016,0.,-1.)) ;
#6977=DIRECTION('Axis2P3D Direction',(-1.,-0.,1.16573417586E-015)) ;
#6984=DIRECTION('Axis2P3D Direction',(0.,-1.,-0.)) ;
#6991=DIRECTION('Axis2P3D Direction',(1.,0.,-1.55431223448E-015)) ;
#7003=DIRECTION('Axis2P3D Direction',(0.,-1.,0.)) ;
#7004=DIRECTION('Axis2P3D XDirection',(1.18423789293E-016,0.,1.)) ;
#7008=DIRECTION('Axis2P3D Direction',(0.,-1.,0.)) ;
#7020=DIRECTION('Axis2P3D Direction',(0.,0.,-1.)) ;
#7021=DIRECTION('Axis2P3D XDirection',(0.,1.,0.)) ;
#7025=DIRECTION('Axis2P3D Direction',(0.,0.,-1.)) ;
#7034=DIRECTION('Vector Direction',(0.,1.,0.)) ;
#7041=DIRECTION('Axis2P3D Direction',(0.,0.,-1.)) ;
#7048=DIRECTION('Vector Direction',(1.,0.,0.)) ;
#7055=DIRECTION('Axis2P3D Direction',(0.,0.,-1.)) ;
#7062=DIRECTION('Vector Direction',(0.,1.,0.)) ;
#7069=DIRECTION('Axis2P3D Direction',(0.,0.,-1.)) ;
#7076=DIRECTION('Vector Direction',(1.,0.,0.)) ;
#7092=DIRECTION('Axis2P3D Direction',(0.,-1.,0.)) ;
#7093=DIRECTION('Axis2P3D XDirection',(0.,0.,-1.)) ;
#7097=DIRECTION('Vector Direction',(0.,-1.,0.)) ;
#7104=DIRECTION('Vector Direction',(0.,-1.,0.)) ;
#7111=DIRECTION('Axis2P3D Direction',(0.,-1.,0.)) ;
#7123=DIRECTION('Axis2P3D Direction',(0.,-1.,0.)) ;
#7124=DIRECTION('Axis2P3D XDirection',(-1.,0.,0.)) ;
#7128=DIRECTION('Vector Direction',(0.,-1.,0.)) ;
#7135=DIRECTION('Axis2P3D Direction',(0.,-1.,0.)) ;
#7147=DIRECTION('Axis2P3D Direction',(0.,-1.,0.)) ;
#7148=DIRECTION('Axis2P3D XDirection',(0.,0.,-1.)) ;
#7152=DIRECTION('Vector Direction',(0.,0.,-1.)) ;
#7161=DIRECTION('Axis2P3D Direction',(0.,-1.,0.)) ;
#7168=DIRECTION('Axis2P3D Direction',(0.,-1.,0.)) ;
#7175=DIRECTION('Vector Direction',(0.,0.,-1.)) ;
#7182=DIRECTION('Axis2P3D Direction',(0.,-1.,0.)) ;
#7199=DIRECTION('Axis2P3D Direction',(0.,-1.,-0.)) ;
#7200=DIRECTION('Axis2P3D XDirection',(1.,0.,0.)) ;
#7204=DIRECTION('Axis2P3D Direction',(-3.33066907388E-016,0.,-1.)) ;
#7211=DIRECTION('Axis2P3D Direction',(4.4408920985E-016,0.,1.)) ;
#7218=DIRECTION('Axis2P3D Direction',(0.,-1.,-0.)) ;
#7230=DIRECTION('Axis2P3D Direction',(0.,0.,-1.)) ;
#7231=DIRECTION('Axis2P3D XDirection',(-1.,-1.83690953073E-016,-0.)) ;
#7235=DIRECTION('Axis2P3D Direction',(0.,0.,-1.)) ;
#7240=DIRECTION('Vector Direction',(0.,0.,-1.)) ;
#7252=DIRECTION('Axis2P3D Direction',(0.,0.,-1.)) ;
#7253=DIRECTION('Axis2P3D XDirection',(0.,1.,0.)) ;
#7257=DIRECTION('Axis2P3D Direction',(0.,0.,-1.)) ;
#7262=DIRECTION('Vector Direction',(0.,0.,-1.)) ;
#7274=DIRECTION('Axis2P3D Direction',(0.,-1.,-0.)) ;
#7275=DIRECTION('Axis2P3D XDirection',(-1.,0.,1.0931426704E-015)) ;
#7288=DIRECTION('Axis2P3D Direction',(0.,1.,0.)) ;
#7289=DIRECTION('Axis2P3D XDirection',(1.,-0.,1.83690953073E-016)) ;
#7293=DIRECTION('Vector Direction',(0.,1.,0.)) ;
#7300=DIRECTION('Vector Direction',(0.,1.,0.)) ;
#7307=DIRECTION('Axis2P3D Direction',(0.,1.,0.)) ;
#7319=DIRECTION('Axis2P3D Direction',(0.,1.,0.)) ;
#7320=DIRECTION('Axis2P3D XDirection',(1.83690953073E-016,0.,-1.)) ;
#7324=DIRECTION('Vector Direction',(0.,1.,0.)) ;
#7331=DIRECTION('Axis2P3D Direction',(0.,1.,0.)) ;
#7343=DIRECTION('Axis2P3D Direction',(0.,-1.,0.)) ;
#7344=DIRECTION('Axis2P3D XDirection',(0.,0.,-1.)) ;
#7348=DIRECTION('Axis2P3D Direction',(0.,-1.,0.)) ;
#7357=DIRECTION('Vector Direction',(0.,0.,-1.)) ;
#7364=DIRECTION('Axis2P3D Direction',(0.,-1.,0.)) ;
#7371=DIRECTION('Vector Direction',(0.,0.,-1.)) ;
#7378=DIRECTION('Axis2P3D Direction',(0.,-1.,0.)) ;
#7395=DIRECTION('Axis2P3D Direction',(1.,0.,0.)) ;
#7396=DIRECTION('Axis2P3D XDirection',(0.,1.,0.)) ;
#7400=DIRECTION('Vector Direction',(0.,1.,0.)) ;
#7407=DIRECTION('Vector Direction',(0.,0.,-1.)) ;
#7412=DIRECTION('Vector Direction',(0.,0.,-1.)) ;
#7419=DIRECTION('Vector Direction',(0.,-1.,0.)) ;
#7426=DIRECTION('Vector Direction',(0.,0.,-1.)) ;
#7446=DIRECTION('Axis2P3D Direction',(1.,0.,0.)) ;
#7447=DIRECTION('Axis2P3D XDirection',(0.,1.,0.)) ;
#7451=DIRECTION('Vector Direction',(0.,0.,-1.)) ;
#7458=DIRECTION('Vector Direction',(0.,-1.,0.)) ;
#7465=DIRECTION('Vector Direction',(0.,0.,-1.)) ;
#7470=DIRECTION('Vector Direction',(0.,0.,-1.)) ;
#7477=DIRECTION('Vector Direction',(0.,1.,0.)) ;
#7497=DIRECTION('Axis2P3D Direction',(0.,0.,-1.)) ;
#7498=DIRECTION('Axis2P3D XDirection',(0.,-1.,0.)) ;
#7502=DIRECTION('Axis2P3D Direction',(0.,0.,-1.)) ;
#7507=DIRECTION('Axis2P3D Direction',(0.,0.,-1.)) ;
#7519=DIRECTION('Axis2P3D Direction',(0.,-1.,-0.)) ;
#7520=DIRECTION('Axis2P3D XDirection',(1.,0.,0.)) ;
#7524=DIRECTION('Axis2P3D Direction',(5.55111512313E-017,0.,-1.)) ;
#7529=DIRECTION('Axis2P3D Direction',(0.,-1.,-0.)) ;
#7541=DIRECTION('Axis2P3D Direction',(0.,0.,-1.)) ;
#7542=DIRECTION('Axis2P3D XDirection',(1.,1.83690953073E-016,0.)) ;
#7546=DIRECTION('Axis2P3D Direction',(0.,0.,-1.)) ;
#7558=DIRECTION('Axis2P3D Direction',(0.,-1.,0.)) ;
#7559=DIRECTION('Axis2P3D XDirection',(-1.,0.,0.)) ;
#7572=DIRECTION('Axis2P3D Direction',(0.,0.,-1.)) ;
#7573=DIRECTION('Axis2P3D XDirection',(1.,0.,0.)) ;
#7577=DIRECTION('Vector Direction',(0.,0.,-1.)) ;
#7605=DIRECTION('Axis2P3D Direction',(0.,-1.,0.)) ;
#7606=DIRECTION('Axis2P3D XDirection',(0.,0.,-1.)) ;
#7610=DIRECTION('Vector Direction',(0.,0.,-1.)) ;
#7617=DIRECTION('Axis2P3D Direction',(0.,-1.,0.)) ;
#7633=DIRECTION('Axis2P3D Direction',(0.,0.,-1.)) ;
#7634=DIRECTION('Axis2P3D XDirection',(1.83690953073E-016,-1.,-0.)) ;
#7656=DIRECTION('Axis2P3D Direction',(0.,-1.,0.)) ;
#7657=DIRECTION('Axis2P3D XDirection',(1.83690953073E-016,0.,1.)) ;
#7677=DIRECTION('Axis2P3D Direction',(0.,-1.,0.)) ;
#7773=DIRECTION('Axis2P3D Direction',(0.,-1.,-0.)) ;
#7774=DIRECTION('Axis2P3D XDirection',(0.764705882353,0.,0.644379479418)) ;
#7778=DIRECTION('Axis2P3D Direction',(0.644379479418,0.,-0.764705882353)) ;
#7851=DIRECTION('Axis2P3D Direction',(0.,0.,-1.)) ;
#7852=DIRECTION('Axis2P3D XDirection',(-1.83690953073E-016,1.,-0.)) ;
#7856=DIRECTION('Vector Direction',(0.,0.,-1.)) ;
#7881=DIRECTION('Axis2P3D Direction',(0.,-1.,0.)) ;
#7882=DIRECTION('Axis2P3D XDirection',(0.,0.,-1.)) ;
#7886=DIRECTION('Axis2P3D Direction',(0.,-1.,0.)) ;
#7893=DIRECTION('Vector Direction',(0.,0.,-1.)) ;
#7909=DIRECTION('Axis2P3D Direction',(0.,0.,-1.)) ;
#7910=DIRECTION('Axis2P3D XDirection',(-1.,0.,0.)) ;
#7935=DIRECTION('Axis2P3D Direction',(0.,1.,0.)) ;
#7936=DIRECTION('Axis2P3D XDirection',(-1.,0.,0.)) ;
#7956=DIRECTION('Axis2P3D Direction',(0.,1.,0.)) ;
#8052=DIRECTION('Axis2P3D Direction',(0.,-1.,-0.)) ;
#8053=DIRECTION('Axis2P3D XDirection',(0.764705882353,0.,0.644379479418)) ;
#8057=DIRECTION('Axis2P3D Direction',(0.644379479418,0.,0.764705882353)) ;
#8141=DIRECTION('NONE',(1.,0.,0.)) ;
#8142=DIRECTION('NONE',(0.,0.,1.)) ;
#8143=DIRECTION('NONE',(1.90091944443E-016,-0.551062700738,0.834463839753)) ;
#8144=DIRECTION('NONE',(-1.68575502759E-017,-0.834463839753,-0.551062700738)) ;
#8156=DIRECTION('NONE',(1.,0.,0.)) ;
#8157=DIRECTION('NONE',(0.,0.,1.)) ;
#8158=DIRECTION('NONE',(1.,-6.9765197116E-017,-2.6490588332E-017)) ;
#8159=DIRECTION('NONE',(-2.6490588332E-017,-0.663725272053,0.747976445644)) ;
#8171=DIRECTION('NONE',(1.,0.,0.)) ;
#8172=DIRECTION('NONE',(0.,0.,1.)) ;
#8173=DIRECTION('NONE',(1.,5.26954382663E-017,2.00090191069E-017)) ;
#8174=DIRECTION('NONE',(2.00090191069E-017,-0.663725272053,0.747976445644)) ;
#8186=DIRECTION('NONE',(1.,0.,0.)) ;
#8187=DIRECTION('NONE',(0.,0.,1.)) ;
#8188=DIRECTION('NONE',(9.84942736585E-017,1.,-9.81377688107E-017)) ;
#8189=DIRECTION('NONE',(-9.81377688107E-017,9.81377688107E-017,1.)) ;
#8202=DIRECTION('Axis2P3D Direction',(0.,0.,-1.)) ;
#8203=DIRECTION('Axis2P3D XDirection',(0.,1.,0.)) ;
#8207=DIRECTION('Vector Direction',(1.,0.,0.)) ;
#8216=DIRECTION('Vector Direction',(0.,1.,0.)) ;
#8223=DIRECTION('Vector Direction',(1.,0.,0.)) ;
#8230=DIRECTION('Vector Direction',(0.,1.,0.)) ;
#8242=DIRECTION('Axis2P3D Direction',(0.,1.,0.)) ;
#8243=DIRECTION('Axis2P3D XDirection',(0.,0.,1.)) ;
#8247=DIRECTION('Axis2P3D Direction',(0.,1.,0.)) ;
#8256=DIRECTION('Axis2P3D Direction',(0.,1.,0.)) ;
#8263=DIRECTION('Vector Direction',(0.,0.,1.)) ;
#8268=DIRECTION('Vector Direction',(0.,0.,1.)) ;
#8280=DIRECTION('Axis2P3D Direction',(0.,1.,0.)) ;
#8289=DIRECTION('Axis2P3D Direction',(0.,1.,0.)) ;
#8299=DIRECTION('Axis2P3D Direction',(0.,-1.,0.)) ;
#8300=DIRECTION('Axis2P3D XDirection',(0.,0.,-1.)) ;
#8304=DIRECTION('Axis2P3D Direction',(0.,-1.,0.)) ;
#8313=DIRECTION('Vector Direction',(0.,0.,1.)) ;
#8318=DIRECTION('Vector Direction',(0.,0.,1.)) ;
#8325=DIRECTION('Axis2P3D Direction',(0.,-1.,0.)) ;
#8337=DIRECTION('Axis2P3D Direction',(0.,-1.,0.)) ;
#8346=DIRECTION('Axis2P3D Direction',(0.,-1.,0.)) ;
#8356=DIRECTION('Axis2P3D Direction',(0.,1.,0.)) ;
#8357=DIRECTION('Axis2P3D XDirection',(0.,0.,1.)) ;
#8361=DIRECTION('Vector Direction',(0.,1.,0.)) ;
#8368=DIRECTION('Axis2P3D Direction',(0.,1.,0.)) ;
#8375=DIRECTION('Vector Direction',(0.,1.,0.)) ;
#8387=DIRECTION('Vector Direction',(0.,1.,0.)) ;
#8394=DIRECTION('Axis2P3D Direction',(0.,1.,0.)) ;
#8401=DIRECTION('Vector Direction',(0.,1.,0.)) ;
#8413=DIRECTION('Axis2P3D Direction',(0.,1.,0.)) ;
#8425=DIRECTION('Axis2P3D Direction',(0.,1.,0.)) ;
#8437=DIRECTION('Axis2P3D Direction',(0.,1.,0.)) ;
#8446=DIRECTION('Vector Direction',(0.,0.,-1.)) ;
#8453=DIRECTION('Vector Direction',(-0.13917310096,0.,-0.990268068742)) ;
#8464=DIRECTION('Vector Direction',(0.,0.,-1.)) ;
#8473=DIRECTION('Axis2P3D Direction',(0.,-1.,0.)) ;
#8480=DIRECTION('Vector Direction',(-0.13917310096,0.,-0.990268068742)) ;
#8491=DIRECTION('Axis2P3D Direction',(0.,-1.,0.)) ;
#8492=DIRECTION('Axis2P3D XDirection',(0.,0.,-1.)) ;
#8496=DIRECTION('Vector Direction',(0.,-1.,0.)) ;
#8503=DIRECTION('Vector Direction',(0.,-1.,0.)) ;
#8510=DIRECTION('Axis2P3D Direction',(0.,-1.,0.)) ;
#8522=DIRECTION('Axis2P3D Direction',(0.,-1.,0.)) ;
#8523=DIRECTION('Axis2P3D XDirection',(-1.,0.,0.)) ;
#8527=DIRECTION('Vector Direction',(0.,-1.,0.)) ;
#8534=DIRECTION('Axis2P3D Direction',(0.,-1.,0.)) ;
#8546=DIRECTION('Axis2P3D Direction',(0.,-1.,0.)) ;
#8547=DIRECTION('Axis2P3D XDirection',(0.,0.,-1.)) ;
#8551=DIRECTION('Vector Direction',(0.,0.,-1.)) ;
#8560=DIRECTION('Axis2P3D Direction',(0.,-1.,0.)) ;
#8567=DIRECTION('Axis2P3D Direction',(0.,-1.,0.)) ;
#8574=DIRECTION('Vector Direction',(0.,0.,-1.)) ;
#8581=DIRECTION('Axis2P3D Direction',(0.,-1.,0.)) ;
#8598=DIRECTION('Axis2P3D Direction',(0.,1.,0.)) ;
#8599=DIRECTION('Axis2P3D XDirection',(0.,0.,1.)) ;
#8603=DIRECTION('Vector Direction',(0.,1.,0.)) ;
#8610=DIRECTION('Axis2P3D Direction',(0.,1.,0.)) ;
#8617=DIRECTION('Axis2P3D Direction',(0.,1.,0.)) ;
#8624=DIRECTION('Axis2P3D Direction',(0.,1.,0.)) ;
#8641=DIRECTION('Vector Direction',(0.,1.,0.)) ;
#8648=DIRECTION('Axis2P3D Direction',(0.,1.,0.)) ;
#8664=DIRECTION('Axis2P3D Direction',(0.,-1.,-0.)) ;
#8665=DIRECTION('Axis2P3D XDirection',(1.,0.,1.366428338E-015)) ;
#8669=DIRECTION('Axis2P3D Direction',(1.11022302463E-015,0.,-1.)) ;
#8674=DIRECTION('Axis2P3D Direction',(-3.88578058619E-016,-0.,1.)) ;
#8686=DIRECTION('Axis2P3D Direction',(0.,0.,-1.)) ;
#8687=DIRECTION('Axis2P3D XDirection',(-1.,-1.83690953073E-016,-0.)) ;
#8691=DIRECTION('Axis2P3D Direction',(0.,0.,-1.)) ;
#8696=DIRECTION('Vector Direction',(0.,0.,-1.)) ;
#8708=DIRECTION('Axis2P3D Direction',(0.,0.,-1.)) ;
#8709=DIRECTION('Axis2P3D XDirection',(0.,1.,0.)) ;
#8713=DIRECTION('Axis2P3D Direction',(0.,0.,-1.)) ;
#8718=DIRECTION('Vector Direction',(0.,0.,-1.)) ;
#8730=DIRECTION('Axis2P3D Direction',(0.,-1.,0.)) ;
#8731=DIRECTION('Axis2P3D XDirection',(-1.,0.,0.)) ;
#8744=DIRECTION('Axis2P3D Direction',(0.,1.,0.)) ;
#8745=DIRECTION('Axis2P3D XDirection',(1.,-0.,1.83690953073E-016)) ;
#8749=DIRECTION('Vector Direction',(0.,1.,0.)) ;
#8756=DIRECTION('Vector Direction',(0.,1.,0.)) ;
#8763=DIRECTION('Axis2P3D Direction',(0.,1.,0.)) ;
#8775=DIRECTION('Axis2P3D Direction',(0.,1.,0.)) ;
#8776=DIRECTION('Axis2P3D XDirection',(1.83690953073E-016,0.,-1.)) ;
#8780=DIRECTION('Vector Direction',(0.,1.,0.)) ;
#8787=DIRECTION('Axis2P3D Direction',(0.,1.,0.)) ;
#8799=DIRECTION('Axis2P3D Direction',(0.,-1.,0.)) ;
#8800=DIRECTION('Axis2P3D XDirection',(0.,0.,-1.)) ;
#8804=DIRECTION('Axis2P3D Direction',(0.,-1.,0.)) ;
#8813=DIRECTION('Vector Direction',(0.,0.,-1.)) ;
#8820=DIRECTION('Axis2P3D Direction',(0.,-1.,0.)) ;
#8827=DIRECTION('Vector Direction',(0.,0.,-1.)) ;
#8834=DIRECTION('Axis2P3D Direction',(0.,-1.,0.)) ;
#8851=DIRECTION('Axis2P3D Direction',(0.,-1.,0.)) ;
#8852=DIRECTION('Axis2P3D XDirection',(1.,-0.,-1.83690953073E-016)) ;
#8856=DIRECTION('Vector Direction',(0.,-1.,0.)) ;
#8875=DIRECTION('Axis2P3D Direction',(0.,-1.,0.)) ;
#8882=DIRECTION('Axis2P3D Direction',(0.,-1.,0.)) ;
#8889=DIRECTION('Axis2P3D Direction',(0.,-1.,0.)) ;
#8894=DIRECTION('Vector Direction',(0.,-1.,0.)) ;
#8901=DIRECTION('Axis2P3D Direction',(0.,-1.,0.)) ;
#8917=DIRECTION('Axis2P3D Direction',(1.,0.,0.)) ;
#8918=DIRECTION('Axis2P3D XDirection',(0.,1.,0.)) ;
#8922=DIRECTION('Vector Direction',(0.,0.,-1.)) ;
#8927=DIRECTION('Vector Direction',(0.,0.,-1.)) ;
#8971=DIRECTION('Vector Direction',(0.,1.,0.)) ;
#9015=DIRECTION('Vector Direction',(0.,0.,-1.)) ;
#9039=DIRECTION('Axis2P3D Direction',(0.,0.,-1.)) ;
#9040=DIRECTION('Axis2P3D XDirection',(0.,-1.,0.)) ;
#9044=DIRECTION('Axis2P3D Direction',(0.,0.,-1.)) ;
#9049=DIRECTION('Axis2P3D Direction',(0.,0.,-1.)) ;
#9061=DIRECTION('Axis2P3D Direction',(0.,-1.,-0.)) ;
#9062=DIRECTION('Axis2P3D XDirection',(1.,0.,0.)) ;
#9066=DIRECTION('Axis2P3D Direction',(1.11022302463E-016,0.,-1.)) ;
#9078=DIRECTION('Axis2P3D Direction',(0.,0.,-1.)) ;
#9079=DIRECTION('Axis2P3D XDirection',(1.,1.83690953073E-016,0.)) ;
#9083=DIRECTION('Axis2P3D Direction',(0.,0.,-1.)) ;
#9088=DIRECTION('Vector Direction',(0.,0.,-1.)) ;
#9100=DIRECTION('Axis2P3D Direction',(0.,-1.,0.)) ;
#9101=DIRECTION('Axis2P3D XDirection',(-1.,0.,0.)) ;
#9114=DIRECTION('Axis2P3D Direction',(-0.13917310096,0.,-0.990268068742)) ;
#9115=DIRECTION('Axis2P3D XDirection',(-0.990268068742,-1.83690953073E-016,0.13917310096)) ;
#9119=DIRECTION('Vector Direction',(-0.13917310096,0.,-0.990268068742)) ;
#9126=DIRECTION('Vector Direction',(-0.13917310096,0.,-0.990268068742)) ;
#9133=DIRECTION('Axis2P3D Direction',(-0.13917310096,0.,-0.990268068742)) ;
#9148=DIRECTION('Axis2P3D Direction',(0.990268068742,0.,-0.13917310096)) ;
#9149=DIRECTION('Axis2P3D XDirection',(0.,1.,0.)) ;
#9153=DIRECTION('Vector Direction',(0.,1.,0.)) ;
#9160=DIRECTION('Vector Direction',(0.13917310096,0.,0.990268068742)) ;
#9172=DIRECTION('Axis2P3D Direction',(-0.13917310096,-0.,-0.990268068742)) ;
#9173=DIRECTION('Axis2P3D XDirection',(0.,-1.,0.)) ;
#9177=DIRECTION('Vector Direction',(-0.13917310096,0.,-0.990268068742)) ;
#9184=DIRECTION('Axis2P3D Direction',(-0.13917310096,-0.,-0.990268068742)) ;
#9199=DIRECTION('Vector Direction',(0.,0.,-1.)) ;
#9206=DIRECTION('Vector Direction',(1.,0.,0.)) ;
#9219=DIRECTION('Axis2P3D Direction',(0.,0.,-1.)) ;
#9220=DIRECTION('Axis2P3D XDirection',(1.,0.,0.)) ;
#9224=DIRECTION('Vector Direction',(0.,0.,-1.)) ;
#9231=DIRECTION('Axis2P3D Direction',(0.,0.,-1.)) ;
#9243=DIRECTION('Vector Direction',(0.,0.,-1.)) ;
#9250=DIRECTION('Vector Direction',(1.,0.,0.)) ;
#9263=DIRECTION('Axis2P3D Direction',(0.,0.,-1.)) ;
#9264=DIRECTION('Axis2P3D XDirection',(0.,1.,0.)) ;
#9268=DIRECTION('Vector Direction',(0.,1.,0.)) ;
#9277=DIRECTION('Vector Direction',(1.,0.,0.)) ;
#9284=DIRECTION('Vector Direction',(0.,1.,0.)) ;
#9291=DIRECTION('Vector Direction',(1.,0.,0.)) ;
#9303=DIRECTION('Axis2P3D Direction',(0.,0.,-1.)) ;
#9304=DIRECTION('Axis2P3D XDirection',(-1.83690953073E-016,1.,-0.)) ;
#9308=DIRECTION('Vector Direction',(0.,0.,-1.)) ;
#9315=DIRECTION('Axis2P3D Direction',(0.,0.,-1.)) ;
#9327=DIRECTION('Axis2P3D Direction',(1.,0.,0.)) ;
#9328=DIRECTION('Axis2P3D XDirection',(0.,1.,0.)) ;
#9332=DIRECTION('Vector Direction',(0.,1.,0.)) ;
#9352=DIRECTION('Axis2P3D Direction',(0.,1.,0.)) ;
#9353=DIRECTION('Axis2P3D XDirection',(-0.990268068742,0.,0.13917310096)) ;
#9357=DIRECTION('Axis2P3D Direction',(0.,1.,0.)) ;
#9362=DIRECTION('Axis2P3D Direction',(0.,1.,0.)) ;
#9374=DIRECTION('Axis2P3D Direction',(0.,0.,1.)) ;
#9375=DIRECTION('Axis2P3D XDirection',(-0.965287444344,0.261189873066,0.)) ;
#9379=DIRECTION('Axis2P3D Direction',(-1.,8.881784197E-016,0.)) ;
#9390=DIRECTION('Axis2P3D Direction',(1.,0.,0.)) ;
#9391=DIRECTION('Axis2P3D XDirection',(-0.,1.83690953073E-016,1.)) ;
#9395=DIRECTION('Axis2P3D Direction',(1.,0.,0.)) ;
#9407=DIRECTION('Axis2P3D Direction',(0.,0.,1.)) ;
#9408=DIRECTION('Axis2P3D XDirection',(-0.258819045103,-0.965925826289,0.)) ;
#9412=DIRECTION('Axis2P3D Direction',(-1.94289029309E-016,-1.,0.)) ;
#9423=DIRECTION('Axis2P3D Direction',(-0.,1.,0.)) ;
#9424=DIRECTION('Axis2P3D XDirection',(-1.83690953073E-016,-0.,1.)) ;
#9428=DIRECTION('Axis2P3D Direction',(-0.,1.,0.)) ;
#9440=DIRECTION('Axis2P3D Direction',(0.,0.,1.)) ;
#9441=DIRECTION('Axis2P3D XDirection',(0.965925826289,-0.258819045102,0.)) ;
#9445=DIRECTION('Axis2P3D Direction',(1.,-4.99600361081E-016,0.)) ;
#9456=DIRECTION('Axis2P3D Direction',(1.,0.,0.)) ;
#9457=DIRECTION('Axis2P3D XDirection',(0.,1.,0.)) ;
#9461=DIRECTION('Axis2P3D Direction',(1.,0.,0.)) ;
#9473=DIRECTION('Axis2P3D Direction',(-4.4408920985E-016,0.,1.)) ;
#9474=DIRECTION('Axis2P3D XDirection',(0.256466671058,0.96655307492,0.)) ;
#9495=DIRECTION('NONE',(1.,0.,0.)) ;
#9496=DIRECTION('NONE',(0.,0.,1.)) ;
#9497=DIRECTION('NONE',(9.06855641613E-017,-1.,1.67914421049E-016)) ;
#9498=DIRECTION('NONE',(1.67914421049E-016,1.67914421049E-016,1.)) ;
#9510=DIRECTION('NONE',(1.,0.,0.)) ;
#9511=DIRECTION('NONE',(0.,0.,1.)) ;
#9512=DIRECTION('NONE',(0.884589984702,-0.30954125773,0.348833439807)) ;
#9513=DIRECTION('NONE',(-0.466369551927,-0.587124728252,0.66165247261)) ;
#9525=DIRECTION('NONE',(1.,0.,0.)) ;
#9526=DIRECTION('NONE',(0.,0.,1.)) ;
#9527=DIRECTION('NONE',(9.84942736585E-017,1.,-9.81377688107E-017)) ;
#9528=DIRECTION('NONE',(-9.81377688107E-017,9.81377688107E-017,1.)) ;
#9540=DIRECTION('NONE',(1.,0.,0.)) ;
#9541=DIRECTION('NONE',(0.,0.,1.)) ;
#9542=DIRECTION('NONE',(-0.497575919696,0.575728861558,-0.648810050868)) ;
#9543=DIRECTION('NONE',(-0.867420431013,-0.330253712667,0.372175067853)) ;
#66=AXIS2_PLACEMENT_3D('Cylinder Axis2P3D',#63,#64,#65) ;
#79=AXIS2_PLACEMENT_3D('Circle Axis2P3D',#77,#78,$) ;
#93=AXIS2_PLACEMENT_3D('Circle Axis2P3D',#91,#92,$) ;
#105=AXIS2_PLACEMENT_3D('Circle Axis2P3D',#103,#104,$) ;
#110=AXIS2_PLACEMENT_3D('Circle Axis2P3D',#108,#109,$) ;
#123=AXIS2_PLACEMENT_3D('Plane Axis2P3D',#120,#121,#122) ;
#133=AXIS2_PLACEMENT_3D('Cylinder Axis2P3D',#130,#131,#132) ;
#137=AXIS2_PLACEMENT_3D('Circle Axis2P3D',#135,#136,$) ;
#153=AXIS2_PLACEMENT_3D('Circle Axis2P3D',#151,#152,$) ;
#172=AXIS2_PLACEMENT_3D('Circle Axis2P3D',#170,#171,$) ;
#177=AXIS2_PLACEMENT_3D('Circle Axis2P3D',#175,#176,$) ;
#190=AXIS2_PLACEMENT_3D('Plane Axis2P3D',#187,#188,#189) ;
#204=AXIS2_PLACEMENT_3D('Plane Axis2P3D',#201,#202,#203) ;
#282=AXIS2_PLACEMENT_3D('Cylinder Axis2P3D',#279,#280,#281) ;
#295=AXIS2_PLACEMENT_3D('Circle Axis2P3D',#293,#294,$) ;
#309=AXIS2_PLACEMENT_3D('Circle Axis2P3D',#307,#308,$) ;
#330=AXIS2_PLACEMENT_3D('Circle Axis2P3D',#328,#329,$) ;
#344=AXIS2_PLACEMENT_3D('Circle Axis2P3D',#342,#343,$) ;
#356=AXIS2_PLACEMENT_3D('Circle Axis2P3D',#354,#355,$) ;
#361=AXIS2_PLACEMENT_3D('Circle Axis2P3D',#359,#360,$) ;
#373=AXIS2_PLACEMENT_3D('Circle Axis2P3D',#371,#372,$) ;
#378=AXIS2_PLACEMENT_3D('Circle Axis2P3D',#376,#377,$) ;
#391=AXIS2_PLACEMENT_3D('Plane Axis2P3D',#388,#389,#390) ;
#422=AXIS2_PLACEMENT_3D('Cylinder Axis2P3D',#419,#420,#421) ;
#426=AXIS2_PLACEMENT_3D('Circle Axis2P3D',#424,#425,$) ;
#433=AXIS2_PLACEMENT_3D('Circle Axis2P3D',#431,#432,$) ;
#453=AXIS2_PLACEMENT_3D('Plane Axis2P3D',#450,#451,#452) ;
#484=AXIS2_PLACEMENT_3D('Plane Axis2P3D',#481,#482,#483) ;
#488=AXIS2_PLACEMENT_3D('Circle Axis2P3D',#486,#487,$) ;
#506=AXIS2_PLACEMENT_3D('Plane Axis2P3D',#503,#504,#505) ;
#510=AXIS2_PLACEMENT_3D('Circle Axis2P3D',#508,#509,$) ;
#528=AXIS2_PLACEMENT_3D('Cylinder Axis2P3D',#525,#526,#527) ;
#566=AXIS2_PLACEMENT_3D('Cylinder Axis2P3D',#563,#564,#565) ;
#570=AXIS2_PLACEMENT_3D('Circle Axis2P3D',#568,#569,$) ;
#577=AXIS2_PLACEMENT_3D('Circle Axis2P3D',#575,#576,$) ;
#623=AXIS2_PLACEMENT_3D('Plane Axis2P3D',#620,#621,#622) ;
#627=AXIS2_PLACEMENT_3D('Circle Axis2P3D',#625,#626,$) ;
#645=AXIS2_PLACEMENT_3D('Plane Axis2P3D',#642,#643,#644) ;
#649=AXIS2_PLACEMENT_3D('Circle Axis2P3D',#647,#648,$) ;
#667=AXIS2_PLACEMENT_3D('Cylinder Axis2P3D',#664,#665,#666) ;
#684=AXIS2_PLACEMENT_3D(' ',#687,#691,#690) ;
#685=AXIS2_PLACEMENT_3D(' ',#686,#689,#688) ;
#706=AXIS2_PLACEMENT_3D('Cylinder Axis2P3D',#703,#704,#705) ;
#719=AXIS2_PLACEMENT_3D('Circle Axis2P3D',#717,#718,$) ;
#733=AXIS2_PLACEMENT_3D('Circle Axis2P3D',#731,#732,$) ;
#745=AXIS2_PLACEMENT_3D('Circle Axis2P3D',#743,#744,$) ;
#750=AXIS2_PLACEMENT_3D('Circle Axis2P3D',#748,#749,$) ;
#763=AXIS2_PLACEMENT_3D('Plane Axis2P3D',#760,#761,#762) ;
#771=AXIS2_PLACEMENT_3D('Circle Axis2P3D',#769,#770,$) ;
#780=AXIS2_PLACEMENT_3D('Circle Axis2P3D',#778,#779,$) ;
#791=AXIS2_PLACEMENT_3D('Plane Axis2P3D',#788,#789,#790) ;
#799=AXIS2_PLACEMENT_3D('Circle Axis2P3D',#797,#798,$) ;
#808=AXIS2_PLACEMENT_3D('Circle Axis2P3D',#806,#807,$) ;
#819=AXIS2_PLACEMENT_3D('Cylinder Axis2P3D',#816,#817,#818) ;
#853=AXIS2_PLACEMENT_3D(' ',#856,#860,#859) ;
#854=AXIS2_PLACEMENT_3D(' ',#855,#858,#857) ;
#875=AXIS2_PLACEMENT_3D('Cylinder Axis2P3D',#872,#873,#874) ;
#888=AXIS2_PLACEMENT_3D('Circle Axis2P3D',#886,#887,$) ;
#902=AXIS2_PLACEMENT_3D('Circle Axis2P3D',#900,#901,$) ;
#915=AXIS2_PLACEMENT_3D('Plane Axis2P3D',#912,#913,#914) ;
#946=AXIS2_PLACEMENT_3D('Cylinder Axis2P3D',#943,#944,#945) ;
#950=AXIS2_PLACEMENT_3D('Circle Axis2P3D',#948,#949,$) ;
#964=AXIS2_PLACEMENT_3D('Circle Axis2P3D',#962,#963,$) ;
#977=AXIS2_PLACEMENT_3D('Plane Axis2P3D',#974,#975,#976) ;
#999=AXIS2_PLACEMENT_3D('Plane Axis2P3D',#996,#997,#998) ;
#1039=AXIS2_PLACEMENT_3D('Cylinder Axis2P3D',#1036,#1037,#1038) ;
#1043=AXIS2_PLACEMENT_3D('Circle Axis2P3D',#1041,#1042,$) ;
#1050=AXIS2_PLACEMENT_3D('Circle Axis2P3D',#1048,#1049,$) ;
#1070=AXIS2_PLACEMENT_3D('Plane Axis2P3D',#1067,#1068,#1069) ;
#1101=AXIS2_PLACEMENT_3D('Cylinder Axis2P3D',#1098,#1099,#1100) ;
#1105=AXIS2_PLACEMENT_3D('Circle Axis2P3D',#1103,#1104,$) ;
#1110=AXIS2_PLACEMENT_3D('Circle Axis2P3D',#1108,#1109,$) ;
#1123=AXIS2_PLACEMENT_3D('Plane Axis2P3D',#1120,#1121,#1122) ;
#1139=AXIS2_PLACEMENT_3D('Circle Axis2P3D',#1137,#1138,$) ;
#1148=AXIS2_PLACEMENT_3D('Circle Axis2P3D',#1146,#1147,$) ;
#1157=AXIS2_PLACEMENT_3D('Circle Axis2P3D',#1155,#1156,$) ;
#1166=AXIS2_PLACEMENT_3D('Circle Axis2P3D',#1164,#1165,$) ;
#1177=AXIS2_PLACEMENT_3D('Plane Axis2P3D',#1174,#1175,#1176) ;
#1193=AXIS2_PLACEMENT_3D('Circle Axis2P3D',#1191,#1192,$) ;
#1202=AXIS2_PLACEMENT_3D('Circle Axis2P3D',#1200,#1201,$) ;
#1211=AXIS2_PLACEMENT_3D('Circle Axis2P3D',#1209,#1210,$) ;
#1220=AXIS2_PLACEMENT_3D('Circle Axis2P3D',#1218,#1219,$) ;
#1230=AXIS2_PLACEMENT_3D('Circle Axis2P3D',#1228,#1229,$) ;
#1246=AXIS2_PLACEMENT_3D('Circle Axis2P3D',#1244,#1245,$) ;
#1291=AXIS2_PLACEMENT_3D('Circle Axis2P3D',#1289,#1290,$) ;
#1305=AXIS2_PLACEMENT_3D('Circle Axis2P3D',#1303,#1304,$) ;
#1378=AXIS2_PLACEMENT_3D('Circle Axis2P3D',#1376,#1377,$) ;
#1383=AXIS2_PLACEMENT_3D('Circle Axis2P3D',#1381,#1382,$) ;
#1421=AXIS2_PLACEMENT_3D('Circle Axis2P3D',#1419,#1420,$) ;
#1426=AXIS2_PLACEMENT_3D('Circle Axis2P3D',#1424,#1425,$) ;
#1439=AXIS2_PLACEMENT_3D('Plane Axis2P3D',#1436,#1437,#1438) ;
#1455=AXIS2_PLACEMENT_3D('Circle Axis2P3D',#1453,#1454,$) ;
#1464=AXIS2_PLACEMENT_3D('Circle Axis2P3D',#1462,#1463,$) ;
#1473=AXIS2_PLACEMENT_3D('Circle Axis2P3D',#1471,#1472,$) ;
#1482=AXIS2_PLACEMENT_3D('Circle Axis2P3D',#1480,#1481,$) ;
#1493=AXIS2_PLACEMENT_3D('Plane Axis2P3D',#1490,#1491,#1492) ;
#1509=AXIS2_PLACEMENT_3D('Circle Axis2P3D',#1507,#1508,$) ;
#1518=AXIS2_PLACEMENT_3D('Circle Axis2P3D',#1516,#1517,$) ;
#1527=AXIS2_PLACEMENT_3D('Circle Axis2P3D',#1525,#1526,$) ;
#1536=AXIS2_PLACEMENT_3D('Circle Axis2P3D',#1534,#1535,$) ;
#1547=AXIS2_PLACEMENT_3D('Cylinder Axis2P3D',#1544,#1545,#1546) ;
#1558=AXIS2_PLACEMENT_3D('Circle Axis2P3D',#1556,#1557,$) ;
#1601=AXIS2_PLACEMENT_3D('Circle Axis2P3D',#1599,#1600,$) ;
#1620=AXIS2_PLACEMENT_3D('Circle Axis2P3D',#1618,#1619,$) ;
#1639=AXIS2_PLACEMENT_3D('Circle Axis2P3D',#1637,#1638,$) ;
#1652=AXIS2_PLACEMENT_3D('Plane Axis2P3D',#1649,#1650,#1651) ;
#1656=AXIS2_PLACEMENT_3D('Circle Axis2P3D',#1654,#1655,$) ;
#1665=AXIS2_PLACEMENT_3D('Circle Axis2P3D',#1663,#1664,$) ;
#1680=AXIS2_PLACEMENT_3D('Plane Axis2P3D',#1677,#1678,#1679) ;
#1684=AXIS2_PLACEMENT_3D('Circle Axis2P3D',#1682,#1683,$) ;
#1693=AXIS2_PLACEMENT_3D('Circle Axis2P3D',#1691,#1692,$) ;
#1708=AXIS2_PLACEMENT_3D('Plane Axis2P3D',#1705,#1706,#1707) ;
#1712=AXIS2_PLACEMENT_3D('Circle Axis2P3D',#1710,#1711,$) ;
#1721=AXIS2_PLACEMENT_3D('Circle Axis2P3D',#1719,#1720,$) ;
#1732=AXIS2_PLACEMENT_3D('Torus Axis2P3D',#1729,#1730,#1731) ;
#1736=AXIS2_PLACEMENT_3D('Circle Axis2P3D',#1734,#1735,$) ;
#1741=AXIS2_PLACEMENT_3D('Circle Axis2P3D',#1739,#1740,$) ;
#1754=AXIS2_PLACEMENT_3D('Torus Axis2P3D',#1751,#1752,#1753) ;
#1766=AXIS2_PLACEMENT_3D('Plane Axis2P3D',#1763,#1764,#1765) ;
#1770=AXIS2_PLACEMENT_3D('Circle Axis2P3D',#1768,#1769,$) ;
#1779=AXIS2_PLACEMENT_3D('Circle Axis2P3D',#1777,#1778,$) ;
#1790=AXIS2_PLACEMENT_3D('Torus Axis2P3D',#1787,#1788,#1789) ;
#1794=AXIS2_PLACEMENT_3D('Circle Axis2P3D',#1792,#1793,$) ;
#1799=AXIS2_PLACEMENT_3D('Circle Axis2P3D',#1797,#1798,$) ;
#1812=AXIS2_PLACEMENT_3D('Torus Axis2P3D',#1809,#1810,#1811) ;
#1824=AXIS2_PLACEMENT_3D('Cylinder Axis2P3D',#1821,#1822,#1823) ;
#1835=AXIS2_PLACEMENT_3D('Circle Axis2P3D',#1833,#1834,$) ;
#1878=AXIS2_PLACEMENT_3D('Circle Axis2P3D',#1876,#1877,$) ;
#1897=AXIS2_PLACEMENT_3D('Circle Axis2P3D',#1895,#1896,$) ;
#1916=AXIS2_PLACEMENT_3D('Circle Axis2P3D',#1914,#1915,$) ;
#1928=AXIS2_PLACEMENT_3D('Circle Axis2P3D',#1926,#1927,$) ;
#1937=AXIS2_PLACEMENT_3D('Circle Axis2P3D',#1935,#1936,$) ;
#1951=AXIS2_PLACEMENT_3D('Circle Axis2P3D',#1949,#1950,$) ;
#1960=AXIS2_PLACEMENT_3D('Circle Axis2P3D',#1958,#1959,$) ;
#1974=AXIS2_PLACEMENT_3D('Circle Axis2P3D',#1972,#1973,$) ;
#1983=AXIS2_PLACEMENT_3D('Circle Axis2P3D',#1981,#1982,$) ;
#1994=AXIS2_PLACEMENT_3D('Torus Axis2P3D',#1991,#1992,#1993) ;
#1998=AXIS2_PLACEMENT_3D('Circle Axis2P3D',#1996,#1997,$) ;
#2003=AXIS2_PLACEMENT_3D('Circle Axis2P3D',#2001,#2002,$) ;
#2016=AXIS2_PLACEMENT_3D('Torus Axis2P3D',#2013,#2014,#2015) ;
#2027=AXIS2_PLACEMENT_3D('Circle Axis2P3D',#2025,#2026,$) ;
#2036=AXIS2_PLACEMENT_3D('Circle Axis2P3D',#2034,#2035,$) ;
#2047=AXIS2_PLACEMENT_3D('Torus Axis2P3D',#2044,#2045,#2046) ;
#2051=AXIS2_PLACEMENT_3D('Circle Axis2P3D',#2049,#2050,$) ;
#2056=AXIS2_PLACEMENT_3D('Circle Axis2P3D',#2054,#2055,$) ;
#2069=AXIS2_PLACEMENT_3D('Torus Axis2P3D',#2066,#2067,#2068) ;
#2086=AXIS2_PLACEMENT_3D(' ',#2089,#2093,#2092) ;
#2087=AXIS2_PLACEMENT_3D(' ',#2088,#2091,#2090) ;
#2108=AXIS2_PLACEMENT_3D('Cylinder Axis2P3D',#2105,#2106,#2107) ;
#2121=AXIS2_PLACEMENT_3D('Circle Axis2P3D',#2119,#2120,$) ;
#2135=AXIS2_PLACEMENT_3D('Circle Axis2P3D',#2133,#2134,$) ;
#2148=AXIS2_PLACEMENT_3D('Plane Axis2P3D',#2145,#2146,#2147) ;
#2179=AXIS2_PLACEMENT_3D('Cylinder Axis2P3D',#2176,#2177,#2178) ;
#2183=AXIS2_PLACEMENT_3D('Circle Axis2P3D',#2181,#2182,$) ;
#2197=AXIS2_PLACEMENT_3D('Circle Axis2P3D',#2195,#2196,$) ;
#2210=AXIS2_PLACEMENT_3D('Plane Axis2P3D',#2207,#2208,#2209) ;
#2232=AXIS2_PLACEMENT_3D('Plane Axis2P3D',#2229,#2230,#2231) ;
#2272=AXIS2_PLACEMENT_3D('Cylinder Axis2P3D',#2269,#2270,#2271) ;
#2276=AXIS2_PLACEMENT_3D('Circle Axis2P3D',#2274,#2275,$) ;
#2283=AXIS2_PLACEMENT_3D('Circle Axis2P3D',#2281,#2282,$) ;
#2303=AXIS2_PLACEMENT_3D('Plane Axis2P3D',#2300,#2301,#2302) ;
#2334=AXIS2_PLACEMENT_3D('Cylinder Axis2P3D',#2331,#2332,#2333) ;
#2338=AXIS2_PLACEMENT_3D('Circle Axis2P3D',#2336,#2337,$) ;
#2343=AXIS2_PLACEMENT_3D('Circle Axis2P3D',#2341,#2342,$) ;
#2356=AXIS2_PLACEMENT_3D('Plane Axis2P3D',#2353,#2354,#2355) ;
#2372=AXIS2_PLACEMENT_3D('Circle Axis2P3D',#2370,#2371,$) ;
#2381=AXIS2_PLACEMENT_3D('Circle Axis2P3D',#2379,#2380,$) ;
#2390=AXIS2_PLACEMENT_3D('Circle Axis2P3D',#2388,#2389,$) ;
#2399=AXIS2_PLACEMENT_3D('Circle Axis2P3D',#2397,#2398,$) ;
#2410=AXIS2_PLACEMENT_3D('Plane Axis2P3D',#2407,#2408,#2409) ;
#2426=AXIS2_PLACEMENT_3D('Circle Axis2P3D',#2424,#2425,$) ;
#2435=AXIS2_PLACEMENT_3D('Circle Axis2P3D',#2433,#2434,$) ;
#2444=AXIS2_PLACEMENT_3D('Circle Axis2P3D',#2442,#2443,$) ;
#2453=AXIS2_PLACEMENT_3D('Circle Axis2P3D',#2451,#2452,$) ;
#2462=AXIS2_PLACEMENT_3D('Circle Axis2P3D',#2460,#2461,$) ;
#2471=AXIS2_PLACEMENT_3D('Circle Axis2P3D',#2469,#2470,$) ;
#2480=AXIS2_PLACEMENT_3D('Circle Axis2P3D',#2478,#2479,$) ;
#2489=AXIS2_PLACEMENT_3D('Circle Axis2P3D',#2487,#2488,$) ;
#2498=AXIS2_PLACEMENT_3D('Circle Axis2P3D',#2496,#2497,$) ;
#2507=AXIS2_PLACEMENT_3D('Circle Axis2P3D',#2505,#2506,$) ;
#2516=AXIS2_PLACEMENT_3D('Circle Axis2P3D',#2514,#2515,$) ;
#2525=AXIS2_PLACEMENT_3D('Circle Axis2P3D',#2523,#2524,$) ;
#2535=AXIS2_PLACEMENT_3D('Circle Axis2P3D',#2533,#2534,$) ;
#2551=AXIS2_PLACEMENT_3D('Circle Axis2P3D',#2549,#2550,$) ;
#2596=AXIS2_PLACEMENT_3D('Circle Axis2P3D',#2594,#2595,$) ;
#2610=AXIS2_PLACEMENT_3D('Circle Axis2P3D',#2608,#2609,$) ;
#2683=AXIS2_PLACEMENT_3D('Circle Axis2P3D',#2681,#2682,$) ;
#2688=AXIS2_PLACEMENT_3D('Circle Axis2P3D',#2686,#2687,$) ;
#2726=AXIS2_PLACEMENT_3D('Circle Axis2P3D',#2724,#2725,$) ;
#2731=AXIS2_PLACEMENT_3D('Circle Axis2P3D',#2729,#2730,$) ;
#2744=AXIS2_PLACEMENT_3D('Plane Axis2P3D',#2741,#2742,#2743) ;
#2760=AXIS2_PLACEMENT_3D('Circle Axis2P3D',#2758,#2759,$) ;
#2769=AXIS2_PLACEMENT_3D('Circle Axis2P3D',#2767,#2768,$) ;
#2778=AXIS2_PLACEMENT_3D('Circle Axis2P3D',#2776,#2777,$) ;
#2787=AXIS2_PLACEMENT_3D('Circle Axis2P3D',#2785,#2786,$) ;
#2798=AXIS2_PLACEMENT_3D('Plane Axis2P3D',#2795,#2796,#2797) ;
#2814=AXIS2_PLACEMENT_3D('Circle Axis2P3D',#2812,#2813,$) ;
#2823=AXIS2_PLACEMENT_3D('Circle Axis2P3D',#2821,#2822,$) ;
#2832=AXIS2_PLACEMENT_3D('Circle Axis2P3D',#2830,#2831,$) ;
#2841=AXIS2_PLACEMENT_3D('Circle Axis2P3D',#2839,#2840,$) ;
#2850=AXIS2_PLACEMENT_3D('Circle Axis2P3D',#2848,#2849,$) ;
#2859=AXIS2_PLACEMENT_3D('Circle Axis2P3D',#2857,#2858,$) ;
#2868=AXIS2_PLACEMENT_3D('Circle Axis2P3D',#2866,#2867,$) ;
#2877=AXIS2_PLACEMENT_3D('Circle Axis2P3D',#2875,#2876,$) ;
#2886=AXIS2_PLACEMENT_3D('Circle Axis2P3D',#2884,#2885,$) ;
#2895=AXIS2_PLACEMENT_3D('Circle Axis2P3D',#2893,#2894,$) ;
#2904=AXIS2_PLACEMENT_3D('Circle Axis2P3D',#2902,#2903,$) ;
#2913=AXIS2_PLACEMENT_3D('Circle Axis2P3D',#2911,#2912,$) ;
#2924=AXIS2_PLACEMENT_3D('Cylinder Axis2P3D',#2921,#2922,#2923) ;
#2953=AXIS2_PLACEMENT_3D('Cylinder Axis2P3D',#2950,#2951,#2952) ;
#2982=AXIS2_PLACEMENT_3D('Cylinder Axis2P3D',#2979,#2980,#2981) ;
#3011=AXIS2_PLACEMENT_3D('Cylinder Axis2P3D',#3008,#3009,#3010) ;
#3040=AXIS2_PLACEMENT_3D('Cylinder Axis2P3D',#3037,#3038,#3039) ;
#3093=AXIS2_PLACEMENT_3D('Cylinder Axis2P3D',#3090,#3091,#3092) ;
#3151=AXIS2_PLACEMENT_3D(' ',#3154,#3158,#3157) ;
#3152=AXIS2_PLACEMENT_3D(' ',#3153,#3156,#3155) ;
#3166=AXIS2_PLACEMENT_3D(' ',#3169,#3173,#3172) ;
#3167=AXIS2_PLACEMENT_3D(' ',#3168,#3171,#3170) ;
#3188=AXIS2_PLACEMENT_3D('Cylinder Axis2P3D',#3185,#3186,#3187) ;
#3201=AXIS2_PLACEMENT_3D('Circle Axis2P3D',#3199,#3200,$) ;
#3215=AXIS2_PLACEMENT_3D('Circle Axis2P3D',#3213,#3214,$) ;
#3228=AXIS2_PLACEMENT_3D('Plane Axis2P3D',#3225,#3226,#3227) ;
#3259=AXIS2_PLACEMENT_3D('Cylinder Axis2P3D',#3256,#3257,#3258) ;
#3263=AXIS2_PLACEMENT_3D('Circle Axis2P3D',#3261,#3262,$) ;
#3277=AXIS2_PLACEMENT_3D('Circle Axis2P3D',#3275,#3276,$) ;
#3344=AXIS2_PLACEMENT_3D('Plane Axis2P3D',#3341,#3342,#3343) ;
#3366=AXIS2_PLACEMENT_3D('Cylinder Axis2P3D',#3363,#3364,#3365) ;
#3370=AXIS2_PLACEMENT_3D('Circle Axis2P3D',#3368,#3369,$) ;
#3386=AXIS2_PLACEMENT_3D('Circle Axis2P3D',#3384,#3385,$) ;
#3405=AXIS2_PLACEMENT_3D('Circle Axis2P3D',#3403,#3404,$) ;
#3410=AXIS2_PLACEMENT_3D('Circle Axis2P3D',#3408,#3409,$) ;
#3423=AXIS2_PLACEMENT_3D('Plane Axis2P3D',#3420,#3421,#3422) ;
#3439=AXIS2_PLACEMENT_3D('Plane Axis2P3D',#3436,#3437,#3438) ;
#3455=AXIS2_PLACEMENT_3D('Cylinder Axis2P3D',#3452,#3453,#3454) ;
#3466=AXIS2_PLACEMENT_3D('Circle Axis2P3D',#3464,#3465,$) ;
#3485=AXIS2_PLACEMENT_3D('Circle Axis2P3D',#3483,#3484,$) ;
#3498=AXIS2_PLACEMENT_3D('Plane Axis2P3D',#3495,#3496,#3497) ;
#3513=AXIS2_PLACEMENT_3D(' ',#3516,#3520,#3519) ;
#3514=AXIS2_PLACEMENT_3D(' ',#3515,#3518,#3517) ;
#3535=AXIS2_PLACEMENT_3D('Plane Axis2P3D',#3532,#3533,#3534) ;
#3539=AXIS2_PLACEMENT_3D('Circle Axis2P3D',#3537,#3538,$) ;
#3548=AXIS2_PLACEMENT_3D('Circle Axis2P3D',#3546,#3547,$) ;
#3559=AXIS2_PLACEMENT_3D('Plane Axis2P3D',#3556,#3557,#3558) ;
#3563=AXIS2_PLACEMENT_3D('Circle Axis2P3D',#3561,#3562,$) ;
#3572=AXIS2_PLACEMENT_3D('Circle Axis2P3D',#3570,#3571,$) ;
#3583=AXIS2_PLACEMENT_3D('Torus Axis2P3D',#3580,#3581,#3582) ;
#3587=AXIS2_PLACEMENT_3D('Circle Axis2P3D',#3585,#3586,$) ;
#3594=AXIS2_PLACEMENT_3D('Circle Axis2P3D',#3592,#3593,$) ;
#3601=AXIS2_PLACEMENT_3D('Circle Axis2P3D',#3599,#3600,$) ;
#3614=AXIS2_PLACEMENT_3D('Torus Axis2P3D',#3611,#3612,#3613) ;
#3618=AXIS2_PLACEMENT_3D('Circle Axis2P3D',#3616,#3617,$) ;
#3631=AXIS2_PLACEMENT_3D('Plane Axis2P3D',#3628,#3629,#3630) ;
#3635=AXIS2_PLACEMENT_3D('Circle Axis2P3D',#3633,#3634,$) ;
#3644=AXIS2_PLACEMENT_3D('Circle Axis2P3D',#3642,#3643,$) ;
#3655=AXIS2_PLACEMENT_3D('Cylinder Axis2P3D',#3652,#3653,#3654) ;
#3673=AXIS2_PLACEMENT_3D('Circle Axis2P3D',#3671,#3672,$) ;
#3694=AXIS2_PLACEMENT_3D('Circle Axis2P3D',#3692,#3693,$) ;
#3708=AXIS2_PLACEMENT_3D('Circle Axis2P3D',#3706,#3707,$) ;
#3720=AXIS2_PLACEMENT_3D('Circle Axis2P3D',#3718,#3719,$) ;
#3732=AXIS2_PLACEMENT_3D('Circle Axis2P3D',#3730,#3731,$) ;
#3737=AXIS2_PLACEMENT_3D('Circle Axis2P3D',#3735,#3736,$) ;
#3750=AXIS2_PLACEMENT_3D('Torus Axis2P3D',#3747,#3748,#3749) ;
#3754=AXIS2_PLACEMENT_3D('Circle Axis2P3D',#3752,#3753,$) ;
#3759=AXIS2_PLACEMENT_3D('Circle Axis2P3D',#3757,#3758,$) ;
#3772=AXIS2_PLACEMENT_3D('Torus Axis2P3D',#3769,#3770,#3771) ;
#3784=AXIS2_PLACEMENT_3D('Plane Axis2P3D',#3781,#3782,#3783) ;
#3788=AXIS2_PLACEMENT_3D('Circle Axis2P3D',#3786,#3787,$) ;
#3797=AXIS2_PLACEMENT_3D('Circle Axis2P3D',#3795,#3796,$) ;
#3808=AXIS2_PLACEMENT_3D('Torus Axis2P3D',#3805,#3806,#3807) ;
#3812=AXIS2_PLACEMENT_3D('Circle Axis2P3D',#3810,#3811,$) ;
#3819=AXIS2_PLACEMENT_3D('Circle Axis2P3D',#3817,#3818,$) ;
#3826=AXIS2_PLACEMENT_3D('Circle Axis2P3D',#3824,#3825,$) ;
#3839=AXIS2_PLACEMENT_3D('Torus Axis2P3D',#3836,#3837,#3838) ;
#3843=AXIS2_PLACEMENT_3D('Circle Axis2P3D',#3841,#3842,$) ;
#3856=AXIS2_PLACEMENT_3D('Plane Axis2P3D',#3853,#3854,#3855) ;
#3860=AXIS2_PLACEMENT_3D('Circle Axis2P3D',#3858,#3859,$) ;
#3869=AXIS2_PLACEMENT_3D('Circle Axis2P3D',#3867,#3868,$) ;
#3880=AXIS2_PLACEMENT_3D('Cylinder Axis2P3D',#3877,#3878,#3879) ;
#3898=AXIS2_PLACEMENT_3D('Circle Axis2P3D',#3896,#3897,$) ;
#3919=AXIS2_PLACEMENT_3D('Circle Axis2P3D',#3917,#3918,$) ;
#3933=AXIS2_PLACEMENT_3D('Circle Axis2P3D',#3931,#3932,$) ;
#3945=AXIS2_PLACEMENT_3D('Circle Axis2P3D',#3943,#3944,$) ;
#3957=AXIS2_PLACEMENT_3D('Circle Axis2P3D',#3955,#3956,$) ;
#3962=AXIS2_PLACEMENT_3D('Circle Axis2P3D',#3960,#3961,$) ;
#3975=AXIS2_PLACEMENT_3D('Torus Axis2P3D',#3972,#3973,#3974) ;
#3979=AXIS2_PLACEMENT_3D('Circle Axis2P3D',#3977,#3978,$) ;
#3984=AXIS2_PLACEMENT_3D('Circle Axis2P3D',#3982,#3983,$) ;
#3997=AXIS2_PLACEMENT_3D('Torus Axis2P3D',#3994,#3995,#3996) ;
#4009=AXIS2_PLACEMENT_3D('Plane Axis2P3D',#4006,#4007,#4008) ;
#4013=AXIS2_PLACEMENT_3D('Circle Axis2P3D',#4011,#4012,$) ;
#4022=AXIS2_PLACEMENT_3D('Circle Axis2P3D',#4020,#4021,$) ;
#4033=AXIS2_PLACEMENT_3D('Torus Axis2P3D',#4030,#4031,#4032) ;
#4037=AXIS2_PLACEMENT_3D('Circle Axis2P3D',#4035,#4036,$) ;
#4044=AXIS2_PLACEMENT_3D('Circle Axis2P3D',#4042,#4043,$) ;
#4051=AXIS2_PLACEMENT_3D('Circle Axis2P3D',#4049,#4050,$) ;
#4064=AXIS2_PLACEMENT_3D('Torus Axis2P3D',#4061,#4062,#4063) ;
#4068=AXIS2_PLACEMENT_3D('Circle Axis2P3D',#4066,#4067,$) ;
#4081=AXIS2_PLACEMENT_3D('Plane Axis2P3D',#4078,#4079,#4080) ;
#4085=AXIS2_PLACEMENT_3D('Circle Axis2P3D',#4083,#4084,$) ;
#4094=AXIS2_PLACEMENT_3D('Circle Axis2P3D',#4092,#4093,$) ;
#4105=AXIS2_PLACEMENT_3D('Cylinder Axis2P3D',#4102,#4103,#4104) ;
#4123=AXIS2_PLACEMENT_3D('Circle Axis2P3D',#4121,#4122,$) ;
#4144=AXIS2_PLACEMENT_3D('Circle Axis2P3D',#4142,#4143,$) ;
#4158=AXIS2_PLACEMENT_3D('Circle Axis2P3D',#4156,#4157,$) ;
#4170=AXIS2_PLACEMENT_3D('Circle Axis2P3D',#4168,#4169,$) ;
#4182=AXIS2_PLACEMENT_3D('Circle Axis2P3D',#4180,#4181,$) ;
#4187=AXIS2_PLACEMENT_3D('Circle Axis2P3D',#4185,#4186,$) ;
#4200=AXIS2_PLACEMENT_3D('Torus Axis2P3D',#4197,#4198,#4199) ;
#4204=AXIS2_PLACEMENT_3D('Circle Axis2P3D',#4202,#4203,$) ;
#4209=AXIS2_PLACEMENT_3D('Circle Axis2P3D',#4207,#4208,$) ;
#4222=AXIS2_PLACEMENT_3D('Torus Axis2P3D',#4219,#4220,#4221) ;
#4234=AXIS2_PLACEMENT_3D('Plane Axis2P3D',#4231,#4232,#4233) ;
#4238=AXIS2_PLACEMENT_3D('Circle Axis2P3D',#4236,#4237,$) ;
#4247=AXIS2_PLACEMENT_3D('Circle Axis2P3D',#4245,#4246,$) ;
#4258=AXIS2_PLACEMENT_3D('Torus Axis2P3D',#4255,#4256,#4257) ;
#4262=AXIS2_PLACEMENT_3D('Circle Axis2P3D',#4260,#4261,$) ;
#4269=AXIS2_PLACEMENT_3D('Circle Axis2P3D',#4267,#4268,$) ;
#4276=AXIS2_PLACEMENT_3D('Circle Axis2P3D',#4274,#4275,$) ;
#4289=AXIS2_PLACEMENT_3D('Torus Axis2P3D',#4286,#4287,#4288) ;
#4293=AXIS2_PLACEMENT_3D('Circle Axis2P3D',#4291,#4292,$) ;
#4306=AXIS2_PLACEMENT_3D('Plane Axis2P3D',#4303,#4304,#4305) ;
#4310=AXIS2_PLACEMENT_3D('Circle Axis2P3D',#4308,#4309,$) ;
#4319=AXIS2_PLACEMENT_3D('Circle Axis2P3D',#4317,#4318,$) ;
#4330=AXIS2_PLACEMENT_3D('Cylinder Axis2P3D',#4327,#4328,#4329) ;
#4348=AXIS2_PLACEMENT_3D('Circle Axis2P3D',#4346,#4347,$) ;
#4369=AXIS2_PLACEMENT_3D('Circle Axis2P3D',#4367,#4368,$) ;
#4383=AXIS2_PLACEMENT_3D('Circle Axis2P3D',#4381,#4382,$) ;
#4395=AXIS2_PLACEMENT_3D('Circle Axis2P3D',#4393,#4394,$) ;
#4407=AXIS2_PLACEMENT_3D('Circle Axis2P3D',#4405,#4406,$) ;
#4412=AXIS2_PLACEMENT_3D('Circle Axis2P3D',#4410,#4411,$) ;
#4425=AXIS2_PLACEMENT_3D('Torus Axis2P3D',#4422,#4423,#4424) ;
#4429=AXIS2_PLACEMENT_3D('Circle Axis2P3D',#4427,#4428,$) ;
#4434=AXIS2_PLACEMENT_3D('Circle Axis2P3D',#4432,#4433,$) ;
#4447=AXIS2_PLACEMENT_3D('Torus Axis2P3D',#4444,#4445,#4446) ;
#4459=AXIS2_PLACEMENT_3D('Plane Axis2P3D',#4456,#4457,#4458) ;
#4479=AXIS2_PLACEMENT_3D('Circle Axis2P3D',#4477,#4478,$) ;
#4486=AXIS2_PLACEMENT_3D('Circle Axis2P3D',#4484,#4485,$) ;
#4507=AXIS2_PLACEMENT_3D('Sphere Axis2P3D',#4504,#4505,#4506) ;
#4511=AXIS2_PLACEMENT_3D('Circle Axis2P3D',#4509,#4510,$) ;
#4518=AXIS2_PLACEMENT_3D('Circle Axis2P3D',#4516,#4517,$) ;
#4540=AXIS2_PLACEMENT_3D('Cylinder Axis2P3D',#4537,#4538,#4539) ;
#4544=AXIS2_PLACEMENT_3D('Circle Axis2P3D',#4542,#4543,$) ;
#4564=AXIS2_PLACEMENT_3D('Sphere Axis2P3D',#4561,#4562,#4563) ;
#4578=AXIS2_PLACEMENT_3D('Circle Axis2P3D',#4576,#4577,$) ;
#4590=AXIS2_PLACEMENT_3D('Cylinder Axis2P3D',#4587,#4588,#4589) ;
#4635=AXIS2_PLACEMENT_3D('Cylinder Axis2P3D',#4632,#4633,#4634) ;
#4662=AXIS2_PLACEMENT_3D('Circle Axis2P3D',#4660,#4661,$) ;
#4689=AXIS2_PLACEMENT_3D('Circle Axis2P3D',#4687,#4688,$) ;
#4702=AXIS2_PLACEMENT_3D('Sphere Axis2P3D',#4699,#4700,#4701) ;
#4706=AXIS2_PLACEMENT_3D('Circle Axis2P3D',#4704,#4705,$) ;
#4713=AXIS2_PLACEMENT_3D('Circle Axis2P3D',#4711,#4712,$) ;
#4735=AXIS2_PLACEMENT_3D('Cylinder Axis2P3D',#4732,#4733,#4734) ;
#4739=AXIS2_PLACEMENT_3D('Circle Axis2P3D',#4737,#4738,$) ;
#4759=AXIS2_PLACEMENT_3D('Sphere Axis2P3D',#4756,#4757,#4758) ;
#4763=AXIS2_PLACEMENT_3D('Circle Axis2P3D',#4761,#4762,$) ;
#4775=AXIS2_PLACEMENT_3D('Cylinder Axis2P3D',#4772,#4773,#4774) ;
#4798=AXIS2_PLACEMENT_3D('Circle Axis2P3D',#4796,#4797,$) ;
#4838=AXIS2_PLACEMENT_3D('Cylinder Axis2P3D',#4835,#4836,#4837) ;
#4888=AXIS2_PLACEMENT_3D('Circle Axis2P3D',#4886,#4887,$) ;
#4901=AXIS2_PLACEMENT_3D('Sphere Axis2P3D',#4898,#4899,#4900) ;
#4905=AXIS2_PLACEMENT_3D('Circle Axis2P3D',#4903,#4904,$) ;
#4922=AXIS2_PLACEMENT_3D('Circle Axis2P3D',#4920,#4921,$) ;
#4934=AXIS2_PLACEMENT_3D('Cylinder Axis2P3D',#4931,#4932,#4933) ;
#4945=AXIS2_PLACEMENT_3D('Circle Axis2P3D',#4943,#4944,$) ;
#4958=AXIS2_PLACEMENT_3D('Sphere Axis2P3D',#4955,#4956,#4957) ;
#4972=AXIS2_PLACEMENT_3D('Circle Axis2P3D',#4970,#4971,$) ;
#4984=AXIS2_PLACEMENT_3D('Cylinder Axis2P3D',#4981,#4982,#4983) ;
#5020=AXIS2_PLACEMENT_3D('Cylinder Axis2P3D',#5017,#5018,#5019) ;
#5079=AXIS2_PLACEMENT_3D('Circle Axis2P3D',#5077,#5078,$) ;
#5100=AXIS2_PLACEMENT_3D('Cylinder Axis2P3D',#5097,#5098,#5099) ;
#5128=AXIS2_PLACEMENT_3D('Plane Axis2P3D',#5125,#5126,#5127) ;
#5172=AXIS2_PLACEMENT_3D('Cylinder Axis2P3D',#5169,#5170,#5171) ;
#5206=AXIS2_PLACEMENT_3D('Plane Axis2P3D',#5203,#5204,#5205) ;
#5229=AXIS2_PLACEMENT_3D('Cylinder Axis2P3D',#5226,#5227,#5228) ;
#5233=AXIS2_PLACEMENT_3D('Circle Axis2P3D',#5231,#5232,$) ;
#5263=AXIS2_PLACEMENT_3D('Plane Axis2P3D',#5260,#5261,#5262) ;
#5298=AXIS2_PLACEMENT_3D('Plane Axis2P3D',#5295,#5296,#5297) ;
#5323=AXIS2_PLACEMENT_3D('Cylinder Axis2P3D',#5320,#5321,#5322) ;
#5350=AXIS2_PLACEMENT_3D('Cylinder Axis2P3D',#5347,#5348,#5349) ;
#5354=AXIS2_PLACEMENT_3D('Circle Axis2P3D',#5352,#5353,$) ;
#5384=AXIS2_PLACEMENT_3D('Plane Axis2P3D',#5381,#5382,#5383) ;
#5428=AXIS2_PLACEMENT_3D('Plane Axis2P3D',#5425,#5426,#5427) ;
#5457=AXIS2_PLACEMENT_3D('Cylinder Axis2P3D',#5454,#5455,#5456) ;
#5484=AXIS2_PLACEMENT_3D('Plane Axis2P3D',#5481,#5482,#5483) ;
#5515=AXIS2_PLACEMENT_3D('Plane Axis2P3D',#5512,#5513,#5514) ;
#5535=AXIS2_PLACEMENT_3D('Cylinder Axis2P3D',#5532,#5533,#5534) ;
#5539=AXIS2_PLACEMENT_3D('Circle Axis2P3D',#5537,#5538,$) ;
#5584=AXIS2_PLACEMENT_3D('Plane Axis2P3D',#5581,#5582,#5583) ;
#5609=AXIS2_PLACEMENT_3D('Cylinder Axis2P3D',#5606,#5607,#5608) ;
#5636=AXIS2_PLACEMENT_3D('Cylinder Axis2P3D',#5633,#5634,#5635) ;
#5640=AXIS2_PLACEMENT_3D('Circle Axis2P3D',#5638,#5639,$) ;
#5670=AXIS2_PLACEMENT_3D('Plane Axis2P3D',#5667,#5668,#5669) ;
#5714=AXIS2_PLACEMENT_3D('Plane Axis2P3D',#5711,#5712,#5713) ;
#5743=AXIS2_PLACEMENT_3D('Cylinder Axis2P3D',#5740,#5741,#5742) ;
#5770=AXIS2_PLACEMENT_3D('Plane Axis2P3D',#5767,#5768,#5769) ;
#5801=AXIS2_PLACEMENT_3D('Plane Axis2P3D',#5798,#5799,#5800) ;
#5821=AXIS2_PLACEMENT_3D('Cylinder Axis2P3D',#5818,#5819,#5820) ;
#5825=AXIS2_PLACEMENT_3D('Circle Axis2P3D',#5823,#5824,$) ;
#5909=AXIS2_PLACEMENT_3D('Plane Axis2P3D',#5906,#5907,#5908) ;
#5938=AXIS2_PLACEMENT_3D('Cylinder Axis2P3D',#5935,#5936,#5937) ;
#5965=AXIS2_PLACEMENT_3D('Plane Axis2P3D',#5962,#5963,#5964) ;
#5996=AXIS2_PLACEMENT_3D('Plane Axis2P3D',#5993,#5994,#5995) ;
#6016=AXIS2_PLACEMENT_3D('Cylinder Axis2P3D',#6013,#6014,#6015) ;
#6020=AXIS2_PLACEMENT_3D('Circle Axis2P3D',#6018,#6019,$) ;
#6065=AXIS2_PLACEMENT_3D('Plane Axis2P3D',#6062,#6063,#6064) ;
#6105=AXIS2_PLACEMENT_3D('Plane Axis2P3D',#6102,#6103,#6104) ;
#6109=AXIS2_PLACEMENT_3D('Circle Axis2P3D',#6107,#6108,$) ;
#6114=AXIS2_PLACEMENT_3D('Circle Axis2P3D',#6112,#6113,$) ;
#6143=AXIS2_PLACEMENT_3D('Cylinder Axis2P3D',#6140,#6141,#6142) ;
#6161=AXIS2_PLACEMENT_3D('Circle Axis2P3D',#6159,#6160,$) ;
#6195=AXIS2_PLACEMENT_3D('Cylinder Axis2P3D',#6192,#6193,#6194) ;
#6206=AXIS2_PLACEMENT_3D('Circle Axis2P3D',#6204,#6205,$) ;
#6220=AXIS2_PLACEMENT_3D('Plane Axis2P3D',#6217,#6218,#6219) ;
#6245=AXIS2_PLACEMENT_3D('Cylinder Axis2P3D',#6242,#6243,#6244) ;
#6275=AXIS2_PLACEMENT_3D('Plane Axis2P3D',#6272,#6273,#6274) ;
#6300=AXIS2_PLACEMENT_3D('Plane Axis2P3D',#6297,#6298,#6299) ;
#6339=AXIS2_PLACEMENT_3D('Cylinder Axis2P3D',#6336,#6337,#6338) ;
#6361=AXIS2_PLACEMENT_3D('Sphere Axis2P3D',#6358,#6359,#6360) ;
#6365=AXIS2_PLACEMENT_3D('Circle Axis2P3D',#6363,#6364,$) ;
#6370=AXIS2_PLACEMENT_3D('Circle Axis2P3D',#6368,#6369,$) ;
#6382=AXIS2_PLACEMENT_3D('Cylinder Axis2P3D',#6379,#6380,#6381) ;
#6386=AXIS2_PLACEMENT_3D('Circle Axis2P3D',#6384,#6385,$) ;
#6399=AXIS2_PLACEMENT_3D('Sphere Axis2P3D',#6396,#6397,#6398) ;
#6403=AXIS2_PLACEMENT_3D('Circle Axis2P3D',#6401,#6402,$) ;
#6415=AXIS2_PLACEMENT_3D('Cylinder Axis2P3D',#6412,#6413,#6414) ;
#6427=AXIS2_PLACEMENT_3D('Cylinder Axis2P3D',#6424,#6425,#6426) ;
#6444=AXIS2_PLACEMENT_3D(' ',#6447,#6451,#6450) ;
#6445=AXIS2_PLACEMENT_3D(' ',#6446,#6449,#6448) ;
#6466=AXIS2_PLACEMENT_3D('Plane Axis2P3D',#6463,#6464,#6465) ;
#6506=AXIS2_PLACEMENT_3D('Plane Axis2P3D',#6503,#6504,#6505) ;
#6510=AXIS2_PLACEMENT_3D('Circle Axis2P3D',#6508,#6509,$) ;
#6519=AXIS2_PLACEMENT_3D('Circle Axis2P3D',#6517,#6518,$) ;
#6543=AXIS2_PLACEMENT_3D('Circle Axis2P3D',#6541,#6542,$) ;
#6552=AXIS2_PLACEMENT_3D('Circle Axis2P3D',#6550,#6551,$) ;
#6563=AXIS2_PLACEMENT_3D('Plane Axis2P3D',#6560,#6561,#6562) ;
#6581=AXIS2_PLACEMENT_3D('Circle Axis2P3D',#6579,#6580,$) ;
#6588=AXIS2_PLACEMENT_3D('Circle Axis2P3D',#6586,#6587,$) ;
#6600=AXIS2_PLACEMENT_3D('Circle Axis2P3D',#6598,#6599,$) ;
#6609=AXIS2_PLACEMENT_3D('Circle Axis2P3D',#6607,#6608,$) ;
#6620=AXIS2_PLACEMENT_3D('Cylinder Axis2P3D',#6617,#6618,#6619) ;
#6631=AXIS2_PLACEMENT_3D('Circle Axis2P3D',#6629,#6630,$) ;
#6657=AXIS2_PLACEMENT_3D('Circle Axis2P3D',#6655,#6656,$) ;
#6676=AXIS2_PLACEMENT_3D('Circle Axis2P3D',#6674,#6675,$) ;
#6688=AXIS2_PLACEMENT_3D('Circle Axis2P3D',#6686,#6687,$) ;
#6701=AXIS2_PLACEMENT_3D('Torus Axis2P3D',#6698,#6699,#6700) ;
#6705=AXIS2_PLACEMENT_3D('Circle Axis2P3D',#6703,#6704,$) ;
#6714=AXIS2_PLACEMENT_3D('Circle Axis2P3D',#6712,#6713,$) ;
#6721=AXIS2_PLACEMENT_3D('Circle Axis2P3D',#6719,#6720,$) ;
#6728=AXIS2_PLACEMENT_3D('Circle Axis2P3D',#6726,#6727,$) ;
#6741=AXIS2_PLACEMENT_3D('Torus Axis2P3D',#6738,#6739,#6740) ;
#6745=AXIS2_PLACEMENT_3D('Circle Axis2P3D',#6743,#6744,$) ;
#6750=AXIS2_PLACEMENT_3D('Circle Axis2P3D',#6748,#6749,$) ;
#6763=AXIS2_PLACEMENT_3D('Plane Axis2P3D',#6760,#6761,#6762) ;
#6767=AXIS2_PLACEMENT_3D('Circle Axis2P3D',#6765,#6766,$) ;
#6776=AXIS2_PLACEMENT_3D('Circle Axis2P3D',#6774,#6775,$) ;
#6787=AXIS2_PLACEMENT_3D('Cylinder Axis2P3D',#6784,#6785,#6786) ;
#6805=AXIS2_PLACEMENT_3D('Circle Axis2P3D',#6803,#6804,$) ;
#6817=AXIS2_PLACEMENT_3D('Circle Axis2P3D',#6815,#6816,$) ;
#6830=AXIS2_PLACEMENT_3D('Torus Axis2P3D',#6827,#6828,#6829) ;
#6834=AXIS2_PLACEMENT_3D('Circle Axis2P3D',#6832,#6833,$) ;
#6839=AXIS2_PLACEMENT_3D('Circle Axis2P3D',#6837,#6838,$) ;
#6852=AXIS2_PLACEMENT_3D('Torus Axis2P3D',#6849,#6850,#6851) ;
#6864=AXIS2_PLACEMENT_3D('Plane Axis2P3D',#6861,#6862,#6863) ;
#6868=AXIS2_PLACEMENT_3D('Circle Axis2P3D',#6866,#6867,$) ;
#6877=AXIS2_PLACEMENT_3D('Circle Axis2P3D',#6875,#6876,$) ;
#6888=AXIS2_PLACEMENT_3D('Torus Axis2P3D',#6885,#6886,#6887) ;
#6892=AXIS2_PLACEMENT_3D('Circle Axis2P3D',#6890,#6891,$) ;
#6899=AXIS2_PLACEMENT_3D('Circle Axis2P3D',#6897,#6898,$) ;
#6906=AXIS2_PLACEMENT_3D('Circle Axis2P3D',#6904,#6905,$) ;
#6919=AXIS2_PLACEMENT_3D('Torus Axis2P3D',#6916,#6917,#6918) ;
#6923=AXIS2_PLACEMENT_3D('Circle Axis2P3D',#6921,#6922,$) ;
#6949=AXIS2_PLACEMENT_3D('Circle Axis2P3D',#6947,#6948,$) ;
#6961=AXIS2_PLACEMENT_3D('Circle Axis2P3D',#6959,#6960,$) ;
#6974=AXIS2_PLACEMENT_3D('Torus Axis2P3D',#6971,#6972,#6973) ;
#6978=AXIS2_PLACEMENT_3D('Circle Axis2P3D',#6976,#6977,$) ;
#6985=AXIS2_PLACEMENT_3D('Circle Axis2P3D',#6983,#6984,$) ;
#6992=AXIS2_PLACEMENT_3D('Circle Axis2P3D',#6990,#6991,$) ;
#7005=AXIS2_PLACEMENT_3D('Torus Axis2P3D',#7002,#7003,#7004) ;
#7009=AXIS2_PLACEMENT_3D('Circle Axis2P3D',#7007,#7008,$) ;
#7022=AXIS2_PLACEMENT_3D('Plane Axis2P3D',#7019,#7020,#7021) ;
#7026=AXIS2_PLACEMENT_3D('Circle Axis2P3D',#7024,#7025,$) ;
#7042=AXIS2_PLACEMENT_3D('Circle Axis2P3D',#7040,#7041,$) ;
#7056=AXIS2_PLACEMENT_3D('Circle Axis2P3D',#7054,#7055,$) ;
#7070=AXIS2_PLACEMENT_3D('Circle Axis2P3D',#7068,#7069,$) ;
#7094=AXIS2_PLACEMENT_3D('Cylinder Axis2P3D',#7091,#7092,#7093) ;
#7112=AXIS2_PLACEMENT_3D('Circle Axis2P3D',#7110,#7111,$) ;
#7125=AXIS2_PLACEMENT_3D('Cylinder Axis2P3D',#7122,#7123,#7124) ;
#7136=AXIS2_PLACEMENT_3D('Circle Axis2P3D',#7134,#7135,$) ;
#7149=AXIS2_PLACEMENT_3D('Plane Axis2P3D',#7146,#7147,#7148) ;
#7162=AXIS2_PLACEMENT_3D('Circle Axis2P3D',#7160,#7161,$) ;
#7169=AXIS2_PLACEMENT_3D('Circle Axis2P3D',#7167,#7168,$) ;
#7183=AXIS2_PLACEMENT_3D('Circle Axis2P3D',#7181,#7182,$) ;
#7201=AXIS2_PLACEMENT_3D('Torus Axis2P3D',#7198,#7199,#7200) ;
#7205=AXIS2_PLACEMENT_3D('Circle Axis2P3D',#7203,#7204,$) ;
#7212=AXIS2_PLACEMENT_3D('Circle Axis2P3D',#7210,#7211,$) ;
#7219=AXIS2_PLACEMENT_3D('Circle Axis2P3D',#7217,#7218,$) ;
#7232=AXIS2_PLACEMENT_3D('Cylinder Axis2P3D',#7229,#7230,#7231) ;
#7236=AXIS2_PLACEMENT_3D('Circle Axis2P3D',#7234,#7235,$) ;
#7254=AXIS2_PLACEMENT_3D('Cylinder Axis2P3D',#7251,#7252,#7253) ;
#7258=AXIS2_PLACEMENT_3D('Circle Axis2P3D',#7256,#7257,$) ;
#7276=AXIS2_PLACEMENT_3D('Torus Axis2P3D',#7273,#7274,#7275) ;
#7290=AXIS2_PLACEMENT_3D('Cylinder Axis2P3D',#7287,#7288,#7289) ;
#7308=AXIS2_PLACEMENT_3D('Circle Axis2P3D',#7306,#7307,$) ;
#7321=AXIS2_PLACEMENT_3D('Cylinder Axis2P3D',#7318,#7319,#7320) ;
#7332=AXIS2_PLACEMENT_3D('Circle Axis2P3D',#7330,#7331,$) ;
#7345=AXIS2_PLACEMENT_3D('Plane Axis2P3D',#7342,#7343,#7344) ;
#7349=AXIS2_PLACEMENT_3D('Circle Axis2P3D',#7347,#7348,$) ;
#7365=AXIS2_PLACEMENT_3D('Circle Axis2P3D',#7363,#7364,$) ;
#7379=AXIS2_PLACEMENT_3D('Circle Axis2P3D',#7377,#7378,$) ;
#7397=AXIS2_PLACEMENT_3D('Plane Axis2P3D',#7394,#7395,#7396) ;
#7448=AXIS2_PLACEMENT_3D('Plane Axis2P3D',#7445,#7446,#7447) ;
#7499=AXIS2_PLACEMENT_3D('Cylinder Axis2P3D',#7496,#7497,#7498) ;
#7503=AXIS2_PLACEMENT_3D('Circle Axis2P3D',#7501,#7502,$) ;
#7508=AXIS2_PLACEMENT_3D('Circle Axis2P3D',#7506,#7507,$) ;
#7521=AXIS2_PLACEMENT_3D('Torus Axis2P3D',#7518,#7519,#7520) ;
#7525=AXIS2_PLACEMENT_3D('Circle Axis2P3D',#7523,#7524,$) ;
#7530=AXIS2_PLACEMENT_3D('Circle Axis2P3D',#7528,#7529,$) ;
#7543=AXIS2_PLACEMENT_3D('Cylinder Axis2P3D',#7540,#7541,#7542) ;
#7547=AXIS2_PLACEMENT_3D('Circle Axis2P3D',#7545,#7546,$) ;
#7560=AXIS2_PLACEMENT_3D('Torus Axis2P3D',#7557,#7558,#7559) ;
#7574=AXIS2_PLACEMENT_3D('Cylinder Axis2P3D',#7571,#7572,#7573) ;
#7607=AXIS2_PLACEMENT_3D('Plane Axis2P3D',#7604,#7605,#7606) ;
#7618=AXIS2_PLACEMENT_3D('Circle Axis2P3D',#7616,#7617,$) ;
#7635=AXIS2_PLACEMENT_3D('Cylinder Axis2P3D',#7632,#7633,#7634) ;
#7658=AXIS2_PLACEMENT_3D('Cylinder Axis2P3D',#7655,#7656,#7657) ;
#7678=AXIS2_PLACEMENT_3D('Circle Axis2P3D',#7676,#7677,$) ;
#7775=AXIS2_PLACEMENT_3D('Torus Axis2P3D',#7772,#7773,#7774) ;
#7779=AXIS2_PLACEMENT_3D('Circle Axis2P3D',#7777,#7778,$) ;
#7853=AXIS2_PLACEMENT_3D('Cylinder Axis2P3D',#7850,#7851,#7852) ;
#7883=AXIS2_PLACEMENT_3D('Plane Axis2P3D',#7880,#7881,#7882) ;
#7887=AXIS2_PLACEMENT_3D('Circle Axis2P3D',#7885,#7886,$) ;
#7911=AXIS2_PLACEMENT_3D('Cylinder Axis2P3D',#7908,#7909,#7910) ;
#7937=AXIS2_PLACEMENT_3D('Cylinder Axis2P3D',#7934,#7935,#7936) ;
#7957=AXIS2_PLACEMENT_3D('Circle Axis2P3D',#7955,#7956,$) ;
#8054=AXIS2_PLACEMENT_3D('Torus Axis2P3D',#8051,#8052,#8053) ;
#8058=AXIS2_PLACEMENT_3D('Circle Axis2P3D',#8056,#8057,$) ;
#8137=AXIS2_PLACEMENT_3D(' ',#8140,#8144,#8143) ;
#8138=AXIS2_PLACEMENT_3D(' ',#8139,#8142,#8141) ;
#8152=AXIS2_PLACEMENT_3D(' ',#8155,#8159,#8158) ;
#8153=AXIS2_PLACEMENT_3D(' ',#8154,#8157,#8156) ;
#8167=AXIS2_PLACEMENT_3D(' ',#8170,#8174,#8173) ;
#8168=AXIS2_PLACEMENT_3D(' ',#8169,#8172,#8171) ;
#8182=AXIS2_PLACEMENT_3D(' ',#8185,#8189,#8188) ;
#8183=AXIS2_PLACEMENT_3D(' ',#8184,#8187,#8186) ;
#8204=AXIS2_PLACEMENT_3D('Plane Axis2P3D',#8201,#8202,#8203) ;
#8244=AXIS2_PLACEMENT_3D('Plane Axis2P3D',#8241,#8242,#8243) ;
#8248=AXIS2_PLACEMENT_3D('Circle Axis2P3D',#8246,#8247,$) ;
#8257=AXIS2_PLACEMENT_3D('Circle Axis2P3D',#8255,#8256,$) ;
#8281=AXIS2_PLACEMENT_3D('Circle Axis2P3D',#8279,#8280,$) ;
#8290=AXIS2_PLACEMENT_3D('Circle Axis2P3D',#8288,#8289,$) ;
#8301=AXIS2_PLACEMENT_3D('Plane Axis2P3D',#8298,#8299,#8300) ;
#8305=AXIS2_PLACEMENT_3D('Circle Axis2P3D',#8303,#8304,$) ;
#8326=AXIS2_PLACEMENT_3D('Circle Axis2P3D',#8324,#8325,$) ;
#8338=AXIS2_PLACEMENT_3D('Circle Axis2P3D',#8336,#8337,$) ;
#8347=AXIS2_PLACEMENT_3D('Circle Axis2P3D',#8345,#8346,$) ;
#8358=AXIS2_PLACEMENT_3D('Cylinder Axis2P3D',#8355,#8356,#8357) ;
#8369=AXIS2_PLACEMENT_3D('Circle Axis2P3D',#8367,#8368,$) ;
#8395=AXIS2_PLACEMENT_3D('Circle Axis2P3D',#8393,#8394,$) ;
#8414=AXIS2_PLACEMENT_3D('Circle Axis2P3D',#8412,#8413,$) ;
#8426=AXIS2_PLACEMENT_3D('Circle Axis2P3D',#8424,#8425,$) ;
#8438=AXIS2_PLACEMENT_3D('Circle Axis2P3D',#8436,#8437,$) ;
#8474=AXIS2_PLACEMENT_3D('Circle Axis2P3D',#8472,#8473,$) ;
#8493=AXIS2_PLACEMENT_3D('Cylinder Axis2P3D',#8490,#8491,#8492) ;
#8511=AXIS2_PLACEMENT_3D('Circle Axis2P3D',#8509,#8510,$) ;
#8524=AXIS2_PLACEMENT_3D('Cylinder Axis2P3D',#8521,#8522,#8523) ;
#8535=AXIS2_PLACEMENT_3D('Circle Axis2P3D',#8533,#8534,$) ;
#8548=AXIS2_PLACEMENT_3D('Plane Axis2P3D',#8545,#8546,#8547) ;
#8561=AXIS2_PLACEMENT_3D('Circle Axis2P3D',#8559,#8560,$) ;
#8568=AXIS2_PLACEMENT_3D('Circle Axis2P3D',#8566,#8567,$) ;
#8582=AXIS2_PLACEMENT_3D('Circle Axis2P3D',#8580,#8581,$) ;
#8600=AXIS2_PLACEMENT_3D('Cylinder Axis2P3D',#8597,#8598,#8599) ;
#8611=AXIS2_PLACEMENT_3D('Circle Axis2P3D',#8609,#8610,$) ;
#8618=AXIS2_PLACEMENT_3D('Circle Axis2P3D',#8616,#8617,$) ;
#8625=AXIS2_PLACEMENT_3D('Circle Axis2P3D',#8623,#8624,$) ;
#8649=AXIS2_PLACEMENT_3D('Circle Axis2P3D',#8647,#8648,$) ;
#8666=AXIS2_PLACEMENT_3D('Torus Axis2P3D',#8663,#8664,#8665) ;
#8670=AXIS2_PLACEMENT_3D('Circle Axis2P3D',#8668,#8669,$) ;
#8675=AXIS2_PLACEMENT_3D('Circle Axis2P3D',#8673,#8674,$) ;
#8688=AXIS2_PLACEMENT_3D('Cylinder Axis2P3D',#8685,#8686,#8687) ;
#8692=AXIS2_PLACEMENT_3D('Circle Axis2P3D',#8690,#8691,$) ;
#8710=AXIS2_PLACEMENT_3D('Cylinder Axis2P3D',#8707,#8708,#8709) ;
#8714=AXIS2_PLACEMENT_3D('Circle Axis2P3D',#8712,#8713,$) ;
#8732=AXIS2_PLACEMENT_3D('Torus Axis2P3D',#8729,#8730,#8731) ;
#8746=AXIS2_PLACEMENT_3D('Cylinder Axis2P3D',#8743,#8744,#8745) ;
#8764=AXIS2_PLACEMENT_3D('Circle Axis2P3D',#8762,#8763,$) ;
#8777=AXIS2_PLACEMENT_3D('Cylinder Axis2P3D',#8774,#8775,#8776) ;
#8788=AXIS2_PLACEMENT_3D('Circle Axis2P3D',#8786,#8787,$) ;
#8801=AXIS2_PLACEMENT_3D('Plane Axis2P3D',#8798,#8799,#8800) ;
#8805=AXIS2_PLACEMENT_3D('Circle Axis2P3D',#8803,#8804,$) ;
#8821=AXIS2_PLACEMENT_3D('Circle Axis2P3D',#8819,#8820,$) ;
#8835=AXIS2_PLACEMENT_3D('Circle Axis2P3D',#8833,#8834,$) ;
#8853=AXIS2_PLACEMENT_3D('Cylinder Axis2P3D',#8850,#8851,#8852) ;
#8876=AXIS2_PLACEMENT_3D('Circle Axis2P3D',#8874,#8875,$) ;
#8883=AXIS2_PLACEMENT_3D('Circle Axis2P3D',#8881,#8882,$) ;
#8890=AXIS2_PLACEMENT_3D('Circle Axis2P3D',#8888,#8889,$) ;
#8902=AXIS2_PLACEMENT_3D('Circle Axis2P3D',#8900,#8901,$) ;
#8919=AXIS2_PLACEMENT_3D('Plane Axis2P3D',#8916,#8917,#8918) ;
#9041=AXIS2_PLACEMENT_3D('Cylinder Axis2P3D',#9038,#9039,#9040) ;
#9045=AXIS2_PLACEMENT_3D('Circle Axis2P3D',#9043,#9044,$) ;
#9050=AXIS2_PLACEMENT_3D('Circle Axis2P3D',#9048,#9049,$) ;
#9063=AXIS2_PLACEMENT_3D('Torus Axis2P3D',#9060,#9061,#9062) ;
#9067=AXIS2_PLACEMENT_3D('Circle Axis2P3D',#9065,#9066,$) ;
#9080=AXIS2_PLACEMENT_3D('Cylinder Axis2P3D',#9077,#9078,#9079) ;
#9084=AXIS2_PLACEMENT_3D('Circle Axis2P3D',#9082,#9083,$) ;
#9102=AXIS2_PLACEMENT_3D('Torus Axis2P3D',#9099,#9100,#9101) ;
#9116=AXIS2_PLACEMENT_3D('Cylinder Axis2P3D',#9113,#9114,#9115) ;
#9134=AXIS2_PLACEMENT_3D('Circle Axis2P3D',#9132,#9133,$) ;
#9150=AXIS2_PLACEMENT_3D('Plane Axis2P3D',#9147,#9148,#9149) ;
#9174=AXIS2_PLACEMENT_3D('Cylinder Axis2P3D',#9171,#9172,#9173) ;
#9185=AXIS2_PLACEMENT_3D('Circle Axis2P3D',#9183,#9184,$) ;
#9221=AXIS2_PLACEMENT_3D('Cylinder Axis2P3D',#9218,#9219,#9220) ;
#9232=AXIS2_PLACEMENT_3D('Circle Axis2P3D',#9230,#9231,$) ;
#9265=AXIS2_PLACEMENT_3D('Plane Axis2P3D',#9262,#9263,#9264) ;
#9305=AXIS2_PLACEMENT_3D('Cylinder Axis2P3D',#9302,#9303,#9304) ;
#9316=AXIS2_PLACEMENT_3D('Circle Axis2P3D',#9314,#9315,$) ;
#9329=AXIS2_PLACEMENT_3D('Plane Axis2P3D',#9326,#9327,#9328) ;
#9354=AXIS2_PLACEMENT_3D('Cylinder Axis2P3D',#9351,#9352,#9353) ;
#9358=AXIS2_PLACEMENT_3D('Circle Axis2P3D',#9356,#9357,$) ;
#9363=AXIS2_PLACEMENT_3D('Circle Axis2P3D',#9361,#9362,$) ;
#9376=AXIS2_PLACEMENT_3D('Sphere Axis2P3D',#9373,#9374,#9375) ;
#9380=AXIS2_PLACEMENT_3D('Circle Axis2P3D',#9378,#9379,$) ;
#9392=AXIS2_PLACEMENT_3D('Cylinder Axis2P3D',#9389,#9390,#9391) ;
#9396=AXIS2_PLACEMENT_3D('Circle Axis2P3D',#9394,#9395,$) ;
#9409=AXIS2_PLACEMENT_3D('Sphere Axis2P3D',#9406,#9407,#9408) ;
#9413=AXIS2_PLACEMENT_3D('Circle Axis2P3D',#9411,#9412,$) ;
#9425=AXIS2_PLACEMENT_3D('Cylinder Axis2P3D',#9422,#9423,#9424) ;
#9429=AXIS2_PLACEMENT_3D('Circle Axis2P3D',#9427,#9428,$) ;
#9442=AXIS2_PLACEMENT_3D('Sphere Axis2P3D',#9439,#9440,#9441) ;
#9446=AXIS2_PLACEMENT_3D('Circle Axis2P3D',#9444,#9445,$) ;
#9458=AXIS2_PLACEMENT_3D('Cylinder Axis2P3D',#9455,#9456,#9457) ;
#9462=AXIS2_PLACEMENT_3D('Circle Axis2P3D',#9460,#9461,$) ;
#9475=AXIS2_PLACEMENT_3D('Sphere Axis2P3D',#9472,#9473,#9474) ;
#9491=AXIS2_PLACEMENT_3D(' ',#9494,#9498,#9497) ;
#9492=AXIS2_PLACEMENT_3D(' ',#9493,#9496,#9495) ;
#9506=AXIS2_PLACEMENT_3D(' ',#9509,#9513,#9512) ;
#9507=AXIS2_PLACEMENT_3D(' ',#9508,#9511,#9510) ;
#9521=AXIS2_PLACEMENT_3D(' ',#9524,#9528,#9527) ;
#9522=AXIS2_PLACEMENT_3D(' ',#9523,#9526,#9525) ;
#9536=AXIS2_PLACEMENT_3D(' ',#9539,#9543,#9542) ;
#9537=AXIS2_PLACEMENT_3D(' ',#9538,#9541,#9540) ;
#45=PRODUCT_DEFINITION_SHAPE(' ',' ',#17) ;
#61=PRODUCT_DEFINITION_SHAPE(' ',' ',#58) ;
#680=PRODUCT_DEFINITION_SHAPE(' ',' ',#679) ;
#701=PRODUCT_DEFINITION_SHAPE(' ',' ',#698) ;
#849=PRODUCT_DEFINITION_SHAPE(' ',' ',#848) ;
#870=PRODUCT_DEFINITION_SHAPE(' ',' ',#867) ;
#2082=PRODUCT_DEFINITION_SHAPE(' ',' ',#2081) ;
#2103=PRODUCT_DEFINITION_SHAPE(' ',' ',#2100) ;
#3147=PRODUCT_DEFINITION_SHAPE(' ',' ',#3146) ;
#3162=PRODUCT_DEFINITION_SHAPE(' ',' ',#3161) ;
#3183=PRODUCT_DEFINITION_SHAPE(' ',' ',#3180) ;
#3509=PRODUCT_DEFINITION_SHAPE(' ',' ',#3508) ;
#3530=PRODUCT_DEFINITION_SHAPE(' ',' ',#3527) ;
#6440=PRODUCT_DEFINITION_SHAPE(' ',' ',#6439) ;
#6461=PRODUCT_DEFINITION_SHAPE(' ',' ',#6458) ;
#8133=PRODUCT_DEFINITION_SHAPE(' ',' ',#8132) ;
#8148=PRODUCT_DEFINITION_SHAPE(' ',' ',#8147) ;
#8163=PRODUCT_DEFINITION_SHAPE(' ',' ',#8162) ;
#8178=PRODUCT_DEFINITION_SHAPE(' ',' ',#8177) ;
#8199=PRODUCT_DEFINITION_SHAPE(' ',' ',#8196) ;
#9487=PRODUCT_DEFINITION_SHAPE(' ',' ',#9486) ;
#9502=PRODUCT_DEFINITION_SHAPE(' ',' ',#9501) ;
#9517=PRODUCT_DEFINITION_SHAPE(' ',' ',#9516) ;
#9532=PRODUCT_DEFINITION_SHAPE(' ',' ',#9531) ;
#34=APPROVAL_PERSON_ORGANIZATION(#28,#24,#22) ;
#28=PERSON_AND_ORGANIZATION(#25,#26) ;
#25=PERSON(' ',' ',' ',$,$,$) ;
#26=ORGANIZATION(' ',' ',' ') ;
#24=APPROVAL(#23,' ') ;
#23=APPROVAL_STATUS('not_yet_approved') ;
#22=APPROVAL_ROLE('APPROVER') ;
#13=DATE_AND_TIME(#11,#12) ;
#12=LOCAL_TIME(22,3,6.,#10) ;
#10=COORDINATED_UNIVERSAL_TIME_OFFSET(0,0,.AHEAD.) ;
#97=ORIENTED_EDGE('',*,*,#76,.F.) ;
#98=ORIENTED_EDGE('',*,*,#83,.T.) ;
#99=ORIENTED_EDGE('',*,*,#90,.T.) ;
#100=ORIENTED_EDGE('',*,*,#95,.F.) ;
#114=ORIENTED_EDGE('',*,*,#90,.F.) ;
#115=ORIENTED_EDGE('',*,*,#107,.T.) ;
#116=ORIENTED_EDGE('',*,*,#76,.T.) ;
#117=ORIENTED_EDGE('',*,*,#112,.F.) ;
#126=ORIENTED_EDGE('',*,*,#95,.T.) ;
#127=ORIENTED_EDGE('',*,*,#112,.T.) ;
#164=ORIENTED_EDGE('',*,*,#143,.T.) ;
#165=ORIENTED_EDGE('',*,*,#150,.F.) ;
#166=ORIENTED_EDGE('',*,*,#157,.F.) ;
#167=ORIENTED_EDGE('',*,*,#162,.T.) ;
#181=ORIENTED_EDGE('',*,*,#174,.T.) ;
#182=ORIENTED_EDGE('',*,*,#162,.F.) ;
#183=ORIENTED_EDGE('',*,*,#179,.F.) ;
#184=ORIENTED_EDGE('',*,*,#150,.T.) ;
#193=ORIENTED_EDGE('',*,*,#157,.T.) ;
#194=ORIENTED_EDGE('',*,*,#179,.T.) ;
#197=ORIENTED_EDGE('',*,*,#107,.F.) ;
#198=ORIENTED_EDGE('',*,*,#83,.F.) ;
#207=ORIENTED_EDGE('',*,*,#174,.F.) ;
#208=ORIENTED_EDGE('',*,*,#143,.F.) ;
#239=ORIENTED_EDGE('',*,*,#218,.F.) ;
#240=ORIENTED_EDGE('',*,*,#225,.T.) ;
#241=ORIENTED_EDGE('',*,*,#232,.T.) ;
#242=ORIENTED_EDGE('',*,*,#237,.T.) ;
#273=ORIENTED_EDGE('',*,*,#252,.T.) ;
#274=ORIENTED_EDGE('',*,*,#259,.T.) ;
#275=ORIENTED_EDGE('',*,*,#266,.T.) ;
#276=ORIENTED_EDGE('',*,*,#271,.F.) ;
#313=ORIENTED_EDGE('',*,*,#292,.F.) ;
#314=ORIENTED_EDGE('',*,*,#299,.T.) ;
#315=ORIENTED_EDGE('',*,*,#306,.T.) ;
#316=ORIENTED_EDGE('',*,*,#311,.F.) ;
#348=ORIENTED_EDGE('',*,*,#327,.T.) ;
#349=ORIENTED_EDGE('',*,*,#334,.T.) ;
#350=ORIENTED_EDGE('',*,*,#341,.F.) ;
#351=ORIENTED_EDGE('',*,*,#346,.F.) ;
#365=ORIENTED_EDGE('',*,*,#306,.F.) ;
#366=ORIENTED_EDGE('',*,*,#358,.T.) ;
#367=ORIENTED_EDGE('',*,*,#292,.T.) ;
#368=ORIENTED_EDGE('',*,*,#363,.F.) ;
#382=ORIENTED_EDGE('',*,*,#341,.T.) ;
#383=ORIENTED_EDGE('',*,*,#375,.T.) ;
#384=ORIENTED_EDGE('',*,*,#327,.F.) ;
#385=ORIENTED_EDGE('',*,*,#380,.F.) ;
#413=ORIENTED_EDGE('',*,*,#401,.T.) ;
#414=ORIENTED_EDGE('',*,*,#406,.F.) ;
#415=ORIENTED_EDGE('',*,*,#252,.F.) ;
#416=ORIENTED_EDGE('',*,*,#411,.T.) ;
#444=ORIENTED_EDGE('',*,*,#430,.T.) ;
#445=ORIENTED_EDGE('',*,*,#401,.F.) ;
#446=ORIENTED_EDGE('',*,*,#437,.T.) ;
#447=ORIENTED_EDGE('',*,*,#442,.F.) ;
#475=ORIENTED_EDGE('',*,*,#463,.T.) ;
#476=ORIENTED_EDGE('',*,*,#468,.F.) ;
#477=ORIENTED_EDGE('',*,*,#266,.F.) ;
#478=ORIENTED_EDGE('',*,*,#473,.T.) ;
#492=ORIENTED_EDGE('',*,*,#490,.F.) ;
#493=ORIENTED_EDGE('',*,*,#473,.F.) ;
#494=ORIENTED_EDGE('',*,*,#259,.F.) ;
#495=ORIENTED_EDGE('',*,*,#406,.T.) ;
#496=ORIENTED_EDGE('',*,*,#430,.F.) ;
#499=ORIENTED_EDGE('',*,*,#363,.T.) ;
#500=ORIENTED_EDGE('',*,*,#311,.T.) ;
#514=ORIENTED_EDGE('',*,*,#437,.F.) ;
#515=ORIENTED_EDGE('',*,*,#411,.F.) ;
#516=ORIENTED_EDGE('',*,*,#271,.T.) ;
#517=ORIENTED_EDGE('',*,*,#468,.T.) ;
#518=ORIENTED_EDGE('',*,*,#512,.F.) ;
#521=ORIENTED_EDGE('',*,*,#299,.F.) ;
#522=ORIENTED_EDGE('',*,*,#358,.F.) ;
#531=ORIENTED_EDGE('',*,*,#512,.T.) ;
#532=ORIENTED_EDGE('',*,*,#463,.F.) ;
#533=ORIENTED_EDGE('',*,*,#490,.T.) ;
#534=ORIENTED_EDGE('',*,*,#442,.T.) ;
#557=ORIENTED_EDGE('',*,*,#545,.T.) ;
#558=ORIENTED_EDGE('',*,*,#550,.F.) ;
#559=ORIENTED_EDGE('',*,*,#225,.F.) ;
#560=ORIENTED_EDGE('',*,*,#555,.T.) ;
#588=ORIENTED_EDGE('',*,*,#574,.T.) ;
#589=ORIENTED_EDGE('',*,*,#545,.F.) ;
#590=ORIENTED_EDGE('',*,*,#581,.T.) ;
#591=ORIENTED_EDGE('',*,*,#586,.F.) ;
#614=ORIENTED_EDGE('',*,*,#602,.T.) ;
#615=ORIENTED_EDGE('',*,*,#607,.F.) ;
#616=ORIENTED_EDGE('',*,*,#237,.F.) ;
#617=ORIENTED_EDGE('',*,*,#612,.T.) ;
#631=ORIENTED_EDGE('',*,*,#629,.F.) ;
#632=ORIENTED_EDGE('',*,*,#612,.F.) ;
#633=ORIENTED_EDGE('',*,*,#232,.F.) ;
#634=ORIENTED_EDGE('',*,*,#550,.T.) ;
#635=ORIENTED_EDGE('',*,*,#574,.F.) ;
#638=ORIENTED_EDGE('',*,*,#380,.T.) ;
#639=ORIENTED_EDGE('',*,*,#346,.T.) ;
#653=ORIENTED_EDGE('',*,*,#581,.F.) ;
#654=ORIENTED_EDGE('',*,*,#555,.F.) ;
#655=ORIENTED_EDGE('',*,*,#218,.T.) ;
#656=ORIENTED_EDGE('',*,*,#607,.T.) ;
#657=ORIENTED_EDGE('',*,*,#651,.F.) ;
#660=ORIENTED_EDGE('',*,*,#334,.F.) ;
#661=ORIENTED_EDGE('',*,*,#375,.F.) ;
#670=ORIENTED_EDGE('',*,*,#651,.T.) ;
#671=ORIENTED_EDGE('',*,*,#602,.F.) ;
#672=ORIENTED_EDGE('',*,*,#629,.T.) ;
#673=ORIENTED_EDGE('',*,*,#586,.T.) ;
#737=ORIENTED_EDGE('',*,*,#716,.F.) ;
#738=ORIENTED_EDGE('',*,*,#723,.T.) ;
#739=ORIENTED_EDGE('',*,*,#730,.T.) ;
#740=ORIENTED_EDGE('',*,*,#735,.F.) ;
#754=ORIENTED_EDGE('',*,*,#730,.F.) ;
#755=ORIENTED_EDGE('',*,*,#747,.T.) ;
#756=ORIENTED_EDGE('',*,*,#716,.T.) ;
#757=ORIENTED_EDGE('',*,*,#752,.F.) ;
#766=ORIENTED_EDGE('',*,*,#747,.F.) ;
#767=ORIENTED_EDGE('',*,*,#723,.F.) ;
#784=ORIENTED_EDGE('',*,*,#777,.T.) ;
#785=ORIENTED_EDGE('',*,*,#782,.T.) ;
#794=ORIENTED_EDGE('',*,*,#735,.T.) ;
#795=ORIENTED_EDGE('',*,*,#752,.T.) ;
#812=ORIENTED_EDGE('',*,*,#805,.F.) ;
#813=ORIENTED_EDGE('',*,*,#810,.F.) ;
#832=ORIENTED_EDGE('',*,*,#825,.T.) ;
#833=ORIENTED_EDGE('',*,*,#782,.F.) ;
#834=ORIENTED_EDGE('',*,*,#830,.F.) ;
#835=ORIENTED_EDGE('',*,*,#805,.T.) ;
#839=ORIENTED_EDGE('',*,*,#830,.T.) ;
#840=ORIENTED_EDGE('',*,*,#777,.F.) ;
#841=ORIENTED_EDGE('',*,*,#825,.F.) ;
#842=ORIENTED_EDGE('',*,*,#810,.T.) ;
#906=ORIENTED_EDGE('',*,*,#885,.F.) ;
#907=ORIENTED_EDGE('',*,*,#892,.T.) ;
#908=ORIENTED_EDGE('',*,*,#899,.T.) ;
#909=ORIENTED_EDGE('',*,*,#904,.F.) ;
#937=ORIENTED_EDGE('',*,*,#899,.F.) ;
#938=ORIENTED_EDGE('',*,*,#923,.T.) ;
#939=ORIENTED_EDGE('',*,*,#930,.T.) ;
#940=ORIENTED_EDGE('',*,*,#935,.F.) ;
#968=ORIENTED_EDGE('',*,*,#930,.F.) ;
#969=ORIENTED_EDGE('',*,*,#954,.T.) ;
#970=ORIENTED_EDGE('',*,*,#961,.T.) ;
#971=ORIENTED_EDGE('',*,*,#966,.F.) ;
#990=ORIENTED_EDGE('',*,*,#961,.F.) ;
#991=ORIENTED_EDGE('',*,*,#983,.T.) ;
#992=ORIENTED_EDGE('',*,*,#885,.T.) ;
#993=ORIENTED_EDGE('',*,*,#988,.F.) ;
#1030=ORIENTED_EDGE('',*,*,#1009,.T.) ;
#1031=ORIENTED_EDGE('',*,*,#1016,.F.) ;
#1032=ORIENTED_EDGE('',*,*,#1023,.F.) ;
#1033=ORIENTED_EDGE('',*,*,#1028,.T.) ;
#1061=ORIENTED_EDGE('',*,*,#1047,.T.) ;
#1062=ORIENTED_EDGE('',*,*,#1028,.F.) ;
#1063=ORIENTED_EDGE('',*,*,#1054,.F.) ;
#1064=ORIENTED_EDGE('',*,*,#1059,.T.) ;
#1092=ORIENTED_EDGE('',*,*,#1078,.T.) ;
#1093=ORIENTED_EDGE('',*,*,#1059,.F.) ;
#1094=ORIENTED_EDGE('',*,*,#1085,.F.) ;
#1095=ORIENTED_EDGE('',*,*,#1090,.T.) ;
#1114=ORIENTED_EDGE('',*,*,#1107,.T.) ;
#1115=ORIENTED_EDGE('',*,*,#1090,.F.) ;
#1116=ORIENTED_EDGE('',*,*,#1112,.F.) ;
#1117=ORIENTED_EDGE('',*,*,#1016,.T.) ;
#1126=ORIENTED_EDGE('',*,*,#983,.F.) ;
#1127=ORIENTED_EDGE('',*,*,#954,.F.) ;
#1128=ORIENTED_EDGE('',*,*,#923,.F.) ;
#1129=ORIENTED_EDGE('',*,*,#892,.F.) ;
#1132=ORIENTED_EDGE('',*,*,#1112,.T.) ;
#1133=ORIENTED_EDGE('',*,*,#1085,.T.) ;
#1134=ORIENTED_EDGE('',*,*,#1054,.T.) ;
#1135=ORIENTED_EDGE('',*,*,#1023,.T.) ;
#1152=ORIENTED_EDGE('',*,*,#1145,.T.) ;
#1153=ORIENTED_EDGE('',*,*,#1150,.T.) ;
#1170=ORIENTED_EDGE('',*,*,#1163,.T.) ;
#1171=ORIENTED_EDGE('',*,*,#1168,.T.) ;
#1180=ORIENTED_EDGE('',*,*,#904,.T.) ;
#1181=ORIENTED_EDGE('',*,*,#935,.T.) ;
#1182=ORIENTED_EDGE('',*,*,#966,.T.) ;
#1183=ORIENTED_EDGE('',*,*,#988,.T.) ;
#1186=ORIENTED_EDGE('',*,*,#1009,.F.) ;
#1187=ORIENTED_EDGE('',*,*,#1047,.F.) ;
#1188=ORIENTED_EDGE('',*,*,#1078,.F.) ;
#1189=ORIENTED_EDGE('',*,*,#1107,.F.) ;
#1206=ORIENTED_EDGE('',*,*,#1199,.F.) ;
#1207=ORIENTED_EDGE('',*,*,#1204,.F.) ;
#1224=ORIENTED_EDGE('',*,*,#1217,.F.) ;
#1225=ORIENTED_EDGE('',*,*,#1222,.F.) ;
#1257=ORIENTED_EDGE('',*,*,#1236,.T.) ;
#1258=ORIENTED_EDGE('',*,*,#1243,.F.) ;
#1259=ORIENTED_EDGE('',*,*,#1250,.F.) ;
#1260=ORIENTED_EDGE('',*,*,#1255,.T.) ;
#1283=ORIENTED_EDGE('',*,*,#1269,.T.) ;
#1284=ORIENTED_EDGE('',*,*,#1276,.F.) ;
#1285=ORIENTED_EDGE('',*,*,#1281,.F.) ;
#1286=ORIENTED_EDGE('',*,*,#1243,.T.) ;
#1309=ORIENTED_EDGE('',*,*,#1295,.T.) ;
#1310=ORIENTED_EDGE('',*,*,#1302,.F.) ;
#1311=ORIENTED_EDGE('',*,*,#1307,.F.) ;
#1312=ORIENTED_EDGE('',*,*,#1276,.T.) ;
#1326=ORIENTED_EDGE('',*,*,#1319,.T.) ;
#1327=ORIENTED_EDGE('',*,*,#1255,.F.) ;
#1328=ORIENTED_EDGE('',*,*,#1324,.F.) ;
#1329=ORIENTED_EDGE('',*,*,#1302,.T.) ;
#1361=ORIENTED_EDGE('',*,*,#1340,.F.) ;
#1362=ORIENTED_EDGE('',*,*,#1347,.T.) ;
#1363=ORIENTED_EDGE('',*,*,#1354,.T.) ;
#1364=ORIENTED_EDGE('',*,*,#1359,.F.) ;
#1387=ORIENTED_EDGE('',*,*,#1375,.F.) ;
#1388=ORIENTED_EDGE('',*,*,#1380,.T.) ;
#1389=ORIENTED_EDGE('',*,*,#1340,.T.) ;
#1390=ORIENTED_EDGE('',*,*,#1385,.F.) ;
#1413=ORIENTED_EDGE('',*,*,#1401,.F.) ;
#1414=ORIENTED_EDGE('',*,*,#1406,.T.) ;
#1415=ORIENTED_EDGE('',*,*,#1375,.T.) ;
#1416=ORIENTED_EDGE('',*,*,#1411,.F.) ;
#1430=ORIENTED_EDGE('',*,*,#1354,.F.) ;
#1431=ORIENTED_EDGE('',*,*,#1423,.T.) ;
#1432=ORIENTED_EDGE('',*,*,#1401,.T.) ;
#1433=ORIENTED_EDGE('',*,*,#1428,.F.) ;
#1442=ORIENTED_EDGE('',*,*,#1250,.T.) ;
#1443=ORIENTED_EDGE('',*,*,#1281,.T.) ;
#1444=ORIENTED_EDGE('',*,*,#1307,.T.) ;
#1445=ORIENTED_EDGE('',*,*,#1324,.T.) ;
#1448=ORIENTED_EDGE('',*,*,#1347,.F.) ;
#1449=ORIENTED_EDGE('',*,*,#1380,.F.) ;
#1450=ORIENTED_EDGE('',*,*,#1406,.F.) ;
#1451=ORIENTED_EDGE('',*,*,#1423,.F.) ;
#1468=ORIENTED_EDGE('',*,*,#1461,.F.) ;
#1469=ORIENTED_EDGE('',*,*,#1466,.F.) ;
#1486=ORIENTED_EDGE('',*,*,#1479,.F.) ;
#1487=ORIENTED_EDGE('',*,*,#1484,.F.) ;
#1496=ORIENTED_EDGE('',*,*,#1319,.F.) ;
#1497=ORIENTED_EDGE('',*,*,#1295,.F.) ;
#1498=ORIENTED_EDGE('',*,*,#1269,.F.) ;
#1499=ORIENTED_EDGE('',*,*,#1236,.F.) ;
#1502=ORIENTED_EDGE('',*,*,#1428,.T.) ;
#1503=ORIENTED_EDGE('',*,*,#1411,.T.) ;
#1504=ORIENTED_EDGE('',*,*,#1385,.T.) ;
#1505=ORIENTED_EDGE('',*,*,#1359,.T.) ;
#1522=ORIENTED_EDGE('',*,*,#1515,.T.) ;
#1523=ORIENTED_EDGE('',*,*,#1520,.T.) ;
#1540=ORIENTED_EDGE('',*,*,#1533,.T.) ;
#1541=ORIENTED_EDGE('',*,*,#1538,.T.) ;
#1569=ORIENTED_EDGE('',*,*,#1555,.T.) ;
#1570=ORIENTED_EDGE('',*,*,#1562,.T.) ;
#1571=ORIENTED_EDGE('',*,*,#1567,.F.) ;
#1572=ORIENTED_EDGE('',*,*,#1520,.F.) ;
#1586=ORIENTED_EDGE('',*,*,#1579,.T.) ;
#1587=ORIENTED_EDGE('',*,*,#1461,.T.) ;
#1588=ORIENTED_EDGE('',*,*,#1584,.F.) ;
#1589=ORIENTED_EDGE('',*,*,#1150,.F.) ;
#1612=ORIENTED_EDGE('',*,*,#1598,.F.) ;
#1613=ORIENTED_EDGE('',*,*,#1605,.F.) ;
#1614=ORIENTED_EDGE('',*,*,#1610,.T.) ;
#1615=ORIENTED_EDGE('',*,*,#1199,.T.) ;
#1624=ORIENTED_EDGE('',*,*,#1567,.T.) ;
#1625=ORIENTED_EDGE('',*,*,#1622,.T.) ;
#1626=ORIENTED_EDGE('',*,*,#1555,.F.) ;
#1627=ORIENTED_EDGE('',*,*,#1515,.F.) ;
#1631=ORIENTED_EDGE('',*,*,#1584,.T.) ;
#1632=ORIENTED_EDGE('',*,*,#1466,.T.) ;
#1633=ORIENTED_EDGE('',*,*,#1579,.F.) ;
#1634=ORIENTED_EDGE('',*,*,#1145,.F.) ;
#1643=ORIENTED_EDGE('',*,*,#1610,.F.) ;
#1644=ORIENTED_EDGE('',*,*,#1641,.F.) ;
#1645=ORIENTED_EDGE('',*,*,#1598,.T.) ;
#1646=ORIENTED_EDGE('',*,*,#1204,.T.) ;
#1669=ORIENTED_EDGE('',*,*,#1662,.F.) ;
#1670=ORIENTED_EDGE('',*,*,#1667,.F.) ;
#1673=ORIENTED_EDGE('',*,*,#1641,.T.) ;
#1674=ORIENTED_EDGE('',*,*,#1605,.T.) ;
#1697=ORIENTED_EDGE('',*,*,#1690,.T.) ;
#1698=ORIENTED_EDGE('',*,*,#1695,.T.) ;
#1701=ORIENTED_EDGE('',*,*,#1562,.F.) ;
#1702=ORIENTED_EDGE('',*,*,#1622,.F.) ;
#1725=ORIENTED_EDGE('',*,*,#1718,.F.) ;
#1726=ORIENTED_EDGE('',*,*,#1723,.F.) ;
#1745=ORIENTED_EDGE('',*,*,#1738,.T.) ;
#1746=ORIENTED_EDGE('',*,*,#1723,.T.) ;
#1747=ORIENTED_EDGE('',*,*,#1743,.F.) ;
#1748=ORIENTED_EDGE('',*,*,#1695,.F.) ;
#1757=ORIENTED_EDGE('',*,*,#1743,.T.) ;
#1758=ORIENTED_EDGE('',*,*,#1718,.T.) ;
#1759=ORIENTED_EDGE('',*,*,#1738,.F.) ;
#1760=ORIENTED_EDGE('',*,*,#1690,.F.) ;
#1783=ORIENTED_EDGE('',*,*,#1776,.T.) ;
#1784=ORIENTED_EDGE('',*,*,#1781,.T.) ;
#1803=ORIENTED_EDGE('',*,*,#1796,.T.) ;
#1804=ORIENTED_EDGE('',*,*,#1667,.T.) ;
#1805=ORIENTED_EDGE('',*,*,#1801,.F.) ;
#1806=ORIENTED_EDGE('',*,*,#1776,.F.) ;
#1815=ORIENTED_EDGE('',*,*,#1801,.T.) ;
#1816=ORIENTED_EDGE('',*,*,#1662,.T.) ;
#1817=ORIENTED_EDGE('',*,*,#1796,.F.) ;
#1818=ORIENTED_EDGE('',*,*,#1781,.F.) ;
#1846=ORIENTED_EDGE('',*,*,#1832,.F.) ;
#1847=ORIENTED_EDGE('',*,*,#1839,.T.) ;
#1848=ORIENTED_EDGE('',*,*,#1844,.T.) ;
#1849=ORIENTED_EDGE('',*,*,#1217,.T.) ;
#1863=ORIENTED_EDGE('',*,*,#1856,.T.) ;
#1864=ORIENTED_EDGE('',*,*,#1479,.T.) ;
#1865=ORIENTED_EDGE('',*,*,#1861,.F.) ;
#1866=ORIENTED_EDGE('',*,*,#1168,.F.) ;
#1889=ORIENTED_EDGE('',*,*,#1875,.T.) ;
#1890=ORIENTED_EDGE('',*,*,#1882,.F.) ;
#1891=ORIENTED_EDGE('',*,*,#1887,.F.) ;
#1892=ORIENTED_EDGE('',*,*,#1538,.F.) ;
#1901=ORIENTED_EDGE('',*,*,#1844,.F.) ;
#1902=ORIENTED_EDGE('',*,*,#1899,.T.) ;
#1903=ORIENTED_EDGE('',*,*,#1832,.T.) ;
#1904=ORIENTED_EDGE('',*,*,#1222,.T.) ;
#1908=ORIENTED_EDGE('',*,*,#1861,.T.) ;
#1909=ORIENTED_EDGE('',*,*,#1484,.T.) ;
#1910=ORIENTED_EDGE('',*,*,#1856,.F.) ;
#1911=ORIENTED_EDGE('',*,*,#1163,.F.) ;
#1920=ORIENTED_EDGE('',*,*,#1887,.T.) ;
#1921=ORIENTED_EDGE('',*,*,#1918,.F.) ;
#1922=ORIENTED_EDGE('',*,*,#1875,.F.) ;
#1923=ORIENTED_EDGE('',*,*,#1533,.F.) ;
#1941=ORIENTED_EDGE('',*,*,#1934,.T.) ;
#1942=ORIENTED_EDGE('',*,*,#1939,.T.) ;
#1945=ORIENTED_EDGE('',*,*,#1839,.F.) ;
#1946=ORIENTED_EDGE('',*,*,#1899,.F.) ;
#1964=ORIENTED_EDGE('',*,*,#1957,.F.) ;
#1965=ORIENTED_EDGE('',*,*,#1962,.F.) ;
#1968=ORIENTED_EDGE('',*,*,#1918,.T.) ;
#1969=ORIENTED_EDGE('',*,*,#1882,.T.) ;
#1987=ORIENTED_EDGE('',*,*,#1980,.T.) ;
#1988=ORIENTED_EDGE('',*,*,#1985,.T.) ;
#2007=ORIENTED_EDGE('',*,*,#1957,.T.) ;
#2008=ORIENTED_EDGE('',*,*,#2000,.T.) ;
#2009=ORIENTED_EDGE('',*,*,#1980,.F.) ;
#2010=ORIENTED_EDGE('',*,*,#2005,.F.) ;
#2019=ORIENTED_EDGE('',*,*,#1962,.T.) ;
#2020=ORIENTED_EDGE('',*,*,#2005,.T.) ;
#2021=ORIENTED_EDGE('',*,*,#1985,.F.) ;
#2022=ORIENTED_EDGE('',*,*,#2000,.F.) ;
#2040=ORIENTED_EDGE('',*,*,#2033,.F.) ;
#2041=ORIENTED_EDGE('',*,*,#2038,.F.) ;
#2060=ORIENTED_EDGE('',*,*,#2038,.T.) ;
#2061=ORIENTED_EDGE('',*,*,#2053,.T.) ;
#2062=ORIENTED_EDGE('',*,*,#1934,.F.) ;
#2063=ORIENTED_EDGE('',*,*,#2058,.F.) ;
#2072=ORIENTED_EDGE('',*,*,#2033,.T.) ;
#2073=ORIENTED_EDGE('',*,*,#2058,.T.) ;
#2074=ORIENTED_EDGE('',*,*,#1939,.F.) ;
#2075=ORIENTED_EDGE('',*,*,#2053,.F.) ;
#2139=ORIENTED_EDGE('',*,*,#2118,.F.) ;
#2140=ORIENTED_EDGE('',*,*,#2125,.T.) ;
#2141=ORIENTED_EDGE('',*,*,#2132,.T.) ;
#2142=ORIENTED_EDGE('',*,*,#2137,.F.) ;
#2170=ORIENTED_EDGE('',*,*,#2132,.F.) ;
#2171=ORIENTED_EDGE('',*,*,#2156,.T.) ;
#2172=ORIENTED_EDGE('',*,*,#2163,.T.) ;
#2173=ORIENTED_EDGE('',*,*,#2168,.F.) ;
#2201=ORIENTED_EDGE('',*,*,#2163,.F.) ;
#2202=ORIENTED_EDGE('',*,*,#2187,.T.) ;
#2203=ORIENTED_EDGE('',*,*,#2194,.T.) ;
#2204=ORIENTED_EDGE('',*,*,#2199,.F.) ;
#2223=ORIENTED_EDGE('',*,*,#2194,.F.) ;
#2224=ORIENTED_EDGE('',*,*,#2216,.T.) ;
#2225=ORIENTED_EDGE('',*,*,#2118,.T.) ;
#2226=ORIENTED_EDGE('',*,*,#2221,.F.) ;
#2263=ORIENTED_EDGE('',*,*,#2242,.T.) ;
#2264=ORIENTED_EDGE('',*,*,#2249,.F.) ;
#2265=ORIENTED_EDGE('',*,*,#2256,.F.) ;
#2266=ORIENTED_EDGE('',*,*,#2261,.T.) ;
#2294=ORIENTED_EDGE('',*,*,#2280,.T.) ;
#2295=ORIENTED_EDGE('',*,*,#2261,.F.) ;
#2296=ORIENTED_EDGE('',*,*,#2287,.F.) ;
#2297=ORIENTED_EDGE('',*,*,#2292,.T.) ;
#2325=ORIENTED_EDGE('',*,*,#2311,.T.) ;
#2326=ORIENTED_EDGE('',*,*,#2292,.F.) ;
#2327=ORIENTED_EDGE('',*,*,#2318,.F.) ;
#2328=ORIENTED_EDGE('',*,*,#2323,.T.) ;
#2347=ORIENTED_EDGE('',*,*,#2340,.T.) ;
#2348=ORIENTED_EDGE('',*,*,#2323,.F.) ;
#2349=ORIENTED_EDGE('',*,*,#2345,.F.) ;
#2350=ORIENTED_EDGE('',*,*,#2249,.T.) ;
#2359=ORIENTED_EDGE('',*,*,#2216,.F.) ;
#2360=ORIENTED_EDGE('',*,*,#2187,.F.) ;
#2361=ORIENTED_EDGE('',*,*,#2156,.F.) ;
#2362=ORIENTED_EDGE('',*,*,#2125,.F.) ;
#2365=ORIENTED_EDGE('',*,*,#2318,.T.) ;
#2366=ORIENTED_EDGE('',*,*,#2287,.T.) ;
#2367=ORIENTED_EDGE('',*,*,#2256,.T.) ;
#2368=ORIENTED_EDGE('',*,*,#2345,.T.) ;
#2385=ORIENTED_EDGE('',*,*,#2378,.T.) ;
#2386=ORIENTED_EDGE('',*,*,#2383,.T.) ;
#2403=ORIENTED_EDGE('',*,*,#2396,.T.) ;
#2404=ORIENTED_EDGE('',*,*,#2401,.T.) ;
#2413=ORIENTED_EDGE('',*,*,#2137,.T.) ;
#2414=ORIENTED_EDGE('',*,*,#2168,.T.) ;
#2415=ORIENTED_EDGE('',*,*,#2199,.T.) ;
#2416=ORIENTED_EDGE('',*,*,#2221,.T.) ;
#2419=ORIENTED_EDGE('',*,*,#2242,.F.) ;
#2420=ORIENTED_EDGE('',*,*,#2280,.F.) ;
#2421=ORIENTED_EDGE('',*,*,#2311,.F.) ;
#2422=ORIENTED_EDGE('',*,*,#2340,.F.) ;
#2439=ORIENTED_EDGE('',*,*,#2432,.F.) ;
#2440=ORIENTED_EDGE('',*,*,#2437,.F.) ;
#2457=ORIENTED_EDGE('',*,*,#2450,.F.) ;
#2458=ORIENTED_EDGE('',*,*,#2455,.F.) ;
#2475=ORIENTED_EDGE('',*,*,#2468,.F.) ;
#2476=ORIENTED_EDGE('',*,*,#2473,.F.) ;
#2493=ORIENTED_EDGE('',*,*,#2486,.F.) ;
#2494=ORIENTED_EDGE('',*,*,#2491,.F.) ;
#2511=ORIENTED_EDGE('',*,*,#2504,.F.) ;
#2512=ORIENTED_EDGE('',*,*,#2509,.F.) ;
#2529=ORIENTED_EDGE('',*,*,#2522,.F.) ;
#2530=ORIENTED_EDGE('',*,*,#2527,.F.) ;
#2562=ORIENTED_EDGE('',*,*,#2541,.T.) ;
#2563=ORIENTED_EDGE('',*,*,#2548,.F.) ;
#2564=ORIENTED_EDGE('',*,*,#2555,.F.) ;
#2565=ORIENTED_EDGE('',*,*,#2560,.T.) ;
#2588=ORIENTED_EDGE('',*,*,#2574,.T.) ;
#2589=ORIENTED_EDGE('',*,*,#2581,.F.) ;
#2590=ORIENTED_EDGE('',*,*,#2586,.F.) ;
#2591=ORIENTED_EDGE('',*,*,#2548,.T.) ;
#2614=ORIENTED_EDGE('',*,*,#2600,.T.) ;
#2615=ORIENTED_EDGE('',*,*,#2607,.F.) ;
#2616=ORIENTED_EDGE('',*,*,#2612,.F.) ;
#2617=ORIENTED_EDGE('',*,*,#2581,.T.) ;
#2631=ORIENTED_EDGE('',*,*,#2624,.T.) ;
#2632=ORIENTED_EDGE('',*,*,#2560,.F.) ;
#2633=ORIENTED_EDGE('',*,*,#2629,.F.) ;
#2634=ORIENTED_EDGE('',*,*,#2607,.T.) ;
#2666=ORIENTED_EDGE('',*,*,#2645,.F.) ;
#2667=ORIENTED_EDGE('',*,*,#2652,.T.) ;
#2668=ORIENTED_EDGE('',*,*,#2659,.T.) ;
#2669=ORIENTED_EDGE('',*,*,#2664,.F.) ;
#2692=ORIENTED_EDGE('',*,*,#2680,.F.) ;
#2693=ORIENTED_EDGE('',*,*,#2685,.T.) ;
#2694=ORIENTED_EDGE('',*,*,#2645,.T.) ;
#2695=ORIENTED_EDGE('',*,*,#2690,.F.) ;
#2718=ORIENTED_EDGE('',*,*,#2706,.F.) ;
#2719=ORIENTED_EDGE('',*,*,#2711,.T.) ;
#2720=ORIENTED_EDGE('',*,*,#2680,.T.) ;
#2721=ORIENTED_EDGE('',*,*,#2716,.F.) ;
#2735=ORIENTED_EDGE('',*,*,#2659,.F.) ;
#2736=ORIENTED_EDGE('',*,*,#2728,.T.) ;
#2737=ORIENTED_EDGE('',*,*,#2706,.T.) ;
#2738=ORIENTED_EDGE('',*,*,#2733,.F.) ;
#2747=ORIENTED_EDGE('',*,*,#2555,.T.) ;
#2748=ORIENTED_EDGE('',*,*,#2586,.T.) ;
#2749=ORIENTED_EDGE('',*,*,#2612,.T.) ;
#2750=ORIENTED_EDGE('',*,*,#2629,.T.) ;
#2753=ORIENTED_EDGE('',*,*,#2652,.F.) ;
#2754=ORIENTED_EDGE('',*,*,#2685,.F.) ;
#2755=ORIENTED_EDGE('',*,*,#2711,.F.) ;
#2756=ORIENTED_EDGE('',*,*,#2728,.F.) ;
#2773=ORIENTED_EDGE('',*,*,#2766,.F.) ;
#2774=ORIENTED_EDGE('',*,*,#2771,.F.) ;
#2791=ORIENTED_EDGE('',*,*,#2784,.F.) ;
#2792=ORIENTED_EDGE('',*,*,#2789,.F.) ;
#2801=ORIENTED_EDGE('',*,*,#2624,.F.) ;
#2802=ORIENTED_EDGE('',*,*,#2600,.F.) ;
#2803=ORIENTED_EDGE('',*,*,#2574,.F.) ;
#2804=ORIENTED_EDGE('',*,*,#2541,.F.) ;
#2807=ORIENTED_EDGE('',*,*,#2733,.T.) ;
#2808=ORIENTED_EDGE('',*,*,#2716,.T.) ;
#2809=ORIENTED_EDGE('',*,*,#2690,.T.) ;
#2810=ORIENTED_EDGE('',*,*,#2664,.T.) ;
#2827=ORIENTED_EDGE('',*,*,#2820,.T.) ;
#2828=ORIENTED_EDGE('',*,*,#2825,.T.) ;
#2845=ORIENTED_EDGE('',*,*,#2838,.T.) ;
#2846=ORIENTED_EDGE('',*,*,#2843,.T.) ;
#2863=ORIENTED_EDGE('',*,*,#2856,.F.) ;
#2864=ORIENTED_EDGE('',*,*,#2861,.F.) ;
#2881=ORIENTED_EDGE('',*,*,#2874,.F.) ;
#2882=ORIENTED_EDGE('',*,*,#2879,.F.) ;
#2899=ORIENTED_EDGE('',*,*,#2892,.T.) ;
#2900=ORIENTED_EDGE('',*,*,#2897,.T.) ;
#2917=ORIENTED_EDGE('',*,*,#2910,.T.) ;
#2918=ORIENTED_EDGE('',*,*,#2915,.T.) ;
#2937=ORIENTED_EDGE('',*,*,#2930,.T.) ;
#2938=ORIENTED_EDGE('',*,*,#2825,.F.) ;
#2939=ORIENTED_EDGE('',*,*,#2935,.F.) ;
#2940=ORIENTED_EDGE('',*,*,#2432,.T.) ;
#2944=ORIENTED_EDGE('',*,*,#2935,.T.) ;
#2945=ORIENTED_EDGE('',*,*,#2820,.F.) ;
#2946=ORIENTED_EDGE('',*,*,#2930,.F.) ;
#2947=ORIENTED_EDGE('',*,*,#2437,.T.) ;
#2966=ORIENTED_EDGE('',*,*,#2959,.T.) ;
#2967=ORIENTED_EDGE('',*,*,#2843,.F.) ;
#2968=ORIENTED_EDGE('',*,*,#2964,.F.) ;
#2969=ORIENTED_EDGE('',*,*,#2450,.T.) ;
#2973=ORIENTED_EDGE('',*,*,#2964,.T.) ;
#2974=ORIENTED_EDGE('',*,*,#2838,.F.) ;
#2975=ORIENTED_EDGE('',*,*,#2959,.F.) ;
#2976=ORIENTED_EDGE('',*,*,#2455,.T.) ;
#2995=ORIENTED_EDGE('',*,*,#2988,.T.) ;
#2996=ORIENTED_EDGE('',*,*,#2861,.T.) ;
#2997=ORIENTED_EDGE('',*,*,#2993,.F.) ;
#2998=ORIENTED_EDGE('',*,*,#2468,.T.) ;
#3002=ORIENTED_EDGE('',*,*,#2993,.T.) ;
#3003=ORIENTED_EDGE('',*,*,#2856,.T.) ;
#3004=ORIENTED_EDGE('',*,*,#2988,.F.) ;
#3005=ORIENTED_EDGE('',*,*,#2473,.T.) ;
#3024=ORIENTED_EDGE('',*,*,#3017,.T.) ;
#3025=ORIENTED_EDGE('',*,*,#2879,.T.) ;
#3026=ORIENTED_EDGE('',*,*,#3022,.F.) ;
#3027=ORIENTED_EDGE('',*,*,#2486,.T.) ;
#3031=ORIENTED_EDGE('',*,*,#3022,.T.) ;
#3032=ORIENTED_EDGE('',*,*,#2874,.T.) ;
#3033=ORIENTED_EDGE('',*,*,#3017,.F.) ;
#3034=ORIENTED_EDGE('',*,*,#2491,.T.) ;
#3053=ORIENTED_EDGE('',*,*,#3046,.T.) ;
#3054=ORIENTED_EDGE('',*,*,#2383,.F.) ;
#3055=ORIENTED_EDGE('',*,*,#3051,.F.) ;
#3056=ORIENTED_EDGE('',*,*,#2504,.T.) ;
#3070=ORIENTED_EDGE('',*,*,#3063,.F.) ;
#3071=ORIENTED_EDGE('',*,*,#2766,.T.) ;
#3072=ORIENTED_EDGE('',*,*,#3068,.T.) ;
#3073=ORIENTED_EDGE('',*,*,#2897,.F.) ;
#3077=ORIENTED_EDGE('',*,*,#3051,.T.) ;
#3078=ORIENTED_EDGE('',*,*,#2378,.F.) ;
#3079=ORIENTED_EDGE('',*,*,#3046,.F.) ;
#3080=ORIENTED_EDGE('',*,*,#2509,.T.) ;
#3084=ORIENTED_EDGE('',*,*,#3068,.F.) ;
#3085=ORIENTED_EDGE('',*,*,#2771,.T.) ;
#3086=ORIENTED_EDGE('',*,*,#3063,.T.) ;
#3087=ORIENTED_EDGE('',*,*,#2892,.F.) ;
#3106=ORIENTED_EDGE('',*,*,#3099,.T.) ;
#3107=ORIENTED_EDGE('',*,*,#2401,.F.) ;
#3108=ORIENTED_EDGE('',*,*,#3104,.F.) ;
#3109=ORIENTED_EDGE('',*,*,#2522,.T.) ;
#3123=ORIENTED_EDGE('',*,*,#3116,.F.) ;
#3124=ORIENTED_EDGE('',*,*,#2784,.T.) ;
#3125=ORIENTED_EDGE('',*,*,#3121,.T.) ;
#3126=ORIENTED_EDGE('',*,*,#2915,.F.) ;
#3130=ORIENTED_EDGE('',*,*,#3104,.T.) ;
#3131=ORIENTED_EDGE('',*,*,#2396,.F.) ;
#3132=ORIENTED_EDGE('',*,*,#3099,.F.) ;
#3133=ORIENTED_EDGE('',*,*,#2527,.T.) ;
#3137=ORIENTED_EDGE('',*,*,#3121,.F.) ;
#3138=ORIENTED_EDGE('',*,*,#2789,.T.) ;
#3139=ORIENTED_EDGE('',*,*,#3116,.T.) ;
#3140=ORIENTED_EDGE('',*,*,#2910,.F.) ;
#3219=ORIENTED_EDGE('',*,*,#3198,.F.) ;
#3220=ORIENTED_EDGE('',*,*,#3205,.T.) ;
#3221=ORIENTED_EDGE('',*,*,#3212,.T.) ;
#3222=ORIENTED_EDGE('',*,*,#3217,.F.) ;
#3250=ORIENTED_EDGE('',*,*,#3212,.F.) ;
#3251=ORIENTED_EDGE('',*,*,#3236,.T.) ;
#3252=ORIENTED_EDGE('',*,*,#3243,.T.) ;
#3253=ORIENTED_EDGE('',*,*,#3248,.F.) ;
#3281=ORIENTED_EDGE('',*,*,#3243,.F.) ;
#3282=ORIENTED_EDGE('',*,*,#3267,.T.) ;
#3283=ORIENTED_EDGE('',*,*,#3274,.T.) ;
#3284=ORIENTED_EDGE('',*,*,#3279,.F.) ;
#3337=ORIENTED_EDGE('',*,*,#3312,.F.) ;
#3338=ORIENTED_EDGE('',*,*,#3335,.F.) ;
#3357=ORIENTED_EDGE('',*,*,#3274,.F.) ;
#3358=ORIENTED_EDGE('',*,*,#3350,.T.) ;
#3359=ORIENTED_EDGE('',*,*,#3198,.T.) ;
#3360=ORIENTED_EDGE('',*,*,#3355,.F.) ;
#3397=ORIENTED_EDGE('',*,*,#3376,.T.) ;
#3398=ORIENTED_EDGE('',*,*,#3383,.F.) ;
#3399=ORIENTED_EDGE('',*,*,#3390,.F.) ;
#3400=ORIENTED_EDGE('',*,*,#3395,.T.) ;
#3414=ORIENTED_EDGE('',*,*,#3407,.T.) ;
#3415=ORIENTED_EDGE('',*,*,#3395,.F.) ;
#3416=ORIENTED_EDGE('',*,*,#3412,.F.) ;
#3417=ORIENTED_EDGE('',*,*,#3383,.T.) ;
#3426=ORIENTED_EDGE('',*,*,#3350,.F.) ;
#3427=ORIENTED_EDGE('',*,*,#3267,.F.) ;
#3428=ORIENTED_EDGE('',*,*,#3236,.F.) ;
#3429=ORIENTED_EDGE('',*,*,#3205,.F.) ;
#3432=ORIENTED_EDGE('',*,*,#3412,.T.) ;
#3433=ORIENTED_EDGE('',*,*,#3390,.T.) ;
#3442=ORIENTED_EDGE('',*,*,#3217,.T.) ;
#3443=ORIENTED_EDGE('',*,*,#3248,.T.) ;
#3444=ORIENTED_EDGE('',*,*,#3279,.T.) ;
#3445=ORIENTED_EDGE('',*,*,#3355,.T.) ;
#3448=ORIENTED_EDGE('',*,*,#3376,.F.) ;
#3449=ORIENTED_EDGE('',*,*,#3407,.F.) ;
#3477=ORIENTED_EDGE('',*,*,#3312,.T.) ;
#3478=ORIENTED_EDGE('',*,*,#3463,.F.) ;
#3479=ORIENTED_EDGE('',*,*,#3470,.F.) ;
#3480=ORIENTED_EDGE('',*,*,#3475,.T.) ;
#3489=ORIENTED_EDGE('',*,*,#3335,.T.) ;
#3490=ORIENTED_EDGE('',*,*,#3475,.F.) ;
#3491=ORIENTED_EDGE('',*,*,#3487,.F.) ;
#3492=ORIENTED_EDGE('',*,*,#3463,.T.) ;
#3501=ORIENTED_EDGE('',*,*,#3470,.T.) ;
#3502=ORIENTED_EDGE('',*,*,#3487,.T.) ;
#3552=ORIENTED_EDGE('',*,*,#3545,.F.) ;
#3553=ORIENTED_EDGE('',*,*,#3550,.F.) ;
#3576=ORIENTED_EDGE('',*,*,#3569,.F.) ;
#3577=ORIENTED_EDGE('',*,*,#3574,.F.) ;
#3605=ORIENTED_EDGE('',*,*,#3591,.T.) ;
#3606=ORIENTED_EDGE('',*,*,#3574,.T.) ;
#3607=ORIENTED_EDGE('',*,*,#3598,.F.) ;
#3608=ORIENTED_EDGE('',*,*,#3603,.F.) ;
#3622=ORIENTED_EDGE('',*,*,#3598,.T.) ;
#3623=ORIENTED_EDGE('',*,*,#3569,.T.) ;
#3624=ORIENTED_EDGE('',*,*,#3591,.F.) ;
#3625=ORIENTED_EDGE('',*,*,#3620,.F.) ;
#3648=ORIENTED_EDGE('',*,*,#3641,.T.) ;
#3649=ORIENTED_EDGE('',*,*,#3646,.T.) ;
#3677=ORIENTED_EDGE('',*,*,#3663,.T.) ;
#3678=ORIENTED_EDGE('',*,*,#3603,.T.) ;
#3679=ORIENTED_EDGE('',*,*,#3670,.F.) ;
#3680=ORIENTED_EDGE('',*,*,#3675,.T.) ;
#3712=ORIENTED_EDGE('',*,*,#3691,.F.) ;
#3713=ORIENTED_EDGE('',*,*,#3698,.F.) ;
#3714=ORIENTED_EDGE('',*,*,#3705,.T.) ;
#3715=ORIENTED_EDGE('',*,*,#3710,.F.) ;
#3724=ORIENTED_EDGE('',*,*,#3670,.T.) ;
#3725=ORIENTED_EDGE('',*,*,#3620,.T.) ;
#3726=ORIENTED_EDGE('',*,*,#3663,.F.) ;
#3727=ORIENTED_EDGE('',*,*,#3722,.T.) ;
#3741=ORIENTED_EDGE('',*,*,#3705,.F.) ;
#3742=ORIENTED_EDGE('',*,*,#3734,.F.) ;
#3743=ORIENTED_EDGE('',*,*,#3691,.T.) ;
#3744=ORIENTED_EDGE('',*,*,#3739,.F.) ;
#3763=ORIENTED_EDGE('',*,*,#3756,.T.) ;
#3764=ORIENTED_EDGE('',*,*,#3698,.T.) ;
#3765=ORIENTED_EDGE('',*,*,#3761,.F.) ;
#3766=ORIENTED_EDGE('',*,*,#3641,.F.) ;
#3775=ORIENTED_EDGE('',*,*,#3761,.T.) ;
#3776=ORIENTED_EDGE('',*,*,#3734,.T.) ;
#3777=ORIENTED_EDGE('',*,*,#3756,.F.) ;
#3778=ORIENTED_EDGE('',*,*,#3646,.F.) ;
#3801=ORIENTED_EDGE('',*,*,#3794,.F.) ;
#3802=ORIENTED_EDGE('',*,*,#3799,.F.) ;
#3830=ORIENTED_EDGE('',*,*,#3816,.T.) ;
#3831=ORIENTED_EDGE('',*,*,#3799,.T.) ;
#3832=ORIENTED_EDGE('',*,*,#3823,.F.) ;
#3833=ORIENTED_EDGE('',*,*,#3828,.F.) ;
#3847=ORIENTED_EDGE('',*,*,#3823,.T.) ;
#3848=ORIENTED_EDGE('',*,*,#3794,.T.) ;
#3849=ORIENTED_EDGE('',*,*,#3816,.F.) ;
#3850=ORIENTED_EDGE('',*,*,#3845,.F.) ;
#3873=ORIENTED_EDGE('',*,*,#3866,.T.) ;
#3874=ORIENTED_EDGE('',*,*,#3871,.T.) ;
#3902=ORIENTED_EDGE('',*,*,#3888,.T.) ;
#3903=ORIENTED_EDGE('',*,*,#3828,.T.) ;
#3904=ORIENTED_EDGE('',*,*,#3895,.F.) ;
#3905=ORIENTED_EDGE('',*,*,#3900,.F.) ;
#3937=ORIENTED_EDGE('',*,*,#3916,.F.) ;
#3938=ORIENTED_EDGE('',*,*,#3923,.F.) ;
#3939=ORIENTED_EDGE('',*,*,#3930,.T.) ;
#3940=ORIENTED_EDGE('',*,*,#3935,.T.) ;
#3949=ORIENTED_EDGE('',*,*,#3895,.T.) ;
#3950=ORIENTED_EDGE('',*,*,#3845,.T.) ;
#3951=ORIENTED_EDGE('',*,*,#3888,.F.) ;
#3952=ORIENTED_EDGE('',*,*,#3947,.F.) ;
#3966=ORIENTED_EDGE('',*,*,#3930,.F.) ;
#3967=ORIENTED_EDGE('',*,*,#3959,.F.) ;
#3968=ORIENTED_EDGE('',*,*,#3916,.T.) ;
#3969=ORIENTED_EDGE('',*,*,#3964,.T.) ;
#3988=ORIENTED_EDGE('',*,*,#3981,.T.) ;
#3989=ORIENTED_EDGE('',*,*,#3923,.T.) ;
#3990=ORIENTED_EDGE('',*,*,#3986,.F.) ;
#3991=ORIENTED_EDGE('',*,*,#3866,.F.) ;
#4000=ORIENTED_EDGE('',*,*,#3986,.T.) ;
#4001=ORIENTED_EDGE('',*,*,#3959,.T.) ;
#4002=ORIENTED_EDGE('',*,*,#3981,.F.) ;
#4003=ORIENTED_EDGE('',*,*,#3871,.F.) ;
#4026=ORIENTED_EDGE('',*,*,#4019,.F.) ;
#4027=ORIENTED_EDGE('',*,*,#4024,.F.) ;
#4055=ORIENTED_EDGE('',*,*,#4041,.T.) ;
#4056=ORIENTED_EDGE('',*,*,#4024,.T.) ;
#4057=ORIENTED_EDGE('',*,*,#4048,.F.) ;
#4058=ORIENTED_EDGE('',*,*,#4053,.F.) ;
#4072=ORIENTED_EDGE('',*,*,#4048,.T.) ;
#4073=ORIENTED_EDGE('',*,*,#4019,.T.) ;
#4074=ORIENTED_EDGE('',*,*,#4041,.F.) ;
#4075=ORIENTED_EDGE('',*,*,#4070,.F.) ;
#4098=ORIENTED_EDGE('',*,*,#4091,.T.) ;
#4099=ORIENTED_EDGE('',*,*,#4096,.T.) ;
#4127=ORIENTED_EDGE('',*,*,#4113,.T.) ;
#4128=ORIENTED_EDGE('',*,*,#4053,.T.) ;
#4129=ORIENTED_EDGE('',*,*,#4120,.F.) ;
#4130=ORIENTED_EDGE('',*,*,#4125,.F.) ;
#4162=ORIENTED_EDGE('',*,*,#4141,.F.) ;
#4163=ORIENTED_EDGE('',*,*,#4148,.F.) ;
#4164=ORIENTED_EDGE('',*,*,#4155,.T.) ;
#4165=ORIENTED_EDGE('',*,*,#4160,.T.) ;
#4174=ORIENTED_EDGE('',*,*,#4120,.T.) ;
#4175=ORIENTED_EDGE('',*,*,#4070,.T.) ;
#4176=ORIENTED_EDGE('',*,*,#4113,.F.) ;
#4177=ORIENTED_EDGE('',*,*,#4172,.F.) ;
#4191=ORIENTED_EDGE('',*,*,#4155,.F.) ;
#4192=ORIENTED_EDGE('',*,*,#4184,.F.) ;
#4193=ORIENTED_EDGE('',*,*,#4141,.T.) ;
#4194=ORIENTED_EDGE('',*,*,#4189,.T.) ;
#4213=ORIENTED_EDGE('',*,*,#4206,.T.) ;
#4214=ORIENTED_EDGE('',*,*,#4148,.T.) ;
#4215=ORIENTED_EDGE('',*,*,#4211,.F.) ;
#4216=ORIENTED_EDGE('',*,*,#4091,.F.) ;
#4225=ORIENTED_EDGE('',*,*,#4211,.T.) ;
#4226=ORIENTED_EDGE('',*,*,#4184,.T.) ;
#4227=ORIENTED_EDGE('',*,*,#4206,.F.) ;
#4228=ORIENTED_EDGE('',*,*,#4096,.F.) ;
#4251=ORIENTED_EDGE('',*,*,#4244,.F.) ;
#4252=ORIENTED_EDGE('',*,*,#4249,.F.) ;
#4280=ORIENTED_EDGE('',*,*,#4266,.T.) ;
#4281=ORIENTED_EDGE('',*,*,#4249,.T.) ;
#4282=ORIENTED_EDGE('',*,*,#4273,.F.) ;
#4283=ORIENTED_EDGE('',*,*,#4278,.F.) ;
#4297=ORIENTED_EDGE('',*,*,#4273,.T.) ;
#4298=ORIENTED_EDGE('',*,*,#4244,.T.) ;
#4299=ORIENTED_EDGE('',*,*,#4266,.F.) ;
#4300=ORIENTED_EDGE('',*,*,#4295,.F.) ;
#4323=ORIENTED_EDGE('',*,*,#4316,.T.) ;
#4324=ORIENTED_EDGE('',*,*,#4321,.T.) ;
#4352=ORIENTED_EDGE('',*,*,#4338,.T.) ;
#4353=ORIENTED_EDGE('',*,*,#4278,.T.) ;
#4354=ORIENTED_EDGE('',*,*,#4345,.F.) ;
#4355=ORIENTED_EDGE('',*,*,#4350,.T.) ;
#4387=ORIENTED_EDGE('',*,*,#4366,.F.) ;
#4388=ORIENTED_EDGE('',*,*,#4373,.F.) ;
#4389=ORIENTED_EDGE('',*,*,#4380,.T.) ;
#4390=ORIENTED_EDGE('',*,*,#4385,.F.) ;
#4399=ORIENTED_EDGE('',*,*,#4345,.T.) ;
#4400=ORIENTED_EDGE('',*,*,#4295,.T.) ;
#4401=ORIENTED_EDGE('',*,*,#4338,.F.) ;
#4402=ORIENTED_EDGE('',*,*,#4397,.T.) ;
#4416=ORIENTED_EDGE('',*,*,#4380,.F.) ;
#4417=ORIENTED_EDGE('',*,*,#4409,.F.) ;
#4418=ORIENTED_EDGE('',*,*,#4366,.T.) ;
#4419=ORIENTED_EDGE('',*,*,#4414,.F.) ;
#4438=ORIENTED_EDGE('',*,*,#4431,.T.) ;
#4439=ORIENTED_EDGE('',*,*,#4373,.T.) ;
#4440=ORIENTED_EDGE('',*,*,#4436,.F.) ;
#4441=ORIENTED_EDGE('',*,*,#4316,.F.) ;
#4450=ORIENTED_EDGE('',*,*,#4436,.T.) ;
#4451=ORIENTED_EDGE('',*,*,#4409,.T.) ;
#4452=ORIENTED_EDGE('',*,*,#4431,.F.) ;
#4453=ORIENTED_EDGE('',*,*,#4321,.F.) ;
#4497=ORIENTED_EDGE('',*,*,#4469,.F.) ;
#4498=ORIENTED_EDGE('',*,*,#4476,.F.) ;
#4499=ORIENTED_EDGE('',*,*,#4483,.T.) ;
#4500=ORIENTED_EDGE('',*,*,#4490,.T.) ;
#4501=ORIENTED_EDGE('',*,*,#4495,.T.) ;
#4532=ORIENTED_EDGE('',*,*,#4515,.T.) ;
#4533=ORIENTED_EDGE('',*,*,#4522,.F.) ;
#4534=ORIENTED_EDGE('',*,*,#4530,.F.) ;
#4555=ORIENTED_EDGE('',*,*,#4522,.T.) ;
#4556=ORIENTED_EDGE('',*,*,#4469,.T.) ;
#4557=ORIENTED_EDGE('',*,*,#4548,.F.) ;
#4558=ORIENTED_EDGE('',*,*,#4553,.F.) ;
#4582=ORIENTED_EDGE('',*,*,#4548,.T.) ;
#4583=ORIENTED_EDGE('',*,*,#4575,.T.) ;
#4584=ORIENTED_EDGE('',*,*,#4580,.F.) ;
#4624=ORIENTED_EDGE('',*,*,#4476,.T.) ;
#4625=ORIENTED_EDGE('',*,*,#4515,.F.) ;
#4626=ORIENTED_EDGE('',*,*,#4598,.F.) ;
#4627=ORIENTED_EDGE('',*,*,#4607,.F.) ;
#4628=ORIENTED_EDGE('',*,*,#4615,.F.) ;
#4629=ORIENTED_EDGE('',*,*,#4622,.T.) ;
#4666=ORIENTED_EDGE('',*,*,#4645,.T.) ;
#4667=ORIENTED_EDGE('',*,*,#4652,.T.) ;
#4668=ORIENTED_EDGE('',*,*,#4607,.T.) ;
#4669=ORIENTED_EDGE('',*,*,#4659,.F.) ;
#4670=ORIENTED_EDGE('',*,*,#4664,.F.) ;
#4693=ORIENTED_EDGE('',*,*,#4679,.F.) ;
#4694=ORIENTED_EDGE('',*,*,#4686,.F.) ;
#4695=ORIENTED_EDGE('',*,*,#4691,.T.) ;
#4696=ORIENTED_EDGE('',*,*,#4645,.F.) ;
#4727=ORIENTED_EDGE('',*,*,#4710,.T.) ;
#4728=ORIENTED_EDGE('',*,*,#4717,.F.) ;
#4729=ORIENTED_EDGE('',*,*,#4725,.F.) ;
#4750=ORIENTED_EDGE('',*,*,#4717,.T.) ;
#4751=ORIENTED_EDGE('',*,*,#4679,.T.) ;
#4752=ORIENTED_EDGE('',*,*,#4743,.F.) ;
#4753=ORIENTED_EDGE('',*,*,#4748,.F.) ;
#4767=ORIENTED_EDGE('',*,*,#4743,.T.) ;
#4768=ORIENTED_EDGE('',*,*,#4664,.T.) ;
#4769=ORIENTED_EDGE('',*,*,#4765,.F.) ;
#4821=ORIENTED_EDGE('',*,*,#4786,.T.) ;
#4822=ORIENTED_EDGE('',*,*,#4795,.F.) ;
#4823=ORIENTED_EDGE('',*,*,#4802,.F.) ;
#4824=ORIENTED_EDGE('',*,*,#4807,.T.) ;
#4825=ORIENTED_EDGE('',*,*,#3550,.T.) ;
#4826=ORIENTED_EDGE('',*,*,#4812,.F.) ;
#4827=ORIENTED_EDGE('',*,*,#4483,.F.) ;
#4828=ORIENTED_EDGE('',*,*,#4622,.F.) ;
#4829=ORIENTED_EDGE('',*,*,#4615,.T.) ;
#4830=ORIENTED_EDGE('',*,*,#4652,.F.) ;
#4831=ORIENTED_EDGE('',*,*,#4691,.F.) ;
#4832=ORIENTED_EDGE('',*,*,#4819,.F.) ;
#4855=ORIENTED_EDGE('',*,*,#4686,.T.) ;
#4856=ORIENTED_EDGE('',*,*,#4710,.F.) ;
#4857=ORIENTED_EDGE('',*,*,#4846,.F.) ;
#4858=ORIENTED_EDGE('',*,*,#4853,.F.) ;
#4859=ORIENTED_EDGE('',*,*,#4786,.F.) ;
#4860=ORIENTED_EDGE('',*,*,#4819,.T.) ;
#4892=ORIENTED_EDGE('',*,*,#4871,.T.) ;
#4893=ORIENTED_EDGE('',*,*,#4878,.T.) ;
#4894=ORIENTED_EDGE('',*,*,#4885,.T.) ;
#4895=ORIENTED_EDGE('',*,*,#4890,.T.) ;
#4926=ORIENTED_EDGE('',*,*,#4909,.T.) ;
#4927=ORIENTED_EDGE('',*,*,#4919,.T.) ;
#4928=ORIENTED_EDGE('',*,*,#4924,.F.) ;
#4949=ORIENTED_EDGE('',*,*,#4924,.T.) ;
#4950=ORIENTED_EDGE('',*,*,#4942,.T.) ;
#4951=ORIENTED_EDGE('',*,*,#4947,.F.) ;
#4952=ORIENTED_EDGE('',*,*,#4878,.F.) ;
#4976=ORIENTED_EDGE('',*,*,#4947,.T.) ;
#4977=ORIENTED_EDGE('',*,*,#4969,.T.) ;
#4978=ORIENTED_EDGE('',*,*,#4974,.F.) ;
#5010=ORIENTED_EDGE('',*,*,#4885,.F.) ;
#5011=ORIENTED_EDGE('',*,*,#4974,.T.) ;
#5012=ORIENTED_EDGE('',*,*,#4992,.T.) ;
#5013=ORIENTED_EDGE('',*,*,#5001,.T.) ;
#5014=ORIENTED_EDGE('',*,*,#5008,.T.) ;
#5043=ORIENTED_EDGE('',*,*,#4495,.F.) ;
#5044=ORIENTED_EDGE('',*,*,#5030,.T.) ;
#5045=ORIENTED_EDGE('',*,*,#5036,.F.) ;
#5046=ORIENTED_EDGE('',*,*,#5001,.F.) ;
#5047=ORIENTED_EDGE('',*,*,#5041,.T.) ;
#5048=ORIENTED_EDGE('',*,*,#4575,.F.) ;
#5083=ORIENTED_EDGE('',*,*,#5061,.F.) ;
#5084=ORIENTED_EDGE('',*,*,#5069,.T.) ;
#5085=ORIENTED_EDGE('',*,*,#5076,.F.) ;
#5086=ORIENTED_EDGE('',*,*,#4890,.F.) ;
#5087=ORIENTED_EDGE('',*,*,#5008,.F.) ;
#5088=ORIENTED_EDGE('',*,*,#5036,.T.) ;
#5089=ORIENTED_EDGE('',*,*,#5030,.F.) ;
#5090=ORIENTED_EDGE('',*,*,#4490,.F.) ;
#5091=ORIENTED_EDGE('',*,*,#4812,.T.) ;
#5092=ORIENTED_EDGE('',*,*,#3545,.T.) ;
#5093=ORIENTED_EDGE('',*,*,#4807,.F.) ;
#5094=ORIENTED_EDGE('',*,*,#5081,.F.) ;
#5117=ORIENTED_EDGE('',*,*,#5108,.T.) ;
#5118=ORIENTED_EDGE('',*,*,#4909,.F.) ;
#5119=ORIENTED_EDGE('',*,*,#4871,.F.) ;
#5120=ORIENTED_EDGE('',*,*,#5076,.T.) ;
#5121=ORIENTED_EDGE('',*,*,#5069,.F.) ;
#5122=ORIENTED_EDGE('',*,*,#5115,.F.) ;
#5159=ORIENTED_EDGE('',*,*,#5138,.F.) ;
#5160=ORIENTED_EDGE('',*,*,#5145,.F.) ;
#5161=ORIENTED_EDGE('',*,*,#5152,.F.) ;
#5162=ORIENTED_EDGE('',*,*,#5157,.T.) ;
#5165=ORIENTED_EDGE('',*,*,#4350,.F.) ;
#5166=ORIENTED_EDGE('',*,*,#4397,.F.) ;
#5197=ORIENTED_EDGE('',*,*,#5180,.F.) ;
#5198=ORIENTED_EDGE('',*,*,#4969,.F.) ;
#5199=ORIENTED_EDGE('',*,*,#5187,.T.) ;
#5200=ORIENTED_EDGE('',*,*,#5195,.F.) ;
#5219=ORIENTED_EDGE('',*,*,#5152,.T.) ;
#5220=ORIENTED_EDGE('',*,*,#5211,.T.) ;
#5221=ORIENTED_EDGE('',*,*,#4992,.F.) ;
#5222=ORIENTED_EDGE('',*,*,#5180,.T.) ;
#5223=ORIENTED_EDGE('',*,*,#5217,.F.) ;
#5252=ORIENTED_EDGE('',*,*,#5237,.T.) ;
#5253=ORIENTED_EDGE('',*,*,#5157,.F.) ;
#5254=ORIENTED_EDGE('',*,*,#5217,.T.) ;
#5255=ORIENTED_EDGE('',*,*,#5195,.T.) ;
#5256=ORIENTED_EDGE('',*,*,#5245,.T.) ;
#5257=ORIENTED_EDGE('',*,*,#5250,.T.) ;
#5285=ORIENTED_EDGE('',*,*,#5271,.F.) ;
#5286=ORIENTED_EDGE('',*,*,#5145,.T.) ;
#5287=ORIENTED_EDGE('',*,*,#5278,.F.) ;
#5288=ORIENTED_EDGE('',*,*,#5283,.F.) ;
#5291=ORIENTED_EDGE('',*,*,#4160,.F.) ;
#5292=ORIENTED_EDGE('',*,*,#4189,.F.) ;
#5313=ORIENTED_EDGE('',*,*,#5307,.F.) ;
#5314=ORIENTED_EDGE('',*,*,#5311,.F.) ;
#5315=ORIENTED_EDGE('',*,*,#5041,.F.) ;
#5316=ORIENTED_EDGE('',*,*,#5211,.F.) ;
#5317=ORIENTED_EDGE('',*,*,#5271,.T.) ;
#5341=ORIENTED_EDGE('',*,*,#5331,.F.) ;
#5342=ORIENTED_EDGE('',*,*,#4580,.T.) ;
#5343=ORIENTED_EDGE('',*,*,#5311,.T.) ;
#5344=ORIENTED_EDGE('',*,*,#5339,.F.) ;
#5373=ORIENTED_EDGE('',*,*,#5358,.T.) ;
#5374=ORIENTED_EDGE('',*,*,#5365,.F.) ;
#5375=ORIENTED_EDGE('',*,*,#5371,.T.) ;
#5376=ORIENTED_EDGE('',*,*,#5339,.T.) ;
#5377=ORIENTED_EDGE('',*,*,#5307,.T.) ;
#5378=ORIENTED_EDGE('',*,*,#5283,.T.) ;
#5415=ORIENTED_EDGE('',*,*,#5394,.T.) ;
#5416=ORIENTED_EDGE('',*,*,#5401,.T.) ;
#5417=ORIENTED_EDGE('',*,*,#5408,.F.) ;
#5418=ORIENTED_EDGE('',*,*,#5413,.F.) ;
#5421=ORIENTED_EDGE('',*,*,#4172,.T.) ;
#5422=ORIENTED_EDGE('',*,*,#4125,.T.) ;
#5447=ORIENTED_EDGE('',*,*,#5437,.F.) ;
#5448=ORIENTED_EDGE('',*,*,#5413,.T.) ;
#5449=ORIENTED_EDGE('',*,*,#5441,.T.) ;
#5450=ORIENTED_EDGE('',*,*,#4598,.T.) ;
#5451=ORIENTED_EDGE('',*,*,#5445,.T.) ;
#5475=ORIENTED_EDGE('',*,*,#5445,.F.) ;
#5476=ORIENTED_EDGE('',*,*,#4530,.T.) ;
#5477=ORIENTED_EDGE('',*,*,#5465,.T.) ;
#5478=ORIENTED_EDGE('',*,*,#5473,.F.) ;
#5506=ORIENTED_EDGE('',*,*,#5492,.F.) ;
#5507=ORIENTED_EDGE('',*,*,#5365,.T.) ;
#5508=ORIENTED_EDGE('',*,*,#5499,.F.) ;
#5509=ORIENTED_EDGE('',*,*,#5504,.F.) ;
#5524=ORIENTED_EDGE('',*,*,#5522,.F.) ;
#5525=ORIENTED_EDGE('',*,*,#5465,.F.) ;
#5526=ORIENTED_EDGE('',*,*,#4553,.T.) ;
#5527=ORIENTED_EDGE('',*,*,#5331,.T.) ;
#5528=ORIENTED_EDGE('',*,*,#5371,.F.) ;
#5529=ORIENTED_EDGE('',*,*,#5492,.T.) ;
#5543=ORIENTED_EDGE('',*,*,#5541,.T.) ;
#5544=ORIENTED_EDGE('',*,*,#5394,.F.) ;
#5545=ORIENTED_EDGE('',*,*,#5437,.T.) ;
#5546=ORIENTED_EDGE('',*,*,#5473,.T.) ;
#5547=ORIENTED_EDGE('',*,*,#5522,.T.) ;
#5548=ORIENTED_EDGE('',*,*,#5504,.T.) ;
#5571=ORIENTED_EDGE('',*,*,#5557,.F.) ;
#5572=ORIENTED_EDGE('',*,*,#5408,.T.) ;
#5573=ORIENTED_EDGE('',*,*,#5564,.F.) ;
#5574=ORIENTED_EDGE('',*,*,#5569,.F.) ;
#5577=ORIENTED_EDGE('',*,*,#3935,.F.) ;
#5578=ORIENTED_EDGE('',*,*,#3964,.F.) ;
#5599=ORIENTED_EDGE('',*,*,#5591,.F.) ;
#5600=ORIENTED_EDGE('',*,*,#4659,.T.) ;
#5601=ORIENTED_EDGE('',*,*,#5441,.F.) ;
#5602=ORIENTED_EDGE('',*,*,#5557,.T.) ;
#5603=ORIENTED_EDGE('',*,*,#5597,.F.) ;
#5627=ORIENTED_EDGE('',*,*,#5617,.F.) ;
#5628=ORIENTED_EDGE('',*,*,#4765,.T.) ;
#5629=ORIENTED_EDGE('',*,*,#5591,.T.) ;
#5630=ORIENTED_EDGE('',*,*,#5625,.F.) ;
#5659=ORIENTED_EDGE('',*,*,#5644,.T.) ;
#5660=ORIENTED_EDGE('',*,*,#5651,.F.) ;
#5661=ORIENTED_EDGE('',*,*,#5657,.T.) ;
#5662=ORIENTED_EDGE('',*,*,#5625,.T.) ;
#5663=ORIENTED_EDGE('',*,*,#5597,.T.) ;
#5664=ORIENTED_EDGE('',*,*,#5569,.T.) ;
#5701=ORIENTED_EDGE('',*,*,#5680,.T.) ;
#5702=ORIENTED_EDGE('',*,*,#5687,.T.) ;
#5703=ORIENTED_EDGE('',*,*,#5694,.F.) ;
#5704=ORIENTED_EDGE('',*,*,#5699,.F.) ;
#5707=ORIENTED_EDGE('',*,*,#3947,.T.) ;
#5708=ORIENTED_EDGE('',*,*,#3900,.T.) ;
#5733=ORIENTED_EDGE('',*,*,#5723,.F.) ;
#5734=ORIENTED_EDGE('',*,*,#5699,.T.) ;
#5735=ORIENTED_EDGE('',*,*,#5727,.T.) ;
#5736=ORIENTED_EDGE('',*,*,#4846,.T.) ;
#5737=ORIENTED_EDGE('',*,*,#5731,.T.) ;
#5761=ORIENTED_EDGE('',*,*,#5731,.F.) ;
#5762=ORIENTED_EDGE('',*,*,#4725,.T.) ;
#5763=ORIENTED_EDGE('',*,*,#5751,.T.) ;
#5764=ORIENTED_EDGE('',*,*,#5759,.F.) ;
#5792=ORIENTED_EDGE('',*,*,#5778,.F.) ;
#5793=ORIENTED_EDGE('',*,*,#5651,.T.) ;
#5794=ORIENTED_EDGE('',*,*,#5785,.F.) ;
#5795=ORIENTED_EDGE('',*,*,#5790,.F.) ;
#5810=ORIENTED_EDGE('',*,*,#5808,.F.) ;
#5811=ORIENTED_EDGE('',*,*,#5751,.F.) ;
#5812=ORIENTED_EDGE('',*,*,#4748,.T.) ;
#5813=ORIENTED_EDGE('',*,*,#5617,.T.) ;
#5814=ORIENTED_EDGE('',*,*,#5657,.F.) ;
#5815=ORIENTED_EDGE('',*,*,#5778,.T.) ;
#5829=ORIENTED_EDGE('',*,*,#5827,.T.) ;
#5830=ORIENTED_EDGE('',*,*,#5680,.F.) ;
#5831=ORIENTED_EDGE('',*,*,#5723,.T.) ;
#5832=ORIENTED_EDGE('',*,*,#5759,.T.) ;
#5833=ORIENTED_EDGE('',*,*,#5808,.T.) ;
#5834=ORIENTED_EDGE('',*,*,#5790,.T.) ;
#5857=ORIENTED_EDGE('',*,*,#5845,.F.) ;
#5858=ORIENTED_EDGE('',*,*,#5850,.F.) ;
#5859=ORIENTED_EDGE('',*,*,#5694,.T.) ;
#5860=ORIENTED_EDGE('',*,*,#5855,.T.) ;
#5863=ORIENTED_EDGE('',*,*,#3739,.T.) ;
#5864=ORIENTED_EDGE('',*,*,#3710,.T.) ;
#5896=ORIENTED_EDGE('',*,*,#5875,.F.) ;
#5897=ORIENTED_EDGE('',*,*,#5882,.F.) ;
#5898=ORIENTED_EDGE('',*,*,#5889,.T.) ;
#5899=ORIENTED_EDGE('',*,*,#5894,.T.) ;
#5902=ORIENTED_EDGE('',*,*,#4414,.T.) ;
#5903=ORIENTED_EDGE('',*,*,#4385,.T.) ;
#5928=ORIENTED_EDGE('',*,*,#5918,.F.) ;
#5929=ORIENTED_EDGE('',*,*,#5922,.F.) ;
#5930=ORIENTED_EDGE('',*,*,#5108,.F.) ;
#5931=ORIENTED_EDGE('',*,*,#5926,.F.) ;
#5932=ORIENTED_EDGE('',*,*,#5882,.T.) ;
#5956=ORIENTED_EDGE('',*,*,#5946,.F.) ;
#5957=ORIENTED_EDGE('',*,*,#4919,.F.) ;
#5958=ORIENTED_EDGE('',*,*,#5922,.T.) ;
#5959=ORIENTED_EDGE('',*,*,#5954,.F.) ;
#5987=ORIENTED_EDGE('',*,*,#5973,.F.) ;
#5988=ORIENTED_EDGE('',*,*,#5250,.F.) ;
#5989=ORIENTED_EDGE('',*,*,#5980,.F.) ;
#5990=ORIENTED_EDGE('',*,*,#5985,.T.) ;
#6005=ORIENTED_EDGE('',*,*,#6003,.F.) ;
#6006=ORIENTED_EDGE('',*,*,#5980,.T.) ;
#6007=ORIENTED_EDGE('',*,*,#5245,.F.) ;
#6008=ORIENTED_EDGE('',*,*,#5187,.F.) ;
#6009=ORIENTED_EDGE('',*,*,#4942,.F.) ;
#6010=ORIENTED_EDGE('',*,*,#5946,.T.) ;
#6024=ORIENTED_EDGE('',*,*,#6022,.T.) ;
#6025=ORIENTED_EDGE('',*,*,#5985,.F.) ;
#6026=ORIENTED_EDGE('',*,*,#6003,.T.) ;
#6027=ORIENTED_EDGE('',*,*,#5954,.T.) ;
#6028=ORIENTED_EDGE('',*,*,#5918,.T.) ;
#6029=ORIENTED_EDGE('',*,*,#5875,.T.) ;
#6052=ORIENTED_EDGE('',*,*,#6038,.F.) ;
#6053=ORIENTED_EDGE('',*,*,#5889,.F.) ;
#6054=ORIENTED_EDGE('',*,*,#6045,.F.) ;
#6055=ORIENTED_EDGE('',*,*,#6050,.T.) ;
#6058=ORIENTED_EDGE('',*,*,#3675,.F.) ;
#6059=ORIENTED_EDGE('',*,*,#3722,.F.) ;
#6096=ORIENTED_EDGE('',*,*,#6075,.F.) ;
#6097=ORIENTED_EDGE('',*,*,#6082,.T.) ;
#6098=ORIENTED_EDGE('',*,*,#6089,.F.) ;
#6099=ORIENTED_EDGE('',*,*,#6094,.F.) ;
#6118=ORIENTED_EDGE('',*,*,#6089,.T.) ;
#6119=ORIENTED_EDGE('',*,*,#6111,.F.) ;
#6120=ORIENTED_EDGE('',*,*,#5855,.F.) ;
#6121=ORIENTED_EDGE('',*,*,#5687,.F.) ;
#6122=ORIENTED_EDGE('',*,*,#5827,.F.) ;
#6123=ORIENTED_EDGE('',*,*,#5785,.T.) ;
#6124=ORIENTED_EDGE('',*,*,#5644,.F.) ;
#6125=ORIENTED_EDGE('',*,*,#5564,.T.) ;
#6126=ORIENTED_EDGE('',*,*,#5401,.F.) ;
#6127=ORIENTED_EDGE('',*,*,#5541,.F.) ;
#6128=ORIENTED_EDGE('',*,*,#5499,.T.) ;
#6129=ORIENTED_EDGE('',*,*,#5358,.F.) ;
#6130=ORIENTED_EDGE('',*,*,#5278,.T.) ;
#6131=ORIENTED_EDGE('',*,*,#5138,.T.) ;
#6132=ORIENTED_EDGE('',*,*,#5237,.F.) ;
#6133=ORIENTED_EDGE('',*,*,#5973,.T.) ;
#6134=ORIENTED_EDGE('',*,*,#6022,.F.) ;
#6135=ORIENTED_EDGE('',*,*,#5894,.F.) ;
#6136=ORIENTED_EDGE('',*,*,#6038,.T.) ;
#6137=ORIENTED_EDGE('',*,*,#6116,.F.) ;
#6165=ORIENTED_EDGE('',*,*,#6151,.T.) ;
#6166=ORIENTED_EDGE('',*,*,#4795,.T.) ;
#6167=ORIENTED_EDGE('',*,*,#4853,.T.) ;
#6168=ORIENTED_EDGE('',*,*,#6158,.F.) ;
#6169=ORIENTED_EDGE('',*,*,#6163,.T.) ;
#6185=ORIENTED_EDGE('',*,*,#6178,.T.) ;
#6186=ORIENTED_EDGE('',*,*,#6183,.F.) ;
#6187=ORIENTED_EDGE('',*,*,#5081,.T.) ;
#6188=ORIENTED_EDGE('',*,*,#4802,.T.) ;
#6189=ORIENTED_EDGE('',*,*,#6151,.F.) ;
#6210=ORIENTED_EDGE('',*,*,#6203,.F.) ;
#6211=ORIENTED_EDGE('',*,*,#5115,.T.) ;
#6212=ORIENTED_EDGE('',*,*,#5061,.T.) ;
#6213=ORIENTED_EDGE('',*,*,#6183,.T.) ;
#6214=ORIENTED_EDGE('',*,*,#6208,.T.) ;
#6235=ORIENTED_EDGE('',*,*,#6227,.T.) ;
#6236=ORIENTED_EDGE('',*,*,#6158,.T.) ;
#6237=ORIENTED_EDGE('',*,*,#5727,.F.) ;
#6238=ORIENTED_EDGE('',*,*,#5850,.T.) ;
#6239=ORIENTED_EDGE('',*,*,#6233,.F.) ;
#6264=ORIENTED_EDGE('',*,*,#6233,.T.) ;
#6265=ORIENTED_EDGE('',*,*,#5845,.T.) ;
#6266=ORIENTED_EDGE('',*,*,#6111,.T.) ;
#6267=ORIENTED_EDGE('',*,*,#6082,.F.) ;
#6268=ORIENTED_EDGE('',*,*,#6254,.T.) ;
#6269=ORIENTED_EDGE('',*,*,#6262,.F.) ;
#6290=ORIENTED_EDGE('',*,*,#6282,.T.) ;
#6291=ORIENTED_EDGE('',*,*,#6288,.F.) ;
#6292=ORIENTED_EDGE('',*,*,#6045,.T.) ;
#6293=ORIENTED_EDGE('',*,*,#5926,.T.) ;
#6294=ORIENTED_EDGE('',*,*,#6203,.T.) ;
#6328=ORIENTED_EDGE('',*,*,#6309,.F.) ;
#6329=ORIENTED_EDGE('',*,*,#6316,.F.) ;
#6330=ORIENTED_EDGE('',*,*,#6320,.F.) ;
#6331=ORIENTED_EDGE('',*,*,#6254,.F.) ;
#6332=ORIENTED_EDGE('',*,*,#6075,.T.) ;
#6333=ORIENTED_EDGE('',*,*,#6326,.F.) ;
#6350=ORIENTED_EDGE('',*,*,#6326,.T.) ;
#6351=ORIENTED_EDGE('',*,*,#6094,.T.) ;
#6352=ORIENTED_EDGE('',*,*,#6116,.T.) ;
#6353=ORIENTED_EDGE('',*,*,#6050,.F.) ;
#6354=ORIENTED_EDGE('',*,*,#6288,.T.) ;
#6355=ORIENTED_EDGE('',*,*,#6348,.F.) ;
#6374=ORIENTED_EDGE('',*,*,#6367,.T.) ;
#6375=ORIENTED_EDGE('',*,*,#6372,.F.) ;
#6376=ORIENTED_EDGE('',*,*,#6163,.F.) ;
#6390=ORIENTED_EDGE('',*,*,#6372,.T.) ;
#6391=ORIENTED_EDGE('',*,*,#6316,.T.) ;
#6392=ORIENTED_EDGE('',*,*,#6388,.F.) ;
#6393=ORIENTED_EDGE('',*,*,#6178,.F.) ;
#6407=ORIENTED_EDGE('',*,*,#6388,.T.) ;
#6408=ORIENTED_EDGE('',*,*,#6405,.F.) ;
#6409=ORIENTED_EDGE('',*,*,#6208,.F.) ;
#6418=ORIENTED_EDGE('',*,*,#6282,.F.) ;
#6419=ORIENTED_EDGE('',*,*,#6405,.T.) ;
#6420=ORIENTED_EDGE('',*,*,#6309,.T.) ;
#6421=ORIENTED_EDGE('',*,*,#6348,.T.) ;
#6430=ORIENTED_EDGE('',*,*,#6320,.T.) ;
#6431=ORIENTED_EDGE('',*,*,#6367,.F.) ;
#6432=ORIENTED_EDGE('',*,*,#6227,.F.) ;
#6433=ORIENTED_EDGE('',*,*,#6262,.T.) ;
#6497=ORIENTED_EDGE('',*,*,#6476,.F.) ;
#6498=ORIENTED_EDGE('',*,*,#6483,.T.) ;
#6499=ORIENTED_EDGE('',*,*,#6490,.T.) ;
#6500=ORIENTED_EDGE('',*,*,#6495,.F.) ;
#6535=ORIENTED_EDGE('',*,*,#6516,.F.) ;
#6536=ORIENTED_EDGE('',*,*,#6523,.F.) ;
#6537=ORIENTED_EDGE('',*,*,#6528,.F.) ;
#6538=ORIENTED_EDGE('',*,*,#6490,.F.) ;
#6539=ORIENTED_EDGE('',*,*,#6533,.T.) ;
#6556=ORIENTED_EDGE('',*,*,#6549,.T.) ;
#6557=ORIENTED_EDGE('',*,*,#6554,.T.) ;
#6592=ORIENTED_EDGE('',*,*,#6571,.T.) ;
#6593=ORIENTED_EDGE('',*,*,#6476,.T.) ;
#6594=ORIENTED_EDGE('',*,*,#6578,.F.) ;
#6595=ORIENTED_EDGE('',*,*,#6585,.F.) ;
#6596=ORIENTED_EDGE('',*,*,#6590,.F.) ;
#6613=ORIENTED_EDGE('',*,*,#6606,.F.) ;
#6614=ORIENTED_EDGE('',*,*,#6611,.F.) ;
#6642=ORIENTED_EDGE('',*,*,#6606,.T.) ;
#6643=ORIENTED_EDGE('',*,*,#6628,.F.) ;
#6644=ORIENTED_EDGE('',*,*,#6635,.F.) ;
#6645=ORIENTED_EDGE('',*,*,#6640,.T.) ;
#6668=ORIENTED_EDGE('',*,*,#6554,.F.) ;
#6669=ORIENTED_EDGE('',*,*,#6654,.T.) ;
#6670=ORIENTED_EDGE('',*,*,#6661,.T.) ;
#6671=ORIENTED_EDGE('',*,*,#6666,.F.) ;
#6680=ORIENTED_EDGE('',*,*,#6611,.T.) ;
#6681=ORIENTED_EDGE('',*,*,#6640,.F.) ;
#6682=ORIENTED_EDGE('',*,*,#6678,.F.) ;
#6683=ORIENTED_EDGE('',*,*,#6628,.T.) ;
#6692=ORIENTED_EDGE('',*,*,#6549,.F.) ;
#6693=ORIENTED_EDGE('',*,*,#6666,.T.) ;
#6694=ORIENTED_EDGE('',*,*,#6690,.T.) ;
#6695=ORIENTED_EDGE('',*,*,#6654,.F.) ;
#6732=ORIENTED_EDGE('',*,*,#6711,.T.) ;
#6733=ORIENTED_EDGE('',*,*,#6718,.T.) ;
#6734=ORIENTED_EDGE('',*,*,#6725,.F.) ;
#6735=ORIENTED_EDGE('',*,*,#6730,.F.) ;
#6754=ORIENTED_EDGE('',*,*,#6747,.T.) ;
#6755=ORIENTED_EDGE('',*,*,#6730,.T.) ;
#6756=ORIENTED_EDGE('',*,*,#6752,.F.) ;
#6757=ORIENTED_EDGE('',*,*,#6718,.F.) ;
#6780=ORIENTED_EDGE('',*,*,#6773,.T.) ;
#6781=ORIENTED_EDGE('',*,*,#6778,.T.) ;
#6809=ORIENTED_EDGE('',*,*,#6795,.T.) ;
#6810=ORIENTED_EDGE('',*,*,#6725,.T.) ;
#6811=ORIENTED_EDGE('',*,*,#6802,.F.) ;
#6812=ORIENTED_EDGE('',*,*,#6807,.F.) ;
#6821=ORIENTED_EDGE('',*,*,#6802,.T.) ;
#6822=ORIENTED_EDGE('',*,*,#6752,.T.) ;
#6823=ORIENTED_EDGE('',*,*,#6795,.F.) ;
#6824=ORIENTED_EDGE('',*,*,#6819,.F.) ;
#6843=ORIENTED_EDGE('',*,*,#6836,.T.) ;
#6844=ORIENTED_EDGE('',*,*,#6807,.T.) ;
#6845=ORIENTED_EDGE('',*,*,#6841,.F.) ;
#6846=ORIENTED_EDGE('',*,*,#6773,.F.) ;
#6855=ORIENTED_EDGE('',*,*,#6841,.T.) ;
#6856=ORIENTED_EDGE('',*,*,#6819,.T.) ;
#6857=ORIENTED_EDGE('',*,*,#6836,.F.) ;
#6858=ORIENTED_EDGE('',*,*,#6778,.F.) ;
#6881=ORIENTED_EDGE('',*,*,#6874,.F.) ;
#6882=ORIENTED_EDGE('',*,*,#6879,.F.) ;
#6910=ORIENTED_EDGE('',*,*,#6896,.T.) ;
#6911=ORIENTED_EDGE('',*,*,#6879,.T.) ;
#6912=ORIENTED_EDGE('',*,*,#6903,.F.) ;
#6913=ORIENTED_EDGE('',*,*,#6908,.F.) ;
#6927=ORIENTED_EDGE('',*,*,#6903,.T.) ;
#6928=ORIENTED_EDGE('',*,*,#6874,.T.) ;
#6929=ORIENTED_EDGE('',*,*,#6896,.F.) ;
#6930=ORIENTED_EDGE('',*,*,#6925,.F.) ;
#6953=ORIENTED_EDGE('',*,*,#6939,.T.) ;
#6954=ORIENTED_EDGE('',*,*,#6908,.T.) ;
#6955=ORIENTED_EDGE('',*,*,#6946,.F.) ;
#6956=ORIENTED_EDGE('',*,*,#6951,.F.) ;
#6965=ORIENTED_EDGE('',*,*,#6946,.T.) ;
#6966=ORIENTED_EDGE('',*,*,#6925,.T.) ;
#6967=ORIENTED_EDGE('',*,*,#6939,.F.) ;
#6968=ORIENTED_EDGE('',*,*,#6963,.F.) ;
#6996=ORIENTED_EDGE('',*,*,#6951,.T.) ;
#6997=ORIENTED_EDGE('',*,*,#6982,.T.) ;
#6998=ORIENTED_EDGE('',*,*,#6989,.F.) ;
#6999=ORIENTED_EDGE('',*,*,#6994,.F.) ;
#7013=ORIENTED_EDGE('',*,*,#6963,.T.) ;
#7014=ORIENTED_EDGE('',*,*,#6994,.T.) ;
#7015=ORIENTED_EDGE('',*,*,#7011,.F.) ;
#7016=ORIENTED_EDGE('',*,*,#6982,.F.) ;
#7081=ORIENTED_EDGE('',*,*,#7032,.F.) ;
#7082=ORIENTED_EDGE('',*,*,#7039,.T.) ;
#7083=ORIENTED_EDGE('',*,*,#7046,.F.) ;
#7084=ORIENTED_EDGE('',*,*,#7053,.T.) ;
#7085=ORIENTED_EDGE('',*,*,#7060,.F.) ;
#7086=ORIENTED_EDGE('',*,*,#7067,.F.) ;
#7087=ORIENTED_EDGE('',*,*,#7074,.F.) ;
#7088=ORIENTED_EDGE('',*,*,#7079,.F.) ;
#7116=ORIENTED_EDGE('',*,*,#7102,.F.) ;
#7117=ORIENTED_EDGE('',*,*,#6523,.T.) ;
#7118=ORIENTED_EDGE('',*,*,#7109,.T.) ;
#7119=ORIENTED_EDGE('',*,*,#7114,.T.) ;
#7140=ORIENTED_EDGE('',*,*,#7109,.F.) ;
#7141=ORIENTED_EDGE('',*,*,#6516,.T.) ;
#7142=ORIENTED_EDGE('',*,*,#7133,.T.) ;
#7143=ORIENTED_EDGE('',*,*,#7138,.T.) ;
#7187=ORIENTED_EDGE('',*,*,#7159,.F.) ;
#7188=ORIENTED_EDGE('',*,*,#7166,.F.) ;
#7189=ORIENTED_EDGE('',*,*,#7173,.F.) ;
#7190=ORIENTED_EDGE('',*,*,#7180,.F.) ;
#7191=ORIENTED_EDGE('',*,*,#7185,.F.) ;
#7194=ORIENTED_EDGE('',*,*,#6690,.F.) ;
#7195=ORIENTED_EDGE('',*,*,#6661,.F.) ;
#7223=ORIENTED_EDGE('',*,*,#7209,.T.) ;
#7224=ORIENTED_EDGE('',*,*,#7185,.T.) ;
#7225=ORIENTED_EDGE('',*,*,#7216,.F.) ;
#7226=ORIENTED_EDGE('',*,*,#7221,.F.) ;
#7245=ORIENTED_EDGE('',*,*,#7216,.T.) ;
#7246=ORIENTED_EDGE('',*,*,#7180,.T.) ;
#7247=ORIENTED_EDGE('',*,*,#7238,.F.) ;
#7248=ORIENTED_EDGE('',*,*,#7243,.F.) ;
#7267=ORIENTED_EDGE('',*,*,#7260,.T.) ;
#7268=ORIENTED_EDGE('',*,*,#7159,.T.) ;
#7269=ORIENTED_EDGE('',*,*,#7209,.F.) ;
#7270=ORIENTED_EDGE('',*,*,#7265,.F.) ;
#7279=ORIENTED_EDGE('',*,*,#7238,.T.) ;
#7280=ORIENTED_EDGE('',*,*,#7173,.T.) ;
#7281=ORIENTED_EDGE('',*,*,#7166,.T.) ;
#7282=ORIENTED_EDGE('',*,*,#7260,.F.) ;
#7283=ORIENTED_EDGE('',*,*,#7114,.F.) ;
#7284=ORIENTED_EDGE('',*,*,#7138,.F.) ;
#7312=ORIENTED_EDGE('',*,*,#7298,.T.) ;
#7313=ORIENTED_EDGE('',*,*,#6585,.T.) ;
#7314=ORIENTED_EDGE('',*,*,#7305,.F.) ;
#7315=ORIENTED_EDGE('',*,*,#7310,.T.) ;
#7336=ORIENTED_EDGE('',*,*,#7329,.T.) ;
#7337=ORIENTED_EDGE('',*,*,#6590,.T.) ;
#7338=ORIENTED_EDGE('',*,*,#7298,.F.) ;
#7339=ORIENTED_EDGE('',*,*,#7334,.T.) ;
#7383=ORIENTED_EDGE('',*,*,#7355,.F.) ;
#7384=ORIENTED_EDGE('',*,*,#7362,.F.) ;
#7385=ORIENTED_EDGE('',*,*,#7369,.F.) ;
#7386=ORIENTED_EDGE('',*,*,#7376,.F.) ;
#7387=ORIENTED_EDGE('',*,*,#7381,.F.) ;
#7390=ORIENTED_EDGE('',*,*,#6635,.T.) ;
#7391=ORIENTED_EDGE('',*,*,#6678,.T.) ;
#7431=ORIENTED_EDGE('',*,*,#7305,.T.) ;
#7432=ORIENTED_EDGE('',*,*,#6578,.T.) ;
#7433=ORIENTED_EDGE('',*,*,#6495,.T.) ;
#7434=ORIENTED_EDGE('',*,*,#6528,.T.) ;
#7435=ORIENTED_EDGE('',*,*,#7102,.T.) ;
#7436=ORIENTED_EDGE('',*,*,#7265,.T.) ;
#7437=ORIENTED_EDGE('',*,*,#7405,.T.) ;
#7438=ORIENTED_EDGE('',*,*,#7410,.F.) ;
#7439=ORIENTED_EDGE('',*,*,#7067,.T.) ;
#7440=ORIENTED_EDGE('',*,*,#7417,.F.) ;
#7441=ORIENTED_EDGE('',*,*,#7424,.T.) ;
#7442=ORIENTED_EDGE('',*,*,#7429,.T.) ;
#7482=ORIENTED_EDGE('',*,*,#7456,.T.) ;
#7483=ORIENTED_EDGE('',*,*,#7463,.T.) ;
#7484=ORIENTED_EDGE('',*,*,#7468,.F.) ;
#7485=ORIENTED_EDGE('',*,*,#7039,.F.) ;
#7486=ORIENTED_EDGE('',*,*,#7475,.F.) ;
#7487=ORIENTED_EDGE('',*,*,#7480,.T.) ;
#7488=ORIENTED_EDGE('',*,*,#7243,.T.) ;
#7489=ORIENTED_EDGE('',*,*,#7133,.F.) ;
#7490=ORIENTED_EDGE('',*,*,#6533,.F.) ;
#7491=ORIENTED_EDGE('',*,*,#6483,.F.) ;
#7492=ORIENTED_EDGE('',*,*,#6571,.F.) ;
#7493=ORIENTED_EDGE('',*,*,#7329,.F.) ;
#7512=ORIENTED_EDGE('',*,*,#7505,.T.) ;
#7513=ORIENTED_EDGE('',*,*,#7376,.T.) ;
#7514=ORIENTED_EDGE('',*,*,#7510,.F.) ;
#7515=ORIENTED_EDGE('',*,*,#7456,.F.) ;
#7534=ORIENTED_EDGE('',*,*,#7510,.T.) ;
#7535=ORIENTED_EDGE('',*,*,#7369,.T.) ;
#7536=ORIENTED_EDGE('',*,*,#7527,.F.) ;
#7537=ORIENTED_EDGE('',*,*,#7532,.F.) ;
#7551=ORIENTED_EDGE('',*,*,#7527,.T.) ;
#7552=ORIENTED_EDGE('',*,*,#7362,.T.) ;
#7553=ORIENTED_EDGE('',*,*,#7549,.F.) ;
#7554=ORIENTED_EDGE('',*,*,#7429,.F.) ;
#7563=ORIENTED_EDGE('',*,*,#7381,.T.) ;
#7564=ORIENTED_EDGE('',*,*,#7505,.F.) ;
#7565=ORIENTED_EDGE('',*,*,#7334,.F.) ;
#7566=ORIENTED_EDGE('',*,*,#7310,.F.) ;
#7567=ORIENTED_EDGE('',*,*,#7549,.T.) ;
#7568=ORIENTED_EDGE('',*,*,#7355,.T.) ;
#7598=ORIENTED_EDGE('',*,*,#7417,.T.) ;
#7599=ORIENTED_EDGE('',*,*,#7060,.T.) ;
#7600=ORIENTED_EDGE('',*,*,#7582,.F.) ;
#7601=ORIENTED_EDGE('',*,*,#7596,.T.) ;
#7622=ORIENTED_EDGE('',*,*,#7582,.T.) ;
#7623=ORIENTED_EDGE('',*,*,#7053,.F.) ;
#7624=ORIENTED_EDGE('',*,*,#7615,.T.) ;
#7625=ORIENTED_EDGE('',*,*,#7620,.T.) ;
#7628=ORIENTED_EDGE('',*,*,#7011,.T.) ;
#7629=ORIENTED_EDGE('',*,*,#6989,.T.) ;
#7649=ORIENTED_EDGE('',*,*,#7615,.F.) ;
#7650=ORIENTED_EDGE('',*,*,#7046,.T.) ;
#7651=ORIENTED_EDGE('',*,*,#7468,.T.) ;
#7652=ORIENTED_EDGE('',*,*,#7647,.T.) ;
#7695=ORIENTED_EDGE('',*,*,#7463,.F.) ;
#7696=ORIENTED_EDGE('',*,*,#7532,.T.) ;
#7697=ORIENTED_EDGE('',*,*,#7424,.F.) ;
#7698=ORIENTED_EDGE('',*,*,#7675,.F.) ;
#7699=ORIENTED_EDGE('',*,*,#7682,.F.) ;
#7700=ORIENTED_EDGE('',*,*,#7693,.F.) ;
#7767=ORIENTED_EDGE('',*,*,#7693,.T.) ;
#7768=ORIENTED_EDGE('',*,*,#7765,.T.) ;
#7769=ORIENTED_EDGE('',*,*,#7647,.F.) ;
#7783=ORIENTED_EDGE('',*,*,#7682,.T.) ;
#7784=ORIENTED_EDGE('',*,*,#7781,.T.) ;
#7785=ORIENTED_EDGE('',*,*,#7620,.F.) ;
#7786=ORIENTED_EDGE('',*,*,#7765,.F.) ;
#7845=ORIENTED_EDGE('',*,*,#7675,.T.) ;
#7846=ORIENTED_EDGE('',*,*,#7596,.F.) ;
#7847=ORIENTED_EDGE('',*,*,#7781,.F.) ;
#7874=ORIENTED_EDGE('',*,*,#7861,.F.) ;
#7875=ORIENTED_EDGE('',*,*,#7074,.T.) ;
#7876=ORIENTED_EDGE('',*,*,#7410,.T.) ;
#7877=ORIENTED_EDGE('',*,*,#7872,.T.) ;
#7898=ORIENTED_EDGE('',*,*,#7891,.T.) ;
#7899=ORIENTED_EDGE('',*,*,#7896,.T.) ;
#7900=ORIENTED_EDGE('',*,*,#7079,.T.) ;
#7901=ORIENTED_EDGE('',*,*,#7861,.T.) ;
#7904=ORIENTED_EDGE('',*,*,#6711,.F.) ;
#7905=ORIENTED_EDGE('',*,*,#6747,.F.) ;
#7928=ORIENTED_EDGE('',*,*,#7475,.T.) ;
#7929=ORIENTED_EDGE('',*,*,#7032,.T.) ;
#7930=ORIENTED_EDGE('',*,*,#7896,.F.) ;
#7931=ORIENTED_EDGE('',*,*,#7926,.T.) ;
#7974=ORIENTED_EDGE('',*,*,#7405,.F.) ;
#7975=ORIENTED_EDGE('',*,*,#7221,.T.) ;
#7976=ORIENTED_EDGE('',*,*,#7480,.F.) ;
#7977=ORIENTED_EDGE('',*,*,#7954,.F.) ;
#7978=ORIENTED_EDGE('',*,*,#7961,.F.) ;
#7979=ORIENTED_EDGE('',*,*,#7972,.F.) ;
#8046=ORIENTED_EDGE('',*,*,#7972,.T.) ;
#8047=ORIENTED_EDGE('',*,*,#8044,.T.) ;
#8048=ORIENTED_EDGE('',*,*,#7872,.F.) ;
#8062=ORIENTED_EDGE('',*,*,#7961,.T.) ;
#8063=ORIENTED_EDGE('',*,*,#8060,.T.) ;
#8064=ORIENTED_EDGE('',*,*,#7891,.F.) ;
#8065=ORIENTED_EDGE('',*,*,#8044,.F.) ;
#8124=ORIENTED_EDGE('',*,*,#7954,.T.) ;
#8125=ORIENTED_EDGE('',*,*,#7926,.F.) ;
#8126=ORIENTED_EDGE('',*,*,#8060,.F.) ;
#8235=ORIENTED_EDGE('',*,*,#8214,.F.) ;
#8236=ORIENTED_EDGE('',*,*,#8221,.T.) ;
#8237=ORIENTED_EDGE('',*,*,#8228,.T.) ;
#8238=ORIENTED_EDGE('',*,*,#8233,.F.) ;
#8273=ORIENTED_EDGE('',*,*,#8254,.F.) ;
#8274=ORIENTED_EDGE('',*,*,#8261,.F.) ;
#8275=ORIENTED_EDGE('',*,*,#8266,.F.) ;
#8276=ORIENTED_EDGE('',*,*,#8228,.F.) ;
#8277=ORIENTED_EDGE('',*,*,#8271,.T.) ;
#8294=ORIENTED_EDGE('',*,*,#8287,.T.) ;
#8295=ORIENTED_EDGE('',*,*,#8292,.T.) ;
#8330=ORIENTED_EDGE('',*,*,#8311,.F.) ;
#8331=ORIENTED_EDGE('',*,*,#8316,.T.) ;
#8332=ORIENTED_EDGE('',*,*,#8214,.T.) ;
#8333=ORIENTED_EDGE('',*,*,#8323,.F.) ;
#8334=ORIENTED_EDGE('',*,*,#8328,.F.) ;
#8351=ORIENTED_EDGE('',*,*,#8344,.T.) ;
#8352=ORIENTED_EDGE('',*,*,#8349,.T.) ;
#8380=ORIENTED_EDGE('',*,*,#8366,.F.) ;
#8381=ORIENTED_EDGE('',*,*,#8373,.T.) ;
#8382=ORIENTED_EDGE('',*,*,#8378,.T.) ;
#8383=ORIENTED_EDGE('',*,*,#8349,.F.) ;
#8406=ORIENTED_EDGE('',*,*,#8392,.T.) ;
#8407=ORIENTED_EDGE('',*,*,#8399,.F.) ;
#8408=ORIENTED_EDGE('',*,*,#8404,.F.) ;
#8409=ORIENTED_EDGE('',*,*,#8292,.F.) ;
#8418=ORIENTED_EDGE('',*,*,#8378,.F.) ;
#8419=ORIENTED_EDGE('',*,*,#8416,.T.) ;
#8420=ORIENTED_EDGE('',*,*,#8366,.T.) ;
#8421=ORIENTED_EDGE('',*,*,#8344,.F.) ;
#8430=ORIENTED_EDGE('',*,*,#8404,.T.) ;
#8431=ORIENTED_EDGE('',*,*,#8428,.F.) ;
#8432=ORIENTED_EDGE('',*,*,#8392,.F.) ;
#8433=ORIENTED_EDGE('',*,*,#8287,.F.) ;
#8458=ORIENTED_EDGE('',*,*,#8444,.F.) ;
#8459=ORIENTED_EDGE('',*,*,#8451,.T.) ;
#8460=ORIENTED_EDGE('',*,*,#8456,.F.) ;
#8485=ORIENTED_EDGE('',*,*,#8471,.T.) ;
#8486=ORIENTED_EDGE('',*,*,#8478,.F.) ;
#8487=ORIENTED_EDGE('',*,*,#8483,.F.) ;
#8515=ORIENTED_EDGE('',*,*,#8501,.F.) ;
#8516=ORIENTED_EDGE('',*,*,#8261,.T.) ;
#8517=ORIENTED_EDGE('',*,*,#8508,.T.) ;
#8518=ORIENTED_EDGE('',*,*,#8513,.T.) ;
#8539=ORIENTED_EDGE('',*,*,#8508,.F.) ;
#8540=ORIENTED_EDGE('',*,*,#8254,.T.) ;
#8541=ORIENTED_EDGE('',*,*,#8532,.T.) ;
#8542=ORIENTED_EDGE('',*,*,#8537,.T.) ;
#8586=ORIENTED_EDGE('',*,*,#8558,.F.) ;
#8587=ORIENTED_EDGE('',*,*,#8565,.F.) ;
#8588=ORIENTED_EDGE('',*,*,#8572,.F.) ;
#8589=ORIENTED_EDGE('',*,*,#8579,.F.) ;
#8590=ORIENTED_EDGE('',*,*,#8584,.F.) ;
#8593=ORIENTED_EDGE('',*,*,#8428,.T.) ;
#8594=ORIENTED_EDGE('',*,*,#8399,.T.) ;
#8653=ORIENTED_EDGE('',*,*,#8608,.T.) ;
#8654=ORIENTED_EDGE('',*,*,#8444,.T.) ;
#8655=ORIENTED_EDGE('',*,*,#8615,.F.) ;
#8656=ORIENTED_EDGE('',*,*,#8622,.T.) ;
#8657=ORIENTED_EDGE('',*,*,#8629,.T.) ;
#8658=ORIENTED_EDGE('',*,*,#8639,.F.) ;
#8659=ORIENTED_EDGE('',*,*,#8646,.F.) ;
#8660=ORIENTED_EDGE('',*,*,#8651,.T.) ;
#8679=ORIENTED_EDGE('',*,*,#8672,.T.) ;
#8680=ORIENTED_EDGE('',*,*,#8584,.T.) ;
#8681=ORIENTED_EDGE('',*,*,#8677,.F.) ;
#8682=ORIENTED_EDGE('',*,*,#8651,.F.) ;
#8701=ORIENTED_EDGE('',*,*,#8677,.T.) ;
#8702=ORIENTED_EDGE('',*,*,#8579,.T.) ;
#8703=ORIENTED_EDGE('',*,*,#8694,.F.) ;
#8704=ORIENTED_EDGE('',*,*,#8699,.F.) ;
#8723=ORIENTED_EDGE('',*,*,#8716,.T.) ;
#8724=ORIENTED_EDGE('',*,*,#8558,.T.) ;
#8725=ORIENTED_EDGE('',*,*,#8672,.F.) ;
#8726=ORIENTED_EDGE('',*,*,#8721,.F.) ;
#8735=ORIENTED_EDGE('',*,*,#8694,.T.) ;
#8736=ORIENTED_EDGE('',*,*,#8572,.T.) ;
#8737=ORIENTED_EDGE('',*,*,#8565,.T.) ;
#8738=ORIENTED_EDGE('',*,*,#8716,.F.) ;
#8739=ORIENTED_EDGE('',*,*,#8513,.F.) ;
#8740=ORIENTED_EDGE('',*,*,#8537,.F.) ;
#8768=ORIENTED_EDGE('',*,*,#8754,.T.) ;
#8769=ORIENTED_EDGE('',*,*,#8328,.T.) ;
#8770=ORIENTED_EDGE('',*,*,#8761,.F.) ;
#8771=ORIENTED_EDGE('',*,*,#8766,.T.) ;
#8792=ORIENTED_EDGE('',*,*,#8785,.T.) ;
#8793=ORIENTED_EDGE('',*,*,#8311,.T.) ;
#8794=ORIENTED_EDGE('',*,*,#8754,.F.) ;
#8795=ORIENTED_EDGE('',*,*,#8790,.T.) ;
#8839=ORIENTED_EDGE('',*,*,#8811,.F.) ;
#8840=ORIENTED_EDGE('',*,*,#8818,.F.) ;
#8841=ORIENTED_EDGE('',*,*,#8825,.F.) ;
#8842=ORIENTED_EDGE('',*,*,#8832,.F.) ;
#8843=ORIENTED_EDGE('',*,*,#8837,.F.) ;
#8846=ORIENTED_EDGE('',*,*,#8373,.F.) ;
#8847=ORIENTED_EDGE('',*,*,#8416,.F.) ;
#8906=ORIENTED_EDGE('',*,*,#8863,.F.) ;
#8907=ORIENTED_EDGE('',*,*,#8873,.F.) ;
#8908=ORIENTED_EDGE('',*,*,#8880,.T.) ;
#8909=ORIENTED_EDGE('',*,*,#8887,.T.) ;
#8910=ORIENTED_EDGE('',*,*,#8892,.F.) ;
#8911=ORIENTED_EDGE('',*,*,#8478,.T.) ;
#8912=ORIENTED_EDGE('',*,*,#8899,.T.) ;
#8913=ORIENTED_EDGE('',*,*,#8904,.T.) ;
#9020=ORIENTED_EDGE('',*,*,#8925,.T.) ;
#9021=ORIENTED_EDGE('',*,*,#8899,.F.) ;
#9022=ORIENTED_EDGE('',*,*,#8471,.F.) ;
#9023=ORIENTED_EDGE('',*,*,#8932,.F.) ;
#9024=ORIENTED_EDGE('',*,*,#8969,.F.) ;
#9025=ORIENTED_EDGE('',*,*,#8976,.F.) ;
#9026=ORIENTED_EDGE('',*,*,#9013,.F.) ;
#9027=ORIENTED_EDGE('',*,*,#9018,.F.) ;
#9028=ORIENTED_EDGE('',*,*,#8451,.F.) ;
#9029=ORIENTED_EDGE('',*,*,#8608,.F.) ;
#9030=ORIENTED_EDGE('',*,*,#8699,.T.) ;
#9031=ORIENTED_EDGE('',*,*,#8532,.F.) ;
#9032=ORIENTED_EDGE('',*,*,#8271,.F.) ;
#9033=ORIENTED_EDGE('',*,*,#8221,.F.) ;
#9034=ORIENTED_EDGE('',*,*,#8316,.F.) ;
#9035=ORIENTED_EDGE('',*,*,#8785,.F.) ;
#9054=ORIENTED_EDGE('',*,*,#9047,.T.) ;
#9055=ORIENTED_EDGE('',*,*,#8832,.T.) ;
#9056=ORIENTED_EDGE('',*,*,#9052,.F.) ;
#9057=ORIENTED_EDGE('',*,*,#8925,.F.) ;
#9071=ORIENTED_EDGE('',*,*,#9052,.T.) ;
#9072=ORIENTED_EDGE('',*,*,#8825,.T.) ;
#9073=ORIENTED_EDGE('',*,*,#9069,.F.) ;
#9074=ORIENTED_EDGE('',*,*,#8904,.F.) ;
#9093=ORIENTED_EDGE('',*,*,#9069,.T.) ;
#9094=ORIENTED_EDGE('',*,*,#8818,.T.) ;
#9095=ORIENTED_EDGE('',*,*,#9086,.F.) ;
#9096=ORIENTED_EDGE('',*,*,#9091,.F.) ;
#9105=ORIENTED_EDGE('',*,*,#8837,.T.) ;
#9106=ORIENTED_EDGE('',*,*,#9047,.F.) ;
#9107=ORIENTED_EDGE('',*,*,#8790,.F.) ;
#9108=ORIENTED_EDGE('',*,*,#8766,.F.) ;
#9109=ORIENTED_EDGE('',*,*,#9086,.T.) ;
#9110=ORIENTED_EDGE('',*,*,#8811,.T.) ;
#9138=ORIENTED_EDGE('',*,*,#9124,.T.) ;
#9139=ORIENTED_EDGE('',*,*,#8615,.T.) ;
#9140=ORIENTED_EDGE('',*,*,#8456,.T.) ;
#9141=ORIENTED_EDGE('',*,*,#9018,.T.) ;
#9142=ORIENTED_EDGE('',*,*,#9013,.T.) ;
#9143=ORIENTED_EDGE('',*,*,#9131,.F.) ;
#9144=ORIENTED_EDGE('',*,*,#9136,.F.) ;
#9165=ORIENTED_EDGE('',*,*,#9158,.F.) ;
#9166=ORIENTED_EDGE('',*,*,#9131,.T.) ;
#9167=ORIENTED_EDGE('',*,*,#8976,.T.) ;
#9168=ORIENTED_EDGE('',*,*,#9163,.T.) ;
#9189=ORIENTED_EDGE('',*,*,#9163,.F.) ;
#9190=ORIENTED_EDGE('',*,*,#8969,.T.) ;
#9191=ORIENTED_EDGE('',*,*,#8932,.T.) ;
#9192=ORIENTED_EDGE('',*,*,#8483,.T.) ;
#9193=ORIENTED_EDGE('',*,*,#8892,.T.) ;
#9194=ORIENTED_EDGE('',*,*,#9182,.T.) ;
#9195=ORIENTED_EDGE('',*,*,#9187,.F.) ;
#9211=ORIENTED_EDGE('',*,*,#9182,.F.) ;
#9212=ORIENTED_EDGE('',*,*,#8887,.F.) ;
#9213=ORIENTED_EDGE('',*,*,#8880,.F.) ;
#9214=ORIENTED_EDGE('',*,*,#9204,.T.) ;
#9215=ORIENTED_EDGE('',*,*,#9209,.F.) ;
#9236=ORIENTED_EDGE('',*,*,#9204,.F.) ;
#9237=ORIENTED_EDGE('',*,*,#8873,.T.) ;
#9238=ORIENTED_EDGE('',*,*,#9229,.T.) ;
#9239=ORIENTED_EDGE('',*,*,#9234,.F.) ;
#9255=ORIENTED_EDGE('',*,*,#9248,.T.) ;
#9256=ORIENTED_EDGE('',*,*,#8629,.F.) ;
#9257=ORIENTED_EDGE('',*,*,#8622,.F.) ;
#9258=ORIENTED_EDGE('',*,*,#9124,.F.) ;
#9259=ORIENTED_EDGE('',*,*,#9253,.F.) ;
#9296=ORIENTED_EDGE('',*,*,#9275,.T.) ;
#9297=ORIENTED_EDGE('',*,*,#9282,.T.) ;
#9298=ORIENTED_EDGE('',*,*,#9289,.T.) ;
#9299=ORIENTED_EDGE('',*,*,#9294,.T.) ;
#9320=ORIENTED_EDGE('',*,*,#9313,.T.) ;
#9321=ORIENTED_EDGE('',*,*,#8639,.T.) ;
#9322=ORIENTED_EDGE('',*,*,#9248,.F.) ;
#9323=ORIENTED_EDGE('',*,*,#9318,.F.) ;
#9337=ORIENTED_EDGE('',*,*,#9229,.F.) ;
#9338=ORIENTED_EDGE('',*,*,#8863,.T.) ;
#9339=ORIENTED_EDGE('',*,*,#9091,.T.) ;
#9340=ORIENTED_EDGE('',*,*,#8761,.T.) ;
#9341=ORIENTED_EDGE('',*,*,#8323,.T.) ;
#9342=ORIENTED_EDGE('',*,*,#8233,.T.) ;
#9343=ORIENTED_EDGE('',*,*,#8266,.T.) ;
#9344=ORIENTED_EDGE('',*,*,#8501,.T.) ;
#9345=ORIENTED_EDGE('',*,*,#8721,.T.) ;
#9346=ORIENTED_EDGE('',*,*,#8646,.T.) ;
#9347=ORIENTED_EDGE('',*,*,#9313,.F.) ;
#9348=ORIENTED_EDGE('',*,*,#9335,.F.) ;
#9367=ORIENTED_EDGE('',*,*,#9360,.T.) ;
#9368=ORIENTED_EDGE('',*,*,#9158,.T.) ;
#9369=ORIENTED_EDGE('',*,*,#9365,.F.) ;
#9370=ORIENTED_EDGE('',*,*,#9275,.F.) ;
#9384=ORIENTED_EDGE('',*,*,#9365,.T.) ;
#9385=ORIENTED_EDGE('',*,*,#9187,.T.) ;
#9386=ORIENTED_EDGE('',*,*,#9382,.F.) ;
#9400=ORIENTED_EDGE('',*,*,#9382,.T.) ;
#9401=ORIENTED_EDGE('',*,*,#9209,.T.) ;
#9402=ORIENTED_EDGE('',*,*,#9398,.F.) ;
#9403=ORIENTED_EDGE('',*,*,#9282,.F.) ;
#9417=ORIENTED_EDGE('',*,*,#9398,.T.) ;
#9418=ORIENTED_EDGE('',*,*,#9234,.T.) ;
#9419=ORIENTED_EDGE('',*,*,#9415,.F.) ;
#9433=ORIENTED_EDGE('',*,*,#9415,.T.) ;
#9434=ORIENTED_EDGE('',*,*,#9335,.T.) ;
#9435=ORIENTED_EDGE('',*,*,#9431,.F.) ;
#9436=ORIENTED_EDGE('',*,*,#9289,.F.) ;
#9450=ORIENTED_EDGE('',*,*,#9431,.T.) ;
#9451=ORIENTED_EDGE('',*,*,#9318,.T.) ;
#9452=ORIENTED_EDGE('',*,*,#9448,.F.) ;
#9466=ORIENTED_EDGE('',*,*,#9448,.T.) ;
#9467=ORIENTED_EDGE('',*,*,#9253,.T.) ;
#9468=ORIENTED_EDGE('',*,*,#9464,.F.) ;
#9469=ORIENTED_EDGE('',*,*,#9294,.F.) ;
#9478=ORIENTED_EDGE('',*,*,#9464,.T.) ;
#9479=ORIENTED_EDGE('',*,*,#9136,.T.) ;
#9480=ORIENTED_EDGE('',*,*,#9360,.F.) ;
#199=FACE_BOUND('',#196,.T.) ;
#243=FACE_BOUND('',#238,.T.) ;
#277=FACE_BOUND('',#272,.T.) ;
#501=FACE_BOUND('',#498,.T.) ;
#523=FACE_BOUND('',#520,.T.) ;
#640=FACE_BOUND('',#637,.T.) ;
#662=FACE_BOUND('',#659,.T.) ;
#786=FACE_BOUND('',#783,.T.) ;
#814=FACE_BOUND('',#811,.T.) ;
#1136=FACE_BOUND('',#1131,.T.) ;
#1154=FACE_BOUND('',#1151,.T.) ;
#1172=FACE_BOUND('',#1169,.T.) ;
#1190=FACE_BOUND('',#1185,.T.) ;
#1208=FACE_BOUND('',#1205,.T.) ;
#1226=FACE_BOUND('',#1223,.T.) ;
#1452=FACE_BOUND('',#1447,.T.) ;
#1470=FACE_BOUND('',#1467,.T.) ;
#1488=FACE_BOUND('',#1485,.T.) ;
#1506=FACE_BOUND('',#1501,.T.) ;
#1524=FACE_BOUND('',#1521,.T.) ;
#1542=FACE_BOUND('',#1539,.T.) ;
#1675=FACE_BOUND('',#1672,.T.) ;
#1703=FACE_BOUND('',#1700,.T.) ;
#1947=FACE_BOUND('',#1944,.T.) ;
#1970=FACE_BOUND('',#1967,.T.) ;
#2369=FACE_BOUND('',#2364,.T.) ;
#2387=FACE_BOUND('',#2384,.T.) ;
#2405=FACE_BOUND('',#2402,.T.) ;
#2423=FACE_BOUND('',#2418,.T.) ;
#2441=FACE_BOUND('',#2438,.T.) ;
#2459=FACE_BOUND('',#2456,.T.) ;
#2477=FACE_BOUND('',#2474,.T.) ;
#2495=FACE_BOUND('',#2492,.T.) ;
#2513=FACE_BOUND('',#2510,.T.) ;
#2531=FACE_BOUND('',#2528,.T.) ;
#2757=FACE_BOUND('',#2752,.T.) ;
#2775=FACE_BOUND('',#2772,.T.) ;
#2793=FACE_BOUND('',#2790,.T.) ;
#2811=FACE_BOUND('',#2806,.T.) ;
#2829=FACE_BOUND('',#2826,.T.) ;
#2847=FACE_BOUND('',#2844,.T.) ;
#2865=FACE_BOUND('',#2862,.T.) ;
#2883=FACE_BOUND('',#2880,.T.) ;
#2901=FACE_BOUND('',#2898,.T.) ;
#2919=FACE_BOUND('',#2916,.T.) ;
#3339=FACE_BOUND('',#3336,.T.) ;
#3434=FACE_BOUND('',#3431,.T.) ;
#3450=FACE_BOUND('',#3447,.T.) ;
#5167=FACE_BOUND('',#5164,.T.) ;
#5293=FACE_BOUND('',#5290,.T.) ;
#5423=FACE_BOUND('',#5420,.T.) ;
#5579=FACE_BOUND('',#5576,.T.) ;
#5709=FACE_BOUND('',#5706,.T.) ;
#5865=FACE_BOUND('',#5862,.T.) ;
#5904=FACE_BOUND('',#5901,.T.) ;
#6060=FACE_BOUND('',#6057,.T.) ;
#6558=FACE_BOUND('',#6555,.T.) ;
#6615=FACE_BOUND('',#6612,.T.) ;
#7196=FACE_BOUND('',#7193,.T.) ;
#7392=FACE_BOUND('',#7389,.T.) ;
#7630=FACE_BOUND('',#7627,.T.) ;
#7906=FACE_BOUND('',#7903,.T.) ;
#8296=FACE_BOUND('',#8293,.T.) ;
#8353=FACE_BOUND('',#8350,.T.) ;
#8595=FACE_BOUND('',#8592,.T.) ;
#8848=FACE_BOUND('',#8845,.T.) ;
#62=CLOSED_SHELL('Closed Shell',(#102,#119,#129,#169,#186,#200,#278,#318,#353,#370,#387,#418,#449,#480,#502,#524,#536,#562,#593,#619,#641,#663,#675)) ;
#702=CLOSED_SHELL('Closed Shell',(#742,#759,#787,#815,#837,#844)) ;
#871=CLOSED_SHELL('Closed Shell',(#911,#942,#973,#995,#1035,#1066,#1097,#1119,#1173,#1227,#1262,#1288,#1314,#1331,#1366,#1392,#1418,#1435,#1489,#1543,#1574,#1591,#1617,#1629,#1636,#1648,#1676,#1704,#1728,#1750,#1762,#1786,#1808,#1820,#1851,#1868,#1894,#1906,#1913,#1925,#1948,#1971,#1990,#2012,#2024,#2043,#2065,#2077)) ;
#2104=CLOSED_SHELL('Closed Shell',(#2144,#2175,#2206,#2228,#2268,#2299,#2330,#2352,#2406,#2532,#2567,#2593,#2619,#2636,#2671,#2697,#2723,#2740,#2794,#2920,#2942,#2949,#2971,#2978,#3000,#3007,#3029,#3036,#3058,#3075,#3082,#3089,#3111,#3128,#3135,#3142)) ;
#3184=CLOSED_SHELL('Closed Shell',(#3224,#3255,#3340,#3362,#3402,#3419,#3435,#3451,#3482,#3494,#3504)) ;
#3531=CLOSED_SHELL('Closed Shell',(#3555,#3579,#3610,#3627,#3651,#3682,#3717,#3729,#3746,#3768,#3780,#3804,#3835,#3852,#3876,#3907,#3942,#3954,#3971,#3993,#4005,#4029,#4060,#4077,#4101,#4132,#4167,#4179,#4196,#4218,#4230,#4254,#4285,#4302,#4326,#4357,#4392,#4404,#4421,#4443,#4455,#4503,#4536,#4560,#4586,#4631,#4672,#4698,#4731,#4755,#4771,#4834,#4862,#4897,#4930,#4954,#4980,#5016,#5050,#5096,#5124,#5168,#5202,#5225,#5259,#5294,#5319,#5346,#5380,#5424,#5453,#5480,#5511,#5531,#5550,#5580,#5605,#5632,#5666,#5710,#5739,#5766,#5797,#5817,#5836,#5866,#5905,#5934,#5961,#5992,#6012,#6031,#6061,#6101,#6139,#6171,#6191,#6216,#6241,#6271,#6296,#6335,#6357,#6378,#6395,#6411,#6423,#6435)) ;
#6462=CLOSED_SHELL('Closed Shell',(#6502,#6559,#6616,#6647,#6673,#6685,#6697,#6737,#6759,#6783,#6814,#6826,#6848,#6860,#6884,#6915,#6932,#6958,#6970,#7001,#7018,#7090,#7121,#7145,#7197,#7228,#7250,#7272,#7286,#7317,#7341,#7393,#7444,#7495,#7517,#7539,#7556,#7570,#7603,#7631,#7654,#7702,#7771,#7788,#7849,#7879,#7907,#7933,#7981,#8050,#8067,#8128)) ;
#8200=CLOSED_SHELL('Closed Shell',(#8240,#8297,#8354,#8385,#8411,#8423,#8435,#8462,#8489,#8520,#8544,#8596,#8662,#8684,#8706,#8728,#8742,#8773,#8797,#8849,#8915,#9037,#9059,#9076,#9098,#9112,#9146,#9170,#9197,#9217,#9241,#9261,#9301,#9325,#9350,#9372,#9388,#9405,#9421,#9438,#9454,#9471,#9482)) ;
#683=ITEM_DEFINED_TRANSFORMATION(' ',' ',#685,#684) ;
#852=ITEM_DEFINED_TRANSFORMATION(' ',' ',#854,#853) ;
#2085=ITEM_DEFINED_TRANSFORMATION(' ',' ',#2087,#2086) ;
#3150=ITEM_DEFINED_TRANSFORMATION(' ',' ',#3152,#3151) ;
#3165=ITEM_DEFINED_TRANSFORMATION(' ',' ',#3167,#3166) ;
#3512=ITEM_DEFINED_TRANSFORMATION(' ',' ',#3514,#3513) ;
#6443=ITEM_DEFINED_TRANSFORMATION(' ',' ',#6445,#6444) ;
#8136=ITEM_DEFINED_TRANSFORMATION(' ',' ',#8138,#8137) ;
#8151=ITEM_DEFINED_TRANSFORMATION(' ',' ',#8153,#8152) ;
#8166=ITEM_DEFINED_TRANSFORMATION(' ',' ',#8168,#8167) ;
#8181=ITEM_DEFINED_TRANSFORMATION(' ',' ',#8183,#8182) ;
#9490=ITEM_DEFINED_TRANSFORMATION(' ',' ',#9492,#9491) ;
#9505=ITEM_DEFINED_TRANSFORMATION(' ',' ',#9507,#9506) ;
#9520=ITEM_DEFINED_TRANSFORMATION(' ',' ',#9522,#9521) ;
#9535=ITEM_DEFINED_TRANSFORMATION(' ',' ',#9537,#9536) ;
#70=VECTOR('Line Direction',#69,1.) ;
#86=VECTOR('Line Direction',#85,1.) ;
#146=VECTOR('Line Direction',#145,1.) ;
#160=VECTOR('Line Direction',#159,1.) ;
#212=VECTOR('Line Direction',#211,1.) ;
#221=VECTOR('Line Direction',#220,1.) ;
#228=VECTOR('Line Direction',#227,1.) ;
#235=VECTOR('Line Direction',#234,1.) ;
#246=VECTOR('Line Direction',#245,1.) ;
#255=VECTOR('Line Direction',#254,1.) ;
#262=VECTOR('Line Direction',#261,1.) ;
#269=VECTOR('Line Direction',#268,1.) ;
#286=VECTOR('Line Direction',#285,1.) ;
#302=VECTOR('Line Direction',#301,1.) ;
#321=VECTOR('Line Direction',#320,1.) ;
#337=VECTOR('Line Direction',#336,1.) ;
#395=VECTOR('Line Direction',#394,1.) ;
#404=VECTOR('Line Direction',#403,1.) ;
#409=VECTOR('Line Direction',#408,1.) ;
#440=VECTOR('Line Direction',#439,1.) ;
#457=VECTOR('Line Direction',#456,1.) ;
#466=VECTOR('Line Direction',#465,1.) ;
#471=VECTOR('Line Direction',#470,1.) ;
#539=VECTOR('Line Direction',#538,1.) ;
#548=VECTOR('Line Direction',#547,1.) ;
#553=VECTOR('Line Direction',#552,1.) ;
#584=VECTOR('Line Direction',#583,1.) ;
#596=VECTOR('Line Direction',#595,1.) ;
#605=VECTOR('Line Direction',#604,1.) ;
#610=VECTOR('Line Direction',#609,1.) ;
#710=VECTOR('Line Direction',#709,1.) ;
#726=VECTOR('Line Direction',#725,1.) ;
#823=VECTOR('Line Direction',#822,1.) ;
#828=VECTOR('Line Direction',#827,1.) ;
#879=VECTOR('Line Direction',#878,1.) ;
#895=VECTOR('Line Direction',#894,1.) ;
#919=VECTOR('Line Direction',#918,1.) ;
#926=VECTOR('Line Direction',#925,1.) ;
#933=VECTOR('Line Direction',#932,1.) ;
#957=VECTOR('Line Direction',#956,1.) ;
#981=VECTOR('Line Direction',#980,1.) ;
#986=VECTOR('Line Direction',#985,1.) ;
#1003=VECTOR('Line Direction',#1002,1.) ;
#1012=VECTOR('Line Direction',#1011,1.) ;
#1019=VECTOR('Line Direction',#1018,1.) ;
#1026=VECTOR('Line Direction',#1025,1.) ;
#1057=VECTOR('Line Direction',#1056,1.) ;
#1074=VECTOR('Line Direction',#1073,1.) ;
#1081=VECTOR('Line Direction',#1080,1.) ;
#1088=VECTOR('Line Direction',#1087,1.) ;
#1239=VECTOR('Line Direction',#1238,1.) ;
#1253=VECTOR('Line Direction',#1252,1.) ;
#1265=VECTOR('Line Direction',#1264,1.) ;
#1272=VECTOR('Line Direction',#1271,1.) ;
#1279=VECTOR('Line Direction',#1278,1.) ;
#1298=VECTOR('Line Direction',#1297,1.) ;
#1317=VECTOR('Line Direction',#1316,1.) ;
#1322=VECTOR('Line Direction',#1321,1.) ;
#1334=VECTOR('Line Direction',#1333,1.) ;
#1343=VECTOR('Line Direction',#1342,1.) ;
#1350=VECTOR('Line Direction',#1349,1.) ;
#1357=VECTOR('Line Direction',#1356,1.) ;
#1369=VECTOR('Line Direction',#1368,1.) ;
#1395=VECTOR('Line Direction',#1394,1.) ;
#1404=VECTOR('Line Direction',#1403,1.) ;
#1409=VECTOR('Line Direction',#1408,1.) ;
#1551=VECTOR('Line Direction',#1550,1.) ;
#1565=VECTOR('Line Direction',#1564,1.) ;
#1577=VECTOR('Line Direction',#1576,1.) ;
#1582=VECTOR('Line Direction',#1581,1.) ;
#1594=VECTOR('Line Direction',#1593,1.) ;
#1608=VECTOR('Line Direction',#1607,1.) ;
#1828=VECTOR('Line Direction',#1827,1.) ;
#1842=VECTOR('Line Direction',#1841,1.) ;
#1854=VECTOR('Line Direction',#1853,1.) ;
#1859=VECTOR('Line Direction',#1858,1.) ;
#1871=VECTOR('Line Direction',#1870,1.) ;
#1885=VECTOR('Line Direction',#1884,1.) ;
#2112=VECTOR('Line Direction',#2111,1.) ;
#2128=VECTOR('Line Direction',#2127,1.) ;
#2152=VECTOR('Line Direction',#2151,1.) ;
#2159=VECTOR('Line Direction',#2158,1.) ;
#2166=VECTOR('Line Direction',#2165,1.) ;
#2190=VECTOR('Line Direction',#2189,1.) ;
#2214=VECTOR('Line Direction',#2213,1.) ;
#2219=VECTOR('Line Direction',#2218,1.) ;
#2236=VECTOR('Line Direction',#2235,1.) ;
#2245=VECTOR('Line Direction',#2244,1.) ;
#2252=VECTOR('Line Direction',#2251,1.) ;
#2259=VECTOR('Line Direction',#2258,1.) ;
#2290=VECTOR('Line Direction',#2289,1.) ;
#2307=VECTOR('Line Direction',#2306,1.) ;
#2314=VECTOR('Line Direction',#2313,1.) ;
#2321=VECTOR('Line Direction',#2320,1.) ;
#2544=VECTOR('Line Direction',#2543,1.) ;
#2558=VECTOR('Line Direction',#2557,1.) ;
#2570=VECTOR('Line Direction',#2569,1.) ;
#2577=VECTOR('Line Direction',#2576,1.) ;
#2584=VECTOR('Line Direction',#2583,1.) ;
#2603=VECTOR('Line Direction',#2602,1.) ;
#2622=VECTOR('Line Direction',#2621,1.) ;
#2627=VECTOR('Line Direction',#2626,1.) ;
#2639=VECTOR('Line Direction',#2638,1.) ;
#2648=VECTOR('Line Direction',#2647,1.) ;
#2655=VECTOR('Line Direction',#2654,1.) ;
#2662=VECTOR('Line Direction',#2661,1.) ;
#2674=VECTOR('Line Direction',#2673,1.) ;
#2700=VECTOR('Line Direction',#2699,1.) ;
#2709=VECTOR('Line Direction',#2708,1.) ;
#2714=VECTOR('Line Direction',#2713,1.) ;
#2928=VECTOR('Line Direction',#2927,1.) ;
#2933=VECTOR('Line Direction',#2932,1.) ;
#2957=VECTOR('Line Direction',#2956,1.) ;
#2962=VECTOR('Line Direction',#2961,1.) ;
#2986=VECTOR('Line Direction',#2985,1.) ;
#2991=VECTOR('Line Direction',#2990,1.) ;
#3015=VECTOR('Line Direction',#3014,1.) ;
#3020=VECTOR('Line Direction',#3019,1.) ;
#3044=VECTOR('Line Direction',#3043,1.) ;
#3049=VECTOR('Line Direction',#3048,1.) ;
#3061=VECTOR('Line Direction',#3060,1.) ;
#3066=VECTOR('Line Direction',#3065,1.) ;
#3097=VECTOR('Line Direction',#3096,1.) ;
#3102=VECTOR('Line Direction',#3101,1.) ;
#3114=VECTOR('Line Direction',#3113,1.) ;
#3119=VECTOR('Line Direction',#3118,1.) ;
#3192=VECTOR('Line Direction',#3191,1.) ;
#3208=VECTOR('Line Direction',#3207,1.) ;
#3232=VECTOR('Line Direction',#3231,1.) ;
#3239=VECTOR('Line Direction',#3238,1.) ;
#3246=VECTOR('Line Direction',#3245,1.) ;
#3270=VECTOR('Line Direction',#3269,1.) ;
#3348=VECTOR('Line Direction',#3347,1.) ;
#3353=VECTOR('Line Direction',#3352,1.) ;
#3379=VECTOR('Line Direction',#3378,1.) ;
#3393=VECTOR('Line Direction',#3392,1.) ;
#3459=VECTOR('Line Direction',#3458,1.) ;
#3473=VECTOR('Line Direction',#3472,1.) ;
#3659=VECTOR('Line Direction',#3658,1.) ;
#3666=VECTOR('Line Direction',#3665,1.) ;
#3685=VECTOR('Line Direction',#3684,1.) ;
#3701=VECTOR('Line Direction',#3700,1.) ;
#3884=VECTOR('Line Direction',#3883,1.) ;
#3891=VECTOR('Line Direction',#3890,1.) ;
#3910=VECTOR('Line Direction',#3909,1.) ;
#3926=VECTOR('Line Direction',#3925,1.) ;
#4109=VECTOR('Line Direction',#4108,1.) ;
#4116=VECTOR('Line Direction',#4115,1.) ;
#4135=VECTOR('Line Direction',#4134,1.) ;
#4151=VECTOR('Line Direction',#4150,1.) ;
#4334=VECTOR('Line Direction',#4333,1.) ;
#4341=VECTOR('Line Direction',#4340,1.) ;
#4360=VECTOR('Line Direction',#4359,1.) ;
#4376=VECTOR('Line Direction',#4375,1.) ;
#4463=VECTOR('Line Direction',#4462,1.) ;
#4472=VECTOR('Line Direction',#4471,1.) ;
#4493=VECTOR('Line Direction',#4492,1.) ;
#4551=VECTOR('Line Direction',#4550,1.) ;
#4594=VECTOR('Line Direction',#4593,1.) ;
#4639=VECTOR('Line Direction',#4638,1.) ;
#4655=VECTOR('Line Direction',#4654,1.) ;
#4675=VECTOR('Line Direction',#4674,1.) ;
#4682=VECTOR('Line Direction',#4681,1.) ;
#4746=VECTOR('Line Direction',#4745,1.) ;
#4805=VECTOR('Line Direction',#4804,1.) ;
#4810=VECTOR('Line Direction',#4809,1.) ;
#4842=VECTOR('Line Direction',#4841,1.) ;
#4865=VECTOR('Line Direction',#4864,1.) ;
#4874=VECTOR('Line Direction',#4873,1.) ;
#4881=VECTOR('Line Direction',#4880,1.) ;
#4938=VECTOR('Line Direction',#4937,1.) ;
#4988=VECTOR('Line Direction',#4987,1.) ;
#5039=VECTOR('Line Direction',#5038,1.) ;
#5104=VECTOR('Line Direction',#5103,1.) ;
#5132=VECTOR('Line Direction',#5131,1.) ;
#5141=VECTOR('Line Direction',#5140,1.) ;
#5148=VECTOR('Line Direction',#5147,1.) ;
#5155=VECTOR('Line Direction',#5154,1.) ;
#5176=VECTOR('Line Direction',#5175,1.) ;
#5183=VECTOR('Line Direction',#5182,1.) ;
#5248=VECTOR('Line Direction',#5247,1.) ;
#5267=VECTOR('Line Direction',#5266,1.) ;
#5274=VECTOR('Line Direction',#5273,1.) ;
#5281=VECTOR('Line Direction',#5280,1.) ;
#5327=VECTOR('Line Direction',#5326,1.) ;
#5361=VECTOR('Line Direction',#5360,1.) ;
#5388=VECTOR('Line Direction',#5387,1.) ;
#5397=VECTOR('Line Direction',#5396,1.) ;
#5404=VECTOR('Line Direction',#5403,1.) ;
#5411=VECTOR('Line Direction',#5410,1.) ;
#5461=VECTOR('Line Direction',#5460,1.) ;
#5488=VECTOR('Line Direction',#5487,1.) ;
#5495=VECTOR('Line Direction',#5494,1.) ;
#5502=VECTOR('Line Direction',#5501,1.) ;
#5553=VECTOR('Line Direction',#5552,1.) ;
#5560=VECTOR('Line Direction',#5559,1.) ;
#5567=VECTOR('Line Direction',#5566,1.) ;
#5613=VECTOR('Line Direction',#5612,1.) ;
#5647=VECTOR('Line Direction',#5646,1.) ;
#5674=VECTOR('Line Direction',#5673,1.) ;
#5683=VECTOR('Line Direction',#5682,1.) ;
#5690=VECTOR('Line Direction',#5689,1.) ;
#5697=VECTOR('Line Direction',#5696,1.) ;
#5747=VECTOR('Line Direction',#5746,1.) ;
#5774=VECTOR('Line Direction',#5773,1.) ;
#5781=VECTOR('Line Direction',#5780,1.) ;
#5788=VECTOR('Line Direction',#5787,1.) ;
#5839=VECTOR('Line Direction',#5838,1.) ;
#5848=VECTOR('Line Direction',#5847,1.) ;
#5853=VECTOR('Line Direction',#5852,1.) ;
#5869=VECTOR('Line Direction',#5868,1.) ;
#5878=VECTOR('Line Direction',#5877,1.) ;
#5885=VECTOR('Line Direction',#5884,1.) ;
#5892=VECTOR('Line Direction',#5891,1.) ;
#5942=VECTOR('Line Direction',#5941,1.) ;
#5969=VECTOR('Line Direction',#5968,1.) ;
#5976=VECTOR('Line Direction',#5975,1.) ;
#5983=VECTOR('Line Direction',#5982,1.) ;
#6034=VECTOR('Line Direction',#6033,1.) ;
#6041=VECTOR('Line Direction',#6040,1.) ;
#6048=VECTOR('Line Direction',#6047,1.) ;
#6069=VECTOR('Line Direction',#6068,1.) ;
#6078=VECTOR('Line Direction',#6077,1.) ;
#6085=VECTOR('Line Direction',#6084,1.) ;
#6092=VECTOR('Line Direction',#6091,1.) ;
#6147=VECTOR('Line Direction',#6146,1.) ;
#6154=VECTOR('Line Direction',#6153,1.) ;
#6174=VECTOR('Line Direction',#6173,1.) ;
#6181=VECTOR('Line Direction',#6180,1.) ;
#6199=VECTOR('Line Direction',#6198,1.) ;
#6312=VECTOR('Line Direction',#6311,1.) ;
#6470=VECTOR('Line Direction',#6469,1.) ;
#6479=VECTOR('Line Direction',#6478,1.) ;
#6486=VECTOR('Line Direction',#6485,1.) ;
#6493=VECTOR('Line Direction',#6492,1.) ;
#6526=VECTOR('Line Direction',#6525,1.) ;
#6531=VECTOR('Line Direction',#6530,1.) ;
#6567=VECTOR('Line Direction',#6566,1.) ;
#6574=VECTOR('Line Direction',#6573,1.) ;
#6624=VECTOR('Line Direction',#6623,1.) ;
#6638=VECTOR('Line Direction',#6637,1.) ;
#6650=VECTOR('Line Direction',#6649,1.) ;
#6664=VECTOR('Line Direction',#6663,1.) ;
#6791=VECTOR('Line Direction',#6790,1.) ;
#6798=VECTOR('Line Direction',#6797,1.) ;
#6935=VECTOR('Line Direction',#6934,1.) ;
#6942=VECTOR('Line Direction',#6941,1.) ;
#7035=VECTOR('Line Direction',#7034,1.) ;
#7049=VECTOR('Line Direction',#7048,1.) ;
#7063=VECTOR('Line Direction',#7062,1.) ;
#7077=VECTOR('Line Direction',#7076,1.) ;
#7098=VECTOR('Line Direction',#7097,1.) ;
#7105=VECTOR('Line Direction',#7104,1.) ;
#7129=VECTOR('Line Direction',#7128,1.) ;
#7153=VECTOR('Line Direction',#7152,1.) ;
#7176=VECTOR('Line Direction',#7175,1.) ;
#7241=VECTOR('Line Direction',#7240,1.) ;
#7263=VECTOR('Line Direction',#7262,1.) ;
#7294=VECTOR('Line Direction',#7293,1.) ;
#7301=VECTOR('Line Direction',#7300,1.) ;
#7325=VECTOR('Line Direction',#7324,1.) ;
#7358=VECTOR('Line Direction',#7357,1.) ;
#7372=VECTOR('Line Direction',#7371,1.) ;
#7401=VECTOR('Line Direction',#7400,1.) ;
#7408=VECTOR('Line Direction',#7407,1.) ;
#7413=VECTOR('Line Direction',#7412,1.) ;
#7420=VECTOR('Line Direction',#7419,1.) ;
#7427=VECTOR('Line Direction',#7426,1.) ;
#7452=VECTOR('Line Direction',#7451,1.) ;
#7459=VECTOR('Line Direction',#7458,1.) ;
#7466=VECTOR('Line Direction',#7465,1.) ;
#7471=VECTOR('Line Direction',#7470,1.) ;
#7478=VECTOR('Line Direction',#7477,1.) ;
#7578=VECTOR('Line Direction',#7577,1.) ;
#7611=VECTOR('Line Direction',#7610,1.) ;
#7857=VECTOR('Line Direction',#7856,1.) ;
#7894=VECTOR('Line Direction',#7893,1.) ;
#8208=VECTOR('Line Direction',#8207,1.) ;
#8217=VECTOR('Line Direction',#8216,1.) ;
#8224=VECTOR('Line Direction',#8223,1.) ;
#8231=VECTOR('Line Direction',#8230,1.) ;
#8264=VECTOR('Line Direction',#8263,1.) ;
#8269=VECTOR('Line Direction',#8268,1.) ;
#8314=VECTOR('Line Direction',#8313,1.) ;
#8319=VECTOR('Line Direction',#8318,1.) ;
#8362=VECTOR('Line Direction',#8361,1.) ;
#8376=VECTOR('Line Direction',#8375,1.) ;
#8388=VECTOR('Line Direction',#8387,1.) ;
#8402=VECTOR('Line Direction',#8401,1.) ;
#8447=VECTOR('Line Direction',#8446,1.) ;
#8454=VECTOR('Line Direction',#8453,1.) ;
#8465=VECTOR('Line Direction',#8464,1.) ;
#8481=VECTOR('Line Direction',#8480,1.) ;
#8497=VECTOR('Line Direction',#8496,1.) ;
#8504=VECTOR('Line Direction',#8503,1.) ;
#8528=VECTOR('Line Direction',#8527,1.) ;
#8552=VECTOR('Line Direction',#8551,1.) ;
#8575=VECTOR('Line Direction',#8574,1.) ;
#8604=VECTOR('Line Direction',#8603,1.) ;
#8642=VECTOR('Line Direction',#8641,1.) ;
#8697=VECTOR('Line Direction',#8696,1.) ;
#8719=VECTOR('Line Direction',#8718,1.) ;
#8750=VECTOR('Line Direction',#8749,1.) ;
#8757=VECTOR('Line Direction',#8756,1.) ;
#8781=VECTOR('Line Direction',#8780,1.) ;
#8814=VECTOR('Line Direction',#8813,1.) ;
#8828=VECTOR('Line Direction',#8827,1.) ;
#8857=VECTOR('Line Direction',#8856,1.) ;
#8895=VECTOR('Line Direction',#8894,1.) ;
#8923=VECTOR('Line Direction',#8922,1.) ;
#8928=VECTOR('Line Direction',#8927,1.) ;
#8972=VECTOR('Line Direction',#8971,1.) ;
#9016=VECTOR('Line Direction',#9015,1.) ;
#9089=VECTOR('Line Direction',#9088,1.) ;
#9120=VECTOR('Line Direction',#9119,1.) ;
#9127=VECTOR('Line Direction',#9126,1.) ;
#9154=VECTOR('Line Direction',#9153,1.) ;
#9161=VECTOR('Line Direction',#9160,1.) ;
#9178=VECTOR('Line Direction',#9177,1.) ;
#9200=VECTOR('Line Direction',#9199,1.) ;
#9207=VECTOR('Line Direction',#9206,1.) ;
#9225=VECTOR('Line Direction',#9224,1.) ;
#9244=VECTOR('Line Direction',#9243,1.) ;
#9251=VECTOR('Line Direction',#9250,1.) ;
#9269=VECTOR('Line Direction',#9268,1.) ;
#9278=VECTOR('Line Direction',#9277,1.) ;
#9285=VECTOR('Line Direction',#9284,1.) ;
#9292=VECTOR('Line Direction',#9291,1.) ;
#9309=VECTOR('Line Direction',#9308,1.) ;
#9333=VECTOR('Line Direction',#9332,1.) ;
#677=ADVANCED_BREP_SHAPE_REPRESENTATION('NONE',(#676),#53) ;
#846=ADVANCED_BREP_SHAPE_REPRESENTATION('NONE',(#845),#693) ;
#2079=ADVANCED_BREP_SHAPE_REPRESENTATION('NONE',(#2078),#862) ;
#3144=ADVANCED_BREP_SHAPE_REPRESENTATION('NONE',(#3143),#2095) ;
#3506=ADVANCED_BREP_SHAPE_REPRESENTATION('NONE',(#3505),#3175) ;
#6437=ADVANCED_BREP_SHAPE_REPRESENTATION('NONE',(#6436),#3522) ;
#8130=ADVANCED_BREP_SHAPE_REPRESENTATION('NONE',(#8129),#6453) ;
#9484=ADVANCED_BREP_SHAPE_REPRESENTATION('NONE',(#9483),#8191) ;
#44=SHAPE_REPRESENTATION(' ',(#684,#853,#2086,#3151,#3166,#3513,#6444,#8137,#8152,#8167,#8182,#9491,#9506,#9521,#9536),#51) ;
#54=SHAPE_REPRESENTATION(' ',(#685),#53) ;
#694=SHAPE_REPRESENTATION(' ',(#854),#693) ;
#863=SHAPE_REPRESENTATION(' ',(#2087,#3167),#862) ;
#2096=SHAPE_REPRESENTATION(' ',(#3152),#2095) ;
#3176=SHAPE_REPRESENTATION(' ',(#3514),#3175) ;
#3523=SHAPE_REPRESENTATION(' ',(#6445),#3522) ;
#6454=SHAPE_REPRESENTATION(' ',(#8138,#8153,#8168,#8183),#6453) ;
#8192=SHAPE_REPRESENTATION(' ',(#9492,#9507,#9522,#9537),#8191) ;
#102=ADVANCED_FACE('Body.2',(#101),#67,.T.) ;
#119=ADVANCED_FACE('Body.2',(#118),#67,.T.) ;
#129=ADVANCED_FACE('Body.2',(#128),#124,.T.) ;
#169=ADVANCED_FACE('Body.2',(#168),#134,.T.) ;
#186=ADVANCED_FACE('Body.2',(#185),#134,.T.) ;
#200=ADVANCED_FACE('Body.2',(#195,#199),#191,.T.) ;
#278=ADVANCED_FACE('Body.2',(#209,#243,#277),#205,.F.) ;
#318=ADVANCED_FACE('Body.2',(#317),#283,.F.) ;
#353=ADVANCED_FACE('Body.2',(#352),#283,.F.) ;
#370=ADVANCED_FACE('Body.2',(#369),#283,.F.) ;
#387=ADVANCED_FACE('Body.2',(#386),#283,.F.) ;
#418=ADVANCED_FACE('Body.2',(#417),#392,.F.) ;
#449=ADVANCED_FACE('Body.2',(#448),#423,.T.) ;
#480=ADVANCED_FACE('Body.2',(#479),#454,.F.) ;
#502=ADVANCED_FACE('Body.2',(#497,#501),#485,.F.) ;
#524=ADVANCED_FACE('Body.2',(#519,#523),#507,.T.) ;
#536=ADVANCED_FACE('Body.2',(#535),#529,.T.) ;
#562=ADVANCED_FACE('Body.2',(#561),#454,.F.) ;
#593=ADVANCED_FACE('Body.2',(#592),#567,.T.) ;
#619=ADVANCED_FACE('Body.2',(#618),#392,.F.) ;
#641=ADVANCED_FACE('Body.2',(#636,#640),#624,.F.) ;
#663=ADVANCED_FACE('Body.2',(#658,#662),#646,.T.) ;
#675=ADVANCED_FACE('Body.2',(#674),#668,.T.) ;
#742=ADVANCED_FACE('Body.2',(#741),#707,.T.) ;
#759=ADVANCED_FACE('Body.2',(#758),#707,.T.) ;
#787=ADVANCED_FACE('Body.2',(#768,#786),#764,.F.) ;
#815=ADVANCED_FACE('Body.2',(#796,#814),#792,.T.) ;
#837=ADVANCED_FACE('Body.2',(#836),#820,.F.) ;
#844=ADVANCED_FACE('Body.2',(#843),#820,.F.) ;
#911=ADVANCED_FACE('Body.3',(#910),#876,.T.) ;
#942=ADVANCED_FACE('Body.3',(#941),#916,.F.) ;
#973=ADVANCED_FACE('Body.3',(#972),#947,.T.) ;
#995=ADVANCED_FACE('Body.3',(#994),#978,.F.) ;
#1035=ADVANCED_FACE('Body.3',(#1034),#1000,.T.) ;
#1066=ADVANCED_FACE('Body.3',(#1065),#1040,.F.) ;
#1097=ADVANCED_FACE('Body.3',(#1096),#1071,.T.) ;
#1119=ADVANCED_FACE('Body.3',(#1118),#1102,.F.) ;
#1173=ADVANCED_FACE('Body.3',(#1130,#1136,#1154,#1172),#1124,.F.) ;
#1227=ADVANCED_FACE('Body.3',(#1184,#1190,#1208,#1226),#1178,.T.) ;
#1262=ADVANCED_FACE('Body.3',(#1261),#876,.T.) ;
#1288=ADVANCED_FACE('Body.3',(#1287),#916,.F.) ;
#1314=ADVANCED_FACE('Body.3',(#1313),#947,.T.) ;
#1331=ADVANCED_FACE('Body.3',(#1330),#978,.F.) ;
#1366=ADVANCED_FACE('Body.3',(#1365),#1000,.T.) ;
#1392=ADVANCED_FACE('Body.3',(#1391),#1040,.F.) ;
#1418=ADVANCED_FACE('Body.3',(#1417),#1071,.T.) ;
#1435=ADVANCED_FACE('Body.3',(#1434),#1102,.F.) ;
#1489=ADVANCED_FACE('Body.3',(#1446,#1452,#1470,#1488),#1440,.T.) ;
#1543=ADVANCED_FACE('Body.3',(#1500,#1506,#1524,#1542),#1494,.F.) ;
#1574=ADVANCED_FACE('Body.3',(#1573),#1548,.T.) ;
#1591=ADVANCED_FACE('Body.3',(#1590),#1548,.T.) ;
#1617=ADVANCED_FACE('Body.3',(#1616),#1548,.T.) ;
#1629=ADVANCED_FACE('Body.3',(#1628),#1548,.T.) ;
#1636=ADVANCED_FACE('Body.3',(#1635),#1548,.T.) ;
#1648=ADVANCED_FACE('Body.3',(#1647),#1548,.T.) ;
#1676=ADVANCED_FACE('Body.3',(#1671,#1675),#1653,.F.) ;
#1704=ADVANCED_FACE('Body.3',(#1699,#1703),#1681,.T.) ;
#1728=ADVANCED_FACE('Body.3',(#1727),#1709,.F.) ;
#1750=ADVANCED_FACE('Body.3',(#1749),#1733,.T.) ;
#1762=ADVANCED_FACE('Body.3',(#1761),#1755,.T.) ;
#1786=ADVANCED_FACE('Body.3',(#1785),#1767,.T.) ;
#1808=ADVANCED_FACE('Body.3',(#1807),#1791,.T.) ;
#1820=ADVANCED_FACE('Body.3',(#1819),#1813,.T.) ;
#1851=ADVANCED_FACE('Body.3',(#1850),#1825,.T.) ;
#1868=ADVANCED_FACE('Body.3',(#1867),#1825,.T.) ;
#1894=ADVANCED_FACE('Body.3',(#1893),#1825,.T.) ;
#1906=ADVANCED_FACE('Body.3',(#1905),#1825,.T.) ;
#1913=ADVANCED_FACE('Body.3',(#1912),#1825,.T.) ;
#1925=ADVANCED_FACE('Body.3',(#1924),#1825,.T.) ;
#1948=ADVANCED_FACE('Body.3',(#1943,#1947),#1653,.F.) ;
#1971=ADVANCED_FACE('Body.3',(#1966,#1970),#1681,.T.) ;
#1990=ADVANCED_FACE('Body.3',(#1989),#1709,.F.) ;
#2012=ADVANCED_FACE('Body.3',(#2011),#1995,.T.) ;
#2024=ADVANCED_FACE('Body.3',(#2023),#2017,.T.) ;
#2043=ADVANCED_FACE('Body.3',(#2042),#1767,.T.) ;
#2065=ADVANCED_FACE('Body.3',(#2064),#2048,.T.) ;
#2077=ADVANCED_FACE('Body.3',(#2076),#2070,.T.) ;
#2144=ADVANCED_FACE('Body.2',(#2143),#2109,.T.) ;
#2175=ADVANCED_FACE('Body.2',(#2174),#2149,.F.) ;
#2206=ADVANCED_FACE('Body.2',(#2205),#2180,.T.) ;
#2228=ADVANCED_FACE('Body.2',(#2227),#2211,.F.) ;
#2268=ADVANCED_FACE('Body.2',(#2267),#2233,.T.) ;
#2299=ADVANCED_FACE('Body.2',(#2298),#2273,.F.) ;
#2330=ADVANCED_FACE('Body.2',(#2329),#2304,.T.) ;
#2352=ADVANCED_FACE('Body.2',(#2351),#2335,.F.) ;
#2406=ADVANCED_FACE('Body.2',(#2363,#2369,#2387,#2405),#2357,.F.) ;
#2532=ADVANCED_FACE('Body.2',(#2417,#2423,#2441,#2459,#2477,#2495,#2513,#2531),#2411,.T.) ;
#2567=ADVANCED_FACE('Body.2',(#2566),#2109,.T.) ;
#2593=ADVANCED_FACE('Body.2',(#2592),#2149,.F.) ;
#2619=ADVANCED_FACE('Body.2',(#2618),#2180,.T.) ;
#2636=ADVANCED_FACE('Body.2',(#2635),#2211,.F.) ;
#2671=ADVANCED_FACE('Body.2',(#2670),#2233,.T.) ;
#2697=ADVANCED_FACE('Body.2',(#2696),#2273,.F.) ;
#2723=ADVANCED_FACE('Body.2',(#2722),#2304,.T.) ;
#2740=ADVANCED_FACE('Body.2',(#2739),#2335,.F.) ;
#2794=ADVANCED_FACE('Body.2',(#2751,#2757,#2775,#2793),#2745,.T.) ;
#2920=ADVANCED_FACE('Body.2',(#2805,#2811,#2829,#2847,#2865,#2883,#2901,#2919),#2799,.F.) ;
#2942=ADVANCED_FACE('Body.2',(#2941),#2925,.T.) ;
#2949=ADVANCED_FACE('Body.2',(#2948),#2925,.T.) ;
#2971=ADVANCED_FACE('Body.2',(#2970),#2954,.T.) ;
#2978=ADVANCED_FACE('Body.2',(#2977),#2954,.T.) ;
#3000=ADVANCED_FACE('Body.2',(#2999),#2983,.T.) ;
#3007=ADVANCED_FACE('Body.2',(#3006),#2983,.T.) ;
#3029=ADVANCED_FACE('Body.2',(#3028),#3012,.T.) ;
#3036=ADVANCED_FACE('Body.2',(#3035),#3012,.T.) ;
#3058=ADVANCED_FACE('Body.2',(#3057),#3041,.F.) ;
#3075=ADVANCED_FACE('Body.2',(#3074),#3041,.F.) ;
#3082=ADVANCED_FACE('Body.2',(#3081),#3041,.F.) ;
#3089=ADVANCED_FACE('Body.2',(#3088),#3041,.F.) ;
#3111=ADVANCED_FACE('Body.2',(#3110),#3094,.F.) ;
#3128=ADVANCED_FACE('Body.2',(#3127),#3094,.F.) ;
#3135=ADVANCED_FACE('Body.2',(#3134),#3094,.F.) ;
#3142=ADVANCED_FACE('Body.2',(#3141),#3094,.F.) ;
#3224=ADVANCED_FACE('Body.2',(#3223),#3189,.T.) ;
#3255=ADVANCED_FACE('Body.2',(#3254),#3229,.T.) ;
#3340=ADVANCED_FACE('Body.2',(#3285,#3339),#3260,.T.) ;
#3362=ADVANCED_FACE('Body.2',(#3361),#3345,.F.) ;
#3402=ADVANCED_FACE('Body.2',(#3401),#3367,.F.) ;
#3419=ADVANCED_FACE('Body.2',(#3418),#3367,.F.) ;
#3435=ADVANCED_FACE('Body.2',(#3430,#3434),#3424,.F.) ;
#3451=ADVANCED_FACE('Body.2',(#3446,#3450),#3440,.T.) ;
#3482=ADVANCED_FACE('Body.2',(#3481),#3456,.F.) ;
#3494=ADVANCED_FACE('Body.2',(#3493),#3456,.F.) ;
#3504=ADVANCED_FACE('Body.2',(#3503),#3499,.T.) ;
#3555=ADVANCED_FACE('Body.2',(#3554),#3536,.F.) ;
#3579=ADVANCED_FACE('Body.2',(#3578),#3560,.F.) ;
#3610=ADVANCED_FACE('Body.2',(#3609),#3584,.T.) ;
#3627=ADVANCED_FACE('Body.2',(#3626),#3615,.T.) ;
#3651=ADVANCED_FACE('Body.2',(#3650),#3632,.T.) ;
#3682=ADVANCED_FACE('Body.2',(#3681),#3656,.T.) ;
#3717=ADVANCED_FACE('Body.2',(#3716),#3656,.T.) ;
#3729=ADVANCED_FACE('Body.2',(#3728),#3656,.T.) ;
#3746=ADVANCED_FACE('Body.2',(#3745),#3656,.T.) ;
#3768=ADVANCED_FACE('Body.2',(#3767),#3751,.T.) ;
#3780=ADVANCED_FACE('Body.2',(#3779),#3773,.T.) ;
#3804=ADVANCED_FACE('Body.2',(#3803),#3785,.F.) ;
#3835=ADVANCED_FACE('Body.2',(#3834),#3809,.T.) ;
#3852=ADVANCED_FACE('Body.2',(#3851),#3840,.T.) ;
#3876=ADVANCED_FACE('Body.2',(#3875),#3857,.T.) ;
#3907=ADVANCED_FACE('Body.2',(#3906),#3881,.T.) ;
#3942=ADVANCED_FACE('Body.2',(#3941),#3881,.T.) ;
#3954=ADVANCED_FACE('Body.2',(#3953),#3881,.T.) ;
#3971=ADVANCED_FACE('Body.2',(#3970),#3881,.T.) ;
#3993=ADVANCED_FACE('Body.2',(#3992),#3976,.T.) ;
#4005=ADVANCED_FACE('Body.2',(#4004),#3998,.T.) ;
#4029=ADVANCED_FACE('Body.2',(#4028),#4010,.F.) ;
#4060=ADVANCED_FACE('Body.2',(#4059),#4034,.T.) ;
#4077=ADVANCED_FACE('Body.2',(#4076),#4065,.T.) ;
#4101=ADVANCED_FACE('Body.2',(#4100),#4082,.T.) ;
#4132=ADVANCED_FACE('Body.2',(#4131),#4106,.T.) ;
#4167=ADVANCED_FACE('Body.2',(#4166),#4106,.T.) ;
#4179=ADVANCED_FACE('Body.2',(#4178),#4106,.T.) ;
#4196=ADVANCED_FACE('Body.2',(#4195),#4106,.T.) ;
#4218=ADVANCED_FACE('Body.2',(#4217),#4201,.T.) ;
#4230=ADVANCED_FACE('Body.2',(#4229),#4223,.T.) ;
#4254=ADVANCED_FACE('Body.2',(#4253),#4235,.F.) ;
#4285=ADVANCED_FACE('Body.2',(#4284),#4259,.T.) ;
#4302=ADVANCED_FACE('Body.2',(#4301),#4290,.T.) ;
#4326=ADVANCED_FACE('Body.2',(#4325),#4307,.T.) ;
#4357=ADVANCED_FACE('Body.2',(#4356),#4331,.T.) ;
#4392=ADVANCED_FACE('Body.2',(#4391),#4331,.T.) ;
#4404=ADVANCED_FACE('Body.2',(#4403),#4331,.T.) ;
#4421=ADVANCED_FACE('Body.2',(#4420),#4331,.T.) ;
#4443=ADVANCED_FACE('Body.2',(#4442),#4426,.T.) ;
#4455=ADVANCED_FACE('Body.2',(#4454),#4448,.T.) ;
#4503=ADVANCED_FACE('Body.2',(#4502),#4460,.F.) ;
#4536=ADVANCED_FACE('Body.2',(#4535),#4508,.T.) ;
#4560=ADVANCED_FACE('Body.2',(#4559),#4541,.T.) ;
#4586=ADVANCED_FACE('Body.2',(#4585),#4565,.T.) ;
#4631=ADVANCED_FACE('Body.2',(#4630),#4591,.T.) ;
#4672=ADVANCED_FACE('Body.2',(#4671),#4636,.T.) ;
#4698=ADVANCED_FACE('Body.2',(#4697),#4460,.F.) ;
#4731=ADVANCED_FACE('Body.2',(#4730),#4703,.T.) ;
#4755=ADVANCED_FACE('Body.2',(#4754),#4736,.T.) ;
#4771=ADVANCED_FACE('Body.2',(#4770),#4760,.T.) ;
#4834=ADVANCED_FACE('Body.2',(#4833),#4776,.T.) ;
#4862=ADVANCED_FACE('Body.2',(#4861),#4839,.T.) ;
#4897=ADVANCED_FACE('Body.2',(#4896),#4460,.F.) ;
#4930=ADVANCED_FACE('Body.2',(#4929),#4902,.T.) ;
#4954=ADVANCED_FACE('Body.2',(#4953),#4935,.T.) ;
#4980=ADVANCED_FACE('Body.2',(#4979),#4959,.T.) ;
#5016=ADVANCED_FACE('Body.2',(#5015),#4985,.T.) ;
#5050=ADVANCED_FACE('Body.2',(#5049),#5021,.T.) ;
#5096=ADVANCED_FACE('Body.2',(#5095),#4776,.T.) ;
#5124=ADVANCED_FACE('Body.2',(#5123),#5101,.T.) ;
#5168=ADVANCED_FACE('Body.2',(#5163,#5167),#5129,.T.) ;
#5202=ADVANCED_FACE('Body.2',(#5201),#5173,.T.) ;
#5225=ADVANCED_FACE('Body.2',(#5224),#5207,.T.) ;
#5259=ADVANCED_FACE('Body.2',(#5258),#5230,.T.) ;
#5294=ADVANCED_FACE('Body.2',(#5289,#5293),#5264,.T.) ;
#5319=ADVANCED_FACE('Body.2',(#5318),#5299,.F.) ;
#5346=ADVANCED_FACE('Body.2',(#5345),#5324,.T.) ;
#5380=ADVANCED_FACE('Body.2',(#5379),#5351,.T.) ;
#5424=ADVANCED_FACE('Body.2',(#5419,#5423),#5385,.F.) ;
#5453=ADVANCED_FACE('Body.2',(#5452),#5429,.F.) ;
#5480=ADVANCED_FACE('Body.2',(#5479),#5458,.T.) ;
#5511=ADVANCED_FACE('Body.2',(#5510),#5485,.T.) ;
#5531=ADVANCED_FACE('Body.2',(#5530),#5516,.F.) ;
#5550=ADVANCED_FACE('Body.2',(#5549),#5536,.T.) ;
#5580=ADVANCED_FACE('Body.2',(#5575,#5579),#5129,.T.) ;
#5605=ADVANCED_FACE('Body.2',(#5604),#5585,.T.) ;
#5632=ADVANCED_FACE('Body.2',(#5631),#5610,.T.) ;
#5666=ADVANCED_FACE('Body.2',(#5665),#5637,.T.) ;
#5710=ADVANCED_FACE('Body.2',(#5705,#5709),#5671,.F.) ;
#5739=ADVANCED_FACE('Body.2',(#5738),#5715,.F.) ;
#5766=ADVANCED_FACE('Body.2',(#5765),#5744,.T.) ;
#5797=ADVANCED_FACE('Body.2',(#5796),#5771,.T.) ;
#5817=ADVANCED_FACE('Body.2',(#5816),#5802,.F.) ;
#5836=ADVANCED_FACE('Body.2',(#5835),#5822,.T.) ;
#5866=ADVANCED_FACE('Body.2',(#5861,#5865),#5385,.F.) ;
#5905=ADVANCED_FACE('Body.2',(#5900,#5904),#5671,.F.) ;
#5934=ADVANCED_FACE('Body.2',(#5933),#5910,.F.) ;
#5961=ADVANCED_FACE('Body.2',(#5960),#5939,.T.) ;
#5992=ADVANCED_FACE('Body.2',(#5991),#5966,.T.) ;
#6012=ADVANCED_FACE('Body.2',(#6011),#5997,.F.) ;
#6031=ADVANCED_FACE('Body.2',(#6030),#6017,.T.) ;
#6061=ADVANCED_FACE('Body.2',(#6056,#6060),#5264,.T.) ;
#6101=ADVANCED_FACE('Body.2',(#6100),#6066,.T.) ;
#6139=ADVANCED_FACE('Body.2',(#6138),#6106,.T.) ;
#6171=ADVANCED_FACE('Body.2',(#6170),#6144,.T.) ;
#6191=ADVANCED_FACE('Body.2',(#6190),#4460,.F.) ;
#6216=ADVANCED_FACE('Body.2',(#6215),#6196,.T.) ;
#6241=ADVANCED_FACE('Body.2',(#6240),#6221,.F.) ;
#6271=ADVANCED_FACE('Body.2',(#6270),#6246,.T.) ;
#6296=ADVANCED_FACE('Body.2',(#6295),#6276,.F.) ;
#6335=ADVANCED_FACE('Body.2',(#6334),#6301,.F.) ;
#6357=ADVANCED_FACE('Body.2',(#6356),#6340,.T.) ;
#6378=ADVANCED_FACE('Body.2',(#6377),#6362,.T.) ;
#6395=ADVANCED_FACE('Body.2',(#6394),#6383,.T.) ;
#6411=ADVANCED_FACE('Body.2',(#6410),#6400,.T.) ;
#6423=ADVANCED_FACE('Body.2',(#6422),#6416,.T.) ;
#6435=ADVANCED_FACE('Body.2',(#6434),#6428,.T.) ;
#6502=ADVANCED_FACE('Body.4',(#6501),#6467,.T.) ;
#6559=ADVANCED_FACE('Body.4',(#6540,#6558),#6507,.F.) ;
#6616=ADVANCED_FACE('Body.4',(#6597,#6615),#6564,.T.) ;
#6647=ADVANCED_FACE('Body.4',(#6646),#6621,.F.) ;
#6673=ADVANCED_FACE('Body.4',(#6672),#6621,.F.) ;
#6685=ADVANCED_FACE('Body.4',(#6684),#6621,.F.) ;
#6697=ADVANCED_FACE('Body.4',(#6696),#6621,.F.) ;
#6737=ADVANCED_FACE('Body.4',(#6736),#6702,.F.) ;
#6759=ADVANCED_FACE('Body.4',(#6758),#6742,.F.) ;
#6783=ADVANCED_FACE('Body.4',(#6782),#6764,.T.) ;
#6814=ADVANCED_FACE('Body.4',(#6813),#6788,.T.) ;
#6826=ADVANCED_FACE('Body.4',(#6825),#6788,.T.) ;
#6848=ADVANCED_FACE('Body.4',(#6847),#6831,.T.) ;
#6860=ADVANCED_FACE('Body.4',(#6859),#6853,.T.) ;
#6884=ADVANCED_FACE('Body.4',(#6883),#6865,.F.) ;
#6915=ADVANCED_FACE('Body.4',(#6914),#6889,.T.) ;
#6932=ADVANCED_FACE('Body.4',(#6931),#6920,.T.) ;
#6958=ADVANCED_FACE('Body.4',(#6957),#6788,.T.) ;
#6970=ADVANCED_FACE('Body.4',(#6969),#6788,.T.) ;
#7001=ADVANCED_FACE('Body.4',(#7000),#6975,.F.) ;
#7018=ADVANCED_FACE('Body.4',(#7017),#7006,.F.) ;
#7090=ADVANCED_FACE('Body.4',(#7089),#7023,.F.) ;
#7121=ADVANCED_FACE('Body.4',(#7120),#7095,.T.) ;
#7145=ADVANCED_FACE('Body.4',(#7144),#7126,.T.) ;
#7197=ADVANCED_FACE('Body.4',(#7192,#7196),#7150,.F.) ;
#7228=ADVANCED_FACE('Body.4',(#7227),#7202,.T.) ;
#7250=ADVANCED_FACE('Body.4',(#7249),#7233,.T.) ;
#7272=ADVANCED_FACE('Body.4',(#7271),#7255,.T.) ;
#7286=ADVANCED_FACE('Body.4',(#7285),#7277,.T.) ;
#7317=ADVANCED_FACE('Body.4',(#7316),#7291,.T.) ;
#7341=ADVANCED_FACE('Body.4',(#7340),#7322,.T.) ;
#7393=ADVANCED_FACE('Body.4',(#7388,#7392),#7346,.T.) ;
#7444=ADVANCED_FACE('Body.4',(#7443),#7398,.T.) ;
#7495=ADVANCED_FACE('Body.4',(#7494),#7449,.F.) ;
#7517=ADVANCED_FACE('Body.4',(#7516),#7500,.T.) ;
#7539=ADVANCED_FACE('Body.4',(#7538),#7522,.T.) ;
#7556=ADVANCED_FACE('Body.4',(#7555),#7544,.T.) ;
#7570=ADVANCED_FACE('Body.4',(#7569),#7561,.T.) ;
#7603=ADVANCED_FACE('Body.4',(#7602),#7575,.T.) ;
#7631=ADVANCED_FACE('Body.4',(#7626,#7630),#7608,.T.) ;
#7654=ADVANCED_FACE('Body.4',(#7653),#7636,.T.) ;
#7702=ADVANCED_FACE('Body.4',(#7701),#7659,.T.) ;
#7771=ADVANCED_FACE('Body.4',(#7770),#7703,.T.) ;
#7788=ADVANCED_FACE('Body.4',(#7787),#7776,.F.) ;
#7849=ADVANCED_FACE('Body.4',(#7848),#7789,.T.) ;
#7879=ADVANCED_FACE('Body.4',(#7878),#7854,.T.) ;
#7907=ADVANCED_FACE('Body.4',(#7902,#7906),#7884,.F.) ;
#7933=ADVANCED_FACE('Body.4',(#7932),#7912,.T.) ;
#7981=ADVANCED_FACE('Body.4',(#7980),#7938,.T.) ;
#8050=ADVANCED_FACE('Body.4',(#8049),#7982,.T.) ;
#8067=ADVANCED_FACE('Body.4',(#8066),#8055,.F.) ;
#8128=ADVANCED_FACE('Body.4',(#8127),#8068,.T.) ;
#8240=ADVANCED_FACE('Body.2',(#8239),#8205,.T.) ;
#8297=ADVANCED_FACE('Body.2',(#8278,#8296),#8245,.F.) ;
#8354=ADVANCED_FACE('Body.2',(#8335,#8353),#8302,.F.) ;
#8385=ADVANCED_FACE('Body.2',(#8384),#8359,.F.) ;
#8411=ADVANCED_FACE('Body.2',(#8410),#8359,.F.) ;
#8423=ADVANCED_FACE('Body.2',(#8422),#8359,.F.) ;
#8435=ADVANCED_FACE('Body.2',(#8434),#8359,.F.) ;
#8462=ADVANCED_FACE('Body.2',(#8461),#8245,.T.) ;
#8489=ADVANCED_FACE('Body.2',(#8488),#8302,.T.) ;
#8520=ADVANCED_FACE('Body.2',(#8519),#8494,.T.) ;
#8544=ADVANCED_FACE('Body.2',(#8543),#8525,.T.) ;
#8596=ADVANCED_FACE('Body.2',(#8591,#8595),#8549,.F.) ;
#8662=ADVANCED_FACE('Body.2',(#8661),#8601,.T.) ;
#8684=ADVANCED_FACE('Body.2',(#8683),#8667,.T.) ;
#8706=ADVANCED_FACE('Body.2',(#8705),#8689,.T.) ;
#8728=ADVANCED_FACE('Body.2',(#8727),#8711,.T.) ;
#8742=ADVANCED_FACE('Body.2',(#8741),#8733,.T.) ;
#8773=ADVANCED_FACE('Body.2',(#8772),#8747,.T.) ;
#8797=ADVANCED_FACE('Body.2',(#8796),#8778,.T.) ;
#8849=ADVANCED_FACE('Body.2',(#8844,#8848),#8802,.T.) ;
#8915=ADVANCED_FACE('Body.2',(#8914),#8854,.T.) ;
#9037=ADVANCED_FACE('Body.2',(#9036),#8920,.F.) ;
#9059=ADVANCED_FACE('Body.2',(#9058),#9042,.T.) ;
#9076=ADVANCED_FACE('Body.2',(#9075),#9064,.T.) ;
#9098=ADVANCED_FACE('Body.2',(#9097),#9081,.T.) ;
#9112=ADVANCED_FACE('Body.2',(#9111),#9103,.T.) ;
#9146=ADVANCED_FACE('Body.2',(#9145),#9117,.T.) ;
#9170=ADVANCED_FACE('Body.2',(#9169),#9151,.F.) ;
#9197=ADVANCED_FACE('Body.2',(#9196),#9175,.T.) ;
#9217=ADVANCED_FACE('Body.2',(#9216),#8302,.T.) ;
#9241=ADVANCED_FACE('Body.2',(#9240),#9222,.T.) ;
#9261=ADVANCED_FACE('Body.2',(#9260),#8245,.T.) ;
#9301=ADVANCED_FACE('Body.2',(#9300),#9266,.F.) ;
#9325=ADVANCED_FACE('Body.2',(#9324),#9306,.T.) ;
#9350=ADVANCED_FACE('Body.2',(#9349),#9330,.T.) ;
#9372=ADVANCED_FACE('Body.2',(#9371),#9355,.T.) ;
#9388=ADVANCED_FACE('Body.2',(#9387),#9377,.T.) ;
#9405=ADVANCED_FACE('Body.2',(#9404),#9393,.T.) ;
#9421=ADVANCED_FACE('Body.2',(#9420),#9410,.T.) ;
#9438=ADVANCED_FACE('Body.2',(#9437),#9426,.T.) ;
#9454=ADVANCED_FACE('Body.2',(#9453),#9443,.T.) ;
#9471=ADVANCED_FACE('Body.2',(#9470),#9459,.T.) ;
#9482=ADVANCED_FACE('Body.2',(#9481),#9476,.T.) ;
#4=APPLICATION_PROTOCOL_DEFINITION('international standard','config_control_design',1994,#1) ;
#35=APPROVAL_DATE_TIME(#13,#24) ;
#3286=B_SPLINE_CURVE_WITH_KNOTS('',5,(#3287,#3288,#3289,#3290,#3291,#3292,#3293,#3294,#3295,#3296,#3297,#3298,#3299,#3300,#3301,#3302,#3303,#3304,#3305,#3306,#3307),.UNSPECIFIED.,.F.,.U.,(6,3,3,3,3,3,6),(0.,14.5622928094,24.6500952094,33.5040095596,48.5216713552,56.7898690098,67.2847738872),.UNSPECIFIED.) ;
#3313=B_SPLINE_CURVE_WITH_KNOTS('',5,(#3314,#3315,#3316,#3317,#3318,#3319,#3320,#3321,#3322,#3323,#3324,#3325,#3326,#3327,#3328,#3329,#3330,#3331,#3332,#3333,#3334),.UNSPECIFIED.,.F.,.U.,(6,3,3,3,3,3,6),(0.,14.5622928249,24.6500952231,33.5040095595,48.5216713405,56.7898689883,67.2847738831),.UNSPECIFIED.) ;
#4523=B_SPLINE_CURVE_WITH_KNOTS('',5,(#4524,#4525,#4526,#4527,#4528,#4529),.UNSPECIFIED.,.F.,.U.,(6,6),(1.16025436858,9.01423600256),.UNSPECIFIED.) ;
#4566=B_SPLINE_CURVE_WITH_KNOTS('',5,(#4567,#4568,#4569,#4570,#4571,#4572),.UNSPECIFIED.,.F.,.U.,(6,6),(2.12750357322,7.66324716219),.UNSPECIFIED.) ;
#4599=B_SPLINE_CURVE_WITH_KNOTS('',4,(#4600,#4601,#4602,#4603,#4604),.UNSPECIFIED.,.F.,.U.,(5,5),(0.,3.87666964206),.UNSPECIFIED.) ;
#4608=B_SPLINE_CURVE_WITH_KNOTS('',3,(#4609,#4610,#4611,#4612),.UNSPECIFIED.,.F.,.U.,(4,4),(0.,0.955158552243),.UNSPECIFIED.) ;
#4616=B_SPLINE_CURVE_WITH_KNOTS('',4,(#4617,#4618,#4619,#4620,#4621),.UNSPECIFIED.,.F.,.U.,(5,5),(0.,4.24654449112),.UNSPECIFIED.) ;
#4646=B_SPLINE_CURVE_WITH_KNOTS('',4,(#4647,#4648,#4649,#4650,#4651),.UNSPECIFIED.,.F.,.U.,(5,5),(0.,5.20176778619),.UNSPECIFIED.) ;
#4718=B_SPLINE_CURVE_WITH_KNOTS('',5,(#4719,#4720,#4721,#4722,#4723,#4724),.UNSPECIFIED.,.F.,.U.,(6,6),(1.16025436858,9.01423600256),.UNSPECIFIED.) ;
#4777=B_SPLINE_CURVE_WITH_KNOTS('',3,(#4778,#4779,#4780,#4781),.UNSPECIFIED.,.F.,.U.,(4,4),(0.,0.955158554396),.UNSPECIFIED.) ;
#4787=B_SPLINE_CURVE_WITH_KNOTS('',4,(#4788,#4789,#4790,#4791,#4792),.UNSPECIFIED.,.F.,.U.,(5,5),(0.,5.20176778747),.UNSPECIFIED.) ;
#4813=B_SPLINE_CURVE_WITH_KNOTS('',4,(#4814,#4815,#4816,#4817,#4818),.UNSPECIFIED.,.F.,.U.,(5,5),(0.,4.24654449443),.UNSPECIFIED.) ;
#4847=B_SPLINE_CURVE_WITH_KNOTS('',4,(#4848,#4849,#4850,#4851,#4852),.UNSPECIFIED.,.F.,.U.,(5,5),(0.,3.87666964211),.UNSPECIFIED.) ;
#4910=B_SPLINE_CURVE_WITH_KNOTS('',5,(#4911,#4912,#4913,#4914,#4915,#4916),.UNSPECIFIED.,.F.,.U.,(6,6),(1.16025436858,9.01423600256),.UNSPECIFIED.) ;
#4960=B_SPLINE_CURVE_WITH_KNOTS('',5,(#4961,#4962,#4963,#4964,#4965,#4966),.UNSPECIFIED.,.F.,.U.,(6,6),(1.16025436858,9.01423600256),.UNSPECIFIED.) ;
#4993=B_SPLINE_CURVE_WITH_KNOTS('',4,(#4994,#4995,#4996,#4997,#4998),.UNSPECIFIED.,.F.,.U.,(5,5),(0.,3.87666964358),.UNSPECIFIED.) ;
#5002=B_SPLINE_CURVE_WITH_KNOTS('',4,(#5003,#5004,#5005,#5006,#5007),.UNSPECIFIED.,.F.,.U.,(5,5),(0.,5.20176778602),.UNSPECIFIED.) ;
#5022=B_SPLINE_CURVE_WITH_KNOTS('',4,(#5023,#5024,#5025,#5026,#5027),.UNSPECIFIED.,.F.,.U.,(5,5),(0.,4.24654449123),.UNSPECIFIED.) ;
#5031=B_SPLINE_CURVE_WITH_KNOTS('',3,(#5032,#5033,#5034,#5035),.UNSPECIFIED.,.F.,.U.,(4,4),(0.,0.955158553113),.UNSPECIFIED.) ;
#5051=B_SPLINE_CURVE_WITH_KNOTS('',4,(#5052,#5053,#5054,#5055,#5056),.UNSPECIFIED.,.F.,.U.,(5,5),(0.,5.20176778283),.UNSPECIFIED.) ;
#5062=B_SPLINE_CURVE_WITH_KNOTS('',3,(#5063,#5064,#5065,#5066),.UNSPECIFIED.,.F.,.U.,(4,4),(0.,0.955158550923),.UNSPECIFIED.) ;
#5070=B_SPLINE_CURVE_WITH_KNOTS('',4,(#5071,#5072,#5073,#5074,#5075),.UNSPECIFIED.,.F.,.U.,(5,5),(0.,4.24654448758),.UNSPECIFIED.) ;
#5109=B_SPLINE_CURVE_WITH_KNOTS('',4,(#5110,#5111,#5112,#5113,#5114),.UNSPECIFIED.,.F.,.U.,(5,5),(0.,3.87666964066),.UNSPECIFIED.) ;
#5188=B_SPLINE_CURVE_WITH_KNOTS('',5,(#5189,#5190,#5191,#5192,#5193,#5194),.UNSPECIFIED.,.F.,.U.,(6,6),(0.,9.40455935644),.UNSPECIFIED.) ;
#5208=B_SPLINE_CURVE_WITH_KNOTS('',1,(#5209,#5210),.UNSPECIFIED.,.F.,.U.,(2,2),(-20.2177477113,10.120621834),.UNSPECIFIED.) ;
#5212=B_SPLINE_CURVE_WITH_KNOTS('',3,(#5213,#5214,#5215,#5216),.UNSPECIFIED.,.F.,.U.,(4,4),(0.,0.90045104496),.UNSPECIFIED.) ;
#5238=B_SPLINE_CURVE_WITH_KNOTS('',3,(#5239,#5240,#5241,#5242),.UNSPECIFIED.,.F.,.U.,(4,4),(0.,0.900461316579),.UNSPECIFIED.) ;
#5300=B_SPLINE_CURVE_WITH_KNOTS('',3,(#5301,#5302,#5303,#5304),.UNSPECIFIED.,.F.,.U.,(4,4),(0.,0.90046131667),.UNSPECIFIED.) ;
#5308=B_SPLINE_CURVE_WITH_KNOTS('',1,(#5309,#5310),.UNSPECIFIED.,.F.,.U.,(2,2),(-16.7629614882,13.4862973499),.UNSPECIFIED.) ;
#5332=B_SPLINE_CURVE_WITH_KNOTS('',5,(#5333,#5334,#5335,#5336,#5337,#5338),.UNSPECIFIED.,.F.,.U.,(6,6),(0.,9.40455936152),.UNSPECIFIED.) ;
#5366=B_SPLINE_CURVE_WITH_KNOTS('',3,(#5367,#5368,#5369,#5370),.UNSPECIFIED.,.F.,.U.,(4,4),(0.,0.900451044968),.UNSPECIFIED.) ;
#5430=B_SPLINE_CURVE_WITH_KNOTS('',3,(#5431,#5432,#5433,#5434),.UNSPECIFIED.,.F.,.U.,(4,4),(0.,0.900451044939),.UNSPECIFIED.) ;
#5438=B_SPLINE_CURVE_WITH_KNOTS('',1,(#5439,#5440),.UNSPECIFIED.,.F.,.U.,(2,2),(-20.2177477113,10.120621834),.UNSPECIFIED.) ;
#5442=B_SPLINE_CURVE_WITH_KNOTS('',1,(#5443,#5444),.UNSPECIFIED.,.F.,.U.,(2,2),(-16.7629614907,13.4862973499),.UNSPECIFIED.) ;
#5466=B_SPLINE_CURVE_WITH_KNOTS('',5,(#5467,#5468,#5469,#5470,#5471,#5472),.UNSPECIFIED.,.F.,.U.,(6,6),(0.,9.40455935656),.UNSPECIFIED.) ;
#5517=B_SPLINE_CURVE_WITH_KNOTS('',3,(#5518,#5519,#5520,#5521),.UNSPECIFIED.,.F.,.U.,(4,4),(0.,0.900461316763),.UNSPECIFIED.) ;
#5586=B_SPLINE_CURVE_WITH_KNOTS('',1,(#5587,#5588),.UNSPECIFIED.,.F.,.U.,(2,2),(-16.7629614881,13.4862973499),.UNSPECIFIED.) ;
#5592=B_SPLINE_CURVE_WITH_KNOTS('',3,(#5593,#5594,#5595,#5596),.UNSPECIFIED.,.F.,.U.,(4,4),(0.,0.900461316695),.UNSPECIFIED.) ;
#5618=B_SPLINE_CURVE_WITH_KNOTS('',5,(#5619,#5620,#5621,#5622,#5623,#5624),.UNSPECIFIED.,.F.,.U.,(6,6),(0.,9.40455936147),.UNSPECIFIED.) ;
#5652=B_SPLINE_CURVE_WITH_KNOTS('',3,(#5653,#5654,#5655,#5656),.UNSPECIFIED.,.F.,.U.,(4,4),(0.,0.900451044866),.UNSPECIFIED.) ;
#5716=B_SPLINE_CURVE_WITH_KNOTS('',3,(#5717,#5718,#5719,#5720),.UNSPECIFIED.,.F.,.U.,(4,4),(0.,0.900451044923),.UNSPECIFIED.) ;
#5724=B_SPLINE_CURVE_WITH_KNOTS('',1,(#5725,#5726),.UNSPECIFIED.,.F.,.U.,(2,2),(-20.2177477113,10.120621834),.UNSPECIFIED.) ;
#5728=B_SPLINE_CURVE_WITH_KNOTS('',1,(#5729,#5730),.UNSPECIFIED.,.F.,.U.,(2,2),(-16.7629614907,13.4862973499),.UNSPECIFIED.) ;
#5752=B_SPLINE_CURVE_WITH_KNOTS('',5,(#5753,#5754,#5755,#5756,#5757,#5758),.UNSPECIFIED.,.F.,.U.,(6,6),(0.,9.40455937159),.UNSPECIFIED.) ;
#5803=B_SPLINE_CURVE_WITH_KNOTS('',3,(#5804,#5805,#5806,#5807),.UNSPECIFIED.,.F.,.U.,(4,4),(0.,0.900461316701),.UNSPECIFIED.) ;
#5911=B_SPLINE_CURVE_WITH_KNOTS('',3,(#5912,#5913,#5914,#5915),.UNSPECIFIED.,.F.,.U.,(4,4),(0.,0.900461316709),.UNSPECIFIED.) ;
#5919=B_SPLINE_CURVE_WITH_KNOTS('',1,(#5920,#5921),.UNSPECIFIED.,.F.,.U.,(2,2),(-16.693817126,13.555441712),.UNSPECIFIED.) ;
#5923=B_SPLINE_CURVE_WITH_KNOTS('',1,(#5924,#5925),.UNSPECIFIED.,.F.,.U.,(2,2),(-20.2177477113,10.120621834),.UNSPECIFIED.) ;
#5947=B_SPLINE_CURVE_WITH_KNOTS('',5,(#5948,#5949,#5950,#5951,#5952,#5953),.UNSPECIFIED.,.F.,.U.,(6,6),(0.,9.40455935167),.UNSPECIFIED.) ;
#5998=B_SPLINE_CURVE_WITH_KNOTS('',3,(#5999,#6000,#6001,#6002),.UNSPECIFIED.,.F.,.U.,(4,4),(0.,0.90045104497),.UNSPECIFIED.) ;
#6222=B_SPLINE_CURVE_WITH_KNOTS('',1,(#6223,#6224),.UNSPECIFIED.,.F.,.U.,(2,2),(-16.7287069527,13.5205499066),.UNSPECIFIED.) ;
#6228=B_SPLINE_CURVE_WITH_KNOTS('',3,(#6229,#6230,#6231,#6232),.UNSPECIFIED.,.F.,.U.,(4,4),(0.,0.900604479315),.UNSPECIFIED.) ;
#6247=B_SPLINE_CURVE_WITH_KNOTS('',3,(#6248,#6249,#6250,#6251),.UNSPECIFIED.,.F.,.U.,(4,4),(5.92701802586,6.82743630528),.UNSPECIFIED.) ;
#6255=B_SPLINE_CURVE_WITH_KNOTS('',5,(#6256,#6257,#6258,#6259,#6260,#6261),.UNSPECIFIED.,.F.,.U.,(6,6),(0.,9.40458620973),.UNSPECIFIED.) ;
#6277=B_SPLINE_CURVE_WITH_KNOTS('',1,(#6278,#6279),.UNSPECIFIED.,.F.,.U.,(2,2),(-16.7287087138,13.5205499066),.UNSPECIFIED.) ;
#6283=B_SPLINE_CURVE_WITH_KNOTS('',3,(#6284,#6285,#6286,#6287),.UNSPECIFIED.,.F.,.U.,(4,4),(5.92701802589,6.8274363053),.UNSPECIFIED.) ;
#6302=B_SPLINE_CURVE_WITH_KNOTS('',1,(#6303,#6304),.UNSPECIFIED.,.F.,.U.,(2,2),(-16.7287069527,13.5205499066),.UNSPECIFIED.) ;
#6317=B_SPLINE_CURVE_WITH_KNOTS('',1,(#6318,#6319),.UNSPECIFIED.,.F.,.U.,(2,2),(-16.7287087138,13.5205499066),.UNSPECIFIED.) ;
#6321=B_SPLINE_CURVE_WITH_KNOTS('',3,(#6322,#6323,#6324,#6325),.UNSPECIFIED.,.F.,.U.,(4,4),(0.,0.900604479302),.UNSPECIFIED.) ;
#6341=B_SPLINE_CURVE_WITH_KNOTS('',5,(#6342,#6343,#6344,#6345,#6346,#6347),.UNSPECIFIED.,.F.,.U.,(6,6),(0.,9.40458620927),.UNSPECIFIED.) ;
#7583=B_SPLINE_CURVE_WITH_KNOTS('',5,(#7584,#7585,#7586,#7587,#7588,#7589,#7590,#7591,#7592,#7593,#7594,#7595),.UNSPECIFIED.,.F.,.U.,(6,3,3,6),(0.,7.03795270561,10.6965036222,16.0902967713),.UNSPECIFIED.) ;
#7637=B_SPLINE_CURVE_WITH_KNOTS('',5,(#7638,#7639,#7640,#7641,#7642,#7643,#7644,#7645,#7646),.UNSPECIFIED.,.F.,.U.,(6,3,6),(12.189803014,17.7218848359,28.2812446987),.UNSPECIFIED.) ;
#7660=B_SPLINE_CURVE_WITH_KNOTS('',5,(#7661,#7662,#7663,#7664,#7665,#7666,#7667,#7668,#7669,#7670,#7671,#7672),.UNSPECIFIED.,.F.,.U.,(6,3,3,6),(0.,7.03795270561,10.6965036222,16.0903347678),.UNSPECIFIED.) ;
#7683=B_SPLINE_CURVE_WITH_KNOTS('',5,(#7684,#7685,#7686,#7687,#7688,#7689,#7690,#7691,#7692),.UNSPECIFIED.,.F.,.U.,(6,3,6),(12.1897909072,17.7218848359,28.2812446987),.UNSPECIFIED.) ;
#7758=B_SPLINE_CURVE_WITH_KNOTS('',5,(#7759,#7760,#7761,#7762,#7763,#7764),.UNSPECIFIED.,.F.,.U.,(6,6),(0.,2.),.UNSPECIFIED.) ;
#7862=B_SPLINE_CURVE_WITH_KNOTS('',5,(#7863,#7864,#7865,#7866,#7867,#7868,#7869,#7870,#7871),.UNSPECIFIED.,.F.,.U.,(6,3,6),(12.1898030144,17.7218848364,28.2812447002),.UNSPECIFIED.) ;
#7913=B_SPLINE_CURVE_WITH_KNOTS('',5,(#7914,#7915,#7916,#7917,#7918,#7919,#7920,#7921,#7922,#7923,#7924,#7925),.UNSPECIFIED.,.F.,.U.,(6,3,3,6),(3.84351196367E-015,7.03795270734,10.6965036238,16.0902967722),.UNSPECIFIED.) ;
#7939=B_SPLINE_CURVE_WITH_KNOTS('',5,(#7940,#7941,#7942,#7943,#7944,#7945,#7946,#7947,#7948,#7949,#7950,#7951),.UNSPECIFIED.,.F.,.U.,(6,3,3,6),(0.,7.03795270734,10.6965036238,16.0903347687),.UNSPECIFIED.) ;
#7962=B_SPLINE_CURVE_WITH_KNOTS('',5,(#7963,#7964,#7965,#7966,#7967,#7968,#7969,#7970,#7971),.UNSPECIFIED.,.F.,.U.,(6,3,6),(12.1897909076,17.7218848364,28.2812447002),.UNSPECIFIED.) ;
#8037=B_SPLINE_CURVE_WITH_KNOTS('',5,(#8038,#8039,#8040,#8041,#8042,#8043),.UNSPECIFIED.,.F.,.U.,(6,6),(0.,2.),.UNSPECIFIED.) ;
#8630=B_SPLINE_CURVE_WITH_KNOTS('',5,(#8631,#8632,#8633,#8634,#8635,#8636),.UNSPECIFIED.,.F.,.U.,(6,6),(0.,11.4934270179),.UNSPECIFIED.) ;
#8864=B_SPLINE_CURVE_WITH_KNOTS('',5,(#8865,#8866,#8867,#8868,#8869,#8870),.UNSPECIFIED.,.F.,.U.,(6,6),(0.,11.4934270179),.UNSPECIFIED.) ;
#8933=B_SPLINE_CURVE_WITH_KNOTS('',5,(#8934,#8935,#8936,#8937,#8938,#8939,#8940,#8941,#8942,#8943,#8944,#8945,#8946,#8947,#8948,#8949,#8950,#8951,#8952,#8953,#8954,#8955,#8956,#8957,#8958,#8959,#8960,#8961,#8962,#8963,#8964,#8965,#8966),.UNSPECIFIED.,.F.,.U.,(6,3,3,3,3,3,3,3,3,3,6),(0.,0.144508397574,0.372888301147,0.792601780007,1.40623909158,2.30970248161,3.6584151238,5.4143271123,7.52148098069,12.6557000137,20.6916739903),.UNSPECIFIED.) ;
#8977=B_SPLINE_CURVE_WITH_KNOTS('',5,(#8978,#8979,#8980,#8981,#8982,#8983,#8984,#8985,#8986,#8987,#8988,#8989,#8990,#8991,#8992,#8993,#8994,#8995,#8996,#8997,#8998,#8999,#9000,#9001,#9002,#9003,#9004,#9005,#9006,#9007,#9008,#9009,#9010),.UNSPECIFIED.,.F.,.U.,(6,3,3,3,3,3,3,3,3,3,6),(0.,0.144508397576,0.372888301151,0.792601780613,1.40623909334,2.30970248336,3.65841512556,5.41432711407,7.52148098247,12.6557000155,20.6916739911),.UNSPECIFIED.) ;
#7703=B_SPLINE_SURFACE_WITH_KNOTS('',5,5,((#7704,#7705,#7706,#7707,#7708,#7709,#7710,#7711,#7712),(#7713,#7714,#7715,#7716,#7717,#7718,#7719,#7720,#7721),(#7722,#7723,#7724,#7725,#7726,#7727,#7728,#7729,#7730),(#7731,#7732,#7733,#7734,#7735,#7736,#7737,#7738,#7739),(#7740,#7741,#7742,#7743,#7744,#7745,#7746,#7747,#7748),(#7749,#7750,#7751,#7752,#7753,#7754,#7755,#7756,#7757)),.UNSPECIFIED.,.F.,.F.,.U.,(6,6),(6,3,6),(12.189803014,28.2812446987),(0.,1.,2.),.UNSPECIFIED.) ;
#7789=B_SPLINE_SURFACE_WITH_KNOTS('',5,5,((#7790,#7791,#7792,#7793,#7794,#7795,#7796,#7797,#7798),(#7799,#7800,#7801,#7802,#7803,#7804,#7805,#7806,#7807),(#7808,#7809,#7810,#7811,#7812,#7813,#7814,#7815,#7816),(#7817,#7818,#7819,#7820,#7821,#7822,#7823,#7824,#7825),(#7826,#7827,#7828,#7829,#7830,#7831,#7832,#7833,#7834),(#7835,#7836,#7837,#7838,#7839,#7840,#7841,#7842,#7843)),.UNSPECIFIED.,.F.,.F.,.U.,(6,6),(6,3,6),(0.,16.0902967713),(0.,1.,2.),.UNSPECIFIED.) ;
#7982=B_SPLINE_SURFACE_WITH_KNOTS('',5,5,((#7983,#7984,#7985,#7986,#7987,#7988,#7989,#7990,#7991),(#7992,#7993,#7994,#7995,#7996,#7997,#7998,#7999,#8000),(#8001,#8002,#8003,#8004,#8005,#8006,#8007,#8008,#8009),(#8010,#8011,#8012,#8013,#8014,#8015,#8016,#8017,#8018),(#8019,#8020,#8021,#8022,#8023,#8024,#8025,#8026,#8027),(#8028,#8029,#8030,#8031,#8032,#8033,#8034,#8035,#8036)),.UNSPECIFIED.,.F.,.F.,.U.,(6,6),(6,3,6),(12.1898030144,28.2812447002),(0.,1.,2.),.UNSPECIFIED.) ;
#8068=B_SPLINE_SURFACE_WITH_KNOTS('',5,5,((#8069,#8070,#8071,#8072,#8073,#8074,#8075,#8076,#8077),(#8078,#8079,#8080,#8081,#8082,#8083,#8084,#8085,#8086),(#8087,#8088,#8089,#8090,#8091,#8092,#8093,#8094,#8095),(#8096,#8097,#8098,#8099,#8100,#8101,#8102,#8103,#8104),(#8105,#8106,#8107,#8108,#8109,#8110,#8111,#8112,#8113),(#8114,#8115,#8116,#8117,#8118,#8119,#8120,#8121,#8122)),.UNSPECIFIED.,.F.,.F.,.U.,(6,6),(6,3,6),(3.84351196367E-015,16.0902967722),(0.,1.,2.),.UNSPECIFIED.) ;
#676=MANIFOLD_SOLID_BREP('Body.2',#62) ;
#845=MANIFOLD_SOLID_BREP('Body.2',#702) ;
#2078=MANIFOLD_SOLID_BREP('Body.3',#871) ;
#3143=MANIFOLD_SOLID_BREP('Body.2',#2104) ;
#3505=MANIFOLD_SOLID_BREP('Body.2',#3184) ;
#6436=MANIFOLD_SOLID_BREP('Body.2',#3531) ;
#8129=MANIFOLD_SOLID_BREP('Body.4',#6462) ;
#9483=MANIFOLD_SOLID_BREP('Body.2',#8200) ;
#11=CALENDAR_DATE(2026,16,8) ;
#33=CC_DESIGN_APPROVAL(#24,(#19,#6,#17)) ;
#21=CC_DESIGN_DATE_AND_TIME_ASSIGNMENT(#13,#20,(#19)) ;
#32=CC_DESIGN_DATE_AND_TIME_ASSIGNMENT(#13,#31,(#17)) ;
#20=DATE_TIME_ROLE('classification_date') ;
#31=DATE_TIME_ROLE('creation_date') ;
#30=CC_DESIGN_PERSON_AND_ORGANIZATION_ASSIGNMENT(#28,#29,(#19)) ;
#36=CC_DESIGN_PERSON_AND_ORGANIZATION_ASSIGNMENT(#28,#37,(#6)) ;
#38=CC_DESIGN_PERSON_AND_ORGANIZATION_ASSIGNMENT(#28,#39,(#6,#17)) ;
#40=CC_DESIGN_PERSON_AND_ORGANIZATION_ASSIGNMENT(#28,#41,(#5)) ;
#29=PERSON_AND_ORGANIZATION_ROLE('classification_officer') ;
#37=PERSON_AND_ORGANIZATION_ROLE('design_supplier') ;
#39=PERSON_AND_ORGANIZATION_ROLE('creator') ;
#41=PERSON_AND_ORGANIZATION_ROLE('design_owner') ;
#42=CC_DESIGN_SECURITY_CLASSIFICATION(#19,(#6,#679,#848,#2081,#3146,#3161,#3508,#6439,#8132,#8147,#8162,#8177,#9486,#9501,#9516,#9531)) ;
#60=DOCUMENT('1','Part2.CATPart','CATPart document',#59) ;
#700=DOCUMENT('2','Part1.CATPart','CATPart document',#699) ;
#869=DOCUMENT('3','Arm Link.CATPart','CATPart document',#868) ;
#2102=DOCUMENT('4','Arm Link 2.CATPart','CATPart document',#2101) ;
#3182=DOCUMENT('5','gripper joint_.CATPart','CATPart document',#3181) ;
#3529=DOCUMENT('6','Gripper Joint.CATPart','CATPart document',#3528) ;
#6460=DOCUMENT('7','Gripper Link.CATPart','CATPart document',#6459) ;
#8198=DOCUMENT('8','Gripper Finger.CATPart','CATPart document',#8197) ;
#59=DOCUMENT_TYPE('') ;
#699=DOCUMENT_TYPE('') ;
#868=DOCUMENT_TYPE('') ;
#2101=DOCUMENT_TYPE('') ;
#3181=DOCUMENT_TYPE('') ;
#3528=DOCUMENT_TYPE('') ;
#6459=DOCUMENT_TYPE('') ;
#8197=DOCUMENT_TYPE('') ;
#80=CIRCLE('generated circle',#79,25.) ;
#94=CIRCLE('generated circle',#93,25.) ;
#106=CIRCLE('generated circle',#105,25.) ;
#111=CIRCLE('generated circle',#110,25.) ;
#138=CIRCLE('generated circle',#137,150.) ;
#154=CIRCLE('generated circle',#153,150.) ;
#173=CIRCLE('generated circle',#172,150.) ;
#178=CIRCLE('generated circle',#177,150.) ;
#296=CIRCLE('generated circle',#295,25.) ;
#310=CIRCLE('generated circle',#309,25.) ;
#331=CIRCLE('generated circle',#330,25.) ;
#345=CIRCLE('generated circle',#344,25.) ;
#357=CIRCLE('generated circle',#356,25.) ;
#362=CIRCLE('generated circle',#361,25.) ;
#374=CIRCLE('generated circle',#373,25.) ;
#379=CIRCLE('generated circle',#378,25.) ;
#427=CIRCLE('generated circle',#426,40.) ;
#434=CIRCLE('generated circle',#433,40.) ;
#489=CIRCLE('generated circle',#488,40.) ;
#511=CIRCLE('generated circle',#510,40.) ;
#571=CIRCLE('generated circle',#570,40.) ;
#578=CIRCLE('generated circle',#577,40.) ;
#628=CIRCLE('generated circle',#627,40.) ;
#650=CIRCLE('generated circle',#649,40.) ;
#720=CIRCLE('generated circle',#719,150.) ;
#734=CIRCLE('generated circle',#733,150.) ;
#746=CIRCLE('generated circle',#745,150.) ;
#751=CIRCLE('generated circle',#750,150.) ;
#772=CIRCLE('generated circle',#771,25.) ;
#781=CIRCLE('generated circle',#780,25.) ;
#800=CIRCLE('generated circle',#799,25.) ;
#809=CIRCLE('generated circle',#808,25.) ;
#889=CIRCLE('generated circle',#888,40.) ;
#903=CIRCLE('generated circle',#902,40.) ;
#951=CIRCLE('generated circle',#950,40.) ;
#965=CIRCLE('generated circle',#964,40.) ;
#1044=CIRCLE('generated circle',#1043,25.) ;
#1051=CIRCLE('generated circle',#1050,25.) ;
#1106=CIRCLE('generated circle',#1105,25.) ;
#1111=CIRCLE('generated circle',#1110,25.) ;
#1140=CIRCLE('generated circle',#1139,30.) ;
#1149=CIRCLE('generated circle',#1148,30.) ;
#1158=CIRCLE('generated circle',#1157,30.) ;
#1167=CIRCLE('generated circle',#1166,30.) ;
#1194=CIRCLE('generated circle',#1193,30.) ;
#1203=CIRCLE('generated circle',#1202,30.) ;
#1212=CIRCLE('generated circle',#1211,30.) ;
#1221=CIRCLE('generated circle',#1220,30.) ;
#1231=CIRCLE('generated circle',#1230,40.) ;
#1247=CIRCLE('generated circle',#1246,40.) ;
#1292=CIRCLE('generated circle',#1291,40.) ;
#1306=CIRCLE('generated circle',#1305,40.) ;
#1379=CIRCLE('generated circle',#1378,25.) ;
#1384=CIRCLE('generated circle',#1383,25.) ;
#1422=CIRCLE('generated circle',#1421,25.) ;
#1427=CIRCLE('generated circle',#1426,25.) ;
#1456=CIRCLE('generated circle',#1455,30.) ;
#1465=CIRCLE('generated circle',#1464,30.) ;
#1474=CIRCLE('generated circle',#1473,30.) ;
#1483=CIRCLE('generated circle',#1482,30.) ;
#1510=CIRCLE('generated circle',#1509,30.) ;
#1519=CIRCLE('generated circle',#1518,30.) ;
#1528=CIRCLE('generated circle',#1527,30.) ;
#1537=CIRCLE('generated circle',#1536,30.) ;
#1559=CIRCLE('generated circle',#1558,30.) ;
#1602=CIRCLE('generated circle',#1601,30.) ;
#1621=CIRCLE('generated circle',#1620,30.) ;
#1640=CIRCLE('generated circle',#1639,30.) ;
#1657=CIRCLE('generated circle',#1656,50.) ;
#1666=CIRCLE('generated circle',#1665,50.) ;
#1685=CIRCLE('generated circle',#1684,50.) ;
#1694=CIRCLE('generated circle',#1693,50.) ;
#1713=CIRCLE('generated circle',#1712,40.) ;
#1722=CIRCLE('generated circle',#1721,40.) ;
#1737=CIRCLE('generated circle',#1736,10.) ;
#1742=CIRCLE('generated circle',#1741,10.) ;
#1771=CIRCLE('generated circle',#1770,40.) ;
#1780=CIRCLE('generated circle',#1779,40.) ;
#1795=CIRCLE('generated circle',#1794,10.) ;
#1800=CIRCLE('generated circle',#1799,10.) ;
#1836=CIRCLE('generated circle',#1835,30.) ;
#1879=CIRCLE('generated circle',#1878,30.) ;
#1898=CIRCLE('generated circle',#1897,30.) ;
#1917=CIRCLE('generated circle',#1916,30.) ;
#1929=CIRCLE('generated circle',#1928,50.) ;
#1938=CIRCLE('generated circle',#1937,50.) ;
#1952=CIRCLE('generated circle',#1951,50.) ;
#1961=CIRCLE('generated circle',#1960,50.) ;
#1975=CIRCLE('generated circle',#1974,40.) ;
#1984=CIRCLE('generated circle',#1983,40.) ;
#1999=CIRCLE('generated circle',#1998,10.) ;
#2004=CIRCLE('generated circle',#2003,10.) ;
#2028=CIRCLE('generated circle',#2027,40.) ;
#2037=CIRCLE('generated circle',#2036,40.) ;
#2052=CIRCLE('generated circle',#2051,10.) ;
#2057=CIRCLE('generated circle',#2056,10.) ;
#2122=CIRCLE('generated circle',#2121,40.) ;
#2136=CIRCLE('generated circle',#2135,40.) ;
#2184=CIRCLE('generated circle',#2183,40.) ;
#2198=CIRCLE('generated circle',#2197,40.) ;
#2277=CIRCLE('generated circle',#2276,25.) ;
#2284=CIRCLE('generated circle',#2283,25.) ;
#2339=CIRCLE('generated circle',#2338,25.) ;
#2344=CIRCLE('generated circle',#2343,25.) ;
#2373=CIRCLE('generated circle',#2372,25.) ;
#2382=CIRCLE('generated circle',#2381,25.) ;
#2391=CIRCLE('generated circle',#2390,25.) ;
#2400=CIRCLE('generated circle',#2399,25.) ;
#2427=CIRCLE('generated circle',#2426,6.) ;
#2436=CIRCLE('generated circle',#2435,6.) ;
#2445=CIRCLE('generated circle',#2444,6.) ;
#2454=CIRCLE('generated circle',#2453,6.) ;
#2463=CIRCLE('generated circle',#2462,6.) ;
#2472=CIRCLE('generated circle',#2471,6.) ;
#2481=CIRCLE('generated circle',#2480,6.) ;
#2490=CIRCLE('generated circle',#2489,6.) ;
#2499=CIRCLE('generated circle',#2498,25.) ;
#2508=CIRCLE('generated circle',#2507,25.) ;
#2517=CIRCLE('generated circle',#2516,25.) ;
#2526=CIRCLE('generated circle',#2525,25.) ;
#2536=CIRCLE('generated circle',#2535,40.) ;
#2552=CIRCLE('generated circle',#2551,40.) ;
#2597=CIRCLE('generated circle',#2596,40.) ;
#2611=CIRCLE('generated circle',#2610,40.) ;
#2684=CIRCLE('generated circle',#2683,25.) ;
#2689=CIRCLE('generated circle',#2688,25.) ;
#2727=CIRCLE('generated circle',#2726,25.) ;
#2732=CIRCLE('generated circle',#2731,25.) ;
#2761=CIRCLE('generated circle',#2760,25.) ;
#2770=CIRCLE('generated circle',#2769,25.) ;
#2779=CIRCLE('generated circle',#2778,25.) ;
#2788=CIRCLE('generated circle',#2787,25.) ;
#2815=CIRCLE('generated circle',#2814,6.) ;
#2824=CIRCLE('generated circle',#2823,6.) ;
#2833=CIRCLE('generated circle',#2832,6.) ;
#2842=CIRCLE('generated circle',#2841,6.) ;
#2851=CIRCLE('generated circle',#2850,6.) ;
#2860=CIRCLE('generated circle',#2859,6.) ;
#2869=CIRCLE('generated circle',#2868,6.) ;
#2878=CIRCLE('generated circle',#2877,6.) ;
#2887=CIRCLE('generated circle',#2886,25.) ;
#2896=CIRCLE('generated circle',#2895,25.) ;
#2905=CIRCLE('generated circle',#2904,25.) ;
#2914=CIRCLE('generated circle',#2913,25.) ;
#3202=CIRCLE('generated circle',#3201,40.) ;
#3216=CIRCLE('generated circle',#3215,40.) ;
#3264=CIRCLE('generated circle',#3263,39.5) ;
#3278=CIRCLE('generated circle',#3277,39.5) ;
#3371=CIRCLE('generated circle',#3370,30.) ;
#3387=CIRCLE('generated circle',#3386,30.) ;
#3406=CIRCLE('generated circle',#3405,30.) ;
#3411=CIRCLE('generated circle',#3410,30.) ;
#3467=CIRCLE('generated circle',#3466,15.) ;
#3486=CIRCLE('generated circle',#3485,15.) ;
#3540=CIRCLE('generated circle',#3539,14.) ;
#3549=CIRCLE('generated circle',#3548,14.) ;
#3564=CIRCLE('generated circle',#3563,4.5) ;
#3573=CIRCLE('generated circle',#3572,4.5) ;
#3588=CIRCLE('generated circle',#3587,3.) ;
#3595=CIRCLE('generated circle',#3594,3.) ;
#3602=CIRCLE('generated circle',#3601,7.5) ;
#3619=CIRCLE('generated circle',#3618,7.5) ;
#3636=CIRCLE('generated circle',#3635,4.5) ;
#3645=CIRCLE('generated circle',#3644,4.5) ;
#3674=CIRCLE('generated circle',#3673,7.5) ;
#3695=CIRCLE('generated circle',#3694,7.5) ;
#3709=CIRCLE('generated circle',#3708,7.5) ;
#3721=CIRCLE('generated circle',#3720,7.5) ;
#3733=CIRCLE('generated circle',#3732,7.5) ;
#3738=CIRCLE('generated circle',#3737,7.5) ;
#3755=CIRCLE('generated circle',#3754,3.) ;
#3760=CIRCLE('generated circle',#3759,3.) ;
#3789=CIRCLE('generated circle',#3788,4.5) ;
#3798=CIRCLE('generated circle',#3797,4.5) ;
#3813=CIRCLE('generated circle',#3812,3.) ;
#3820=CIRCLE('generated circle',#3819,3.) ;
#3827=CIRCLE('generated circle',#3826,7.5) ;
#3844=CIRCLE('generated circle',#3843,7.5) ;
#3861=CIRCLE('generated circle',#3860,4.5) ;
#3870=CIRCLE('generated circle',#3869,4.5) ;
#3899=CIRCLE('generated circle',#3898,7.5) ;
#3920=CIRCLE('generated circle',#3919,7.5) ;
#3934=CIRCLE('generated circle',#3933,7.5) ;
#3946=CIRCLE('generated circle',#3945,7.5) ;
#3958=CIRCLE('generated circle',#3957,7.5) ;
#3963=CIRCLE('generated circle',#3962,7.5) ;
#3980=CIRCLE('generated circle',#3979,3.) ;
#3985=CIRCLE('generated circle',#3984,3.) ;
#4014=CIRCLE('generated circle',#4013,4.5) ;
#4023=CIRCLE('generated circle',#4022,4.5) ;
#4038=CIRCLE('generated circle',#4037,3.) ;
#4045=CIRCLE('generated circle',#4044,3.) ;
#4052=CIRCLE('generated circle',#4051,7.5) ;
#4069=CIRCLE('generated circle',#4068,7.5) ;
#4086=CIRCLE('generated circle',#4085,4.5) ;
#4095=CIRCLE('generated circle',#4094,4.5) ;
#4124=CIRCLE('generated circle',#4123,7.5) ;
#4145=CIRCLE('generated circle',#4144,7.5) ;
#4159=CIRCLE('generated circle',#4158,7.5) ;
#4171=CIRCLE('generated circle',#4170,7.5) ;
#4183=CIRCLE('generated circle',#4182,7.5) ;
#4188=CIRCLE('generated circle',#4187,7.5) ;
#4205=CIRCLE('generated circle',#4204,3.) ;
#4210=CIRCLE('generated circle',#4209,3.) ;
#4239=CIRCLE('generated circle',#4238,4.5) ;
#4248=CIRCLE('generated circle',#4247,4.5) ;
#4263=CIRCLE('generated circle',#4262,3.) ;
#4270=CIRCLE('generated circle',#4269,3.) ;
#4277=CIRCLE('generated circle',#4276,7.5) ;
#4294=CIRCLE('generated circle',#4293,7.5) ;
#4311=CIRCLE('generated circle',#4310,4.5) ;
#4320=CIRCLE('generated circle',#4319,4.5) ;
#4349=CIRCLE('generated circle',#4348,7.5) ;
#4370=CIRCLE('generated circle',#4369,7.5) ;
#4384=CIRCLE('generated circle',#4383,7.5) ;
#4396=CIRCLE('generated circle',#4395,7.5) ;
#4408=CIRCLE('generated circle',#4407,7.5) ;
#4413=CIRCLE('generated circle',#4412,7.5) ;
#4430=CIRCLE('generated circle',#4429,3.) ;
#4435=CIRCLE('generated circle',#4434,3.) ;
#4480=CIRCLE('generated circle',#4479,14.) ;
#4487=CIRCLE('generated circle',#4486,14.) ;
#4512=CIRCLE('generated circle',#4511,5.) ;
#4519=CIRCLE('generated circle',#4518,5.) ;
#4545=CIRCLE('generated circle',#4544,5.) ;
#4579=CIRCLE('generated circle',#4578,5.) ;
#4663=CIRCLE('generated circle',#4662,5.) ;
#4690=CIRCLE('generated circle',#4689,14.) ;
#4707=CIRCLE('generated circle',#4706,5.) ;
#4714=CIRCLE('generated circle',#4713,5.) ;
#4740=CIRCLE('generated circle',#4739,5.) ;
#4764=CIRCLE('generated circle',#4763,5.) ;
#4799=CIRCLE('generated circle',#4798,14.) ;
#4889=CIRCLE('generated circle',#4888,14.) ;
#4906=CIRCLE('generated circle',#4905,5.) ;
#4923=CIRCLE('generated circle',#4922,5.) ;
#4946=CIRCLE('generated circle',#4945,5.) ;
#4973=CIRCLE('generated circle',#4972,5.) ;
#5080=CIRCLE('generated circle',#5079,14.) ;
#5234=CIRCLE('generated circle',#5233,5.) ;
#5355=CIRCLE('generated circle',#5354,5.) ;
#5540=CIRCLE('generated circle',#5539,5.) ;
#5641=CIRCLE('generated circle',#5640,5.) ;
#5826=CIRCLE('generated circle',#5825,5.) ;
#6021=CIRCLE('generated circle',#6020,5.) ;
#6110=CIRCLE('generated circle',#6109,5.) ;
#6115=CIRCLE('generated circle',#6114,5.) ;
#6162=CIRCLE('generated circle',#6161,5.) ;
#6207=CIRCLE('generated circle',#6206,5.) ;
#6366=CIRCLE('generated circle',#6365,5.) ;
#6371=CIRCLE('generated circle',#6370,5.) ;
#6387=CIRCLE('generated circle',#6386,5.) ;
#6404=CIRCLE('generated circle',#6403,5.) ;
#6511=CIRCLE('generated circle',#6510,15.) ;
#6520=CIRCLE('generated circle',#6519,15.) ;
#6544=CIRCLE('generated circle',#6543,7.5) ;
#6553=CIRCLE('generated circle',#6552,7.5) ;
#6582=CIRCLE('generated circle',#6581,15.) ;
#6589=CIRCLE('generated circle',#6588,15.) ;
#6601=CIRCLE('generated circle',#6600,7.5) ;
#6610=CIRCLE('generated circle',#6609,7.5) ;
#6632=CIRCLE('generated circle',#6631,7.5) ;
#6658=CIRCLE('generated circle',#6657,7.5) ;
#6677=CIRCLE('generated circle',#6676,7.5) ;
#6689=CIRCLE('generated circle',#6688,7.5) ;
#6706=CIRCLE('generated circle',#6705,9.5) ;
#6715=CIRCLE('generated circle',#6714,2.) ;
#6722=CIRCLE('generated circle',#6721,7.5) ;
#6729=CIRCLE('generated circle',#6728,2.) ;
#6746=CIRCLE('generated circle',#6745,9.5) ;
#6751=CIRCLE('generated circle',#6750,7.5) ;
#6768=CIRCLE('generated circle',#6767,5.5) ;
#6777=CIRCLE('generated circle',#6776,5.5) ;
#6806=CIRCLE('generated circle',#6805,7.5) ;
#6818=CIRCLE('generated circle',#6817,7.5) ;
#6835=CIRCLE('generated circle',#6834,2.) ;
#6840=CIRCLE('generated circle',#6839,2.) ;
#6869=CIRCLE('generated circle',#6868,5.5) ;
#6878=CIRCLE('generated circle',#6877,5.5) ;
#6893=CIRCLE('generated circle',#6892,2.) ;
#6900=CIRCLE('generated circle',#6899,2.) ;
#6907=CIRCLE('generated circle',#6906,7.5) ;
#6924=CIRCLE('generated circle',#6923,7.5) ;
#6950=CIRCLE('generated circle',#6949,7.5) ;
#6962=CIRCLE('generated circle',#6961,7.5) ;
#6979=CIRCLE('generated circle',#6978,2.) ;
#6986=CIRCLE('generated circle',#6985,9.5) ;
#6993=CIRCLE('generated circle',#6992,2.) ;
#7010=CIRCLE('generated circle',#7009,9.5) ;
#7027=CIRCLE('generated circle',#7026,2.) ;
#7043=CIRCLE('generated circle',#7042,2.) ;
#7057=CIRCLE('generated circle',#7056,2.) ;
#7071=CIRCLE('generated circle',#7070,2.) ;
#7113=CIRCLE('generated circle',#7112,15.) ;
#7137=CIRCLE('generated circle',#7136,15.) ;
#7163=CIRCLE('generated circle',#7162,13.) ;
#7170=CIRCLE('generated circle',#7169,13.) ;
#7184=CIRCLE('generated circle',#7183,13.) ;
#7206=CIRCLE('generated circle',#7205,2.) ;
#7213=CIRCLE('generated circle',#7212,2.) ;
#7220=CIRCLE('generated circle',#7219,15.) ;
#7237=CIRCLE('generated circle',#7236,2.) ;
#7259=CIRCLE('generated circle',#7258,2.) ;
#7309=CIRCLE('generated circle',#7308,15.) ;
#7333=CIRCLE('generated circle',#7332,15.) ;
#7350=CIRCLE('generated circle',#7349,13.) ;
#7366=CIRCLE('generated circle',#7365,13.) ;
#7380=CIRCLE('generated circle',#7379,13.) ;
#7504=CIRCLE('generated circle',#7503,2.) ;
#7509=CIRCLE('generated circle',#7508,2.) ;
#7526=CIRCLE('generated circle',#7525,2.) ;
#7531=CIRCLE('generated circle',#7530,15.) ;
#7548=CIRCLE('generated circle',#7547,2.) ;
#7619=CIRCLE('generated circle',#7618,17.) ;
#7679=CIRCLE('generated circle',#7678,15.) ;
#7780=CIRCLE('generated circle',#7779,2.) ;
#7888=CIRCLE('generated circle',#7887,17.) ;
#7958=CIRCLE('generated circle',#7957,15.) ;
#8059=CIRCLE('generated circle',#8058,2.) ;
#8249=CIRCLE('generated circle',#8248,15.) ;
#8258=CIRCLE('generated circle',#8257,15.) ;
#8282=CIRCLE('generated circle',#8281,7.5) ;
#8291=CIRCLE('generated circle',#8290,7.5) ;
#8306=CIRCLE('generated circle',#8305,15.) ;
#8327=CIRCLE('generated circle',#8326,15.) ;
#8339=CIRCLE('generated circle',#8338,7.5) ;
#8348=CIRCLE('generated circle',#8347,7.5) ;
#8370=CIRCLE('generated circle',#8369,7.5) ;
#8396=CIRCLE('generated circle',#8395,7.5) ;
#8415=CIRCLE('generated circle',#8414,7.5) ;
#8427=CIRCLE('generated circle',#8426,7.5) ;
#8439=CIRCLE('generated circle',#8438,15.) ;
#8475=CIRCLE('generated circle',#8474,15.) ;
#8512=CIRCLE('generated circle',#8511,15.) ;
#8536=CIRCLE('generated circle',#8535,15.) ;
#8562=CIRCLE('generated circle',#8561,13.) ;
#8569=CIRCLE('generated circle',#8568,13.) ;
#8583=CIRCLE('generated circle',#8582,13.) ;
#8612=CIRCLE('generated circle',#8611,15.) ;
#8619=CIRCLE('generated circle',#8618,15.) ;
#8626=CIRCLE('generated circle',#8625,15.) ;
#8650=CIRCLE('generated circle',#8649,15.) ;
#8671=CIRCLE('generated circle',#8670,2.) ;
#8676=CIRCLE('generated circle',#8675,2.) ;
#8693=CIRCLE('generated circle',#8692,2.) ;
#8715=CIRCLE('generated circle',#8714,2.) ;
#8765=CIRCLE('generated circle',#8764,15.) ;
#8789=CIRCLE('generated circle',#8788,15.) ;
#8806=CIRCLE('generated circle',#8805,13.) ;
#8822=CIRCLE('generated circle',#8821,13.) ;
#8836=CIRCLE('generated circle',#8835,13.) ;
#8877=CIRCLE('generated circle',#8876,15.) ;
#8884=CIRCLE('generated circle',#8883,15.) ;
#8891=CIRCLE('generated circle',#8890,15.) ;
#8903=CIRCLE('generated circle',#8902,15.) ;
#9046=CIRCLE('generated circle',#9045,2.) ;
#9051=CIRCLE('generated circle',#9050,2.) ;
#9068=CIRCLE('generated circle',#9067,2.) ;
#9085=CIRCLE('generated circle',#9084,2.) ;
#9135=CIRCLE('generated circle',#9134,2.) ;
#9186=CIRCLE('generated circle',#9185,2.) ;
#9233=CIRCLE('generated circle',#9232,2.) ;
#9317=CIRCLE('generated circle',#9316,2.) ;
#9359=CIRCLE('generated circle',#9358,2.) ;
#9364=CIRCLE('generated circle',#9363,2.) ;
#9381=CIRCLE('generated circle',#9380,2.) ;
#9397=CIRCLE('generated circle',#9396,2.) ;
#9414=CIRCLE('generated circle',#9413,2.) ;
#9430=CIRCLE('generated circle',#9429,2.) ;
#9447=CIRCLE('generated circle',#9446,2.) ;
#9463=CIRCLE('generated circle',#9462,2.) ;
#681=CONTEXT_DEPENDENT_SHAPE_REPRESENTATION(#682,#680) ;
#850=CONTEXT_DEPENDENT_SHAPE_REPRESENTATION(#851,#849) ;
#2083=CONTEXT_DEPENDENT_SHAPE_REPRESENTATION(#2084,#2082) ;
#3148=CONTEXT_DEPENDENT_SHAPE_REPRESENTATION(#3149,#3147) ;
#3163=CONTEXT_DEPENDENT_SHAPE_REPRESENTATION(#3164,#3162) ;
#3510=CONTEXT_DEPENDENT_SHAPE_REPRESENTATION(#3511,#3509) ;
#6441=CONTEXT_DEPENDENT_SHAPE_REPRESENTATION(#6442,#6440) ;
#8134=CONTEXT_DEPENDENT_SHAPE_REPRESENTATION(#8135,#8133) ;
#8149=CONTEXT_DEPENDENT_SHAPE_REPRESENTATION(#8150,#8148) ;
#8164=CONTEXT_DEPENDENT_SHAPE_REPRESENTATION(#8165,#8163) ;
#8179=CONTEXT_DEPENDENT_SHAPE_REPRESENTATION(#8180,#8178) ;
#9488=CONTEXT_DEPENDENT_SHAPE_REPRESENTATION(#9489,#9487) ;
#9503=CONTEXT_DEPENDENT_SHAPE_REPRESENTATION(#9504,#9502) ;
#9518=CONTEXT_DEPENDENT_SHAPE_REPRESENTATION(#9519,#9517) ;
#9533=CONTEXT_DEPENDENT_SHAPE_REPRESENTATION(#9534,#9532) ;
#678=SHAPE_REPRESENTATION_RELATIONSHIP(' ',' ',#54,#677) ;
#847=SHAPE_REPRESENTATION_RELATIONSHIP(' ',' ',#694,#846) ;
#2080=SHAPE_REPRESENTATION_RELATIONSHIP(' ',' ',#863,#2079) ;
#3145=SHAPE_REPRESENTATION_RELATIONSHIP(' ',' ',#2096,#3144) ;
#3507=SHAPE_REPRESENTATION_RELATIONSHIP(' ',' ',#3176,#3506) ;
#6438=SHAPE_REPRESENTATION_RELATIONSHIP(' ',' ',#3523,#6437) ;
#8131=SHAPE_REPRESENTATION_RELATIONSHIP(' ',' ',#6454,#8130) ;
#9485=SHAPE_REPRESENTATION_RELATIONSHIP(' ',' ',#8192,#9484) ;
#67=CYLINDRICAL_SURFACE('generated cylinder',#66,25.) ;
#134=CYLINDRICAL_SURFACE('generated cylinder',#133,150.) ;
#283=CYLINDRICAL_SURFACE('generated cylinder',#282,25.) ;
#423=CYLINDRICAL_SURFACE('generated cylinder',#422,40.) ;
#529=CYLINDRICAL_SURFACE('generated cylinder',#528,40.) ;
#567=CYLINDRICAL_SURFACE('generated cylinder',#566,40.) ;
#668=CYLINDRICAL_SURFACE('generated cylinder',#667,40.) ;
#707=CYLINDRICAL_SURFACE('generated cylinder',#706,150.) ;
#820=CYLINDRICAL_SURFACE('generated cylinder',#819,25.) ;
#876=CYLINDRICAL_SURFACE('generated cylinder',#875,40.) ;
#947=CYLINDRICAL_SURFACE('generated cylinder',#946,40.) ;
#1040=CYLINDRICAL_SURFACE('generated cylinder',#1039,25.) ;
#1102=CYLINDRICAL_SURFACE('generated cylinder',#1101,25.) ;
#1548=CYLINDRICAL_SURFACE('generated cylinder',#1547,30.) ;
#1825=CYLINDRICAL_SURFACE('generated cylinder',#1824,30.) ;
#2109=CYLINDRICAL_SURFACE('generated cylinder',#2108,40.) ;
#2180=CYLINDRICAL_SURFACE('generated cylinder',#2179,40.) ;
#2273=CYLINDRICAL_SURFACE('generated cylinder',#2272,25.) ;
#2335=CYLINDRICAL_SURFACE('generated cylinder',#2334,25.) ;
#2925=CYLINDRICAL_SURFACE('generated cylinder',#2924,6.) ;
#2954=CYLINDRICAL_SURFACE('generated cylinder',#2953,6.) ;
#2983=CYLINDRICAL_SURFACE('generated cylinder',#2982,6.) ;
#3012=CYLINDRICAL_SURFACE('generated cylinder',#3011,6.) ;
#3041=CYLINDRICAL_SURFACE('generated cylinder',#3040,25.) ;
#3094=CYLINDRICAL_SURFACE('generated cylinder',#3093,25.) ;
#3189=CYLINDRICAL_SURFACE('generated cylinder',#3188,40.) ;
#3260=CYLINDRICAL_SURFACE('generated cylinder',#3259,39.5) ;
#3367=CYLINDRICAL_SURFACE('generated cylinder',#3366,30.) ;
#3456=CYLINDRICAL_SURFACE('generated cylinder',#3455,15.) ;
#3656=CYLINDRICAL_SURFACE('generated cylinder',#3655,7.5) ;
#3881=CYLINDRICAL_SURFACE('generated cylinder',#3880,7.5) ;
#4106=CYLINDRICAL_SURFACE('generated cylinder',#4105,7.5) ;
#4331=CYLINDRICAL_SURFACE('generated cylinder',#4330,7.5) ;
#4541=CYLINDRICAL_SURFACE('generated cylinder',#4540,5.) ;
#4591=CYLINDRICAL_SURFACE('generated cylinder',#4590,5.) ;
#4636=CYLINDRICAL_SURFACE('generated cylinder',#4635,5.) ;
#4736=CYLINDRICAL_SURFACE('generated cylinder',#4735,5.) ;
#4776=CYLINDRICAL_SURFACE('generated cylinder',#4775,14.) ;
#4839=CYLINDRICAL_SURFACE('generated cylinder',#4838,5.) ;
#4935=CYLINDRICAL_SURFACE('generated cylinder',#4934,5.) ;
#4985=CYLINDRICAL_SURFACE('generated cylinder',#4984,5.) ;
#5021=CYLINDRICAL_SURFACE('generated cylinder',#5020,5.) ;
#5101=CYLINDRICAL_SURFACE('generated cylinder',#5100,5.) ;
#5173=CYLINDRICAL_SURFACE('generated cylinder',#5172,5.) ;
#5230=CYLINDRICAL_SURFACE('generated cylinder',#5229,5.) ;
#5324=CYLINDRICAL_SURFACE('generated cylinder',#5323,5.) ;
#5351=CYLINDRICAL_SURFACE('generated cylinder',#5350,5.) ;
#5458=CYLINDRICAL_SURFACE('generated cylinder',#5457,5.) ;
#5536=CYLINDRICAL_SURFACE('generated cylinder',#5535,5.) ;
#5610=CYLINDRICAL_SURFACE('generated cylinder',#5609,5.) ;
#5637=CYLINDRICAL_SURFACE('generated cylinder',#5636,5.) ;
#5744=CYLINDRICAL_SURFACE('generated cylinder',#5743,5.) ;
#5822=CYLINDRICAL_SURFACE('generated cylinder',#5821,5.) ;
#5939=CYLINDRICAL_SURFACE('generated cylinder',#5938,5.) ;
#6017=CYLINDRICAL_SURFACE('generated cylinder',#6016,5.) ;
#6144=CYLINDRICAL_SURFACE('generated cylinder',#6143,5.) ;
#6196=CYLINDRICAL_SURFACE('generated cylinder',#6195,5.) ;
#6246=CYLINDRICAL_SURFACE('generated cylinder',#6245,5.) ;
#6340=CYLINDRICAL_SURFACE('generated cylinder',#6339,5.) ;
#6383=CYLINDRICAL_SURFACE('generated cylinder',#6382,5.) ;
#6416=CYLINDRICAL_SURFACE('generated cylinder',#6415,5.) ;
#6428=CYLINDRICAL_SURFACE('generated cylinder',#6427,5.) ;
#6621=CYLINDRICAL_SURFACE('generated cylinder',#6620,7.5) ;
#6788=CYLINDRICAL_SURFACE('generated cylinder',#6787,7.5) ;
#7095=CYLINDRICAL_SURFACE('generated cylinder',#7094,15.) ;
#7126=CYLINDRICAL_SURFACE('generated cylinder',#7125,15.) ;
#7233=CYLINDRICAL_SURFACE('generated cylinder',#7232,2.) ;
#7255=CYLINDRICAL_SURFACE('generated cylinder',#7254,2.) ;
#7291=CYLINDRICAL_SURFACE('generated cylinder',#7290,15.) ;
#7322=CYLINDRICAL_SURFACE('generated cylinder',#7321,15.) ;
#7500=CYLINDRICAL_SURFACE('generated cylinder',#7499,2.) ;
#7544=CYLINDRICAL_SURFACE('generated cylinder',#7543,2.) ;
#7575=CYLINDRICAL_SURFACE('generated cylinder',#7574,2.) ;
#7636=CYLINDRICAL_SURFACE('generated cylinder',#7635,2.) ;
#7659=CYLINDRICAL_SURFACE('generated cylinder',#7658,15.) ;
#7854=CYLINDRICAL_SURFACE('generated cylinder',#7853,2.) ;
#7912=CYLINDRICAL_SURFACE('generated cylinder',#7911,2.) ;
#7938=CYLINDRICAL_SURFACE('generated cylinder',#7937,15.) ;
#8359=CYLINDRICAL_SURFACE('generated cylinder',#8358,7.5) ;
#8494=CYLINDRICAL_SURFACE('generated cylinder',#8493,15.) ;
#8525=CYLINDRICAL_SURFACE('generated cylinder',#8524,15.) ;
#8601=CYLINDRICAL_SURFACE('generated cylinder',#8600,15.) ;
#8689=CYLINDRICAL_SURFACE('generated cylinder',#8688,2.) ;
#8711=CYLINDRICAL_SURFACE('generated cylinder',#8710,2.) ;
#8747=CYLINDRICAL_SURFACE('generated cylinder',#8746,15.) ;
#8778=CYLINDRICAL_SURFACE('generated cylinder',#8777,15.) ;
#8854=CYLINDRICAL_SURFACE('generated cylinder',#8853,15.) ;
#9042=CYLINDRICAL_SURFACE('generated cylinder',#9041,2.) ;
#9081=CYLINDRICAL_SURFACE('generated cylinder',#9080,2.) ;
#9117=CYLINDRICAL_SURFACE('generated cylinder',#9116,2.) ;
#9175=CYLINDRICAL_SURFACE('generated cylinder',#9174,2.) ;
#9222=CYLINDRICAL_SURFACE('generated cylinder',#9221,2.) ;
#9306=CYLINDRICAL_SURFACE('generated cylinder',#9305,2.) ;
#9355=CYLINDRICAL_SURFACE('generated cylinder',#9354,2.) ;
#9393=CYLINDRICAL_SURFACE('generated cylinder',#9392,2.) ;
#9426=CYLINDRICAL_SURFACE('generated cylinder',#9425,2.) ;
#9459=CYLINDRICAL_SURFACE('generated cylinder',#9458,2.) ;
#1733=TOROIDAL_SURFACE('homeo Torus',#1732,40.,10.) ;
#1755=TOROIDAL_SURFACE('homeo Torus',#1754,40.,10.) ;
#1791=TOROIDAL_SURFACE('homeo Torus',#1790,40.,10.) ;
#1813=TOROIDAL_SURFACE('homeo Torus',#1812,40.,10.) ;
#1995=TOROIDAL_SURFACE('homeo Torus',#1994,40.,10.) ;
#2017=TOROIDAL_SURFACE('homeo Torus',#2016,40.,10.) ;
#2048=TOROIDAL_SURFACE('homeo Torus',#2047,40.,10.) ;
#2070=TOROIDAL_SURFACE('homeo Torus',#2069,40.,10.) ;
#3584=TOROIDAL_SURFACE('homeo Torus',#3583,4.5,3.) ;
#3615=TOROIDAL_SURFACE('homeo Torus',#3614,4.5,3.) ;
#3751=TOROIDAL_SURFACE('homeo Torus',#3750,4.5,3.) ;
#3773=TOROIDAL_SURFACE('homeo Torus',#3772,4.5,3.) ;
#3809=TOROIDAL_SURFACE('homeo Torus',#3808,4.5,3.) ;
#3840=TOROIDAL_SURFACE('homeo Torus',#3839,4.5,3.) ;
#3976=TOROIDAL_SURFACE('homeo Torus',#3975,4.5,3.) ;
#3998=TOROIDAL_SURFACE('homeo Torus',#3997,4.5,3.) ;
#4034=TOROIDAL_SURFACE('homeo Torus',#4033,4.5,3.) ;
#4065=TOROIDAL_SURFACE('homeo Torus',#4064,4.5,3.) ;
#4201=TOROIDAL_SURFACE('homeo Torus',#4200,4.5,3.) ;
#4223=TOROIDAL_SURFACE('homeo Torus',#4222,4.5,3.) ;
#4259=TOROIDAL_SURFACE('homeo Torus',#4258,4.5,3.) ;
#4290=TOROIDAL_SURFACE('homeo Torus',#4289,4.5,3.) ;
#4426=TOROIDAL_SURFACE('homeo Torus',#4425,4.5,3.) ;
#4448=TOROIDAL_SURFACE('homeo Torus',#4447,4.5,3.) ;
#6702=TOROIDAL_SURFACE('homeo Torus',#6701,9.5,2.) ;
#6742=TOROIDAL_SURFACE('homeo Torus',#6741,9.5,2.) ;
#6831=TOROIDAL_SURFACE('homeo Torus',#6830,5.5,2.) ;
#6853=TOROIDAL_SURFACE('homeo Torus',#6852,5.5,2.) ;
#6889=TOROIDAL_SURFACE('homeo Torus',#6888,5.5,2.) ;
#6920=TOROIDAL_SURFACE('homeo Torus',#6919,5.5,2.) ;
#6975=TOROIDAL_SURFACE('homeo Torus',#6974,9.5,2.) ;
#7006=TOROIDAL_SURFACE('homeo Torus',#7005,9.5,2.) ;
#7202=TOROIDAL_SURFACE('homeo Torus',#7201,13.,2.) ;
#7277=TOROIDAL_SURFACE('homeo Torus',#7276,13.,2.) ;
#7522=TOROIDAL_SURFACE('homeo Torus',#7521,13.,2.) ;
#7561=TOROIDAL_SURFACE('homeo Torus',#7560,13.,2.) ;
#7776=TOROIDAL_SURFACE('homeo Torus',#7775,17.,2.) ;
#8055=TOROIDAL_SURFACE('homeo Torus',#8054,17.,2.) ;
#8667=TOROIDAL_SURFACE('homeo Torus',#8666,13.,2.) ;
#8733=TOROIDAL_SURFACE('homeo Torus',#8732,13.,2.) ;
#9064=TOROIDAL_SURFACE('homeo Torus',#9063,13.,2.) ;
#9103=TOROIDAL_SURFACE('homeo Torus',#9102,13.,2.) ;
#3=DESIGN_CONTEXT(' ',#1,'design') ;
#76=EDGE_CURVE('',#73,#75,#71,.T.) ;
#83=EDGE_CURVE('',#73,#82,#80,.T.) ;
#90=EDGE_CURVE('',#82,#89,#87,.T.) ;
#95=EDGE_CURVE('',#75,#89,#94,.T.) ;
#107=EDGE_CURVE('',#82,#73,#106,.T.) ;
#112=EDGE_CURVE('',#89,#75,#111,.T.) ;
#143=EDGE_CURVE('',#140,#142,#138,.T.) ;
#150=EDGE_CURVE('',#149,#142,#147,.F.) ;
#157=EDGE_CURVE('',#156,#149,#154,.T.) ;
#162=EDGE_CURVE('',#156,#140,#161,.F.) ;
#174=EDGE_CURVE('',#142,#140,#173,.T.) ;
#179=EDGE_CURVE('',#149,#156,#178,.T.) ;
#218=EDGE_CURVE('',#215,#217,#213,.T.) ;
#225=EDGE_CURVE('',#215,#224,#222,.T.) ;
#232=EDGE_CURVE('',#224,#231,#229,.T.) ;
#237=EDGE_CURVE('',#231,#217,#236,.T.) ;
#252=EDGE_CURVE('',#249,#251,#247,.T.) ;
#259=EDGE_CURVE('',#251,#258,#256,.T.) ;
#266=EDGE_CURVE('',#258,#265,#263,.T.) ;
#271=EDGE_CURVE('',#249,#265,#270,.T.) ;
#292=EDGE_CURVE('',#289,#291,#287,.T.) ;
#299=EDGE_CURVE('',#289,#298,#296,.F.) ;
#306=EDGE_CURVE('',#298,#305,#303,.T.) ;
#311=EDGE_CURVE('',#291,#305,#310,.F.) ;
#327=EDGE_CURVE('',#324,#326,#322,.T.) ;
#334=EDGE_CURVE('',#326,#333,#331,.T.) ;
#341=EDGE_CURVE('',#340,#333,#338,.T.) ;
#346=EDGE_CURVE('',#324,#340,#345,.T.) ;
#358=EDGE_CURVE('',#298,#289,#357,.F.) ;
#363=EDGE_CURVE('',#305,#291,#362,.F.) ;
#375=EDGE_CURVE('',#333,#326,#374,.T.) ;
#380=EDGE_CURVE('',#340,#324,#379,.T.) ;
#401=EDGE_CURVE('',#398,#400,#396,.T.) ;
#406=EDGE_CURVE('',#251,#400,#405,.T.) ;
#411=EDGE_CURVE('',#249,#398,#410,.T.) ;
#430=EDGE_CURVE('',#429,#400,#427,.F.) ;
#437=EDGE_CURVE('',#398,#436,#434,.T.) ;
#442=EDGE_CURVE('',#429,#436,#441,.F.) ;
#463=EDGE_CURVE('',#460,#462,#458,.T.) ;
#468=EDGE_CURVE('',#265,#462,#467,.T.) ;
#473=EDGE_CURVE('',#258,#460,#472,.T.) ;
#490=EDGE_CURVE('',#460,#429,#489,.T.) ;
#512=EDGE_CURVE('',#436,#462,#511,.F.) ;
#545=EDGE_CURVE('',#542,#544,#540,.T.) ;
#550=EDGE_CURVE('',#224,#544,#549,.T.) ;
#555=EDGE_CURVE('',#215,#542,#554,.T.) ;
#574=EDGE_CURVE('',#573,#544,#571,.F.) ;
#581=EDGE_CURVE('',#542,#580,#578,.T.) ;
#586=EDGE_CURVE('',#573,#580,#585,.F.) ;
#602=EDGE_CURVE('',#599,#601,#597,.T.) ;
#607=EDGE_CURVE('',#217,#601,#606,.T.) ;
#612=EDGE_CURVE('',#231,#599,#611,.T.) ;
#629=EDGE_CURVE('',#599,#573,#628,.T.) ;
#651=EDGE_CURVE('',#580,#601,#650,.F.) ;
#716=EDGE_CURVE('',#713,#715,#711,.T.) ;
#723=EDGE_CURVE('',#713,#722,#720,.T.) ;
#730=EDGE_CURVE('',#722,#729,#727,.T.) ;
#735=EDGE_CURVE('',#715,#729,#734,.T.) ;
#747=EDGE_CURVE('',#722,#713,#746,.T.) ;
#752=EDGE_CURVE('',#729,#715,#751,.T.) ;
#777=EDGE_CURVE('',#774,#776,#772,.T.) ;
#782=EDGE_CURVE('',#776,#774,#781,.T.) ;
#805=EDGE_CURVE('',#802,#804,#800,.T.) ;
#810=EDGE_CURVE('',#804,#802,#809,.T.) ;
#825=EDGE_CURVE('',#804,#774,#824,.F.) ;
#830=EDGE_CURVE('',#802,#776,#829,.F.) ;
#885=EDGE_CURVE('',#882,#884,#880,.T.) ;
#892=EDGE_CURVE('',#882,#891,#889,.T.) ;
#899=EDGE_CURVE('',#891,#898,#896,.T.) ;
#904=EDGE_CURVE('',#884,#898,#903,.T.) ;
#923=EDGE_CURVE('',#891,#922,#920,.F.) ;
#930=EDGE_CURVE('',#922,#929,#927,.T.) ;
#935=EDGE_CURVE('',#898,#929,#934,.F.) ;
#954=EDGE_CURVE('',#922,#953,#951,.T.) ;
#961=EDGE_CURVE('',#953,#960,#958,.T.) ;
#966=EDGE_CURVE('',#929,#960,#965,.T.) ;
#983=EDGE_CURVE('',#953,#882,#982,.F.) ;
#988=EDGE_CURVE('',#960,#884,#987,.F.) ;
#1009=EDGE_CURVE('',#1006,#1008,#1004,.F.) ;
#1016=EDGE_CURVE('',#1015,#1008,#1013,.T.) ;
#1023=EDGE_CURVE('',#1022,#1015,#1020,.F.) ;
#1028=EDGE_CURVE('',#1022,#1006,#1027,.T.) ;
#1047=EDGE_CURVE('',#1046,#1006,#1044,.T.) ;
#1054=EDGE_CURVE('',#1053,#1022,#1051,.T.) ;
#1059=EDGE_CURVE('',#1053,#1046,#1058,.T.) ;
#1078=EDGE_CURVE('',#1077,#1046,#1075,.F.) ;
#1085=EDGE_CURVE('',#1084,#1053,#1082,.F.) ;
#1090=EDGE_CURVE('',#1084,#1077,#1089,.T.) ;
#1107=EDGE_CURVE('',#1008,#1077,#1106,.T.) ;
#1112=EDGE_CURVE('',#1015,#1084,#1111,.T.) ;
#1145=EDGE_CURVE('',#1142,#1144,#1140,.T.) ;
#1150=EDGE_CURVE('',#1144,#1142,#1149,.T.) ;
#1163=EDGE_CURVE('',#1160,#1162,#1158,.T.) ;
#1168=EDGE_CURVE('',#1162,#1160,#1167,.T.) ;
#1199=EDGE_CURVE('',#1196,#1198,#1194,.T.) ;
#1204=EDGE_CURVE('',#1198,#1196,#1203,.T.) ;
#1217=EDGE_CURVE('',#1214,#1216,#1212,.T.) ;
#1222=EDGE_CURVE('',#1216,#1214,#1221,.T.) ;
#1236=EDGE_CURVE('',#1233,#1235,#1231,.T.) ;
#1243=EDGE_CURVE('',#1242,#1235,#1240,.F.) ;
#1250=EDGE_CURVE('',#1249,#1242,#1247,.T.) ;
#1255=EDGE_CURVE('',#1249,#1233,#1254,.F.) ;
#1269=EDGE_CURVE('',#1235,#1268,#1266,.F.) ;
#1276=EDGE_CURVE('',#1275,#1268,#1273,.F.) ;
#1281=EDGE_CURVE('',#1242,#1275,#1280,.F.) ;
#1295=EDGE_CURVE('',#1268,#1294,#1292,.T.) ;
#1302=EDGE_CURVE('',#1301,#1294,#1299,.F.) ;
#1307=EDGE_CURVE('',#1275,#1301,#1306,.T.) ;
#1319=EDGE_CURVE('',#1294,#1233,#1318,.F.) ;
#1324=EDGE_CURVE('',#1301,#1249,#1323,.F.) ;
#1340=EDGE_CURVE('',#1337,#1339,#1335,.F.) ;
#1347=EDGE_CURVE('',#1337,#1346,#1344,.F.) ;
#1354=EDGE_CURVE('',#1346,#1353,#1351,.F.) ;
#1359=EDGE_CURVE('',#1339,#1353,#1358,.F.) ;
#1375=EDGE_CURVE('',#1372,#1374,#1370,.F.) ;
#1380=EDGE_CURVE('',#1372,#1337,#1379,.T.) ;
#1385=EDGE_CURVE('',#1374,#1339,#1384,.T.) ;
#1401=EDGE_CURVE('',#1398,#1400,#1396,.F.) ;
#1406=EDGE_CURVE('',#1398,#1372,#1405,.F.) ;
#1411=EDGE_CURVE('',#1400,#1374,#1410,.F.) ;
#1423=EDGE_CURVE('',#1346,#1398,#1422,.T.) ;
#1428=EDGE_CURVE('',#1353,#1400,#1427,.T.) ;
#1461=EDGE_CURVE('',#1458,#1460,#1456,.T.) ;
#1466=EDGE_CURVE('',#1460,#1458,#1465,.T.) ;
#1479=EDGE_CURVE('',#1476,#1478,#1474,.T.) ;
#1484=EDGE_CURVE('',#1478,#1476,#1483,.T.) ;
#1515=EDGE_CURVE('',#1512,#1514,#1510,.T.) ;
#1520=EDGE_CURVE('',#1514,#1512,#1519,.T.) ;
#1533=EDGE_CURVE('',#1530,#1532,#1528,.T.) ;
#1538=EDGE_CURVE('',#1532,#1530,#1537,.T.) ;
#1555=EDGE_CURVE('',#1514,#1554,#1552,.F.) ;
#1562=EDGE_CURVE('',#1554,#1561,#1559,.T.) ;
#1567=EDGE_CURVE('',#1512,#1561,#1566,.F.) ;
#1579=EDGE_CURVE('',#1144,#1458,#1578,.F.) ;
#1584=EDGE_CURVE('',#1142,#1460,#1583,.F.) ;
#1598=EDGE_CURVE('',#1597,#1198,#1595,.F.) ;
#1605=EDGE_CURVE('',#1604,#1597,#1602,.T.) ;
#1610=EDGE_CURVE('',#1604,#1196,#1609,.F.) ;
#1622=EDGE_CURVE('',#1561,#1554,#1621,.T.) ;
#1641=EDGE_CURVE('',#1597,#1604,#1640,.T.) ;
#1662=EDGE_CURVE('',#1659,#1661,#1657,.T.) ;
#1667=EDGE_CURVE('',#1661,#1659,#1666,.T.) ;
#1690=EDGE_CURVE('',#1687,#1689,#1685,.T.) ;
#1695=EDGE_CURVE('',#1689,#1687,#1694,.T.) ;
#1718=EDGE_CURVE('',#1715,#1717,#1713,.T.) ;
#1723=EDGE_CURVE('',#1717,#1715,#1722,.T.) ;
#1738=EDGE_CURVE('',#1689,#1717,#1737,.F.) ;
#1743=EDGE_CURVE('',#1687,#1715,#1742,.F.) ;
#1776=EDGE_CURVE('',#1773,#1775,#1771,.T.) ;
#1781=EDGE_CURVE('',#1775,#1773,#1780,.T.) ;
#1796=EDGE_CURVE('',#1773,#1661,#1795,.F.) ;
#1801=EDGE_CURVE('',#1775,#1659,#1800,.F.) ;
#1832=EDGE_CURVE('',#1831,#1216,#1829,.T.) ;
#1839=EDGE_CURVE('',#1831,#1838,#1836,.T.) ;
#1844=EDGE_CURVE('',#1838,#1214,#1843,.T.) ;
#1856=EDGE_CURVE('',#1162,#1476,#1855,.T.) ;
#1861=EDGE_CURVE('',#1160,#1478,#1860,.T.) ;
#1875=EDGE_CURVE('',#1532,#1874,#1872,.T.) ;
#1882=EDGE_CURVE('',#1881,#1874,#1879,.T.) ;
#1887=EDGE_CURVE('',#1530,#1881,#1886,.T.) ;
#1899=EDGE_CURVE('',#1838,#1831,#1898,.T.) ;
#1918=EDGE_CURVE('',#1874,#1881,#1917,.T.) ;
#1934=EDGE_CURVE('',#1931,#1933,#1929,.F.) ;
#1939=EDGE_CURVE('',#1933,#1931,#1938,.F.) ;
#1957=EDGE_CURVE('',#1954,#1956,#1952,.F.) ;
#1962=EDGE_CURVE('',#1956,#1954,#1961,.F.) ;
#1980=EDGE_CURVE('',#1977,#1979,#1975,.F.) ;
#1985=EDGE_CURVE('',#1979,#1977,#1984,.F.) ;
#2000=EDGE_CURVE('',#1956,#1979,#1999,.F.) ;
#2005=EDGE_CURVE('',#1954,#1977,#2004,.F.) ;
#2033=EDGE_CURVE('',#2030,#2032,#2028,.F.) ;
#2038=EDGE_CURVE('',#2032,#2030,#2037,.F.) ;
#2053=EDGE_CURVE('',#2030,#1933,#2052,.F.) ;
#2058=EDGE_CURVE('',#2032,#1931,#2057,.F.) ;
#2118=EDGE_CURVE('',#2115,#2117,#2113,.T.) ;
#2125=EDGE_CURVE('',#2115,#2124,#2122,.T.) ;
#2132=EDGE_CURVE('',#2124,#2131,#2129,.T.) ;
#2137=EDGE_CURVE('',#2117,#2131,#2136,.T.) ;
#2156=EDGE_CURVE('',#2124,#2155,#2153,.F.) ;
#2163=EDGE_CURVE('',#2155,#2162,#2160,.T.) ;
#2168=EDGE_CURVE('',#2131,#2162,#2167,.F.) ;
#2187=EDGE_CURVE('',#2155,#2186,#2184,.T.) ;
#2194=EDGE_CURVE('',#2186,#2193,#2191,.T.) ;
#2199=EDGE_CURVE('',#2162,#2193,#2198,.T.) ;
#2216=EDGE_CURVE('',#2186,#2115,#2215,.F.) ;
#2221=EDGE_CURVE('',#2193,#2117,#2220,.F.) ;
#2242=EDGE_CURVE('',#2239,#2241,#2237,.F.) ;
#2249=EDGE_CURVE('',#2248,#2241,#2246,.T.) ;
#2256=EDGE_CURVE('',#2255,#2248,#2253,.F.) ;
#2261=EDGE_CURVE('',#2255,#2239,#2260,.T.) ;
#2280=EDGE_CURVE('',#2279,#2239,#2277,.T.) ;
#2287=EDGE_CURVE('',#2286,#2255,#2284,.T.) ;
#2292=EDGE_CURVE('',#2286,#2279,#2291,.T.) ;
#2311=EDGE_CURVE('',#2310,#2279,#2308,.F.) ;
#2318=EDGE_CURVE('',#2317,#2286,#2315,.F.) ;
#2323=EDGE_CURVE('',#2317,#2310,#2322,.T.) ;
#2340=EDGE_CURVE('',#2241,#2310,#2339,.T.) ;
#2345=EDGE_CURVE('',#2248,#2317,#2344,.T.) ;
#2378=EDGE_CURVE('',#2375,#2377,#2373,.T.) ;
#2383=EDGE_CURVE('',#2377,#2375,#2382,.T.) ;
#2396=EDGE_CURVE('',#2393,#2395,#2391,.T.) ;
#2401=EDGE_CURVE('',#2395,#2393,#2400,.T.) ;
#2432=EDGE_CURVE('',#2429,#2431,#2427,.T.) ;
#2437=EDGE_CURVE('',#2431,#2429,#2436,.T.) ;
#2450=EDGE_CURVE('',#2447,#2449,#2445,.T.) ;
#2455=EDGE_CURVE('',#2449,#2447,#2454,.T.) ;
#2468=EDGE_CURVE('',#2465,#2467,#2463,.T.) ;
#2473=EDGE_CURVE('',#2467,#2465,#2472,.T.) ;
#2486=EDGE_CURVE('',#2483,#2485,#2481,.T.) ;
#2491=EDGE_CURVE('',#2485,#2483,#2490,.T.) ;
#2504=EDGE_CURVE('',#2501,#2503,#2499,.T.) ;
#2509=EDGE_CURVE('',#2503,#2501,#2508,.T.) ;
#2522=EDGE_CURVE('',#2519,#2521,#2517,.T.) ;
#2527=EDGE_CURVE('',#2521,#2519,#2526,.T.) ;
#2541=EDGE_CURVE('',#2538,#2540,#2536,.T.) ;
#2548=EDGE_CURVE('',#2547,#2540,#2545,.F.) ;
#2555=EDGE_CURVE('',#2554,#2547,#2552,.T.) ;
#2560=EDGE_CURVE('',#2554,#2538,#2559,.F.) ;
#2574=EDGE_CURVE('',#2540,#2573,#2571,.F.) ;
#2581=EDGE_CURVE('',#2580,#2573,#2578,.F.) ;
#2586=EDGE_CURVE('',#2547,#2580,#2585,.F.) ;
#2600=EDGE_CURVE('',#2573,#2599,#2597,.T.) ;
#2607=EDGE_CURVE('',#2606,#2599,#2604,.F.) ;
#2612=EDGE_CURVE('',#2580,#2606,#2611,.T.) ;
#2624=EDGE_CURVE('',#2599,#2538,#2623,.F.) ;
#2629=EDGE_CURVE('',#2606,#2554,#2628,.F.) ;
#2645=EDGE_CURVE('',#2642,#2644,#2640,.F.) ;
#2652=EDGE_CURVE('',#2642,#2651,#2649,.F.) ;
#2659=EDGE_CURVE('',#2651,#2658,#2656,.F.) ;
#2664=EDGE_CURVE('',#2644,#2658,#2663,.F.) ;
#2680=EDGE_CURVE('',#2677,#2679,#2675,.F.) ;
#2685=EDGE_CURVE('',#2677,#2642,#2684,.T.) ;
#2690=EDGE_CURVE('',#2679,#2644,#2689,.T.) ;
#2706=EDGE_CURVE('',#2703,#2705,#2701,.F.) ;
#2711=EDGE_CURVE('',#2703,#2677,#2710,.F.) ;
#2716=EDGE_CURVE('',#2705,#2679,#2715,.F.) ;
#2728=EDGE_CURVE('',#2651,#2703,#2727,.T.) ;
#2733=EDGE_CURVE('',#2658,#2705,#2732,.T.) ;
#2766=EDGE_CURVE('',#2763,#2765,#2761,.T.) ;
#2771=EDGE_CURVE('',#2765,#2763,#2770,.T.) ;
#2784=EDGE_CURVE('',#2781,#2783,#2779,.T.) ;
#2789=EDGE_CURVE('',#2783,#2781,#2788,.T.) ;
#2820=EDGE_CURVE('',#2817,#2819,#2815,.T.) ;
#2825=EDGE_CURVE('',#2819,#2817,#2824,.T.) ;
#2838=EDGE_CURVE('',#2835,#2837,#2833,.T.) ;
#2843=EDGE_CURVE('',#2837,#2835,#2842,.T.) ;
#2856=EDGE_CURVE('',#2853,#2855,#2851,.F.) ;
#2861=EDGE_CURVE('',#2855,#2853,#2860,.F.) ;
#2874=EDGE_CURVE('',#2871,#2873,#2869,.F.) ;
#2879=EDGE_CURVE('',#2873,#2871,#2878,.F.) ;
#2892=EDGE_CURVE('',#2889,#2891,#2887,.T.) ;
#2897=EDGE_CURVE('',#2891,#2889,#2896,.T.) ;
#2910=EDGE_CURVE('',#2907,#2909,#2905,.T.) ;
#2915=EDGE_CURVE('',#2909,#2907,#2914,.T.) ;
#2930=EDGE_CURVE('',#2431,#2817,#2929,.T.) ;
#2935=EDGE_CURVE('',#2429,#2819,#2934,.T.) ;
#2959=EDGE_CURVE('',#2449,#2835,#2958,.T.) ;
#2964=EDGE_CURVE('',#2447,#2837,#2963,.T.) ;
#2988=EDGE_CURVE('',#2467,#2855,#2987,.F.) ;
#2993=EDGE_CURVE('',#2465,#2853,#2992,.F.) ;
#3017=EDGE_CURVE('',#2485,#2873,#3016,.F.) ;
#3022=EDGE_CURVE('',#2483,#2871,#3021,.F.) ;
#3046=EDGE_CURVE('',#2503,#2375,#3045,.F.) ;
#3051=EDGE_CURVE('',#2501,#2377,#3050,.F.) ;
#3063=EDGE_CURVE('',#2763,#2891,#3062,.F.) ;
#3068=EDGE_CURVE('',#2765,#2889,#3067,.F.) ;
#3099=EDGE_CURVE('',#2521,#2393,#3098,.F.) ;
#3104=EDGE_CURVE('',#2519,#2395,#3103,.F.) ;
#3116=EDGE_CURVE('',#2781,#2909,#3115,.F.) ;
#3121=EDGE_CURVE('',#2783,#2907,#3120,.F.) ;
#3198=EDGE_CURVE('',#3195,#3197,#3193,.T.) ;
#3205=EDGE_CURVE('',#3195,#3204,#3202,.T.) ;
#3212=EDGE_CURVE('',#3204,#3211,#3209,.T.) ;
#3217=EDGE_CURVE('',#3197,#3211,#3216,.T.) ;
#3236=EDGE_CURVE('',#3204,#3235,#3233,.T.) ;
#3243=EDGE_CURVE('',#3235,#3242,#3240,.T.) ;
#3248=EDGE_CURVE('',#3211,#3242,#3247,.T.) ;
#3267=EDGE_CURVE('',#3235,#3266,#3264,.T.) ;
#3274=EDGE_CURVE('',#3266,#3273,#3271,.T.) ;
#3279=EDGE_CURVE('',#3242,#3273,#3278,.T.) ;
#3312=EDGE_CURVE('',#3309,#3311,#3286,.T.) ;
#3335=EDGE_CURVE('',#3311,#3309,#3313,.T.) ;
#3350=EDGE_CURVE('',#3266,#3195,#3349,.F.) ;
#3355=EDGE_CURVE('',#3273,#3197,#3354,.F.) ;
#3376=EDGE_CURVE('',#3373,#3375,#3371,.T.) ;
#3383=EDGE_CURVE('',#3382,#3375,#3380,.T.) ;
#3390=EDGE_CURVE('',#3389,#3382,#3387,.T.) ;
#3395=EDGE_CURVE('',#3389,#3373,#3394,.T.) ;
#3407=EDGE_CURVE('',#3375,#3373,#3406,.T.) ;
#3412=EDGE_CURVE('',#3382,#3389,#3411,.T.) ;
#3463=EDGE_CURVE('',#3462,#3311,#3460,.T.) ;
#3470=EDGE_CURVE('',#3469,#3462,#3467,.T.) ;
#3475=EDGE_CURVE('',#3469,#3309,#3474,.T.) ;
#3487=EDGE_CURVE('',#3462,#3469,#3486,.T.) ;
#3545=EDGE_CURVE('',#3542,#3544,#3540,.T.) ;
#3550=EDGE_CURVE('',#3544,#3542,#3549,.T.) ;
#3569=EDGE_CURVE('',#3566,#3568,#3564,.T.) ;
#3574=EDGE_CURVE('',#3568,#3566,#3573,.T.) ;
#3591=EDGE_CURVE('',#3590,#3568,#3588,.F.) ;
#3598=EDGE_CURVE('',#3597,#3566,#3595,.F.) ;
#3603=EDGE_CURVE('',#3590,#3597,#3602,.T.) ;
#3620=EDGE_CURVE('',#3597,#3590,#3619,.T.) ;
#3641=EDGE_CURVE('',#3638,#3640,#3636,.T.) ;
#3646=EDGE_CURVE('',#3640,#3638,#3645,.T.) ;
#3663=EDGE_CURVE('',#3662,#3590,#3660,.F.) ;
#3670=EDGE_CURVE('',#3669,#3597,#3667,.F.) ;
#3675=EDGE_CURVE('',#3669,#3662,#3674,.F.) ;
#3691=EDGE_CURVE('',#3688,#3690,#3686,.F.) ;
#3698=EDGE_CURVE('',#3697,#3688,#3695,.T.) ;
#3705=EDGE_CURVE('',#3697,#3704,#3702,.F.) ;
#3710=EDGE_CURVE('',#3690,#3704,#3709,.F.) ;
#3722=EDGE_CURVE('',#3662,#3669,#3721,.F.) ;
#3734=EDGE_CURVE('',#3688,#3697,#3733,.T.) ;
#3739=EDGE_CURVE('',#3704,#3690,#3738,.F.) ;
#3756=EDGE_CURVE('',#3638,#3697,#3755,.F.) ;
#3761=EDGE_CURVE('',#3640,#3688,#3760,.F.) ;
#3794=EDGE_CURVE('',#3791,#3793,#3789,.T.) ;
#3799=EDGE_CURVE('',#3793,#3791,#3798,.T.) ;
#3816=EDGE_CURVE('',#3815,#3793,#3813,.F.) ;
#3823=EDGE_CURVE('',#3822,#3791,#3820,.F.) ;
#3828=EDGE_CURVE('',#3815,#3822,#3827,.T.) ;
#3845=EDGE_CURVE('',#3822,#3815,#3844,.T.) ;
#3866=EDGE_CURVE('',#3863,#3865,#3861,.T.) ;
#3871=EDGE_CURVE('',#3865,#3863,#3870,.T.) ;
#3888=EDGE_CURVE('',#3887,#3815,#3885,.F.) ;
#3895=EDGE_CURVE('',#3894,#3822,#3892,.F.) ;
#3900=EDGE_CURVE('',#3887,#3894,#3899,.T.) ;
#3916=EDGE_CURVE('',#3913,#3915,#3911,.F.) ;
#3923=EDGE_CURVE('',#3922,#3913,#3920,.T.) ;
#3930=EDGE_CURVE('',#3922,#3929,#3927,.F.) ;
#3935=EDGE_CURVE('',#3929,#3915,#3934,.T.) ;
#3947=EDGE_CURVE('',#3894,#3887,#3946,.T.) ;
#3959=EDGE_CURVE('',#3913,#3922,#3958,.T.) ;
#3964=EDGE_CURVE('',#3915,#3929,#3963,.T.) ;
#3981=EDGE_CURVE('',#3863,#3922,#3980,.F.) ;
#3986=EDGE_CURVE('',#3865,#3913,#3985,.F.) ;
#4019=EDGE_CURVE('',#4016,#4018,#4014,.T.) ;
#4024=EDGE_CURVE('',#4018,#4016,#4023,.T.) ;
#4041=EDGE_CURVE('',#4040,#4018,#4038,.F.) ;
#4048=EDGE_CURVE('',#4047,#4016,#4045,.F.) ;
#4053=EDGE_CURVE('',#4040,#4047,#4052,.T.) ;
#4070=EDGE_CURVE('',#4047,#4040,#4069,.T.) ;
#4091=EDGE_CURVE('',#4088,#4090,#4086,.T.) ;
#4096=EDGE_CURVE('',#4090,#4088,#4095,.T.) ;
#4113=EDGE_CURVE('',#4112,#4040,#4110,.F.) ;
#4120=EDGE_CURVE('',#4119,#4047,#4117,.F.) ;
#4125=EDGE_CURVE('',#4112,#4119,#4124,.T.) ;
#4141=EDGE_CURVE('',#4138,#4140,#4136,.F.) ;
#4148=EDGE_CURVE('',#4147,#4138,#4145,.T.) ;
#4155=EDGE_CURVE('',#4147,#4154,#4152,.F.) ;
#4160=EDGE_CURVE('',#4154,#4140,#4159,.T.) ;
#4172=EDGE_CURVE('',#4119,#4112,#4171,.T.) ;
#4184=EDGE_CURVE('',#4138,#4147,#4183,.T.) ;
#4189=EDGE_CURVE('',#4140,#4154,#4188,.T.) ;
#4206=EDGE_CURVE('',#4088,#4147,#4205,.F.) ;
#4211=EDGE_CURVE('',#4090,#4138,#4210,.F.) ;
#4244=EDGE_CURVE('',#4241,#4243,#4239,.T.) ;
#4249=EDGE_CURVE('',#4243,#4241,#4248,.T.) ;
#4266=EDGE_CURVE('',#4265,#4243,#4263,.F.) ;
#4273=EDGE_CURVE('',#4272,#4241,#4270,.F.) ;
#4278=EDGE_CURVE('',#4265,#4272,#4277,.T.) ;
#4295=EDGE_CURVE('',#4272,#4265,#4294,.T.) ;
#4316=EDGE_CURVE('',#4313,#4315,#4311,.T.) ;
#4321=EDGE_CURVE('',#4315,#4313,#4320,.T.) ;
#4338=EDGE_CURVE('',#4337,#4265,#4335,.F.) ;
#4345=EDGE_CURVE('',#4344,#4272,#4342,.F.) ;
#4350=EDGE_CURVE('',#4344,#4337,#4349,.F.) ;
#4366=EDGE_CURVE('',#4363,#4365,#4361,.F.) ;
#4373=EDGE_CURVE('',#4372,#4363,#4370,.T.) ;
#4380=EDGE_CURVE('',#4372,#4379,#4377,.F.) ;
#4385=EDGE_CURVE('',#4365,#4379,#4384,.F.) ;
#4397=EDGE_CURVE('',#4337,#4344,#4396,.F.) ;
#4409=EDGE_CURVE('',#4363,#4372,#4408,.T.) ;
#4414=EDGE_CURVE('',#4379,#4365,#4413,.F.) ;
#4431=EDGE_CURVE('',#4313,#4372,#4430,.F.) ;
#4436=EDGE_CURVE('',#4315,#4363,#4435,.F.) ;
#4469=EDGE_CURVE('',#4466,#4468,#4464,.F.) ;
#4476=EDGE_CURVE('',#4475,#4466,#4473,.F.) ;
#4483=EDGE_CURVE('',#4475,#4482,#4480,.T.) ;
#4490=EDGE_CURVE('',#4482,#4489,#4487,.T.) ;
#4495=EDGE_CURVE('',#4489,#4468,#4494,.T.) ;
#4515=EDGE_CURVE('',#4514,#4466,#4512,.T.) ;
#4522=EDGE_CURVE('',#4521,#4466,#4519,.T.) ;
#4530=EDGE_CURVE('',#4514,#4521,#4523,.F.) ;
#4548=EDGE_CURVE('',#4547,#4468,#4545,.F.) ;
#4553=EDGE_CURVE('',#4521,#4547,#4552,.F.) ;
#4575=EDGE_CURVE('',#4468,#4574,#4566,.T.) ;
#4580=EDGE_CURVE('',#4547,#4574,#4579,.F.) ;
#4598=EDGE_CURVE('',#4597,#4514,#4595,.F.) ;
#4607=EDGE_CURVE('',#4606,#4597,#4599,.T.) ;
#4615=EDGE_CURVE('',#4614,#4606,#4608,.T.) ;
#4622=EDGE_CURVE('',#4614,#4475,#4616,.T.) ;
#4645=EDGE_CURVE('',#4642,#4644,#4640,.T.) ;
#4652=EDGE_CURVE('',#4644,#4606,#4646,.T.) ;
#4659=EDGE_CURVE('',#4658,#4597,#4656,.T.) ;
#4664=EDGE_CURVE('',#4642,#4658,#4663,.F.) ;
#4679=EDGE_CURVE('',#4678,#4642,#4676,.F.) ;
#4686=EDGE_CURVE('',#4685,#4678,#4683,.F.) ;
#4691=EDGE_CURVE('',#4685,#4644,#4690,.T.) ;
#4710=EDGE_CURVE('',#4709,#4678,#4707,.T.) ;
#4717=EDGE_CURVE('',#4716,#4678,#4714,.T.) ;
#4725=EDGE_CURVE('',#4709,#4716,#4718,.F.) ;
#4743=EDGE_CURVE('',#4742,#4642,#4740,.F.) ;
#4748=EDGE_CURVE('',#4716,#4742,#4747,.F.) ;
#4765=EDGE_CURVE('',#4742,#4658,#4764,.F.) ;
#4786=EDGE_CURVE('',#4783,#4785,#4777,.T.) ;
#4795=EDGE_CURVE('',#4794,#4785,#4787,.T.) ;
#4802=EDGE_CURVE('',#4801,#4794,#4799,.T.) ;
#4807=EDGE_CURVE('',#4801,#3544,#4806,.F.) ;
#4812=EDGE_CURVE('',#4482,#3542,#4811,.F.) ;
#4819=EDGE_CURVE('',#4783,#4685,#4813,.T.) ;
#4846=EDGE_CURVE('',#4845,#4709,#4843,.F.) ;
#4853=EDGE_CURVE('',#4785,#4845,#4847,.T.) ;
#4871=EDGE_CURVE('',#4868,#4870,#4866,.T.) ;
#4878=EDGE_CURVE('',#4870,#4877,#4875,.T.) ;
#4885=EDGE_CURVE('',#4877,#4884,#4882,.F.) ;
#4890=EDGE_CURVE('',#4884,#4868,#4889,.T.) ;
#4909=EDGE_CURVE('',#4870,#4908,#4906,.F.) ;
#4919=EDGE_CURVE('',#4908,#4918,#4910,.T.) ;
#4924=EDGE_CURVE('',#4870,#4918,#4923,.F.) ;
#4942=EDGE_CURVE('',#4918,#4941,#4939,.T.) ;
#4947=EDGE_CURVE('',#4877,#4941,#4946,.T.) ;
#4969=EDGE_CURVE('',#4941,#4968,#4960,.T.) ;
#4974=EDGE_CURVE('',#4877,#4968,#4973,.F.) ;
#4992=EDGE_CURVE('',#4968,#4991,#4989,.F.) ;
#5001=EDGE_CURVE('',#4991,#5000,#4993,.F.) ;
#5008=EDGE_CURVE('',#5000,#4884,#5002,.F.) ;
#5030=EDGE_CURVE('',#4489,#5029,#5022,.F.) ;
#5036=EDGE_CURVE('',#5000,#5029,#5031,.F.) ;
#5041=EDGE_CURVE('',#4991,#4574,#5040,.T.) ;
#5061=EDGE_CURVE('',#5058,#5060,#5051,.F.) ;
#5069=EDGE_CURVE('',#5058,#5068,#5062,.F.) ;
#5076=EDGE_CURVE('',#4868,#5068,#5070,.F.) ;
#5081=EDGE_CURVE('',#5060,#4801,#5080,.T.) ;
#5108=EDGE_CURVE('',#5107,#4908,#5105,.T.) ;
#5115=EDGE_CURVE('',#5107,#5058,#5109,.F.) ;
#5138=EDGE_CURVE('',#5135,#5137,#5133,.T.) ;
#5145=EDGE_CURVE('',#5144,#5135,#5142,.T.) ;
#5152=EDGE_CURVE('',#5151,#5144,#5149,.F.) ;
#5157=EDGE_CURVE('',#5151,#5137,#5156,.T.) ;
#5180=EDGE_CURVE('',#4968,#5179,#5177,.F.) ;
#5187=EDGE_CURVE('',#4941,#5186,#5184,.F.) ;
#5195=EDGE_CURVE('',#5179,#5186,#5188,.F.) ;
#5211=EDGE_CURVE('',#5144,#4991,#5208,.T.) ;
#5217=EDGE_CURVE('',#5151,#5179,#5212,.F.) ;
#5237=EDGE_CURVE('',#5236,#5137,#5234,.F.) ;
#5245=EDGE_CURVE('',#5186,#5244,#5238,.F.) ;
#5250=EDGE_CURVE('',#5244,#5236,#5249,.T.) ;
#5271=EDGE_CURVE('',#5144,#5270,#5268,.T.) ;
#5278=EDGE_CURVE('',#5277,#5135,#5275,.T.) ;
#5283=EDGE_CURVE('',#5270,#5277,#5282,.T.) ;
#5307=EDGE_CURVE('',#5306,#5270,#5300,.F.) ;
#5311=EDGE_CURVE('',#4574,#5306,#5308,.F.) ;
#5331=EDGE_CURVE('',#4547,#5330,#5328,.F.) ;
#5339=EDGE_CURVE('',#5330,#5306,#5332,.F.) ;
#5358=EDGE_CURVE('',#5277,#5357,#5355,.F.) ;
#5365=EDGE_CURVE('',#5364,#5357,#5362,.T.) ;
#5371=EDGE_CURVE('',#5364,#5330,#5366,.F.) ;
#5394=EDGE_CURVE('',#5391,#5393,#5389,.T.) ;
#5401=EDGE_CURVE('',#5393,#5400,#5398,.T.) ;
#5408=EDGE_CURVE('',#5407,#5400,#5405,.T.) ;
#5413=EDGE_CURVE('',#5391,#5407,#5412,.T.) ;
#5437=EDGE_CURVE('',#5391,#5436,#5430,.F.) ;
#5441=EDGE_CURVE('',#5407,#4597,#5438,.T.) ;
#5445=EDGE_CURVE('',#4514,#5436,#5442,.F.) ;
#5465=EDGE_CURVE('',#4521,#5464,#5462,.F.) ;
#5473=EDGE_CURVE('',#5436,#5464,#5466,.F.) ;
#5492=EDGE_CURVE('',#5364,#5491,#5489,.T.) ;
#5499=EDGE_CURVE('',#5498,#5357,#5496,.T.) ;
#5504=EDGE_CURVE('',#5491,#5498,#5503,.T.) ;
#5522=EDGE_CURVE('',#5464,#5491,#5517,.F.) ;
#5541=EDGE_CURVE('',#5498,#5393,#5540,.F.) ;
#5557=EDGE_CURVE('',#5407,#5556,#5554,.F.) ;
#5564=EDGE_CURVE('',#5563,#5400,#5561,.T.) ;
#5569=EDGE_CURVE('',#5556,#5563,#5568,.T.) ;
#5591=EDGE_CURVE('',#4658,#5590,#5586,.F.) ;
#5597=EDGE_CURVE('',#5590,#5556,#5592,.F.) ;
#5617=EDGE_CURVE('',#4742,#5616,#5614,.F.) ;
#5625=EDGE_CURVE('',#5616,#5590,#5618,.F.) ;
#5644=EDGE_CURVE('',#5563,#5643,#5641,.F.) ;
#5651=EDGE_CURVE('',#5650,#5643,#5648,.T.) ;
#5657=EDGE_CURVE('',#5650,#5616,#5652,.F.) ;
#5680=EDGE_CURVE('',#5677,#5679,#5675,.T.) ;
#5687=EDGE_CURVE('',#5679,#5686,#5684,.T.) ;
#5694=EDGE_CURVE('',#5693,#5686,#5691,.T.) ;
#5699=EDGE_CURVE('',#5677,#5693,#5698,.T.) ;
#5723=EDGE_CURVE('',#5677,#5722,#5716,.F.) ;
#5727=EDGE_CURVE('',#5693,#4845,#5724,.T.) ;
#5731=EDGE_CURVE('',#4709,#5722,#5728,.F.) ;
#5751=EDGE_CURVE('',#4716,#5750,#5748,.F.) ;
#5759=EDGE_CURVE('',#5722,#5750,#5752,.F.) ;
#5778=EDGE_CURVE('',#5650,#5777,#5775,.T.) ;
#5785=EDGE_CURVE('',#5784,#5643,#5782,.T.) ;
#5790=EDGE_CURVE('',#5777,#5784,#5789,.T.) ;
#5808=EDGE_CURVE('',#5750,#5777,#5803,.F.) ;
#5827=EDGE_CURVE('',#5784,#5679,#5826,.F.) ;
#5845=EDGE_CURVE('',#5842,#5844,#5840,.T.) ;
#5850=EDGE_CURVE('',#5693,#5842,#5849,.T.) ;
#5855=EDGE_CURVE('',#5686,#5844,#5854,.T.) ;
#5875=EDGE_CURVE('',#5872,#5874,#5870,.T.) ;
#5882=EDGE_CURVE('',#5881,#5872,#5879,.T.) ;
#5889=EDGE_CURVE('',#5881,#5888,#5886,.T.) ;
#5894=EDGE_CURVE('',#5888,#5874,#5893,.T.) ;
#5918=EDGE_CURVE('',#5917,#5872,#5911,.F.) ;
#5922=EDGE_CURVE('',#4908,#5917,#5919,.F.) ;
#5926=EDGE_CURVE('',#5881,#5107,#5923,.T.) ;
#5946=EDGE_CURVE('',#4918,#5945,#5943,.F.) ;
#5954=EDGE_CURVE('',#5945,#5917,#5947,.F.) ;
#5973=EDGE_CURVE('',#5236,#5972,#5970,.T.) ;
#5980=EDGE_CURVE('',#5979,#5244,#5977,.T.) ;
#5985=EDGE_CURVE('',#5979,#5972,#5984,.T.) ;
#6003=EDGE_CURVE('',#5979,#5945,#5998,.F.) ;
#6022=EDGE_CURVE('',#5874,#5972,#6021,.F.) ;
#6038=EDGE_CURVE('',#5888,#6037,#6035,.T.) ;
#6045=EDGE_CURVE('',#6044,#5881,#6042,.T.) ;
#6050=EDGE_CURVE('',#6044,#6037,#6049,.T.) ;
#6075=EDGE_CURVE('',#6072,#6074,#6070,.T.) ;
#6082=EDGE_CURVE('',#6072,#6081,#6079,.T.) ;
#6089=EDGE_CURVE('',#6088,#6081,#6086,.T.) ;
#6094=EDGE_CURVE('',#6074,#6088,#6093,.T.) ;
#6111=EDGE_CURVE('',#5844,#6081,#6110,.F.) ;
#6116=EDGE_CURVE('',#6088,#6037,#6115,.F.) ;
#6151=EDGE_CURVE('',#6150,#4794,#6148,.F.) ;
#6158=EDGE_CURVE('',#6157,#4845,#6155,.F.) ;
#6163=EDGE_CURVE('',#6157,#6150,#6162,.F.) ;
#6178=EDGE_CURVE('',#6150,#6177,#6175,.T.) ;
#6183=EDGE_CURVE('',#5060,#6177,#6182,.T.) ;
#6203=EDGE_CURVE('',#5107,#6202,#6200,.T.) ;
#6208=EDGE_CURVE('',#6177,#6202,#6207,.F.) ;
#6227=EDGE_CURVE('',#6226,#6157,#6222,.T.) ;
#6233=EDGE_CURVE('',#6226,#5842,#6228,.F.) ;
#6254=EDGE_CURVE('',#6072,#6253,#6247,.F.) ;
#6262=EDGE_CURVE('',#6226,#6253,#6255,.F.) ;
#6282=EDGE_CURVE('',#6202,#6281,#6277,.F.) ;
#6288=EDGE_CURVE('',#6044,#6281,#6283,.F.) ;
#6309=EDGE_CURVE('',#6306,#6308,#6302,.F.) ;
#6316=EDGE_CURVE('',#6315,#6306,#6313,.T.) ;
#6320=EDGE_CURVE('',#6253,#6315,#6317,.T.) ;
#6326=EDGE_CURVE('',#6308,#6074,#6321,.F.) ;
#6348=EDGE_CURVE('',#6308,#6281,#6341,.F.) ;
#6367=EDGE_CURVE('',#6157,#6315,#6366,.T.) ;
#6372=EDGE_CURVE('',#6150,#6315,#6371,.T.) ;
#6388=EDGE_CURVE('',#6177,#6306,#6387,.T.) ;
#6405=EDGE_CURVE('',#6202,#6306,#6404,.T.) ;
#6476=EDGE_CURVE('',#6473,#6475,#6471,.T.) ;
#6483=EDGE_CURVE('',#6473,#6482,#6480,.T.) ;
#6490=EDGE_CURVE('',#6482,#6489,#6487,.T.) ;
#6495=EDGE_CURVE('',#6475,#6489,#6494,.T.) ;
#6516=EDGE_CURVE('',#6513,#6515,#6511,.T.) ;
#6523=EDGE_CURVE('',#6522,#6513,#6520,.T.) ;
#6528=EDGE_CURVE('',#6489,#6522,#6527,.F.) ;
#6533=EDGE_CURVE('',#6482,#6515,#6532,.F.) ;
#6549=EDGE_CURVE('',#6546,#6548,#6544,.T.) ;
#6554=EDGE_CURVE('',#6548,#6546,#6553,.T.) ;
#6571=EDGE_CURVE('',#6570,#6473,#6568,.T.) ;
#6578=EDGE_CURVE('',#6577,#6475,#6575,.T.) ;
#6585=EDGE_CURVE('',#6584,#6577,#6582,.F.) ;
#6590=EDGE_CURVE('',#6570,#6584,#6589,.F.) ;
#6606=EDGE_CURVE('',#6603,#6605,#6601,.T.) ;
#6611=EDGE_CURVE('',#6605,#6603,#6610,.T.) ;
#6628=EDGE_CURVE('',#6627,#6605,#6625,.T.) ;
#6635=EDGE_CURVE('',#6634,#6627,#6632,.T.) ;
#6640=EDGE_CURVE('',#6634,#6603,#6639,.T.) ;
#6654=EDGE_CURVE('',#6548,#6653,#6651,.T.) ;
#6661=EDGE_CURVE('',#6653,#6660,#6658,.T.) ;
#6666=EDGE_CURVE('',#6546,#6660,#6665,.T.) ;
#6678=EDGE_CURVE('',#6627,#6634,#6677,.T.) ;
#6690=EDGE_CURVE('',#6660,#6653,#6689,.T.) ;
#6711=EDGE_CURVE('',#6708,#6710,#6706,.F.) ;
#6718=EDGE_CURVE('',#6710,#6717,#6715,.T.) ;
#6725=EDGE_CURVE('',#6724,#6717,#6722,.F.) ;
#6730=EDGE_CURVE('',#6708,#6724,#6729,.T.) ;
#6747=EDGE_CURVE('',#6710,#6708,#6746,.F.) ;
#6752=EDGE_CURVE('',#6717,#6724,#6751,.F.) ;
#6773=EDGE_CURVE('',#6770,#6772,#6768,.T.) ;
#6778=EDGE_CURVE('',#6772,#6770,#6777,.T.) ;
#6795=EDGE_CURVE('',#6794,#6724,#6792,.F.) ;
#6802=EDGE_CURVE('',#6801,#6717,#6799,.F.) ;
#6807=EDGE_CURVE('',#6794,#6801,#6806,.T.) ;
#6819=EDGE_CURVE('',#6801,#6794,#6818,.T.) ;
#6836=EDGE_CURVE('',#6770,#6794,#6835,.F.) ;
#6841=EDGE_CURVE('',#6772,#6801,#6840,.F.) ;
#6874=EDGE_CURVE('',#6871,#6873,#6869,.T.) ;
#6879=EDGE_CURVE('',#6873,#6871,#6878,.T.) ;
#6896=EDGE_CURVE('',#6895,#6873,#6893,.F.) ;
#6903=EDGE_CURVE('',#6902,#6871,#6900,.F.) ;
#6908=EDGE_CURVE('',#6895,#6902,#6907,.T.) ;
#6925=EDGE_CURVE('',#6902,#6895,#6924,.T.) ;
#6939=EDGE_CURVE('',#6938,#6895,#6936,.F.) ;
#6946=EDGE_CURVE('',#6945,#6902,#6943,.F.) ;
#6951=EDGE_CURVE('',#6938,#6945,#6950,.T.) ;
#6963=EDGE_CURVE('',#6945,#6938,#6962,.T.) ;
#6982=EDGE_CURVE('',#6945,#6981,#6979,.T.) ;
#6989=EDGE_CURVE('',#6988,#6981,#6986,.F.) ;
#6994=EDGE_CURVE('',#6938,#6988,#6993,.T.) ;
#7011=EDGE_CURVE('',#6981,#6988,#7010,.F.) ;
#7032=EDGE_CURVE('',#7029,#7031,#7027,.T.) ;
#7039=EDGE_CURVE('',#7029,#7038,#7036,.F.) ;
#7046=EDGE_CURVE('',#7045,#7038,#7043,.T.) ;
#7053=EDGE_CURVE('',#7045,#7052,#7050,.T.) ;
#7060=EDGE_CURVE('',#7059,#7052,#7057,.T.) ;
#7067=EDGE_CURVE('',#7066,#7059,#7064,.F.) ;
#7074=EDGE_CURVE('',#7073,#7066,#7071,.T.) ;
#7079=EDGE_CURVE('',#7031,#7073,#7078,.T.) ;
#7102=EDGE_CURVE('',#6522,#7101,#7099,.F.) ;
#7109=EDGE_CURVE('',#6513,#7108,#7106,.F.) ;
#7114=EDGE_CURVE('',#7108,#7101,#7113,.T.) ;
#7133=EDGE_CURVE('',#6515,#7132,#7130,.F.) ;
#7138=EDGE_CURVE('',#7132,#7108,#7137,.T.) ;
#7159=EDGE_CURVE('',#7156,#7158,#7154,.F.) ;
#7166=EDGE_CURVE('',#7165,#7156,#7163,.T.) ;
#7173=EDGE_CURVE('',#7172,#7165,#7170,.T.) ;
#7180=EDGE_CURVE('',#7179,#7172,#7177,.T.) ;
#7185=EDGE_CURVE('',#7158,#7179,#7184,.T.) ;
#7209=EDGE_CURVE('',#7208,#7158,#7206,.F.) ;
#7216=EDGE_CURVE('',#7215,#7179,#7213,.F.) ;
#7221=EDGE_CURVE('',#7208,#7215,#7220,.T.) ;
#7238=EDGE_CURVE('',#7132,#7172,#7237,.T.) ;
#7243=EDGE_CURVE('',#7215,#7132,#7242,.T.) ;
#7260=EDGE_CURVE('',#7101,#7156,#7259,.F.) ;
#7265=EDGE_CURVE('',#7101,#7208,#7264,.F.) ;
#7298=EDGE_CURVE('',#7297,#6584,#7295,.T.) ;
#7305=EDGE_CURVE('',#7304,#6577,#7302,.T.) ;
#7310=EDGE_CURVE('',#7304,#7297,#7309,.T.) ;
#7329=EDGE_CURVE('',#7328,#6570,#7326,.T.) ;
#7334=EDGE_CURVE('',#7297,#7328,#7333,.T.) ;
#7355=EDGE_CURVE('',#7352,#7354,#7350,.F.) ;
#7362=EDGE_CURVE('',#7361,#7352,#7359,.T.) ;
#7369=EDGE_CURVE('',#7368,#7361,#7366,.F.) ;
#7376=EDGE_CURVE('',#7375,#7368,#7373,.F.) ;
#7381=EDGE_CURVE('',#7354,#7375,#7380,.F.) ;
#7405=EDGE_CURVE('',#7208,#7404,#7402,.F.) ;
#7410=EDGE_CURVE('',#7066,#7404,#7409,.T.) ;
#7417=EDGE_CURVE('',#7416,#7059,#7414,.F.) ;
#7424=EDGE_CURVE('',#7416,#7423,#7421,.T.) ;
#7429=EDGE_CURVE('',#7423,#7304,#7428,.T.) ;
#7456=EDGE_CURVE('',#7328,#7455,#7453,.F.) ;
#7463=EDGE_CURVE('',#7455,#7462,#7460,.F.) ;
#7468=EDGE_CURVE('',#7038,#7462,#7467,.T.) ;
#7475=EDGE_CURVE('',#7474,#7029,#7472,.F.) ;
#7480=EDGE_CURVE('',#7474,#7215,#7479,.T.) ;
#7505=EDGE_CURVE('',#7328,#7375,#7504,.F.) ;
#7510=EDGE_CURVE('',#7455,#7368,#7509,.F.) ;
#7527=EDGE_CURVE('',#7423,#7361,#7526,.T.) ;
#7532=EDGE_CURVE('',#7455,#7423,#7531,.F.) ;
#7549=EDGE_CURVE('',#7304,#7352,#7548,.T.) ;
#7582=EDGE_CURVE('',#7581,#7052,#7579,.F.) ;
#7596=EDGE_CURVE('',#7581,#7416,#7583,.F.) ;
#7615=EDGE_CURVE('',#7045,#7614,#7612,.T.) ;
#7620=EDGE_CURVE('',#7614,#7581,#7619,.F.) ;
#7647=EDGE_CURVE('',#7462,#7614,#7637,.F.) ;
#7675=EDGE_CURVE('',#7674,#7416,#7660,.F.) ;
#7682=EDGE_CURVE('',#7681,#7674,#7679,.F.) ;
#7693=EDGE_CURVE('',#7462,#7681,#7683,.F.) ;
#7765=EDGE_CURVE('',#7681,#7614,#7758,.F.) ;
#7781=EDGE_CURVE('',#7674,#7581,#7780,.T.) ;
#7861=EDGE_CURVE('',#7073,#7860,#7858,.T.) ;
#7872=EDGE_CURVE('',#7404,#7860,#7862,.F.) ;
#7891=EDGE_CURVE('',#7860,#7890,#7888,.T.) ;
#7896=EDGE_CURVE('',#7890,#7031,#7895,.F.) ;
#7926=EDGE_CURVE('',#7890,#7474,#7913,.F.) ;
#7954=EDGE_CURVE('',#7953,#7474,#7939,.F.) ;
#7961=EDGE_CURVE('',#7960,#7953,#7958,.F.) ;
#7972=EDGE_CURVE('',#7404,#7960,#7962,.F.) ;
#8044=EDGE_CURVE('',#7960,#7860,#8037,.F.) ;
#8060=EDGE_CURVE('',#7953,#7890,#8059,.F.) ;
#8214=EDGE_CURVE('',#8211,#8213,#8209,.T.) ;
#8221=EDGE_CURVE('',#8211,#8220,#8218,.T.) ;
#8228=EDGE_CURVE('',#8220,#8227,#8225,.T.) ;
#8233=EDGE_CURVE('',#8213,#8227,#8232,.T.) ;
#8254=EDGE_CURVE('',#8251,#8253,#8249,.T.) ;
#8261=EDGE_CURVE('',#8260,#8251,#8258,.T.) ;
#8266=EDGE_CURVE('',#8227,#8260,#8265,.F.) ;
#8271=EDGE_CURVE('',#8220,#8253,#8270,.F.) ;
#8287=EDGE_CURVE('',#8284,#8286,#8282,.T.) ;
#8292=EDGE_CURVE('',#8286,#8284,#8291,.T.) ;
#8311=EDGE_CURVE('',#8308,#8310,#8306,.T.) ;
#8316=EDGE_CURVE('',#8308,#8211,#8315,.T.) ;
#8323=EDGE_CURVE('',#8322,#8213,#8320,.T.) ;
#8328=EDGE_CURVE('',#8310,#8322,#8327,.T.) ;
#8344=EDGE_CURVE('',#8341,#8343,#8339,.T.) ;
#8349=EDGE_CURVE('',#8343,#8341,#8348,.T.) ;
#8366=EDGE_CURVE('',#8365,#8343,#8363,.T.) ;
#8373=EDGE_CURVE('',#8365,#8372,#8370,.F.) ;
#8378=EDGE_CURVE('',#8372,#8341,#8377,.T.) ;
#8392=EDGE_CURVE('',#8286,#8391,#8389,.T.) ;
#8399=EDGE_CURVE('',#8398,#8391,#8396,.F.) ;
#8404=EDGE_CURVE('',#8284,#8398,#8403,.T.) ;
#8416=EDGE_CURVE('',#8372,#8365,#8415,.F.) ;
#8428=EDGE_CURVE('',#8391,#8398,#8427,.F.) ;
#8444=EDGE_CURVE('',#8441,#8443,#8439,.T.) ;
#8451=EDGE_CURVE('',#8441,#8450,#8448,.F.) ;
#8456=EDGE_CURVE('',#8443,#8450,#8455,.T.) ;
#8471=EDGE_CURVE('',#8468,#8470,#8466,.T.) ;
#8478=EDGE_CURVE('',#8477,#8470,#8475,.T.) ;
#8483=EDGE_CURVE('',#8468,#8477,#8482,.F.) ;
#8501=EDGE_CURVE('',#8260,#8500,#8498,.F.) ;
#8508=EDGE_CURVE('',#8251,#8507,#8505,.F.) ;
#8513=EDGE_CURVE('',#8507,#8500,#8512,.T.) ;
#8532=EDGE_CURVE('',#8253,#8531,#8529,.F.) ;
#8537=EDGE_CURVE('',#8531,#8507,#8536,.T.) ;
#8558=EDGE_CURVE('',#8555,#8557,#8553,.F.) ;
#8565=EDGE_CURVE('',#8564,#8555,#8562,.T.) ;
#8572=EDGE_CURVE('',#8571,#8564,#8569,.T.) ;
#8579=EDGE_CURVE('',#8578,#8571,#8576,.T.) ;
#8584=EDGE_CURVE('',#8557,#8578,#8583,.T.) ;
#8608=EDGE_CURVE('',#8607,#8441,#8605,.F.) ;
#8615=EDGE_CURVE('',#8614,#8443,#8612,.F.) ;
#8622=EDGE_CURVE('',#8614,#8621,#8619,.T.) ;
#8629=EDGE_CURVE('',#8621,#8628,#8626,.T.) ;
#8639=EDGE_CURVE('',#8638,#8628,#8630,.F.) ;
#8646=EDGE_CURVE('',#8645,#8638,#8643,.F.) ;
#8651=EDGE_CURVE('',#8645,#8607,#8650,.F.) ;
#8672=EDGE_CURVE('',#8645,#8557,#8671,.F.) ;
#8677=EDGE_CURVE('',#8607,#8578,#8676,.F.) ;
#8694=EDGE_CURVE('',#8531,#8571,#8693,.T.) ;
#8699=EDGE_CURVE('',#8607,#8531,#8698,.T.) ;
#8716=EDGE_CURVE('',#8500,#8555,#8715,.F.) ;
#8721=EDGE_CURVE('',#8500,#8645,#8720,.F.) ;
#8754=EDGE_CURVE('',#8753,#8310,#8751,.T.) ;
#8761=EDGE_CURVE('',#8760,#8322,#8758,.T.) ;
#8766=EDGE_CURVE('',#8760,#8753,#8765,.T.) ;
#8785=EDGE_CURVE('',#8784,#8308,#8782,.T.) ;
#8790=EDGE_CURVE('',#8753,#8784,#8789,.T.) ;
#8811=EDGE_CURVE('',#8808,#8810,#8806,.F.) ;
#8818=EDGE_CURVE('',#8817,#8808,#8815,.T.) ;
#8825=EDGE_CURVE('',#8824,#8817,#8822,.F.) ;
#8832=EDGE_CURVE('',#8831,#8824,#8829,.F.) ;
#8837=EDGE_CURVE('',#8810,#8831,#8836,.F.) ;
#8863=EDGE_CURVE('',#8860,#8862,#8858,.T.) ;
#8873=EDGE_CURVE('',#8872,#8860,#8864,.T.) ;
#8880=EDGE_CURVE('',#8872,#8879,#8877,.T.) ;
#8887=EDGE_CURVE('',#8879,#8886,#8884,.T.) ;
#8892=EDGE_CURVE('',#8477,#8886,#8891,.F.) ;
#8899=EDGE_CURVE('',#8470,#8898,#8896,.T.) ;
#8904=EDGE_CURVE('',#8898,#8862,#8903,.F.) ;
#8925=EDGE_CURVE('',#8784,#8898,#8924,.F.) ;
#8932=EDGE_CURVE('',#8931,#8468,#8929,.T.) ;
#8969=EDGE_CURVE('',#8968,#8931,#8933,.T.) ;
#8976=EDGE_CURVE('',#8975,#8968,#8973,.F.) ;
#9013=EDGE_CURVE('',#9012,#8975,#8977,.F.) ;
#9018=EDGE_CURVE('',#8450,#9012,#9017,.F.) ;
#9047=EDGE_CURVE('',#8784,#8831,#9046,.F.) ;
#9052=EDGE_CURVE('',#8898,#8824,#9051,.F.) ;
#9069=EDGE_CURVE('',#8862,#8817,#9068,.T.) ;
#9086=EDGE_CURVE('',#8760,#8808,#9085,.T.) ;
#9091=EDGE_CURVE('',#8862,#8760,#9090,.T.) ;
#9124=EDGE_CURVE('',#9123,#8614,#9121,.T.) ;
#9131=EDGE_CURVE('',#9130,#8975,#9128,.T.) ;
#9136=EDGE_CURVE('',#9123,#9130,#9135,.F.) ;
#9158=EDGE_CURVE('',#9130,#9157,#9155,.F.) ;
#9163=EDGE_CURVE('',#8968,#9157,#9162,.T.) ;
#9182=EDGE_CURVE('',#8886,#9181,#9179,.F.) ;
#9187=EDGE_CURVE('',#9157,#9181,#9186,.F.) ;
#9204=EDGE_CURVE('',#8872,#9203,#9201,.F.) ;
#9209=EDGE_CURVE('',#9181,#9203,#9208,.T.) ;
#9229=EDGE_CURVE('',#8860,#9228,#9226,.F.) ;
#9234=EDGE_CURVE('',#9203,#9228,#9233,.F.) ;
#9248=EDGE_CURVE('',#9247,#8628,#9245,.T.) ;
#9253=EDGE_CURVE('',#9247,#9123,#9252,.F.) ;
#9275=EDGE_CURVE('',#9272,#9274,#9270,.F.) ;
#9282=EDGE_CURVE('',#9274,#9281,#9279,.T.) ;
#9289=EDGE_CURVE('',#9281,#9288,#9286,.T.) ;
#9294=EDGE_CURVE('',#9288,#9272,#9293,.F.) ;
#9313=EDGE_CURVE('',#9312,#8638,#9310,.T.) ;
#9318=EDGE_CURVE('',#9312,#9247,#9317,.F.) ;
#9335=EDGE_CURVE('',#9228,#9312,#9334,.T.) ;
#9360=EDGE_CURVE('',#9272,#9130,#9359,.F.) ;
#9365=EDGE_CURVE('',#9274,#9157,#9364,.F.) ;
#9382=EDGE_CURVE('',#9274,#9181,#9381,.F.) ;
#9398=EDGE_CURVE('',#9281,#9203,#9397,.T.) ;
#9415=EDGE_CURVE('',#9281,#9228,#9414,.F.) ;
#9431=EDGE_CURVE('',#9288,#9312,#9430,.T.) ;
#9448=EDGE_CURVE('',#9288,#9247,#9447,.F.) ;
#9464=EDGE_CURVE('',#9272,#9123,#9463,.F.) ;
#96=EDGE_LOOP('',(#97,#98,#99,#100)) ;
#113=EDGE_LOOP('',(#114,#115,#116,#117)) ;
#125=EDGE_LOOP('',(#126,#127)) ;
#163=EDGE_LOOP('',(#164,#165,#166,#167)) ;
#180=EDGE_LOOP('',(#181,#182,#183,#184)) ;
#192=EDGE_LOOP('',(#193,#194)) ;
#196=EDGE_LOOP('',(#197,#198)) ;
#206=EDGE_LOOP('',(#207,#208)) ;
#238=EDGE_LOOP('',(#239,#240,#241,#242)) ;
#272=EDGE_LOOP('',(#273,#274,#275,#276)) ;
#312=EDGE_LOOP('',(#313,#314,#315,#316)) ;
#347=EDGE_LOOP('',(#348,#349,#350,#351)) ;
#364=EDGE_LOOP('',(#365,#366,#367,#368)) ;
#381=EDGE_LOOP('',(#382,#383,#384,#385)) ;
#412=EDGE_LOOP('',(#413,#414,#415,#416)) ;
#443=EDGE_LOOP('',(#444,#445,#446,#447)) ;
#474=EDGE_LOOP('',(#475,#476,#477,#478)) ;
#491=EDGE_LOOP('',(#492,#493,#494,#495,#496)) ;
#498=EDGE_LOOP('',(#499,#500)) ;
#513=EDGE_LOOP('',(#514,#515,#516,#517,#518)) ;
#520=EDGE_LOOP('',(#521,#522)) ;
#530=EDGE_LOOP('',(#531,#532,#533,#534)) ;
#556=EDGE_LOOP('',(#557,#558,#559,#560)) ;
#587=EDGE_LOOP('',(#588,#589,#590,#591)) ;
#613=EDGE_LOOP('',(#614,#615,#616,#617)) ;
#630=EDGE_LOOP('',(#631,#632,#633,#634,#635)) ;
#637=EDGE_LOOP('',(#638,#639)) ;
#652=EDGE_LOOP('',(#653,#654,#655,#656,#657)) ;
#659=EDGE_LOOP('',(#660,#661)) ;
#669=EDGE_LOOP('',(#670,#671,#672,#673)) ;
#736=EDGE_LOOP('',(#737,#738,#739,#740)) ;
#753=EDGE_LOOP('',(#754,#755,#756,#757)) ;
#765=EDGE_LOOP('',(#766,#767)) ;
#783=EDGE_LOOP('',(#784,#785)) ;
#793=EDGE_LOOP('',(#794,#795)) ;
#811=EDGE_LOOP('',(#812,#813)) ;
#831=EDGE_LOOP('',(#832,#833,#834,#835)) ;
#838=EDGE_LOOP('',(#839,#840,#841,#842)) ;
#905=EDGE_LOOP('',(#906,#907,#908,#909)) ;
#936=EDGE_LOOP('',(#937,#938,#939,#940)) ;
#967=EDGE_LOOP('',(#968,#969,#970,#971)) ;
#989=EDGE_LOOP('',(#990,#991,#992,#993)) ;
#1029=EDGE_LOOP('',(#1030,#1031,#1032,#1033)) ;
#1060=EDGE_LOOP('',(#1061,#1062,#1063,#1064)) ;
#1091=EDGE_LOOP('',(#1092,#1093,#1094,#1095)) ;
#1113=EDGE_LOOP('',(#1114,#1115,#1116,#1117)) ;
#1125=EDGE_LOOP('',(#1126,#1127,#1128,#1129)) ;
#1131=EDGE_LOOP('',(#1132,#1133,#1134,#1135)) ;
#1151=EDGE_LOOP('',(#1152,#1153)) ;
#1169=EDGE_LOOP('',(#1170,#1171)) ;
#1179=EDGE_LOOP('',(#1180,#1181,#1182,#1183)) ;
#1185=EDGE_LOOP('',(#1186,#1187,#1188,#1189)) ;
#1205=EDGE_LOOP('',(#1206,#1207)) ;
#1223=EDGE_LOOP('',(#1224,#1225)) ;
#1256=EDGE_LOOP('',(#1257,#1258,#1259,#1260)) ;
#1282=EDGE_LOOP('',(#1283,#1284,#1285,#1286)) ;
#1308=EDGE_LOOP('',(#1309,#1310,#1311,#1312)) ;
#1325=EDGE_LOOP('',(#1326,#1327,#1328,#1329)) ;
#1360=EDGE_LOOP('',(#1361,#1362,#1363,#1364)) ;
#1386=EDGE_LOOP('',(#1387,#1388,#1389,#1390)) ;
#1412=EDGE_LOOP('',(#1413,#1414,#1415,#1416)) ;
#1429=EDGE_LOOP('',(#1430,#1431,#1432,#1433)) ;
#1441=EDGE_LOOP('',(#1442,#1443,#1444,#1445)) ;
#1447=EDGE_LOOP('',(#1448,#1449,#1450,#1451)) ;
#1467=EDGE_LOOP('',(#1468,#1469)) ;
#1485=EDGE_LOOP('',(#1486,#1487)) ;
#1495=EDGE_LOOP('',(#1496,#1497,#1498,#1499)) ;
#1501=EDGE_LOOP('',(#1502,#1503,#1504,#1505)) ;
#1521=EDGE_LOOP('',(#1522,#1523)) ;
#1539=EDGE_LOOP('',(#1540,#1541)) ;
#1568=EDGE_LOOP('',(#1569,#1570,#1571,#1572)) ;
#1585=EDGE_LOOP('',(#1586,#1587,#1588,#1589)) ;
#1611=EDGE_LOOP('',(#1612,#1613,#1614,#1615)) ;
#1623=EDGE_LOOP('',(#1624,#1625,#1626,#1627)) ;
#1630=EDGE_LOOP('',(#1631,#1632,#1633,#1634)) ;
#1642=EDGE_LOOP('',(#1643,#1644,#1645,#1646)) ;
#1668=EDGE_LOOP('',(#1669,#1670)) ;
#1672=EDGE_LOOP('',(#1673,#1674)) ;
#1696=EDGE_LOOP('',(#1697,#1698)) ;
#1700=EDGE_LOOP('',(#1701,#1702)) ;
#1724=EDGE_LOOP('',(#1725,#1726)) ;
#1744=EDGE_LOOP('',(#1745,#1746,#1747,#1748)) ;
#1756=EDGE_LOOP('',(#1757,#1758,#1759,#1760)) ;
#1782=EDGE_LOOP('',(#1783,#1784)) ;
#1802=EDGE_LOOP('',(#1803,#1804,#1805,#1806)) ;
#1814=EDGE_LOOP('',(#1815,#1816,#1817,#1818)) ;
#1845=EDGE_LOOP('',(#1846,#1847,#1848,#1849)) ;
#1862=EDGE_LOOP('',(#1863,#1864,#1865,#1866)) ;
#1888=EDGE_LOOP('',(#1889,#1890,#1891,#1892)) ;
#1900=EDGE_LOOP('',(#1901,#1902,#1903,#1904)) ;
#1907=EDGE_LOOP('',(#1908,#1909,#1910,#1911)) ;
#1919=EDGE_LOOP('',(#1920,#1921,#1922,#1923)) ;
#1940=EDGE_LOOP('',(#1941,#1942)) ;
#1944=EDGE_LOOP('',(#1945,#1946)) ;
#1963=EDGE_LOOP('',(#1964,#1965)) ;
#1967=EDGE_LOOP('',(#1968,#1969)) ;
#1986=EDGE_LOOP('',(#1987,#1988)) ;
#2006=EDGE_LOOP('',(#2007,#2008,#2009,#2010)) ;
#2018=EDGE_LOOP('',(#2019,#2020,#2021,#2022)) ;
#2039=EDGE_LOOP('',(#2040,#2041)) ;
#2059=EDGE_LOOP('',(#2060,#2061,#2062,#2063)) ;
#2071=EDGE_LOOP('',(#2072,#2073,#2074,#2075)) ;
#2138=EDGE_LOOP('',(#2139,#2140,#2141,#2142)) ;
#2169=EDGE_LOOP('',(#2170,#2171,#2172,#2173)) ;
#2200=EDGE_LOOP('',(#2201,#2202,#2203,#2204)) ;
#2222=EDGE_LOOP('',(#2223,#2224,#2225,#2226)) ;
#2262=EDGE_LOOP('',(#2263,#2264,#2265,#2266)) ;
#2293=EDGE_LOOP('',(#2294,#2295,#2296,#2297)) ;
#2324=EDGE_LOOP('',(#2325,#2326,#2327,#2328)) ;
#2346=EDGE_LOOP('',(#2347,#2348,#2349,#2350)) ;
#2358=EDGE_LOOP('',(#2359,#2360,#2361,#2362)) ;
#2364=EDGE_LOOP('',(#2365,#2366,#2367,#2368)) ;
#2384=EDGE_LOOP('',(#2385,#2386)) ;
#2402=EDGE_LOOP('',(#2403,#2404)) ;
#2412=EDGE_LOOP('',(#2413,#2414,#2415,#2416)) ;
#2418=EDGE_LOOP('',(#2419,#2420,#2421,#2422)) ;
#2438=EDGE_LOOP('',(#2439,#2440)) ;
#2456=EDGE_LOOP('',(#2457,#2458)) ;
#2474=EDGE_LOOP('',(#2475,#2476)) ;
#2492=EDGE_LOOP('',(#2493,#2494)) ;
#2510=EDGE_LOOP('',(#2511,#2512)) ;
#2528=EDGE_LOOP('',(#2529,#2530)) ;
#2561=EDGE_LOOP('',(#2562,#2563,#2564,#2565)) ;
#2587=EDGE_LOOP('',(#2588,#2589,#2590,#2591)) ;
#2613=EDGE_LOOP('',(#2614,#2615,#2616,#2617)) ;
#2630=EDGE_LOOP('',(#2631,#2632,#2633,#2634)) ;
#2665=EDGE_LOOP('',(#2666,#2667,#2668,#2669)) ;
#2691=EDGE_LOOP('',(#2692,#2693,#2694,#2695)) ;
#2717=EDGE_LOOP('',(#2718,#2719,#2720,#2721)) ;
#2734=EDGE_LOOP('',(#2735,#2736,#2737,#2738)) ;
#2746=EDGE_LOOP('',(#2747,#2748,#2749,#2750)) ;
#2752=EDGE_LOOP('',(#2753,#2754,#2755,#2756)) ;
#2772=EDGE_LOOP('',(#2773,#2774)) ;
#2790=EDGE_LOOP('',(#2791,#2792)) ;
#2800=EDGE_LOOP('',(#2801,#2802,#2803,#2804)) ;
#2806=EDGE_LOOP('',(#2807,#2808,#2809,#2810)) ;
#2826=EDGE_LOOP('',(#2827,#2828)) ;
#2844=EDGE_LOOP('',(#2845,#2846)) ;
#2862=EDGE_LOOP('',(#2863,#2864)) ;
#2880=EDGE_LOOP('',(#2881,#2882)) ;
#2898=EDGE_LOOP('',(#2899,#2900)) ;
#2916=EDGE_LOOP('',(#2917,#2918)) ;
#2936=EDGE_LOOP('',(#2937,#2938,#2939,#2940)) ;
#2943=EDGE_LOOP('',(#2944,#2945,#2946,#2947)) ;
#2965=EDGE_LOOP('',(#2966,#2967,#2968,#2969)) ;
#2972=EDGE_LOOP('',(#2973,#2974,#2975,#2976)) ;
#2994=EDGE_LOOP('',(#2995,#2996,#2997,#2998)) ;
#3001=EDGE_LOOP('',(#3002,#3003,#3004,#3005)) ;
#3023=EDGE_LOOP('',(#3024,#3025,#3026,#3027)) ;
#3030=EDGE_LOOP('',(#3031,#3032,#3033,#3034)) ;
#3052=EDGE_LOOP('',(#3053,#3054,#3055,#3056)) ;
#3069=EDGE_LOOP('',(#3070,#3071,#3072,#3073)) ;
#3076=EDGE_LOOP('',(#3077,#3078,#3079,#3080)) ;
#3083=EDGE_LOOP('',(#3084,#3085,#3086,#3087)) ;
#3105=EDGE_LOOP('',(#3106,#3107,#3108,#3109)) ;
#3122=EDGE_LOOP('',(#3123,#3124,#3125,#3126)) ;
#3129=EDGE_LOOP('',(#3130,#3131,#3132,#3133)) ;
#3136=EDGE_LOOP('',(#3137,#3138,#3139,#3140)) ;
#3218=EDGE_LOOP('',(#3219,#3220,#3221,#3222)) ;
#3249=EDGE_LOOP('',(#3250,#3251,#3252,#3253)) ;
#3280=EDGE_LOOP('',(#3281,#3282,#3283,#3284)) ;
#3336=EDGE_LOOP('',(#3337,#3338)) ;
#3356=EDGE_LOOP('',(#3357,#3358,#3359,#3360)) ;
#3396=EDGE_LOOP('',(#3397,#3398,#3399,#3400)) ;
#3413=EDGE_LOOP('',(#3414,#3415,#3416,#3417)) ;
#3425=EDGE_LOOP('',(#3426,#3427,#3428,#3429)) ;
#3431=EDGE_LOOP('',(#3432,#3433)) ;
#3441=EDGE_LOOP('',(#3442,#3443,#3444,#3445)) ;
#3447=EDGE_LOOP('',(#3448,#3449)) ;
#3476=EDGE_LOOP('',(#3477,#3478,#3479,#3480)) ;
#3488=EDGE_LOOP('',(#3489,#3490,#3491,#3492)) ;
#3500=EDGE_LOOP('',(#3501,#3502)) ;
#3551=EDGE_LOOP('',(#3552,#3553)) ;
#3575=EDGE_LOOP('',(#3576,#3577)) ;
#3604=EDGE_LOOP('',(#3605,#3606,#3607,#3608)) ;
#3621=EDGE_LOOP('',(#3622,#3623,#3624,#3625)) ;
#3647=EDGE_LOOP('',(#3648,#3649)) ;
#3676=EDGE_LOOP('',(#3677,#3678,#3679,#3680)) ;
#3711=EDGE_LOOP('',(#3712,#3713,#3714,#3715)) ;
#3723=EDGE_LOOP('',(#3724,#3725,#3726,#3727)) ;
#3740=EDGE_LOOP('',(#3741,#3742,#3743,#3744)) ;
#3762=EDGE_LOOP('',(#3763,#3764,#3765,#3766)) ;
#3774=EDGE_LOOP('',(#3775,#3776,#3777,#3778)) ;
#3800=EDGE_LOOP('',(#3801,#3802)) ;
#3829=EDGE_LOOP('',(#3830,#3831,#3832,#3833)) ;
#3846=EDGE_LOOP('',(#3847,#3848,#3849,#3850)) ;
#3872=EDGE_LOOP('',(#3873,#3874)) ;
#3901=EDGE_LOOP('',(#3902,#3903,#3904,#3905)) ;
#3936=EDGE_LOOP('',(#3937,#3938,#3939,#3940)) ;
#3948=EDGE_LOOP('',(#3949,#3950,#3951,#3952)) ;
#3965=EDGE_LOOP('',(#3966,#3967,#3968,#3969)) ;
#3987=EDGE_LOOP('',(#3988,#3989,#3990,#3991)) ;
#3999=EDGE_LOOP('',(#4000,#4001,#4002,#4003)) ;
#4025=EDGE_LOOP('',(#4026,#4027)) ;
#4054=EDGE_LOOP('',(#4055,#4056,#4057,#4058)) ;
#4071=EDGE_LOOP('',(#4072,#4073,#4074,#4075)) ;
#4097=EDGE_LOOP('',(#4098,#4099)) ;
#4126=EDGE_LOOP('',(#4127,#4128,#4129,#4130)) ;
#4161=EDGE_LOOP('',(#4162,#4163,#4164,#4165)) ;
#4173=EDGE_LOOP('',(#4174,#4175,#4176,#4177)) ;
#4190=EDGE_LOOP('',(#4191,#4192,#4193,#4194)) ;
#4212=EDGE_LOOP('',(#4213,#4214,#4215,#4216)) ;
#4224=EDGE_LOOP('',(#4225,#4226,#4227,#4228)) ;
#4250=EDGE_LOOP('',(#4251,#4252)) ;
#4279=EDGE_LOOP('',(#4280,#4281,#4282,#4283)) ;
#4296=EDGE_LOOP('',(#4297,#4298,#4299,#4300)) ;
#4322=EDGE_LOOP('',(#4323,#4324)) ;
#4351=EDGE_LOOP('',(#4352,#4353,#4354,#4355)) ;
#4386=EDGE_LOOP('',(#4387,#4388,#4389,#4390)) ;
#4398=EDGE_LOOP('',(#4399,#4400,#4401,#4402)) ;
#4415=EDGE_LOOP('',(#4416,#4417,#4418,#4419)) ;
#4437=EDGE_LOOP('',(#4438,#4439,#4440,#4441)) ;
#4449=EDGE_LOOP('',(#4450,#4451,#4452,#4453)) ;
#4496=EDGE_LOOP('',(#4497,#4498,#4499,#4500,#4501)) ;
#4531=EDGE_LOOP('',(#4532,#4533,#4534)) ;
#4554=EDGE_LOOP('',(#4555,#4556,#4557,#4558)) ;
#4581=EDGE_LOOP('',(#4582,#4583,#4584)) ;
#4623=EDGE_LOOP('',(#4624,#4625,#4626,#4627,#4628,#4629)) ;
#4665=EDGE_LOOP('',(#4666,#4667,#4668,#4669,#4670)) ;
#4692=EDGE_LOOP('',(#4693,#4694,#4695,#4696)) ;
#4726=EDGE_LOOP('',(#4727,#4728,#4729)) ;
#4749=EDGE_LOOP('',(#4750,#4751,#4752,#4753)) ;
#4766=EDGE_LOOP('',(#4767,#4768,#4769)) ;
#4820=EDGE_LOOP('',(#4821,#4822,#4823,#4824,#4825,#4826,#4827,#4828,#4829,#4830,#4831,#4832)) ;
#4854=EDGE_LOOP('',(#4855,#4856,#4857,#4858,#4859,#4860)) ;
#4891=EDGE_LOOP('',(#4892,#4893,#4894,#4895)) ;
#4925=EDGE_LOOP('',(#4926,#4927,#4928)) ;
#4948=EDGE_LOOP('',(#4949,#4950,#4951,#4952)) ;
#4975=EDGE_LOOP('',(#4976,#4977,#4978)) ;
#5009=EDGE_LOOP('',(#5010,#5011,#5012,#5013,#5014)) ;
#5042=EDGE_LOOP('',(#5043,#5044,#5045,#5046,#5047,#5048)) ;
#5082=EDGE_LOOP('',(#5083,#5084,#5085,#5086,#5087,#5088,#5089,#5090,#5091,#5092,#5093,#5094)) ;
#5116=EDGE_LOOP('',(#5117,#5118,#5119,#5120,#5121,#5122)) ;
#5158=EDGE_LOOP('',(#5159,#5160,#5161,#5162)) ;
#5164=EDGE_LOOP('',(#5165,#5166)) ;
#5196=EDGE_LOOP('',(#5197,#5198,#5199,#5200)) ;
#5218=EDGE_LOOP('',(#5219,#5220,#5221,#5222,#5223)) ;
#5251=EDGE_LOOP('',(#5252,#5253,#5254,#5255,#5256,#5257)) ;
#5284=EDGE_LOOP('',(#5285,#5286,#5287,#5288)) ;
#5290=EDGE_LOOP('',(#5291,#5292)) ;
#5312=EDGE_LOOP('',(#5313,#5314,#5315,#5316,#5317)) ;
#5340=EDGE_LOOP('',(#5341,#5342,#5343,#5344)) ;
#5372=EDGE_LOOP('',(#5373,#5374,#5375,#5376,#5377,#5378)) ;
#5414=EDGE_LOOP('',(#5415,#5416,#5417,#5418)) ;
#5420=EDGE_LOOP('',(#5421,#5422)) ;
#5446=EDGE_LOOP('',(#5447,#5448,#5449,#5450,#5451)) ;
#5474=EDGE_LOOP('',(#5475,#5476,#5477,#5478)) ;
#5505=EDGE_LOOP('',(#5506,#5507,#5508,#5509)) ;
#5523=EDGE_LOOP('',(#5524,#5525,#5526,#5527,#5528,#5529)) ;
#5542=EDGE_LOOP('',(#5543,#5544,#5545,#5546,#5547,#5548)) ;
#5570=EDGE_LOOP('',(#5571,#5572,#5573,#5574)) ;
#5576=EDGE_LOOP('',(#5577,#5578)) ;
#5598=EDGE_LOOP('',(#5599,#5600,#5601,#5602,#5603)) ;
#5626=EDGE_LOOP('',(#5627,#5628,#5629,#5630)) ;
#5658=EDGE_LOOP('',(#5659,#5660,#5661,#5662,#5663,#5664)) ;
#5700=EDGE_LOOP('',(#5701,#5702,#5703,#5704)) ;
#5706=EDGE_LOOP('',(#5707,#5708)) ;
#5732=EDGE_LOOP('',(#5733,#5734,#5735,#5736,#5737)) ;
#5760=EDGE_LOOP('',(#5761,#5762,#5763,#5764)) ;
#5791=EDGE_LOOP('',(#5792,#5793,#5794,#5795)) ;
#5809=EDGE_LOOP('',(#5810,#5811,#5812,#5813,#5814,#5815)) ;
#5828=EDGE_LOOP('',(#5829,#5830,#5831,#5832,#5833,#5834)) ;
#5856=EDGE_LOOP('',(#5857,#5858,#5859,#5860)) ;
#5862=EDGE_LOOP('',(#5863,#5864)) ;
#5895=EDGE_LOOP('',(#5896,#5897,#5898,#5899)) ;
#5901=EDGE_LOOP('',(#5902,#5903)) ;
#5927=EDGE_LOOP('',(#5928,#5929,#5930,#5931,#5932)) ;
#5955=EDGE_LOOP('',(#5956,#5957,#5958,#5959)) ;
#5986=EDGE_LOOP('',(#5987,#5988,#5989,#5990)) ;
#6004=EDGE_LOOP('',(#6005,#6006,#6007,#6008,#6009,#6010)) ;
#6023=EDGE_LOOP('',(#6024,#6025,#6026,#6027,#6028,#6029)) ;
#6051=EDGE_LOOP('',(#6052,#6053,#6054,#6055)) ;
#6057=EDGE_LOOP('',(#6058,#6059)) ;
#6095=EDGE_LOOP('',(#6096,#6097,#6098,#6099)) ;
#6117=EDGE_LOOP('',(#6118,#6119,#6120,#6121,#6122,#6123,#6124,#6125,#6126,#6127,#6128,#6129,#6130,#6131,#6132,#6133,#6134,#6135,#6136,#6137)) ;
#6164=EDGE_LOOP('',(#6165,#6166,#6167,#6168,#6169)) ;
#6184=EDGE_LOOP('',(#6185,#6186,#6187,#6188,#6189)) ;
#6209=EDGE_LOOP('',(#6210,#6211,#6212,#6213,#6214)) ;
#6234=EDGE_LOOP('',(#6235,#6236,#6237,#6238,#6239)) ;
#6263=EDGE_LOOP('',(#6264,#6265,#6266,#6267,#6268,#6269)) ;
#6289=EDGE_LOOP('',(#6290,#6291,#6292,#6293,#6294)) ;
#6327=EDGE_LOOP('',(#6328,#6329,#6330,#6331,#6332,#6333)) ;
#6349=EDGE_LOOP('',(#6350,#6351,#6352,#6353,#6354,#6355)) ;
#6373=EDGE_LOOP('',(#6374,#6375,#6376)) ;
#6389=EDGE_LOOP('',(#6390,#6391,#6392,#6393)) ;
#6406=EDGE_LOOP('',(#6407,#6408,#6409)) ;
#6417=EDGE_LOOP('',(#6418,#6419,#6420,#6421)) ;
#6429=EDGE_LOOP('',(#6430,#6431,#6432,#6433)) ;
#6496=EDGE_LOOP('',(#6497,#6498,#6499,#6500)) ;
#6534=EDGE_LOOP('',(#6535,#6536,#6537,#6538,#6539)) ;
#6555=EDGE_LOOP('',(#6556,#6557)) ;
#6591=EDGE_LOOP('',(#6592,#6593,#6594,#6595,#6596)) ;
#6612=EDGE_LOOP('',(#6613,#6614)) ;
#6641=EDGE_LOOP('',(#6642,#6643,#6644,#6645)) ;
#6667=EDGE_LOOP('',(#6668,#6669,#6670,#6671)) ;
#6679=EDGE_LOOP('',(#6680,#6681,#6682,#6683)) ;
#6691=EDGE_LOOP('',(#6692,#6693,#6694,#6695)) ;
#6731=EDGE_LOOP('',(#6732,#6733,#6734,#6735)) ;
#6753=EDGE_LOOP('',(#6754,#6755,#6756,#6757)) ;
#6779=EDGE_LOOP('',(#6780,#6781)) ;
#6808=EDGE_LOOP('',(#6809,#6810,#6811,#6812)) ;
#6820=EDGE_LOOP('',(#6821,#6822,#6823,#6824)) ;
#6842=EDGE_LOOP('',(#6843,#6844,#6845,#6846)) ;
#6854=EDGE_LOOP('',(#6855,#6856,#6857,#6858)) ;
#6880=EDGE_LOOP('',(#6881,#6882)) ;
#6909=EDGE_LOOP('',(#6910,#6911,#6912,#6913)) ;
#6926=EDGE_LOOP('',(#6927,#6928,#6929,#6930)) ;
#6952=EDGE_LOOP('',(#6953,#6954,#6955,#6956)) ;
#6964=EDGE_LOOP('',(#6965,#6966,#6967,#6968)) ;
#6995=EDGE_LOOP('',(#6996,#6997,#6998,#6999)) ;
#7012=EDGE_LOOP('',(#7013,#7014,#7015,#7016)) ;
#7080=EDGE_LOOP('',(#7081,#7082,#7083,#7084,#7085,#7086,#7087,#7088)) ;
#7115=EDGE_LOOP('',(#7116,#7117,#7118,#7119)) ;
#7139=EDGE_LOOP('',(#7140,#7141,#7142,#7143)) ;
#7186=EDGE_LOOP('',(#7187,#7188,#7189,#7190,#7191)) ;
#7193=EDGE_LOOP('',(#7194,#7195)) ;
#7222=EDGE_LOOP('',(#7223,#7224,#7225,#7226)) ;
#7244=EDGE_LOOP('',(#7245,#7246,#7247,#7248)) ;
#7266=EDGE_LOOP('',(#7267,#7268,#7269,#7270)) ;
#7278=EDGE_LOOP('',(#7279,#7280,#7281,#7282,#7283,#7284)) ;
#7311=EDGE_LOOP('',(#7312,#7313,#7314,#7315)) ;
#7335=EDGE_LOOP('',(#7336,#7337,#7338,#7339)) ;
#7382=EDGE_LOOP('',(#7383,#7384,#7385,#7386,#7387)) ;
#7389=EDGE_LOOP('',(#7390,#7391)) ;
#7430=EDGE_LOOP('',(#7431,#7432,#7433,#7434,#7435,#7436,#7437,#7438,#7439,#7440,#7441,#7442)) ;
#7481=EDGE_LOOP('',(#7482,#7483,#7484,#7485,#7486,#7487,#7488,#7489,#7490,#7491,#7492,#7493)) ;
#7511=EDGE_LOOP('',(#7512,#7513,#7514,#7515)) ;
#7533=EDGE_LOOP('',(#7534,#7535,#7536,#7537)) ;
#7550=EDGE_LOOP('',(#7551,#7552,#7553,#7554)) ;
#7562=EDGE_LOOP('',(#7563,#7564,#7565,#7566,#7567,#7568)) ;
#7597=EDGE_LOOP('',(#7598,#7599,#7600,#7601)) ;
#7621=EDGE_LOOP('',(#7622,#7623,#7624,#7625)) ;
#7627=EDGE_LOOP('',(#7628,#7629)) ;
#7648=EDGE_LOOP('',(#7649,#7650,#7651,#7652)) ;
#7694=EDGE_LOOP('',(#7695,#7696,#7697,#7698,#7699,#7700)) ;
#7766=EDGE_LOOP('',(#7767,#7768,#7769)) ;
#7782=EDGE_LOOP('',(#7783,#7784,#7785,#7786)) ;
#7844=EDGE_LOOP('',(#7845,#7846,#7847)) ;
#7873=EDGE_LOOP('',(#7874,#7875,#7876,#7877)) ;
#7897=EDGE_LOOP('',(#7898,#7899,#7900,#7901)) ;
#7903=EDGE_LOOP('',(#7904,#7905)) ;
#7927=EDGE_LOOP('',(#7928,#7929,#7930,#7931)) ;
#7973=EDGE_LOOP('',(#7974,#7975,#7976,#7977,#7978,#7979)) ;
#8045=EDGE_LOOP('',(#8046,#8047,#8048)) ;
#8061=EDGE_LOOP('',(#8062,#8063,#8064,#8065)) ;
#8123=EDGE_LOOP('',(#8124,#8125,#8126)) ;
#8234=EDGE_LOOP('',(#8235,#8236,#8237,#8238)) ;
#8272=EDGE_LOOP('',(#8273,#8274,#8275,#8276,#8277)) ;
#8293=EDGE_LOOP('',(#8294,#8295)) ;
#8329=EDGE_LOOP('',(#8330,#8331,#8332,#8333,#8334)) ;
#8350=EDGE_LOOP('',(#8351,#8352)) ;
#8379=EDGE_LOOP('',(#8380,#8381,#8382,#8383)) ;
#8405=EDGE_LOOP('',(#8406,#8407,#8408,#8409)) ;
#8417=EDGE_LOOP('',(#8418,#8419,#8420,#8421)) ;
#8429=EDGE_LOOP('',(#8430,#8431,#8432,#8433)) ;
#8457=EDGE_LOOP('',(#8458,#8459,#8460)) ;
#8484=EDGE_LOOP('',(#8485,#8486,#8487)) ;
#8514=EDGE_LOOP('',(#8515,#8516,#8517,#8518)) ;
#8538=EDGE_LOOP('',(#8539,#8540,#8541,#8542)) ;
#8585=EDGE_LOOP('',(#8586,#8587,#8588,#8589,#8590)) ;
#8592=EDGE_LOOP('',(#8593,#8594)) ;
#8652=EDGE_LOOP('',(#8653,#8654,#8655,#8656,#8657,#8658,#8659,#8660)) ;
#8678=EDGE_LOOP('',(#8679,#8680,#8681,#8682)) ;
#8700=EDGE_LOOP('',(#8701,#8702,#8703,#8704)) ;
#8722=EDGE_LOOP('',(#8723,#8724,#8725,#8726)) ;
#8734=EDGE_LOOP('',(#8735,#8736,#8737,#8738,#8739,#8740)) ;
#8767=EDGE_LOOP('',(#8768,#8769,#8770,#8771)) ;
#8791=EDGE_LOOP('',(#8792,#8793,#8794,#8795)) ;
#8838=EDGE_LOOP('',(#8839,#8840,#8841,#8842,#8843)) ;
#8845=EDGE_LOOP('',(#8846,#8847)) ;
#8905=EDGE_LOOP('',(#8906,#8907,#8908,#8909,#8910,#8911,#8912,#8913)) ;
#9019=EDGE_LOOP('',(#9020,#9021,#9022,#9023,#9024,#9025,#9026,#9027,#9028,#9029,#9030,#9031,#9032,#9033,#9034,#9035)) ;
#9053=EDGE_LOOP('',(#9054,#9055,#9056,#9057)) ;
#9070=EDGE_LOOP('',(#9071,#9072,#9073,#9074)) ;
#9092=EDGE_LOOP('',(#9093,#9094,#9095,#9096)) ;
#9104=EDGE_LOOP('',(#9105,#9106,#9107,#9108,#9109,#9110)) ;
#9137=EDGE_LOOP('',(#9138,#9139,#9140,#9141,#9142,#9143,#9144)) ;
#9164=EDGE_LOOP('',(#9165,#9166,#9167,#9168)) ;
#9188=EDGE_LOOP('',(#9189,#9190,#9191,#9192,#9193,#9194,#9195)) ;
#9210=EDGE_LOOP('',(#9211,#9212,#9213,#9214,#9215)) ;
#9235=EDGE_LOOP('',(#9236,#9237,#9238,#9239)) ;
#9254=EDGE_LOOP('',(#9255,#9256,#9257,#9258,#9259)) ;
#9295=EDGE_LOOP('',(#9296,#9297,#9298,#9299)) ;
#9319=EDGE_LOOP('',(#9320,#9321,#9322,#9323)) ;
#9336=EDGE_LOOP('',(#9337,#9338,#9339,#9340,#9341,#9342,#9343,#9344,#9345,#9346,#9347,#9348)) ;
#9366=EDGE_LOOP('',(#9367,#9368,#9369,#9370)) ;
#9383=EDGE_LOOP('',(#9384,#9385,#9386)) ;
#9399=EDGE_LOOP('',(#9400,#9401,#9402,#9403)) ;
#9416=EDGE_LOOP('',(#9417,#9418,#9419)) ;
#9432=EDGE_LOOP('',(#9433,#9434,#9435,#9436)) ;
#9449=EDGE_LOOP('',(#9450,#9451,#9452)) ;
#9465=EDGE_LOOP('',(#9466,#9467,#9468,#9469)) ;
#9477=EDGE_LOOP('',(#9478,#9479,#9480)) ;
#101=FACE_OUTER_BOUND('',#96,.T.) ;
#118=FACE_OUTER_BOUND('',#113,.T.) ;
#128=FACE_OUTER_BOUND('',#125,.T.) ;
#168=FACE_OUTER_BOUND('',#163,.T.) ;
#185=FACE_OUTER_BOUND('',#180,.T.) ;
#195=FACE_OUTER_BOUND('',#192,.T.) ;
#209=FACE_OUTER_BOUND('',#206,.T.) ;
#317=FACE_OUTER_BOUND('',#312,.T.) ;
#352=FACE_OUTER_BOUND('',#347,.T.) ;
#369=FACE_OUTER_BOUND('',#364,.T.) ;
#386=FACE_OUTER_BOUND('',#381,.T.) ;
#417=FACE_OUTER_BOUND('',#412,.T.) ;
#448=FACE_OUTER_BOUND('',#443,.T.) ;
#479=FACE_OUTER_BOUND('',#474,.T.) ;
#497=FACE_OUTER_BOUND('',#491,.T.) ;
#519=FACE_OUTER_BOUND('',#513,.T.) ;
#535=FACE_OUTER_BOUND('',#530,.T.) ;
#561=FACE_OUTER_BOUND('',#556,.T.) ;
#592=FACE_OUTER_BOUND('',#587,.T.) ;
#618=FACE_OUTER_BOUND('',#613,.T.) ;
#636=FACE_OUTER_BOUND('',#630,.T.) ;
#658=FACE_OUTER_BOUND('',#652,.T.) ;
#674=FACE_OUTER_BOUND('',#669,.T.) ;
#741=FACE_OUTER_BOUND('',#736,.T.) ;
#758=FACE_OUTER_BOUND('',#753,.T.) ;
#768=FACE_OUTER_BOUND('',#765,.T.) ;
#796=FACE_OUTER_BOUND('',#793,.T.) ;
#836=FACE_OUTER_BOUND('',#831,.T.) ;
#843=FACE_OUTER_BOUND('',#838,.T.) ;
#910=FACE_OUTER_BOUND('',#905,.T.) ;
#941=FACE_OUTER_BOUND('',#936,.T.) ;
#972=FACE_OUTER_BOUND('',#967,.T.) ;
#994=FACE_OUTER_BOUND('',#989,.T.) ;
#1034=FACE_OUTER_BOUND('',#1029,.T.) ;
#1065=FACE_OUTER_BOUND('',#1060,.T.) ;
#1096=FACE_OUTER_BOUND('',#1091,.T.) ;
#1118=FACE_OUTER_BOUND('',#1113,.T.) ;
#1130=FACE_OUTER_BOUND('',#1125,.T.) ;
#1184=FACE_OUTER_BOUND('',#1179,.T.) ;
#1261=FACE_OUTER_BOUND('',#1256,.T.) ;
#1287=FACE_OUTER_BOUND('',#1282,.T.) ;
#1313=FACE_OUTER_BOUND('',#1308,.T.) ;
#1330=FACE_OUTER_BOUND('',#1325,.T.) ;
#1365=FACE_OUTER_BOUND('',#1360,.T.) ;
#1391=FACE_OUTER_BOUND('',#1386,.T.) ;
#1417=FACE_OUTER_BOUND('',#1412,.T.) ;
#1434=FACE_OUTER_BOUND('',#1429,.T.) ;
#1446=FACE_OUTER_BOUND('',#1441,.T.) ;
#1500=FACE_OUTER_BOUND('',#1495,.T.) ;
#1573=FACE_OUTER_BOUND('',#1568,.T.) ;
#1590=FACE_OUTER_BOUND('',#1585,.T.) ;
#1616=FACE_OUTER_BOUND('',#1611,.T.) ;
#1628=FACE_OUTER_BOUND('',#1623,.T.) ;
#1635=FACE_OUTER_BOUND('',#1630,.T.) ;
#1647=FACE_OUTER_BOUND('',#1642,.T.) ;
#1671=FACE_OUTER_BOUND('',#1668,.T.) ;
#1699=FACE_OUTER_BOUND('',#1696,.T.) ;
#1727=FACE_OUTER_BOUND('',#1724,.T.) ;
#1749=FACE_OUTER_BOUND('',#1744,.T.) ;
#1761=FACE_OUTER_BOUND('',#1756,.T.) ;
#1785=FACE_OUTER_BOUND('',#1782,.T.) ;
#1807=FACE_OUTER_BOUND('',#1802,.T.) ;
#1819=FACE_OUTER_BOUND('',#1814,.T.) ;
#1850=FACE_OUTER_BOUND('',#1845,.T.) ;
#1867=FACE_OUTER_BOUND('',#1862,.T.) ;
#1893=FACE_OUTER_BOUND('',#1888,.T.) ;
#1905=FACE_OUTER_BOUND('',#1900,.T.) ;
#1912=FACE_OUTER_BOUND('',#1907,.T.) ;
#1924=FACE_OUTER_BOUND('',#1919,.T.) ;
#1943=FACE_OUTER_BOUND('',#1940,.T.) ;
#1966=FACE_OUTER_BOUND('',#1963,.T.) ;
#1989=FACE_OUTER_BOUND('',#1986,.T.) ;
#2011=FACE_OUTER_BOUND('',#2006,.T.) ;
#2023=FACE_OUTER_BOUND('',#2018,.T.) ;
#2042=FACE_OUTER_BOUND('',#2039,.T.) ;
#2064=FACE_OUTER_BOUND('',#2059,.T.) ;
#2076=FACE_OUTER_BOUND('',#2071,.T.) ;
#2143=FACE_OUTER_BOUND('',#2138,.T.) ;
#2174=FACE_OUTER_BOUND('',#2169,.T.) ;
#2205=FACE_OUTER_BOUND('',#2200,.T.) ;
#2227=FACE_OUTER_BOUND('',#2222,.T.) ;
#2267=FACE_OUTER_BOUND('',#2262,.T.) ;
#2298=FACE_OUTER_BOUND('',#2293,.T.) ;
#2329=FACE_OUTER_BOUND('',#2324,.T.) ;
#2351=FACE_OUTER_BOUND('',#2346,.T.) ;
#2363=FACE_OUTER_BOUND('',#2358,.T.) ;
#2417=FACE_OUTER_BOUND('',#2412,.T.) ;
#2566=FACE_OUTER_BOUND('',#2561,.T.) ;
#2592=FACE_OUTER_BOUND('',#2587,.T.) ;
#2618=FACE_OUTER_BOUND('',#2613,.T.) ;
#2635=FACE_OUTER_BOUND('',#2630,.T.) ;
#2670=FACE_OUTER_BOUND('',#2665,.T.) ;
#2696=FACE_OUTER_BOUND('',#2691,.T.) ;
#2722=FACE_OUTER_BOUND('',#2717,.T.) ;
#2739=FACE_OUTER_BOUND('',#2734,.T.) ;
#2751=FACE_OUTER_BOUND('',#2746,.T.) ;
#2805=FACE_OUTER_BOUND('',#2800,.T.) ;
#2941=FACE_OUTER_BOUND('',#2936,.T.) ;
#2948=FACE_OUTER_BOUND('',#2943,.T.) ;
#2970=FACE_OUTER_BOUND('',#2965,.T.) ;
#2977=FACE_OUTER_BOUND('',#2972,.T.) ;
#2999=FACE_OUTER_BOUND('',#2994,.T.) ;
#3006=FACE_OUTER_BOUND('',#3001,.T.) ;
#3028=FACE_OUTER_BOUND('',#3023,.T.) ;
#3035=FACE_OUTER_BOUND('',#3030,.T.) ;
#3057=FACE_OUTER_BOUND('',#3052,.T.) ;
#3074=FACE_OUTER_BOUND('',#3069,.T.) ;
#3081=FACE_OUTER_BOUND('',#3076,.T.) ;
#3088=FACE_OUTER_BOUND('',#3083,.T.) ;
#3110=FACE_OUTER_BOUND('',#3105,.T.) ;
#3127=FACE_OUTER_BOUND('',#3122,.T.) ;
#3134=FACE_OUTER_BOUND('',#3129,.T.) ;
#3141=FACE_OUTER_BOUND('',#3136,.T.) ;
#3223=FACE_OUTER_BOUND('',#3218,.T.) ;
#3254=FACE_OUTER_BOUND('',#3249,.T.) ;
#3285=FACE_OUTER_BOUND('',#3280,.T.) ;
#3361=FACE_OUTER_BOUND('',#3356,.T.) ;
#3401=FACE_OUTER_BOUND('',#3396,.T.) ;
#3418=FACE_OUTER_BOUND('',#3413,.T.) ;
#3430=FACE_OUTER_BOUND('',#3425,.T.) ;
#3446=FACE_OUTER_BOUND('',#3441,.T.) ;
#3481=FACE_OUTER_BOUND('',#3476,.T.) ;
#3493=FACE_OUTER_BOUND('',#3488,.T.) ;
#3503=FACE_OUTER_BOUND('',#3500,.T.) ;
#3554=FACE_OUTER_BOUND('',#3551,.T.) ;
#3578=FACE_OUTER_BOUND('',#3575,.T.) ;
#3609=FACE_OUTER_BOUND('',#3604,.T.) ;
#3626=FACE_OUTER_BOUND('',#3621,.T.) ;
#3650=FACE_OUTER_BOUND('',#3647,.T.) ;
#3681=FACE_OUTER_BOUND('',#3676,.T.) ;
#3716=FACE_OUTER_BOUND('',#3711,.T.) ;
#3728=FACE_OUTER_BOUND('',#3723,.T.) ;
#3745=FACE_OUTER_BOUND('',#3740,.T.) ;
#3767=FACE_OUTER_BOUND('',#3762,.T.) ;
#3779=FACE_OUTER_BOUND('',#3774,.T.) ;
#3803=FACE_OUTER_BOUND('',#3800,.T.) ;
#3834=FACE_OUTER_BOUND('',#3829,.T.) ;
#3851=FACE_OUTER_BOUND('',#3846,.T.) ;
#3875=FACE_OUTER_BOUND('',#3872,.T.) ;
#3906=FACE_OUTER_BOUND('',#3901,.T.) ;
#3941=FACE_OUTER_BOUND('',#3936,.T.) ;
#3953=FACE_OUTER_BOUND('',#3948,.T.) ;
#3970=FACE_OUTER_BOUND('',#3965,.T.) ;
#3992=FACE_OUTER_BOUND('',#3987,.T.) ;
#4004=FACE_OUTER_BOUND('',#3999,.T.) ;
#4028=FACE_OUTER_BOUND('',#4025,.T.) ;
#4059=FACE_OUTER_BOUND('',#4054,.T.) ;
#4076=FACE_OUTER_BOUND('',#4071,.T.) ;
#4100=FACE_OUTER_BOUND('',#4097,.T.) ;
#4131=FACE_OUTER_BOUND('',#4126,.T.) ;
#4166=FACE_OUTER_BOUND('',#4161,.T.) ;
#4178=FACE_OUTER_BOUND('',#4173,.T.) ;
#4195=FACE_OUTER_BOUND('',#4190,.T.) ;
#4217=FACE_OUTER_BOUND('',#4212,.T.) ;
#4229=FACE_OUTER_BOUND('',#4224,.T.) ;
#4253=FACE_OUTER_BOUND('',#4250,.T.) ;
#4284=FACE_OUTER_BOUND('',#4279,.T.) ;
#4301=FACE_OUTER_BOUND('',#4296,.T.) ;
#4325=FACE_OUTER_BOUND('',#4322,.T.) ;
#4356=FACE_OUTER_BOUND('',#4351,.T.) ;
#4391=FACE_OUTER_BOUND('',#4386,.T.) ;
#4403=FACE_OUTER_BOUND('',#4398,.T.) ;
#4420=FACE_OUTER_BOUND('',#4415,.T.) ;
#4442=FACE_OUTER_BOUND('',#4437,.T.) ;
#4454=FACE_OUTER_BOUND('',#4449,.T.) ;
#4502=FACE_OUTER_BOUND('',#4496,.T.) ;
#4535=FACE_OUTER_BOUND('',#4531,.T.) ;
#4559=FACE_OUTER_BOUND('',#4554,.T.) ;
#4585=FACE_OUTER_BOUND('',#4581,.T.) ;
#4630=FACE_OUTER_BOUND('',#4623,.T.) ;
#4671=FACE_OUTER_BOUND('',#4665,.T.) ;
#4697=FACE_OUTER_BOUND('',#4692,.T.) ;
#4730=FACE_OUTER_BOUND('',#4726,.T.) ;
#4754=FACE_OUTER_BOUND('',#4749,.T.) ;
#4770=FACE_OUTER_BOUND('',#4766,.T.) ;
#4833=FACE_OUTER_BOUND('',#4820,.T.) ;
#4861=FACE_OUTER_BOUND('',#4854,.T.) ;
#4896=FACE_OUTER_BOUND('',#4891,.T.) ;
#4929=FACE_OUTER_BOUND('',#4925,.T.) ;
#4953=FACE_OUTER_BOUND('',#4948,.T.) ;
#4979=FACE_OUTER_BOUND('',#4975,.T.) ;
#5015=FACE_OUTER_BOUND('',#5009,.T.) ;
#5049=FACE_OUTER_BOUND('',#5042,.T.) ;
#5095=FACE_OUTER_BOUND('',#5082,.T.) ;
#5123=FACE_OUTER_BOUND('',#5116,.T.) ;
#5163=FACE_OUTER_BOUND('',#5158,.T.) ;
#5201=FACE_OUTER_BOUND('',#5196,.T.) ;
#5224=FACE_OUTER_BOUND('',#5218,.T.) ;
#5258=FACE_OUTER_BOUND('',#5251,.T.) ;
#5289=FACE_OUTER_BOUND('',#5284,.T.) ;
#5318=FACE_OUTER_BOUND('',#5312,.T.) ;
#5345=FACE_OUTER_BOUND('',#5340,.T.) ;
#5379=FACE_OUTER_BOUND('',#5372,.T.) ;
#5419=FACE_OUTER_BOUND('',#5414,.T.) ;
#5452=FACE_OUTER_BOUND('',#5446,.T.) ;
#5479=FACE_OUTER_BOUND('',#5474,.T.) ;
#5510=FACE_OUTER_BOUND('',#5505,.T.) ;
#5530=FACE_OUTER_BOUND('',#5523,.T.) ;
#5549=FACE_OUTER_BOUND('',#5542,.T.) ;
#5575=FACE_OUTER_BOUND('',#5570,.T.) ;
#5604=FACE_OUTER_BOUND('',#5598,.T.) ;
#5631=FACE_OUTER_BOUND('',#5626,.T.) ;
#5665=FACE_OUTER_BOUND('',#5658,.T.) ;
#5705=FACE_OUTER_BOUND('',#5700,.T.) ;
#5738=FACE_OUTER_BOUND('',#5732,.T.) ;
#5765=FACE_OUTER_BOUND('',#5760,.T.) ;
#5796=FACE_OUTER_BOUND('',#5791,.T.) ;
#5816=FACE_OUTER_BOUND('',#5809,.T.) ;
#5835=FACE_OUTER_BOUND('',#5828,.T.) ;
#5861=FACE_OUTER_BOUND('',#5856,.T.) ;
#5900=FACE_OUTER_BOUND('',#5895,.T.) ;
#5933=FACE_OUTER_BOUND('',#5927,.T.) ;
#5960=FACE_OUTER_BOUND('',#5955,.T.) ;
#5991=FACE_OUTER_BOUND('',#5986,.T.) ;
#6011=FACE_OUTER_BOUND('',#6004,.T.) ;
#6030=FACE_OUTER_BOUND('',#6023,.T.) ;
#6056=FACE_OUTER_BOUND('',#6051,.T.) ;
#6100=FACE_OUTER_BOUND('',#6095,.T.) ;
#6138=FACE_OUTER_BOUND('',#6117,.T.) ;
#6170=FACE_OUTER_BOUND('',#6164,.T.) ;
#6190=FACE_OUTER_BOUND('',#6184,.T.) ;
#6215=FACE_OUTER_BOUND('',#6209,.T.) ;
#6240=FACE_OUTER_BOUND('',#6234,.T.) ;
#6270=FACE_OUTER_BOUND('',#6263,.T.) ;
#6295=FACE_OUTER_BOUND('',#6289,.T.) ;
#6334=FACE_OUTER_BOUND('',#6327,.T.) ;
#6356=FACE_OUTER_BOUND('',#6349,.T.) ;
#6377=FACE_OUTER_BOUND('',#6373,.T.) ;
#6394=FACE_OUTER_BOUND('',#6389,.T.) ;
#6410=FACE_OUTER_BOUND('',#6406,.T.) ;
#6422=FACE_OUTER_BOUND('',#6417,.T.) ;
#6434=FACE_OUTER_BOUND('',#6429,.T.) ;
#6501=FACE_OUTER_BOUND('',#6496,.T.) ;
#6540=FACE_OUTER_BOUND('',#6534,.T.) ;
#6597=FACE_OUTER_BOUND('',#6591,.T.) ;
#6646=FACE_OUTER_BOUND('',#6641,.T.) ;
#6672=FACE_OUTER_BOUND('',#6667,.T.) ;
#6684=FACE_OUTER_BOUND('',#6679,.T.) ;
#6696=FACE_OUTER_BOUND('',#6691,.T.) ;
#6736=FACE_OUTER_BOUND('',#6731,.T.) ;
#6758=FACE_OUTER_BOUND('',#6753,.T.) ;
#6782=FACE_OUTER_BOUND('',#6779,.T.) ;
#6813=FACE_OUTER_BOUND('',#6808,.T.) ;
#6825=FACE_OUTER_BOUND('',#6820,.T.) ;
#6847=FACE_OUTER_BOUND('',#6842,.T.) ;
#6859=FACE_OUTER_BOUND('',#6854,.T.) ;
#6883=FACE_OUTER_BOUND('',#6880,.T.) ;
#6914=FACE_OUTER_BOUND('',#6909,.T.) ;
#6931=FACE_OUTER_BOUND('',#6926,.T.) ;
#6957=FACE_OUTER_BOUND('',#6952,.T.) ;
#6969=FACE_OUTER_BOUND('',#6964,.T.) ;
#7000=FACE_OUTER_BOUND('',#6995,.T.) ;
#7017=FACE_OUTER_BOUND('',#7012,.T.) ;
#7089=FACE_OUTER_BOUND('',#7080,.T.) ;
#7120=FACE_OUTER_BOUND('',#7115,.T.) ;
#7144=FACE_OUTER_BOUND('',#7139,.T.) ;
#7192=FACE_OUTER_BOUND('',#7186,.T.) ;
#7227=FACE_OUTER_BOUND('',#7222,.T.) ;
#7249=FACE_OUTER_BOUND('',#7244,.T.) ;
#7271=FACE_OUTER_BOUND('',#7266,.T.) ;
#7285=FACE_OUTER_BOUND('',#7278,.T.) ;
#7316=FACE_OUTER_BOUND('',#7311,.T.) ;
#7340=FACE_OUTER_BOUND('',#7335,.T.) ;
#7388=FACE_OUTER_BOUND('',#7382,.T.) ;
#7443=FACE_OUTER_BOUND('',#7430,.T.) ;
#7494=FACE_OUTER_BOUND('',#7481,.T.) ;
#7516=FACE_OUTER_BOUND('',#7511,.T.) ;
#7538=FACE_OUTER_BOUND('',#7533,.T.) ;
#7555=FACE_OUTER_BOUND('',#7550,.T.) ;
#7569=FACE_OUTER_BOUND('',#7562,.T.) ;
#7602=FACE_OUTER_BOUND('',#7597,.T.) ;
#7626=FACE_OUTER_BOUND('',#7621,.T.) ;
#7653=FACE_OUTER_BOUND('',#7648,.T.) ;
#7701=FACE_OUTER_BOUND('',#7694,.T.) ;
#7770=FACE_OUTER_BOUND('',#7766,.T.) ;
#7787=FACE_OUTER_BOUND('',#7782,.T.) ;
#7848=FACE_OUTER_BOUND('',#7844,.T.) ;
#7878=FACE_OUTER_BOUND('',#7873,.T.) ;
#7902=FACE_OUTER_BOUND('',#7897,.T.) ;
#7932=FACE_OUTER_BOUND('',#7927,.T.) ;
#7980=FACE_OUTER_BOUND('',#7973,.T.) ;
#8049=FACE_OUTER_BOUND('',#8045,.T.) ;
#8066=FACE_OUTER_BOUND('',#8061,.T.) ;
#8127=FACE_OUTER_BOUND('',#8123,.T.) ;
#8239=FACE_OUTER_BOUND('',#8234,.T.) ;
#8278=FACE_OUTER_BOUND('',#8272,.T.) ;
#8335=FACE_OUTER_BOUND('',#8329,.T.) ;
#8384=FACE_OUTER_BOUND('',#8379,.T.) ;
#8410=FACE_OUTER_BOUND('',#8405,.T.) ;
#8422=FACE_OUTER_BOUND('',#8417,.T.) ;
#8434=FACE_OUTER_BOUND('',#8429,.T.) ;
#8461=FACE_OUTER_BOUND('',#8457,.T.) ;
#8488=FACE_OUTER_BOUND('',#8484,.T.) ;
#8519=FACE_OUTER_BOUND('',#8514,.T.) ;
#8543=FACE_OUTER_BOUND('',#8538,.T.) ;
#8591=FACE_OUTER_BOUND('',#8585,.T.) ;
#8661=FACE_OUTER_BOUND('',#8652,.T.) ;
#8683=FACE_OUTER_BOUND('',#8678,.T.) ;
#8705=FACE_OUTER_BOUND('',#8700,.T.) ;
#8727=FACE_OUTER_BOUND('',#8722,.T.) ;
#8741=FACE_OUTER_BOUND('',#8734,.T.) ;
#8772=FACE_OUTER_BOUND('',#8767,.T.) ;
#8796=FACE_OUTER_BOUND('',#8791,.T.) ;
#8844=FACE_OUTER_BOUND('',#8838,.T.) ;
#8914=FACE_OUTER_BOUND('',#8905,.T.) ;
#9036=FACE_OUTER_BOUND('',#9019,.T.) ;
#9058=FACE_OUTER_BOUND('',#9053,.T.) ;
#9075=FACE_OUTER_BOUND('',#9070,.T.) ;
#9097=FACE_OUTER_BOUND('',#9092,.T.) ;
#9111=FACE_OUTER_BOUND('',#9104,.T.) ;
#9145=FACE_OUTER_BOUND('',#9137,.T.) ;
#9169=FACE_OUTER_BOUND('',#9164,.T.) ;
#9196=FACE_OUTER_BOUND('',#9188,.T.) ;
#9216=FACE_OUTER_BOUND('',#9210,.T.) ;
#9240=FACE_OUTER_BOUND('',#9235,.T.) ;
#9260=FACE_OUTER_BOUND('',#9254,.T.) ;
#9300=FACE_OUTER_BOUND('',#9295,.T.) ;
#9324=FACE_OUTER_BOUND('',#9319,.T.) ;
#9349=FACE_OUTER_BOUND('',#9336,.T.) ;
#9371=FACE_OUTER_BOUND('',#9366,.T.) ;
#9387=FACE_OUTER_BOUND('',#9383,.T.) ;
#9404=FACE_OUTER_BOUND('',#9399,.T.) ;
#9420=FACE_OUTER_BOUND('',#9416,.T.) ;
#9437=FACE_OUTER_BOUND('',#9432,.T.) ;
#9453=FACE_OUTER_BOUND('',#9449,.T.) ;
#9470=FACE_OUTER_BOUND('',#9465,.T.) ;
#9481=FACE_OUTER_BOUND('',#9477,.T.) ;
#50=UNCERTAINTY_MEASURE_WITH_UNIT(LENGTH_MEASURE(0.005),#46,'distance_accuracy_value','CONFUSED CURVE UNCERTAINTY') ;
#52=UNCERTAINTY_MEASURE_WITH_UNIT(LENGTH_MEASURE(0.005),#46,'distance_accuracy_value','CONFUSED CURVE UNCERTAINTY') ;
#692=UNCERTAINTY_MEASURE_WITH_UNIT(LENGTH_MEASURE(0.005),#46,'distance_accuracy_value','CONFUSED CURVE UNCERTAINTY') ;
#861=UNCERTAINTY_MEASURE_WITH_UNIT(LENGTH_MEASURE(0.005),#46,'distance_accuracy_value','CONFUSED CURVE UNCERTAINTY') ;
#2094=UNCERTAINTY_MEASURE_WITH_UNIT(LENGTH_MEASURE(0.005),#46,'distance_accuracy_value','CONFUSED CURVE UNCERTAINTY') ;
#3159=UNCERTAINTY_MEASURE_WITH_UNIT(LENGTH_MEASURE(0.005),#46,'distance_accuracy_value','CONFUSED CURVE UNCERTAINTY') ;
#3174=UNCERTAINTY_MEASURE_WITH_UNIT(LENGTH_MEASURE(0.005),#46,'distance_accuracy_value','CONFUSED CURVE UNCERTAINTY') ;
#3521=UNCERTAINTY_MEASURE_WITH_UNIT(LENGTH_MEASURE(0.005),#46,'distance_accuracy_value','CONFUSED CURVE UNCERTAINTY') ;
#6452=UNCERTAINTY_MEASURE_WITH_UNIT(LENGTH_MEASURE(0.005),#46,'distance_accuracy_value','CONFUSED CURVE UNCERTAINTY') ;
#8145=UNCERTAINTY_MEASURE_WITH_UNIT(LENGTH_MEASURE(0.005),#46,'distance_accuracy_value','CONFUSED CURVE UNCERTAINTY') ;
#8160=UNCERTAINTY_MEASURE_WITH_UNIT(LENGTH_MEASURE(0.005),#46,'distance_accuracy_value','CONFUSED CURVE UNCERTAINTY') ;
#8175=UNCERTAINTY_MEASURE_WITH_UNIT(LENGTH_MEASURE(0.005),#46,'distance_accuracy_value','CONFUSED CURVE UNCERTAINTY') ;
#8190=UNCERTAINTY_MEASURE_WITH_UNIT(LENGTH_MEASURE(0.005),#46,'distance_accuracy_value','CONFUSED CURVE UNCERTAINTY') ;
#9499=UNCERTAINTY_MEASURE_WITH_UNIT(LENGTH_MEASURE(0.005),#46,'distance_accuracy_value','CONFUSED CURVE UNCERTAINTY') ;
#9514=UNCERTAINTY_MEASURE_WITH_UNIT(LENGTH_MEASURE(0.005),#46,'distance_accuracy_value','CONFUSED CURVE UNCERTAINTY') ;
#9529=UNCERTAINTY_MEASURE_WITH_UNIT(LENGTH_MEASURE(0.005),#46,'distance_accuracy_value','CONFUSED CURVE UNCERTAINTY') ;
#71=LINE('Line',#68,#70) ;
#87=LINE('Line',#84,#86) ;
#147=LINE('Line',#144,#146) ;
#161=LINE('Line',#158,#160) ;
#213=LINE('Line',#210,#212) ;
#222=LINE('Line',#219,#221) ;
#229=LINE('Line',#226,#228) ;
#236=LINE('Line',#233,#235) ;
#247=LINE('Line',#244,#246) ;
#256=LINE('Line',#253,#255) ;
#263=LINE('Line',#260,#262) ;
#270=LINE('Line',#267,#269) ;
#287=LINE('Line',#284,#286) ;
#303=LINE('Line',#300,#302) ;
#322=LINE('Line',#319,#321) ;
#338=LINE('Line',#335,#337) ;
#396=LINE('Line',#393,#395) ;
#405=LINE('Line',#402,#404) ;
#410=LINE('Line',#407,#409) ;
#441=LINE('Line',#438,#440) ;
#458=LINE('Line',#455,#457) ;
#467=LINE('Line',#464,#466) ;
#472=LINE('Line',#469,#471) ;
#540=LINE('Line',#537,#539) ;
#549=LINE('Line',#546,#548) ;
#554=LINE('Line',#551,#553) ;
#585=LINE('Line',#582,#584) ;
#597=LINE('Line',#594,#596) ;
#606=LINE('Line',#603,#605) ;
#611=LINE('Line',#608,#610) ;
#711=LINE('Line',#708,#710) ;
#727=LINE('Line',#724,#726) ;
#824=LINE('Line',#821,#823) ;
#829=LINE('Line',#826,#828) ;
#880=LINE('Line',#877,#879) ;
#896=LINE('Line',#893,#895) ;
#920=LINE('Line',#917,#919) ;
#927=LINE('Line',#924,#926) ;
#934=LINE('Line',#931,#933) ;
#958=LINE('Line',#955,#957) ;
#982=LINE('Line',#979,#981) ;
#987=LINE('Line',#984,#986) ;
#1004=LINE('Line',#1001,#1003) ;
#1013=LINE('Line',#1010,#1012) ;
#1020=LINE('Line',#1017,#1019) ;
#1027=LINE('Line',#1024,#1026) ;
#1058=LINE('Line',#1055,#1057) ;
#1075=LINE('Line',#1072,#1074) ;
#1082=LINE('Line',#1079,#1081) ;
#1089=LINE('Line',#1086,#1088) ;
#1240=LINE('Line',#1237,#1239) ;
#1254=LINE('Line',#1251,#1253) ;
#1266=LINE('Line',#1263,#1265) ;
#1273=LINE('Line',#1270,#1272) ;
#1280=LINE('Line',#1277,#1279) ;
#1299=LINE('Line',#1296,#1298) ;
#1318=LINE('Line',#1315,#1317) ;
#1323=LINE('Line',#1320,#1322) ;
#1335=LINE('Line',#1332,#1334) ;
#1344=LINE('Line',#1341,#1343) ;
#1351=LINE('Line',#1348,#1350) ;
#1358=LINE('Line',#1355,#1357) ;
#1370=LINE('Line',#1367,#1369) ;
#1396=LINE('Line',#1393,#1395) ;
#1405=LINE('Line',#1402,#1404) ;
#1410=LINE('Line',#1407,#1409) ;
#1552=LINE('Line',#1549,#1551) ;
#1566=LINE('Line',#1563,#1565) ;
#1578=LINE('Line',#1575,#1577) ;
#1583=LINE('Line',#1580,#1582) ;
#1595=LINE('Line',#1592,#1594) ;
#1609=LINE('Line',#1606,#1608) ;
#1829=LINE('Line',#1826,#1828) ;
#1843=LINE('Line',#1840,#1842) ;
#1855=LINE('Line',#1852,#1854) ;
#1860=LINE('Line',#1857,#1859) ;
#1872=LINE('Line',#1869,#1871) ;
#1886=LINE('Line',#1883,#1885) ;
#2113=LINE('Line',#2110,#2112) ;
#2129=LINE('Line',#2126,#2128) ;
#2153=LINE('Line',#2150,#2152) ;
#2160=LINE('Line',#2157,#2159) ;
#2167=LINE('Line',#2164,#2166) ;
#2191=LINE('Line',#2188,#2190) ;
#2215=LINE('Line',#2212,#2214) ;
#2220=LINE('Line',#2217,#2219) ;
#2237=LINE('Line',#2234,#2236) ;
#2246=LINE('Line',#2243,#2245) ;
#2253=LINE('Line',#2250,#2252) ;
#2260=LINE('Line',#2257,#2259) ;
#2291=LINE('Line',#2288,#2290) ;
#2308=LINE('Line',#2305,#2307) ;
#2315=LINE('Line',#2312,#2314) ;
#2322=LINE('Line',#2319,#2321) ;
#2545=LINE('Line',#2542,#2544) ;
#2559=LINE('Line',#2556,#2558) ;
#2571=LINE('Line',#2568,#2570) ;
#2578=LINE('Line',#2575,#2577) ;
#2585=LINE('Line',#2582,#2584) ;
#2604=LINE('Line',#2601,#2603) ;
#2623=LINE('Line',#2620,#2622) ;
#2628=LINE('Line',#2625,#2627) ;
#2640=LINE('Line',#2637,#2639) ;
#2649=LINE('Line',#2646,#2648) ;
#2656=LINE('Line',#2653,#2655) ;
#2663=LINE('Line',#2660,#2662) ;
#2675=LINE('Line',#2672,#2674) ;
#2701=LINE('Line',#2698,#2700) ;
#2710=LINE('Line',#2707,#2709) ;
#2715=LINE('Line',#2712,#2714) ;
#2929=LINE('Line',#2926,#2928) ;
#2934=LINE('Line',#2931,#2933) ;
#2958=LINE('Line',#2955,#2957) ;
#2963=LINE('Line',#2960,#2962) ;
#2987=LINE('Line',#2984,#2986) ;
#2992=LINE('Line',#2989,#2991) ;
#3016=LINE('Line',#3013,#3015) ;
#3021=LINE('Line',#3018,#3020) ;
#3045=LINE('Line',#3042,#3044) ;
#3050=LINE('Line',#3047,#3049) ;
#3062=LINE('Line',#3059,#3061) ;
#3067=LINE('Line',#3064,#3066) ;
#3098=LINE('Line',#3095,#3097) ;
#3103=LINE('Line',#3100,#3102) ;
#3115=LINE('Line',#3112,#3114) ;
#3120=LINE('Line',#3117,#3119) ;
#3193=LINE('Line',#3190,#3192) ;
#3209=LINE('Line',#3206,#3208) ;
#3233=LINE('Line',#3230,#3232) ;
#3240=LINE('Line',#3237,#3239) ;
#3247=LINE('Line',#3244,#3246) ;
#3271=LINE('Line',#3268,#3270) ;
#3349=LINE('Line',#3346,#3348) ;
#3354=LINE('Line',#3351,#3353) ;
#3380=LINE('Line',#3377,#3379) ;
#3394=LINE('Line',#3391,#3393) ;
#3460=LINE('Line',#3457,#3459) ;
#3474=LINE('Line',#3471,#3473) ;
#3660=LINE('Line',#3657,#3659) ;
#3667=LINE('Line',#3664,#3666) ;
#3686=LINE('Line',#3683,#3685) ;
#3702=LINE('Line',#3699,#3701) ;
#3885=LINE('Line',#3882,#3884) ;
#3892=LINE('Line',#3889,#3891) ;
#3911=LINE('Line',#3908,#3910) ;
#3927=LINE('Line',#3924,#3926) ;
#4110=LINE('Line',#4107,#4109) ;
#4117=LINE('Line',#4114,#4116) ;
#4136=LINE('Line',#4133,#4135) ;
#4152=LINE('Line',#4149,#4151) ;
#4335=LINE('Line',#4332,#4334) ;
#4342=LINE('Line',#4339,#4341) ;
#4361=LINE('Line',#4358,#4360) ;
#4377=LINE('Line',#4374,#4376) ;
#4464=LINE('Line',#4461,#4463) ;
#4473=LINE('Line',#4470,#4472) ;
#4494=LINE('Line',#4491,#4493) ;
#4552=LINE('Line',#4549,#4551) ;
#4595=LINE('Line',#4592,#4594) ;
#4640=LINE('Line',#4637,#4639) ;
#4656=LINE('Line',#4653,#4655) ;
#4676=LINE('Line',#4673,#4675) ;
#4683=LINE('Line',#4680,#4682) ;
#4747=LINE('Line',#4744,#4746) ;
#4806=LINE('Line',#4803,#4805) ;
#4811=LINE('Line',#4808,#4810) ;
#4843=LINE('Line',#4840,#4842) ;
#4866=LINE('Line',#4863,#4865) ;
#4875=LINE('Line',#4872,#4874) ;
#4882=LINE('Line',#4879,#4881) ;
#4939=LINE('Line',#4936,#4938) ;
#4989=LINE('Line',#4986,#4988) ;
#5040=LINE('Line',#5037,#5039) ;
#5105=LINE('Line',#5102,#5104) ;
#5133=LINE('Line',#5130,#5132) ;
#5142=LINE('Line',#5139,#5141) ;
#5149=LINE('Line',#5146,#5148) ;
#5156=LINE('Line',#5153,#5155) ;
#5177=LINE('Line',#5174,#5176) ;
#5184=LINE('Line',#5181,#5183) ;
#5249=LINE('Line',#5246,#5248) ;
#5268=LINE('Line',#5265,#5267) ;
#5275=LINE('Line',#5272,#5274) ;
#5282=LINE('Line',#5279,#5281) ;
#5328=LINE('Line',#5325,#5327) ;
#5362=LINE('Line',#5359,#5361) ;
#5389=LINE('Line',#5386,#5388) ;
#5398=LINE('Line',#5395,#5397) ;
#5405=LINE('Line',#5402,#5404) ;
#5412=LINE('Line',#5409,#5411) ;
#5462=LINE('Line',#5459,#5461) ;
#5489=LINE('Line',#5486,#5488) ;
#5496=LINE('Line',#5493,#5495) ;
#5503=LINE('Line',#5500,#5502) ;
#5554=LINE('Line',#5551,#5553) ;
#5561=LINE('Line',#5558,#5560) ;
#5568=LINE('Line',#5565,#5567) ;
#5614=LINE('Line',#5611,#5613) ;
#5648=LINE('Line',#5645,#5647) ;
#5675=LINE('Line',#5672,#5674) ;
#5684=LINE('Line',#5681,#5683) ;
#5691=LINE('Line',#5688,#5690) ;
#5698=LINE('Line',#5695,#5697) ;
#5748=LINE('Line',#5745,#5747) ;
#5775=LINE('Line',#5772,#5774) ;
#5782=LINE('Line',#5779,#5781) ;
#5789=LINE('Line',#5786,#5788) ;
#5840=LINE('Line',#5837,#5839) ;
#5849=LINE('Line',#5846,#5848) ;
#5854=LINE('Line',#5851,#5853) ;
#5870=LINE('Line',#5867,#5869) ;
#5879=LINE('Line',#5876,#5878) ;
#5886=LINE('Line',#5883,#5885) ;
#5893=LINE('Line',#5890,#5892) ;
#5943=LINE('Line',#5940,#5942) ;
#5970=LINE('Line',#5967,#5969) ;
#5977=LINE('Line',#5974,#5976) ;
#5984=LINE('Line',#5981,#5983) ;
#6035=LINE('Line',#6032,#6034) ;
#6042=LINE('Line',#6039,#6041) ;
#6049=LINE('Line',#6046,#6048) ;
#6070=LINE('Line',#6067,#6069) ;
#6079=LINE('Line',#6076,#6078) ;
#6086=LINE('Line',#6083,#6085) ;
#6093=LINE('Line',#6090,#6092) ;
#6148=LINE('Line',#6145,#6147) ;
#6155=LINE('Line',#6152,#6154) ;
#6175=LINE('Line',#6172,#6174) ;
#6182=LINE('Line',#6179,#6181) ;
#6200=LINE('Line',#6197,#6199) ;
#6313=LINE('Line',#6310,#6312) ;
#6471=LINE('Line',#6468,#6470) ;
#6480=LINE('Line',#6477,#6479) ;
#6487=LINE('Line',#6484,#6486) ;
#6494=LINE('Line',#6491,#6493) ;
#6527=LINE('Line',#6524,#6526) ;
#6532=LINE('Line',#6529,#6531) ;
#6568=LINE('Line',#6565,#6567) ;
#6575=LINE('Line',#6572,#6574) ;
#6625=LINE('Line',#6622,#6624) ;
#6639=LINE('Line',#6636,#6638) ;
#6651=LINE('Line',#6648,#6650) ;
#6665=LINE('Line',#6662,#6664) ;
#6792=LINE('Line',#6789,#6791) ;
#6799=LINE('Line',#6796,#6798) ;
#6936=LINE('Line',#6933,#6935) ;
#6943=LINE('Line',#6940,#6942) ;
#7036=LINE('Line',#7033,#7035) ;
#7050=LINE('Line',#7047,#7049) ;
#7064=LINE('Line',#7061,#7063) ;
#7078=LINE('Line',#7075,#7077) ;
#7099=LINE('Line',#7096,#7098) ;
#7106=LINE('Line',#7103,#7105) ;
#7130=LINE('Line',#7127,#7129) ;
#7154=LINE('Line',#7151,#7153) ;
#7177=LINE('Line',#7174,#7176) ;
#7242=LINE('Line',#7239,#7241) ;
#7264=LINE('Line',#7261,#7263) ;
#7295=LINE('Line',#7292,#7294) ;
#7302=LINE('Line',#7299,#7301) ;
#7326=LINE('Line',#7323,#7325) ;
#7359=LINE('Line',#7356,#7358) ;
#7373=LINE('Line',#7370,#7372) ;
#7402=LINE('Line',#7399,#7401) ;
#7409=LINE('Line',#7406,#7408) ;
#7414=LINE('Line',#7411,#7413) ;
#7421=LINE('Line',#7418,#7420) ;
#7428=LINE('Line',#7425,#7427) ;
#7453=LINE('Line',#7450,#7452) ;
#7460=LINE('Line',#7457,#7459) ;
#7467=LINE('Line',#7464,#7466) ;
#7472=LINE('Line',#7469,#7471) ;
#7479=LINE('Line',#7476,#7478) ;
#7579=LINE('Line',#7576,#7578) ;
#7612=LINE('Line',#7609,#7611) ;
#7858=LINE('Line',#7855,#7857) ;
#7895=LINE('Line',#7892,#7894) ;
#8209=LINE('Line',#8206,#8208) ;
#8218=LINE('Line',#8215,#8217) ;
#8225=LINE('Line',#8222,#8224) ;
#8232=LINE('Line',#8229,#8231) ;
#8265=LINE('Line',#8262,#8264) ;
#8270=LINE('Line',#8267,#8269) ;
#8315=LINE('Line',#8312,#8314) ;
#8320=LINE('Line',#8317,#8319) ;
#8363=LINE('Line',#8360,#8362) ;
#8377=LINE('Line',#8374,#8376) ;
#8389=LINE('Line',#8386,#8388) ;
#8403=LINE('Line',#8400,#8402) ;
#8448=LINE('Line',#8445,#8447) ;
#8455=LINE('Line',#8452,#8454) ;
#8466=LINE('Line',#8463,#8465) ;
#8482=LINE('Line',#8479,#8481) ;
#8498=LINE('Line',#8495,#8497) ;
#8505=LINE('Line',#8502,#8504) ;
#8529=LINE('Line',#8526,#8528) ;
#8553=LINE('Line',#8550,#8552) ;
#8576=LINE('Line',#8573,#8575) ;
#8605=LINE('Line',#8602,#8604) ;
#8643=LINE('Line',#8640,#8642) ;
#8698=LINE('Line',#8695,#8697) ;
#8720=LINE('Line',#8717,#8719) ;
#8751=LINE('Line',#8748,#8750) ;
#8758=LINE('Line',#8755,#8757) ;
#8782=LINE('Line',#8779,#8781) ;
#8815=LINE('Line',#8812,#8814) ;
#8829=LINE('Line',#8826,#8828) ;
#8858=LINE('Line',#8855,#8857) ;
#8896=LINE('Line',#8893,#8895) ;
#8924=LINE('Line',#8921,#8923) ;
#8929=LINE('Line',#8926,#8928) ;
#8973=LINE('Line',#8970,#8972) ;
#9017=LINE('Line',#9014,#9016) ;
#9090=LINE('Line',#9087,#9089) ;
#9121=LINE('Line',#9118,#9120) ;
#9128=LINE('Line',#9125,#9127) ;
#9155=LINE('Line',#9152,#9154) ;
#9162=LINE('Line',#9159,#9161) ;
#9179=LINE('Line',#9176,#9178) ;
#9201=LINE('Line',#9198,#9200) ;
#9208=LINE('Line',#9205,#9207) ;
#9226=LINE('Line',#9223,#9225) ;
#9245=LINE('Line',#9242,#9244) ;
#9252=LINE('Line',#9249,#9251) ;
#9270=LINE('Line',#9267,#9269) ;
#9279=LINE('Line',#9276,#9278) ;
#9286=LINE('Line',#9283,#9285) ;
#9293=LINE('Line',#9290,#9292) ;
#9310=LINE('Line',#9307,#9309) ;
#9334=LINE('Line',#9331,#9333) ;
#2=MECHANICAL_CONTEXT(' ',#1,'mechanical') ;
#679=NEXT_ASSEMBLY_USAGE_OCCURRENCE('Part2.1','Part2.1','',#17,#58,' ') ;
#848=NEXT_ASSEMBLY_USAGE_OCCURRENCE('Part1.1','Part1.1','',#17,#698,' ') ;
#2081=NEXT_ASSEMBLY_USAGE_OCCURRENCE('Arm Link.1','Arm Link.1','',#17,#867,' ') ;
#3146=NEXT_ASSEMBLY_USAGE_OCCURRENCE('Arm Link 2.1','Arm Link 2.1','',#17,#2100,' ') ;
#3161=NEXT_ASSEMBLY_USAGE_OCCURRENCE('Arm Link.2','Arm Link.2','',#17,#867,' ') ;
#3508=NEXT_ASSEMBLY_USAGE_OCCURRENCE('gripper joint.1','gripper joint.1','',#17,#3180,' ') ;
#6439=NEXT_ASSEMBLY_USAGE_OCCURRENCE('Gripper Joint.1','Gripper Joint.1','',#17,#3527,' ') ;
#8132=NEXT_ASSEMBLY_USAGE_OCCURRENCE('Gripper Link.1','Gripper Link.1','',#17,#6458,' ') ;
#8147=NEXT_ASSEMBLY_USAGE_OCCURRENCE('Gripper Link.2','Gripper Link.2','',#17,#6458,' ') ;
#8162=NEXT_ASSEMBLY_USAGE_OCCURRENCE('Gripper Link.3','Gripper Link.3','',#17,#6458,' ') ;
#8177=NEXT_ASSEMBLY_USAGE_OCCURRENCE('Gripper Link.4','Gripper Link.4','',#17,#6458,' ') ;
#9486=NEXT_ASSEMBLY_USAGE_OCCURRENCE('Gripper Finger.1','Gripper Finger.1','',#17,#8196,' ') ;
#9501=NEXT_ASSEMBLY_USAGE_OCCURRENCE('Gripper Finger.2','Gripper Finger.2','',#17,#8196,' ') ;
#9516=NEXT_ASSEMBLY_USAGE_OCCURRENCE('Gripper Finger.3','Gripper Finger.3','',#17,#8196,' ') ;
#9531=NEXT_ASSEMBLY_USAGE_OCCURRENCE('Gripper Finger.4','Gripper Finger.4','',#17,#8196,' ') ;
#27=PERSONAL_ADDRESS(' ',' ',' ',' ',' ',' ',' ',' ',' ',' ',' ',' ',(#25),' ') ;
#124=PLANE('',#123) ;
#191=PLANE('',#190) ;
#205=PLANE('',#204) ;
#392=PLANE('',#391) ;
#454=PLANE('',#453) ;
#485=PLANE('',#484) ;
#507=PLANE('',#506) ;
#624=PLANE('',#623) ;
#646=PLANE('',#645) ;
#764=PLANE('',#763) ;
#792=PLANE('',#791) ;
#916=PLANE('',#915) ;
#978=PLANE('',#977) ;
#1000=PLANE('',#999) ;
#1071=PLANE('',#1070) ;
#1124=PLANE('',#1123) ;
#1178=PLANE('',#1177) ;
#1440=PLANE('',#1439) ;
#1494=PLANE('',#1493) ;
#1653=PLANE('',#1652) ;
#1681=PLANE('',#1680) ;
#1709=PLANE('',#1708) ;
#1767=PLANE('',#1766) ;
#2149=PLANE('',#2148) ;
#2211=PLANE('',#2210) ;
#2233=PLANE('',#2232) ;
#2304=PLANE('',#2303) ;
#2357=PLANE('',#2356) ;
#2411=PLANE('',#2410) ;
#2745=PLANE('',#2744) ;
#2799=PLANE('',#2798) ;
#3229=PLANE('',#3228) ;
#3345=PLANE('',#3344) ;
#3424=PLANE('',#3423) ;
#3440=PLANE('',#3439) ;
#3499=PLANE('',#3498) ;
#3536=PLANE('',#3535) ;
#3560=PLANE('',#3559) ;
#3632=PLANE('',#3631) ;
#3785=PLANE('',#3784) ;
#3857=PLANE('',#3856) ;
#4010=PLANE('',#4009) ;
#4082=PLANE('',#4081) ;
#4235=PLANE('',#4234) ;
#4307=PLANE('',#4306) ;
#4460=PLANE('',#4459) ;
#5129=PLANE('',#5128) ;
#5207=PLANE('',#5206) ;
#5264=PLANE('',#5263) ;
#5299=PLANE('',#5298) ;
#5385=PLANE('',#5384) ;
#5429=PLANE('',#5428) ;
#5485=PLANE('',#5484) ;
#5516=PLANE('',#5515) ;
#5585=PLANE('',#5584) ;
#5671=PLANE('',#5670) ;
#5715=PLANE('',#5714) ;
#5771=PLANE('',#5770) ;
#5802=PLANE('',#5801) ;
#5910=PLANE('',#5909) ;
#5966=PLANE('',#5965) ;
#5997=PLANE('',#5996) ;
#6066=PLANE('',#6065) ;
#6106=PLANE('',#6105) ;
#6221=PLANE('',#6220) ;
#6276=PLANE('',#6275) ;
#6301=PLANE('',#6300) ;
#6467=PLANE('',#6466) ;
#6507=PLANE('',#6506) ;
#6564=PLANE('',#6563) ;
#6764=PLANE('',#6763) ;
#6865=PLANE('',#6864) ;
#7023=PLANE('',#7022) ;
#7150=PLANE('',#7149) ;
#7346=PLANE('',#7345) ;
#7398=PLANE('',#7397) ;
#7449=PLANE('',#7448) ;
#7608=PLANE('',#7607) ;
#7884=PLANE('',#7883) ;
#8205=PLANE('',#8204) ;
#8245=PLANE('',#8244) ;
#8302=PLANE('',#8301) ;
#8549=PLANE('',#8548) ;
#8802=PLANE('',#8801) ;
#8920=PLANE('',#8919) ;
#9151=PLANE('',#9150) ;
#9266=PLANE('',#9265) ;
#9330=PLANE('',#9329) ;
#48=PLANE_ANGLE_MEASURE_WITH_UNIT(PLANE_ANGLE_MEASURE(0.0174532925199),#47) ;
#7=PRODUCT_CATEGORY('part',$) ;
#14=PRODUCT_CATEGORY('part',$) ;
#9=PRODUCT_CATEGORY_RELATIONSHIP(' ',' ',#7,#8) ;
#16=PRODUCT_CATEGORY_RELATIONSHIP(' ',' ',#14,#15) ;
#6=PRODUCT_DEFINITION_FORMATION_WITH_SPECIFIED_SOURCE('',' ',#5,.NOT_KNOWN.) ;
#57=PRODUCT_DEFINITION_FORMATION_WITH_SPECIFIED_SOURCE('',' ',#56,.NOT_KNOWN.) ;
#697=PRODUCT_DEFINITION_FORMATION_WITH_SPECIFIED_SOURCE('',' ',#696,.NOT_KNOWN.) ;
#866=PRODUCT_DEFINITION_FORMATION_WITH_SPECIFIED_SOURCE('',' ',#865,.NOT_KNOWN.) ;
#2099=PRODUCT_DEFINITION_FORMATION_WITH_SPECIFIED_SOURCE('',' ',#2098,.NOT_KNOWN.) ;
#3179=PRODUCT_DEFINITION_FORMATION_WITH_SPECIFIED_SOURCE('',' ',#3178,.NOT_KNOWN.) ;
#3526=PRODUCT_DEFINITION_FORMATION_WITH_SPECIFIED_SOURCE('',' ',#3525,.NOT_KNOWN.) ;
#6457=PRODUCT_DEFINITION_FORMATION_WITH_SPECIFIED_SOURCE('',' ',#6456,.NOT_KNOWN.) ;
#8195=PRODUCT_DEFINITION_FORMATION_WITH_SPECIFIED_SOURCE('',' ',#8194,.NOT_KNOWN.) ;
#58=PRODUCT_DEFINITION_WITH_ASSOCIATED_DOCUMENTS('',' ',#57,#3,(#60)) ;
#698=PRODUCT_DEFINITION_WITH_ASSOCIATED_DOCUMENTS('',' ',#697,#3,(#700)) ;
#867=PRODUCT_DEFINITION_WITH_ASSOCIATED_DOCUMENTS('',' ',#866,#3,(#869)) ;
#2100=PRODUCT_DEFINITION_WITH_ASSOCIATED_DOCUMENTS('',' ',#2099,#3,(#2102)) ;
#3180=PRODUCT_DEFINITION_WITH_ASSOCIATED_DOCUMENTS('',' ',#3179,#3,(#3182)) ;
#3527=PRODUCT_DEFINITION_WITH_ASSOCIATED_DOCUMENTS('',' ',#3526,#3,(#3529)) ;
#6458=PRODUCT_DEFINITION_WITH_ASSOCIATED_DOCUMENTS('',' ',#6457,#3,(#6460)) ;
#8196=PRODUCT_DEFINITION_WITH_ASSOCIATED_DOCUMENTS('',' ',#8195,#3,(#8198)) ;
#8=PRODUCT_RELATED_PRODUCT_CATEGORY('detail',$,(#56,#696,#865,#2098,#3178,#3525,#6456,#8194)) ;
#15=PRODUCT_RELATED_PRODUCT_CATEGORY('part',$,(#5)) ;
#43=SHAPE_DEFINITION_REPRESENTATION(#45,#44) ;
#55=SHAPE_DEFINITION_REPRESENTATION(#61,#54) ;
#695=SHAPE_DEFINITION_REPRESENTATION(#701,#694) ;
#864=SHAPE_DEFINITION_REPRESENTATION(#870,#863) ;
#2097=SHAPE_DEFINITION_REPRESENTATION(#2103,#2096) ;
#3177=SHAPE_DEFINITION_REPRESENTATION(#3183,#3176) ;
#3524=SHAPE_DEFINITION_REPRESENTATION(#3530,#3523) ;
#6455=SHAPE_DEFINITION_REPRESENTATION(#6461,#6454) ;
#8193=SHAPE_DEFINITION_REPRESENTATION(#8199,#8192) ;
#4508=SPHERICAL_SURFACE('',#4507,5.) ;
#4565=SPHERICAL_SURFACE('',#4564,5.) ;
#4703=SPHERICAL_SURFACE('',#4702,5.) ;
#4760=SPHERICAL_SURFACE('',#4759,5.) ;
#4902=SPHERICAL_SURFACE('',#4901,5.) ;
#4959=SPHERICAL_SURFACE('',#4958,5.) ;
#6362=SPHERICAL_SURFACE('',#6361,5.) ;
#6400=SPHERICAL_SURFACE('',#6399,5.) ;
#9377=SPHERICAL_SURFACE('',#9376,2.) ;
#9410=SPHERICAL_SURFACE('',#9409,2.) ;
#9443=SPHERICAL_SURFACE('',#9442,2.) ;
#9476=SPHERICAL_SURFACE('',#9475,2.) ;
#73=VERTEX_POINT('',#72) ;
#75=VERTEX_POINT('',#74) ;
#82=VERTEX_POINT('',#81) ;
#89=VERTEX_POINT('',#88) ;
#140=VERTEX_POINT('',#139) ;
#142=VERTEX_POINT('',#141) ;
#149=VERTEX_POINT('',#148) ;
#156=VERTEX_POINT('',#155) ;
#215=VERTEX_POINT('',#214) ;
#217=VERTEX_POINT('',#216) ;
#224=VERTEX_POINT('',#223) ;
#231=VERTEX_POINT('',#230) ;
#249=VERTEX_POINT('',#248) ;
#251=VERTEX_POINT('',#250) ;
#258=VERTEX_POINT('',#257) ;
#265=VERTEX_POINT('',#264) ;
#289=VERTEX_POINT('',#288) ;
#291=VERTEX_POINT('',#290) ;
#298=VERTEX_POINT('',#297) ;
#305=VERTEX_POINT('',#304) ;
#324=VERTEX_POINT('',#323) ;
#326=VERTEX_POINT('',#325) ;
#333=VERTEX_POINT('',#332) ;
#340=VERTEX_POINT('',#339) ;
#398=VERTEX_POINT('',#397) ;
#400=VERTEX_POINT('',#399) ;
#429=VERTEX_POINT('',#428) ;
#436=VERTEX_POINT('',#435) ;
#460=VERTEX_POINT('',#459) ;
#462=VERTEX_POINT('',#461) ;
#542=VERTEX_POINT('',#541) ;
#544=VERTEX_POINT('',#543) ;
#573=VERTEX_POINT('',#572) ;
#580=VERTEX_POINT('',#579) ;
#599=VERTEX_POINT('',#598) ;
#601=VERTEX_POINT('',#600) ;
#713=VERTEX_POINT('',#712) ;
#715=VERTEX_POINT('',#714) ;
#722=VERTEX_POINT('',#721) ;
#729=VERTEX_POINT('',#728) ;
#774=VERTEX_POINT('',#773) ;
#776=VERTEX_POINT('',#775) ;
#802=VERTEX_POINT('',#801) ;
#804=VERTEX_POINT('',#803) ;
#882=VERTEX_POINT('',#881) ;
#884=VERTEX_POINT('',#883) ;
#891=VERTEX_POINT('',#890) ;
#898=VERTEX_POINT('',#897) ;
#922=VERTEX_POINT('',#921) ;
#929=VERTEX_POINT('',#928) ;
#953=VERTEX_POINT('',#952) ;
#960=VERTEX_POINT('',#959) ;
#1006=VERTEX_POINT('',#1005) ;
#1008=VERTEX_POINT('',#1007) ;
#1015=VERTEX_POINT('',#1014) ;
#1022=VERTEX_POINT('',#1021) ;
#1046=VERTEX_POINT('',#1045) ;
#1053=VERTEX_POINT('',#1052) ;
#1077=VERTEX_POINT('',#1076) ;
#1084=VERTEX_POINT('',#1083) ;
#1142=VERTEX_POINT('',#1141) ;
#1144=VERTEX_POINT('',#1143) ;
#1160=VERTEX_POINT('',#1159) ;
#1162=VERTEX_POINT('',#1161) ;
#1196=VERTEX_POINT('',#1195) ;
#1198=VERTEX_POINT('',#1197) ;
#1214=VERTEX_POINT('',#1213) ;
#1216=VERTEX_POINT('',#1215) ;
#1233=VERTEX_POINT('',#1232) ;
#1235=VERTEX_POINT('',#1234) ;
#1242=VERTEX_POINT('',#1241) ;
#1249=VERTEX_POINT('',#1248) ;
#1268=VERTEX_POINT('',#1267) ;
#1275=VERTEX_POINT('',#1274) ;
#1294=VERTEX_POINT('',#1293) ;
#1301=VERTEX_POINT('',#1300) ;
#1337=VERTEX_POINT('',#1336) ;
#1339=VERTEX_POINT('',#1338) ;
#1346=VERTEX_POINT('',#1345) ;
#1353=VERTEX_POINT('',#1352) ;
#1372=VERTEX_POINT('',#1371) ;
#1374=VERTEX_POINT('',#1373) ;
#1398=VERTEX_POINT('',#1397) ;
#1400=VERTEX_POINT('',#1399) ;
#1458=VERTEX_POINT('',#1457) ;
#1460=VERTEX_POINT('',#1459) ;
#1476=VERTEX_POINT('',#1475) ;
#1478=VERTEX_POINT('',#1477) ;
#1512=VERTEX_POINT('',#1511) ;
#1514=VERTEX_POINT('',#1513) ;
#1530=VERTEX_POINT('',#1529) ;
#1532=VERTEX_POINT('',#1531) ;
#1554=VERTEX_POINT('',#1553) ;
#1561=VERTEX_POINT('',#1560) ;
#1597=VERTEX_POINT('',#1596) ;
#1604=VERTEX_POINT('',#1603) ;
#1659=VERTEX_POINT('',#1658) ;
#1661=VERTEX_POINT('',#1660) ;
#1687=VERTEX_POINT('',#1686) ;
#1689=VERTEX_POINT('',#1688) ;
#1715=VERTEX_POINT('',#1714) ;
#1717=VERTEX_POINT('',#1716) ;
#1773=VERTEX_POINT('',#1772) ;
#1775=VERTEX_POINT('',#1774) ;
#1831=VERTEX_POINT('',#1830) ;
#1838=VERTEX_POINT('',#1837) ;
#1874=VERTEX_POINT('',#1873) ;
#1881=VERTEX_POINT('',#1880) ;
#1931=VERTEX_POINT('',#1930) ;
#1933=VERTEX_POINT('',#1932) ;
#1954=VERTEX_POINT('',#1953) ;
#1956=VERTEX_POINT('',#1955) ;
#1977=VERTEX_POINT('',#1976) ;
#1979=VERTEX_POINT('',#1978) ;
#2030=VERTEX_POINT('',#2029) ;
#2032=VERTEX_POINT('',#2031) ;
#2115=VERTEX_POINT('',#2114) ;
#2117=VERTEX_POINT('',#2116) ;
#2124=VERTEX_POINT('',#2123) ;
#2131=VERTEX_POINT('',#2130) ;
#2155=VERTEX_POINT('',#2154) ;
#2162=VERTEX_POINT('',#2161) ;
#2186=VERTEX_POINT('',#2185) ;
#2193=VERTEX_POINT('',#2192) ;
#2239=VERTEX_POINT('',#2238) ;
#2241=VERTEX_POINT('',#2240) ;
#2248=VERTEX_POINT('',#2247) ;
#2255=VERTEX_POINT('',#2254) ;
#2279=VERTEX_POINT('',#2278) ;
#2286=VERTEX_POINT('',#2285) ;
#2310=VERTEX_POINT('',#2309) ;
#2317=VERTEX_POINT('',#2316) ;
#2375=VERTEX_POINT('',#2374) ;
#2377=VERTEX_POINT('',#2376) ;
#2393=VERTEX_POINT('',#2392) ;
#2395=VERTEX_POINT('',#2394) ;
#2429=VERTEX_POINT('',#2428) ;
#2431=VERTEX_POINT('',#2430) ;
#2447=VERTEX_POINT('',#2446) ;
#2449=VERTEX_POINT('',#2448) ;
#2465=VERTEX_POINT('',#2464) ;
#2467=VERTEX_POINT('',#2466) ;
#2483=VERTEX_POINT('',#2482) ;
#2485=VERTEX_POINT('',#2484) ;
#2501=VERTEX_POINT('',#2500) ;
#2503=VERTEX_POINT('',#2502) ;
#2519=VERTEX_POINT('',#2518) ;
#2521=VERTEX_POINT('',#2520) ;
#2538=VERTEX_POINT('',#2537) ;
#2540=VERTEX_POINT('',#2539) ;
#2547=VERTEX_POINT('',#2546) ;
#2554=VERTEX_POINT('',#2553) ;
#2573=VERTEX_POINT('',#2572) ;
#2580=VERTEX_POINT('',#2579) ;
#2599=VERTEX_POINT('',#2598) ;
#2606=VERTEX_POINT('',#2605) ;
#2642=VERTEX_POINT('',#2641) ;
#2644=VERTEX_POINT('',#2643) ;
#2651=VERTEX_POINT('',#2650) ;
#2658=VERTEX_POINT('',#2657) ;
#2677=VERTEX_POINT('',#2676) ;
#2679=VERTEX_POINT('',#2678) ;
#2703=VERTEX_POINT('',#2702) ;
#2705=VERTEX_POINT('',#2704) ;
#2763=VERTEX_POINT('',#2762) ;
#2765=VERTEX_POINT('',#2764) ;
#2781=VERTEX_POINT('',#2780) ;
#2783=VERTEX_POINT('',#2782) ;
#2817=VERTEX_POINT('',#2816) ;
#2819=VERTEX_POINT('',#2818) ;
#2835=VERTEX_POINT('',#2834) ;
#2837=VERTEX_POINT('',#2836) ;
#2853=VERTEX_POINT('',#2852) ;
#2855=VERTEX_POINT('',#2854) ;
#2871=VERTEX_POINT('',#2870) ;
#2873=VERTEX_POINT('',#2872) ;
#2889=VERTEX_POINT('',#2888) ;
#2891=VERTEX_POINT('',#2890) ;
#2907=VERTEX_POINT('',#2906) ;
#2909=VERTEX_POINT('',#2908) ;
#3195=VERTEX_POINT('',#3194) ;
#3197=VERTEX_POINT('',#3196) ;
#3204=VERTEX_POINT('',#3203) ;
#3211=VERTEX_POINT('',#3210) ;
#3235=VERTEX_POINT('',#3234) ;
#3242=VERTEX_POINT('',#3241) ;
#3266=VERTEX_POINT('',#3265) ;
#3273=VERTEX_POINT('',#3272) ;
#3309=VERTEX_POINT('',#3308) ;
#3311=VERTEX_POINT('',#3310) ;
#3373=VERTEX_POINT('',#3372) ;
#3375=VERTEX_POINT('',#3374) ;
#3382=VERTEX_POINT('',#3381) ;
#3389=VERTEX_POINT('',#3388) ;
#3462=VERTEX_POINT('',#3461) ;
#3469=VERTEX_POINT('',#3468) ;
#3542=VERTEX_POINT('',#3541) ;
#3544=VERTEX_POINT('',#3543) ;
#3566=VERTEX_POINT('',#3565) ;
#3568=VERTEX_POINT('',#3567) ;
#3590=VERTEX_POINT('',#3589) ;
#3597=VERTEX_POINT('',#3596) ;
#3638=VERTEX_POINT('',#3637) ;
#3640=VERTEX_POINT('',#3639) ;
#3662=VERTEX_POINT('',#3661) ;
#3669=VERTEX_POINT('',#3668) ;
#3688=VERTEX_POINT('',#3687) ;
#3690=VERTEX_POINT('',#3689) ;
#3697=VERTEX_POINT('',#3696) ;
#3704=VERTEX_POINT('',#3703) ;
#3791=VERTEX_POINT('',#3790) ;
#3793=VERTEX_POINT('',#3792) ;
#3815=VERTEX_POINT('',#3814) ;
#3822=VERTEX_POINT('',#3821) ;
#3863=VERTEX_POINT('',#3862) ;
#3865=VERTEX_POINT('',#3864) ;
#3887=VERTEX_POINT('',#3886) ;
#3894=VERTEX_POINT('',#3893) ;
#3913=VERTEX_POINT('',#3912) ;
#3915=VERTEX_POINT('',#3914) ;
#3922=VERTEX_POINT('',#3921) ;
#3929=VERTEX_POINT('',#3928) ;
#4016=VERTEX_POINT('',#4015) ;
#4018=VERTEX_POINT('',#4017) ;
#4040=VERTEX_POINT('',#4039) ;
#4047=VERTEX_POINT('',#4046) ;
#4088=VERTEX_POINT('',#4087) ;
#4090=VERTEX_POINT('',#4089) ;
#4112=VERTEX_POINT('',#4111) ;
#4119=VERTEX_POINT('',#4118) ;
#4138=VERTEX_POINT('',#4137) ;
#4140=VERTEX_POINT('',#4139) ;
#4147=VERTEX_POINT('',#4146) ;
#4154=VERTEX_POINT('',#4153) ;
#4241=VERTEX_POINT('',#4240) ;
#4243=VERTEX_POINT('',#4242) ;
#4265=VERTEX_POINT('',#4264) ;
#4272=VERTEX_POINT('',#4271) ;
#4313=VERTEX_POINT('',#4312) ;
#4315=VERTEX_POINT('',#4314) ;
#4337=VERTEX_POINT('',#4336) ;
#4344=VERTEX_POINT('',#4343) ;
#4363=VERTEX_POINT('',#4362) ;
#4365=VERTEX_POINT('',#4364) ;
#4372=VERTEX_POINT('',#4371) ;
#4379=VERTEX_POINT('',#4378) ;
#4466=VERTEX_POINT('',#4465) ;
#4468=VERTEX_POINT('',#4467) ;
#4475=VERTEX_POINT('',#4474) ;
#4482=VERTEX_POINT('',#4481) ;
#4489=VERTEX_POINT('',#4488) ;
#4514=VERTEX_POINT('',#4513) ;
#4521=VERTEX_POINT('',#4520) ;
#4547=VERTEX_POINT('',#4546) ;
#4574=VERTEX_POINT('',#4573) ;
#4597=VERTEX_POINT('',#4596) ;
#4606=VERTEX_POINT('',#4605) ;
#4614=VERTEX_POINT('',#4613) ;
#4642=VERTEX_POINT('',#4641) ;
#4644=VERTEX_POINT('',#4643) ;
#4658=VERTEX_POINT('',#4657) ;
#4678=VERTEX_POINT('',#4677) ;
#4685=VERTEX_POINT('',#4684) ;
#4709=VERTEX_POINT('',#4708) ;
#4716=VERTEX_POINT('',#4715) ;
#4742=VERTEX_POINT('',#4741) ;
#4783=VERTEX_POINT('',#4782) ;
#4785=VERTEX_POINT('',#4784) ;
#4794=VERTEX_POINT('',#4793) ;
#4801=VERTEX_POINT('',#4800) ;
#4845=VERTEX_POINT('',#4844) ;
#4868=VERTEX_POINT('',#4867) ;
#4870=VERTEX_POINT('',#4869) ;
#4877=VERTEX_POINT('',#4876) ;
#4884=VERTEX_POINT('',#4883) ;
#4908=VERTEX_POINT('',#4907) ;
#4918=VERTEX_POINT('',#4917) ;
#4941=VERTEX_POINT('',#4940) ;
#4968=VERTEX_POINT('',#4967) ;
#4991=VERTEX_POINT('',#4990) ;
#5000=VERTEX_POINT('',#4999) ;
#5029=VERTEX_POINT('',#5028) ;
#5058=VERTEX_POINT('',#5057) ;
#5060=VERTEX_POINT('',#5059) ;
#5068=VERTEX_POINT('',#5067) ;
#5107=VERTEX_POINT('',#5106) ;
#5135=VERTEX_POINT('',#5134) ;
#5137=VERTEX_POINT('',#5136) ;
#5144=VERTEX_POINT('',#5143) ;
#5151=VERTEX_POINT('',#5150) ;
#5179=VERTEX_POINT('',#5178) ;
#5186=VERTEX_POINT('',#5185) ;
#5236=VERTEX_POINT('',#5235) ;
#5244=VERTEX_POINT('',#5243) ;
#5270=VERTEX_POINT('',#5269) ;
#5277=VERTEX_POINT('',#5276) ;
#5306=VERTEX_POINT('',#5305) ;
#5330=VERTEX_POINT('',#5329) ;
#5357=VERTEX_POINT('',#5356) ;
#5364=VERTEX_POINT('',#5363) ;
#5391=VERTEX_POINT('',#5390) ;
#5393=VERTEX_POINT('',#5392) ;
#5400=VERTEX_POINT('',#5399) ;
#5407=VERTEX_POINT('',#5406) ;
#5436=VERTEX_POINT('',#5435) ;
#5464=VERTEX_POINT('',#5463) ;
#5491=VERTEX_POINT('',#5490) ;
#5498=VERTEX_POINT('',#5497) ;
#5556=VERTEX_POINT('',#5555) ;
#5563=VERTEX_POINT('',#5562) ;
#5590=VERTEX_POINT('',#5589) ;
#5616=VERTEX_POINT('',#5615) ;
#5643=VERTEX_POINT('',#5642) ;
#5650=VERTEX_POINT('',#5649) ;
#5677=VERTEX_POINT('',#5676) ;
#5679=VERTEX_POINT('',#5678) ;
#5686=VERTEX_POINT('',#5685) ;
#5693=VERTEX_POINT('',#5692) ;
#5722=VERTEX_POINT('',#5721) ;
#5750=VERTEX_POINT('',#5749) ;
#5777=VERTEX_POINT('',#5776) ;
#5784=VERTEX_POINT('',#5783) ;
#5842=VERTEX_POINT('',#5841) ;
#5844=VERTEX_POINT('',#5843) ;
#5872=VERTEX_POINT('',#5871) ;
#5874=VERTEX_POINT('',#5873) ;
#5881=VERTEX_POINT('',#5880) ;
#5888=VERTEX_POINT('',#5887) ;
#5917=VERTEX_POINT('',#5916) ;
#5945=VERTEX_POINT('',#5944) ;
#5972=VERTEX_POINT('',#5971) ;
#5979=VERTEX_POINT('',#5978) ;
#6037=VERTEX_POINT('',#6036) ;
#6044=VERTEX_POINT('',#6043) ;
#6072=VERTEX_POINT('',#6071) ;
#6074=VERTEX_POINT('',#6073) ;
#6081=VERTEX_POINT('',#6080) ;
#6088=VERTEX_POINT('',#6087) ;
#6150=VERTEX_POINT('',#6149) ;
#6157=VERTEX_POINT('',#6156) ;
#6177=VERTEX_POINT('',#6176) ;
#6202=VERTEX_POINT('',#6201) ;
#6226=VERTEX_POINT('',#6225) ;
#6253=VERTEX_POINT('',#6252) ;
#6281=VERTEX_POINT('',#6280) ;
#6306=VERTEX_POINT('',#6305) ;
#6308=VERTEX_POINT('',#6307) ;
#6315=VERTEX_POINT('',#6314) ;
#6473=VERTEX_POINT('',#6472) ;
#6475=VERTEX_POINT('',#6474) ;
#6482=VERTEX_POINT('',#6481) ;
#6489=VERTEX_POINT('',#6488) ;
#6513=VERTEX_POINT('',#6512) ;
#6515=VERTEX_POINT('',#6514) ;
#6522=VERTEX_POINT('',#6521) ;
#6546=VERTEX_POINT('',#6545) ;
#6548=VERTEX_POINT('',#6547) ;
#6570=VERTEX_POINT('',#6569) ;
#6577=VERTEX_POINT('',#6576) ;
#6584=VERTEX_POINT('',#6583) ;
#6603=VERTEX_POINT('',#6602) ;
#6605=VERTEX_POINT('',#6604) ;
#6627=VERTEX_POINT('',#6626) ;
#6634=VERTEX_POINT('',#6633) ;
#6653=VERTEX_POINT('',#6652) ;
#6660=VERTEX_POINT('',#6659) ;
#6708=VERTEX_POINT('',#6707) ;
#6710=VERTEX_POINT('',#6709) ;
#6717=VERTEX_POINT('',#6716) ;
#6724=VERTEX_POINT('',#6723) ;
#6770=VERTEX_POINT('',#6769) ;
#6772=VERTEX_POINT('',#6771) ;
#6794=VERTEX_POINT('',#6793) ;
#6801=VERTEX_POINT('',#6800) ;
#6871=VERTEX_POINT('',#6870) ;
#6873=VERTEX_POINT('',#6872) ;
#6895=VERTEX_POINT('',#6894) ;
#6902=VERTEX_POINT('',#6901) ;
#6938=VERTEX_POINT('',#6937) ;
#6945=VERTEX_POINT('',#6944) ;
#6981=VERTEX_POINT('',#6980) ;
#6988=VERTEX_POINT('',#6987) ;
#7029=VERTEX_POINT('',#7028) ;
#7031=VERTEX_POINT('',#7030) ;
#7038=VERTEX_POINT('',#7037) ;
#7045=VERTEX_POINT('',#7044) ;
#7052=VERTEX_POINT('',#7051) ;
#7059=VERTEX_POINT('',#7058) ;
#7066=VERTEX_POINT('',#7065) ;
#7073=VERTEX_POINT('',#7072) ;
#7101=VERTEX_POINT('',#7100) ;
#7108=VERTEX_POINT('',#7107) ;
#7132=VERTEX_POINT('',#7131) ;
#7156=VERTEX_POINT('',#7155) ;
#7158=VERTEX_POINT('',#7157) ;
#7165=VERTEX_POINT('',#7164) ;
#7172=VERTEX_POINT('',#7171) ;
#7179=VERTEX_POINT('',#7178) ;
#7208=VERTEX_POINT('',#7207) ;
#7215=VERTEX_POINT('',#7214) ;
#7297=VERTEX_POINT('',#7296) ;
#7304=VERTEX_POINT('',#7303) ;
#7328=VERTEX_POINT('',#7327) ;
#7352=VERTEX_POINT('',#7351) ;
#7354=VERTEX_POINT('',#7353) ;
#7361=VERTEX_POINT('',#7360) ;
#7368=VERTEX_POINT('',#7367) ;
#7375=VERTEX_POINT('',#7374) ;
#7404=VERTEX_POINT('',#7403) ;
#7416=VERTEX_POINT('',#7415) ;
#7423=VERTEX_POINT('',#7422) ;
#7455=VERTEX_POINT('',#7454) ;
#7462=VERTEX_POINT('',#7461) ;
#7474=VERTEX_POINT('',#7473) ;
#7581=VERTEX_POINT('',#7580) ;
#7614=VERTEX_POINT('',#7613) ;
#7674=VERTEX_POINT('',#7673) ;
#7681=VERTEX_POINT('',#7680) ;
#7860=VERTEX_POINT('',#7859) ;
#7890=VERTEX_POINT('',#7889) ;
#7953=VERTEX_POINT('',#7952) ;
#7960=VERTEX_POINT('',#7959) ;
#8211=VERTEX_POINT('',#8210) ;
#8213=VERTEX_POINT('',#8212) ;
#8220=VERTEX_POINT('',#8219) ;
#8227=VERTEX_POINT('',#8226) ;
#8251=VERTEX_POINT('',#8250) ;
#8253=VERTEX_POINT('',#8252) ;
#8260=VERTEX_POINT('',#8259) ;
#8284=VERTEX_POINT('',#8283) ;
#8286=VERTEX_POINT('',#8285) ;
#8308=VERTEX_POINT('',#8307) ;
#8310=VERTEX_POINT('',#8309) ;
#8322=VERTEX_POINT('',#8321) ;
#8341=VERTEX_POINT('',#8340) ;
#8343=VERTEX_POINT('',#8342) ;
#8365=VERTEX_POINT('',#8364) ;
#8372=VERTEX_POINT('',#8371) ;
#8391=VERTEX_POINT('',#8390) ;
#8398=VERTEX_POINT('',#8397) ;
#8441=VERTEX_POINT('',#8440) ;
#8443=VERTEX_POINT('',#8442) ;
#8450=VERTEX_POINT('',#8449) ;
#8468=VERTEX_POINT('',#8467) ;
#8470=VERTEX_POINT('',#8469) ;
#8477=VERTEX_POINT('',#8476) ;
#8500=VERTEX_POINT('',#8499) ;
#8507=VERTEX_POINT('',#8506) ;
#8531=VERTEX_POINT('',#8530) ;
#8555=VERTEX_POINT('',#8554) ;
#8557=VERTEX_POINT('',#8556) ;
#8564=VERTEX_POINT('',#8563) ;
#8571=VERTEX_POINT('',#8570) ;
#8578=VERTEX_POINT('',#8577) ;
#8607=VERTEX_POINT('',#8606) ;
#8614=VERTEX_POINT('',#8613) ;
#8621=VERTEX_POINT('',#8620) ;
#8628=VERTEX_POINT('',#8627) ;
#8638=VERTEX_POINT('',#8637) ;
#8645=VERTEX_POINT('',#8644) ;
#8753=VERTEX_POINT('',#8752) ;
#8760=VERTEX_POINT('',#8759) ;
#8784=VERTEX_POINT('',#8783) ;
#8808=VERTEX_POINT('',#8807) ;
#8810=VERTEX_POINT('',#8809) ;
#8817=VERTEX_POINT('',#8816) ;
#8824=VERTEX_POINT('',#8823) ;
#8831=VERTEX_POINT('',#8830) ;
#8860=VERTEX_POINT('',#8859) ;
#8862=VERTEX_POINT('',#8861) ;
#8872=VERTEX_POINT('',#8871) ;
#8879=VERTEX_POINT('',#8878) ;
#8886=VERTEX_POINT('',#8885) ;
#8898=VERTEX_POINT('',#8897) ;
#8931=VERTEX_POINT('',#8930) ;
#8968=VERTEX_POINT('',#8967) ;
#8975=VERTEX_POINT('',#8974) ;
#9012=VERTEX_POINT('',#9011) ;
#9123=VERTEX_POINT('',#9122) ;
#9130=VERTEX_POINT('',#9129) ;
#9157=VERTEX_POINT('',#9156) ;
#9181=VERTEX_POINT('',#9180) ;
#9203=VERTEX_POINT('',#9202) ;
#9228=VERTEX_POINT('',#9227) ;
#9247=VERTEX_POINT('',#9246) ;
#9272=VERTEX_POINT('',#9271) ;
#9274=VERTEX_POINT('',#9273) ;
#9281=VERTEX_POINT('',#9280) ;
#9288=VERTEX_POINT('',#9287) ;
#9312=VERTEX_POINT('',#9311) ;
#46=(LENGTH_UNIT()NAMED_UNIT(*)SI_UNIT(.MILLI.,.METRE.)) ;
#47=(NAMED_UNIT(*)PLANE_ANGLE_UNIT()SI_UNIT($,.RADIAN.)) ;
#49=(NAMED_UNIT(*)SI_UNIT($,.STERADIAN.)SOLID_ANGLE_UNIT()) ;
#51=(GEOMETRIC_REPRESENTATION_CONTEXT(3)GLOBAL_UNCERTAINTY_ASSIGNED_CONTEXT((#50))GLOBAL_UNIT_ASSIGNED_CONTEXT((#46,#47,#49))REPRESENTATION_CONTEXT(' ',' ')) ;
#53=(GEOMETRIC_REPRESENTATION_CONTEXT(3)GLOBAL_UNCERTAINTY_ASSIGNED_CONTEXT((#52))GLOBAL_UNIT_ASSIGNED_CONTEXT((#46,#47,#49))REPRESENTATION_CONTEXT(' ',' ')) ;
#693=(GEOMETRIC_REPRESENTATION_CONTEXT(3)GLOBAL_UNCERTAINTY_ASSIGNED_CONTEXT((#692))GLOBAL_UNIT_ASSIGNED_CONTEXT((#46,#47,#49))REPRESENTATION_CONTEXT(' ',' ')) ;
#862=(GEOMETRIC_REPRESENTATION_CONTEXT(3)GLOBAL_UNCERTAINTY_ASSIGNED_CONTEXT((#861))GLOBAL_UNIT_ASSIGNED_CONTEXT((#46,#47,#49))REPRESENTATION_CONTEXT(' ',' ')) ;
#2095=(GEOMETRIC_REPRESENTATION_CONTEXT(3)GLOBAL_UNCERTAINTY_ASSIGNED_CONTEXT((#2094))GLOBAL_UNIT_ASSIGNED_CONTEXT((#46,#47,#49))REPRESENTATION_CONTEXT(' ',' ')) ;
#3160=(GEOMETRIC_REPRESENTATION_CONTEXT(3)GLOBAL_UNCERTAINTY_ASSIGNED_CONTEXT((#3159))GLOBAL_UNIT_ASSIGNED_CONTEXT((#46,#47,#49))REPRESENTATION_CONTEXT(' ',' ')) ;
#3175=(GEOMETRIC_REPRESENTATION_CONTEXT(3)GLOBAL_UNCERTAINTY_ASSIGNED_CONTEXT((#3174))GLOBAL_UNIT_ASSIGNED_CONTEXT((#46,#47,#49))REPRESENTATION_CONTEXT(' ',' ')) ;
#3522=(GEOMETRIC_REPRESENTATION_CONTEXT(3)GLOBAL_UNCERTAINTY_ASSIGNED_CONTEXT((#3521))GLOBAL_UNIT_ASSIGNED_CONTEXT((#46,#47,#49))REPRESENTATION_CONTEXT(' ',' ')) ;
#6453=(GEOMETRIC_REPRESENTATION_CONTEXT(3)GLOBAL_UNCERTAINTY_ASSIGNED_CONTEXT((#6452))GLOBAL_UNIT_ASSIGNED_CONTEXT((#46,#47,#49))REPRESENTATION_CONTEXT(' ',' ')) ;
#8146=(GEOMETRIC_REPRESENTATION_CONTEXT(3)GLOBAL_UNCERTAINTY_ASSIGNED_CONTEXT((#8145))GLOBAL_UNIT_ASSIGNED_CONTEXT((#46,#47,#49))REPRESENTATION_CONTEXT(' ',' ')) ;
#8161=(GEOMETRIC_REPRESENTATION_CONTEXT(3)GLOBAL_UNCERTAINTY_ASSIGNED_CONTEXT((#8160))GLOBAL_UNIT_ASSIGNED_CONTEXT((#46,#47,#49))REPRESENTATION_CONTEXT(' ',' ')) ;
#8176=(GEOMETRIC_REPRESENTATION_CONTEXT(3)GLOBAL_UNCERTAINTY_ASSIGNED_CONTEXT((#8175))GLOBAL_UNIT_ASSIGNED_CONTEXT((#46,#47,#49))REPRESENTATION_CONTEXT(' ',' ')) ;
#8191=(GEOMETRIC_REPRESENTATION_CONTEXT(3)GLOBAL_UNCERTAINTY_ASSIGNED_CONTEXT((#8190))GLOBAL_UNIT_ASSIGNED_CONTEXT((#46,#47,#49))REPRESENTATION_CONTEXT(' ',' ')) ;
#9500=(GEOMETRIC_REPRESENTATION_CONTEXT(3)GLOBAL_UNCERTAINTY_ASSIGNED_CONTEXT((#9499))GLOBAL_UNIT_ASSIGNED_CONTEXT((#46,#47,#49))REPRESENTATION_CONTEXT(' ',' ')) ;
#9515=(GEOMETRIC_REPRESENTATION_CONTEXT(3)GLOBAL_UNCERTAINTY_ASSIGNED_CONTEXT((#9514))GLOBAL_UNIT_ASSIGNED_CONTEXT((#46,#47,#49))REPRESENTATION_CONTEXT(' ',' ')) ;
#9530=(GEOMETRIC_REPRESENTATION_CONTEXT(3)GLOBAL_UNCERTAINTY_ASSIGNED_CONTEXT((#9529))GLOBAL_UNIT_ASSIGNED_CONTEXT((#46,#47,#49))REPRESENTATION_CONTEXT(' ',' ')) ;
#682=(REPRESENTATION_RELATIONSHIP(' ',' ',#54,#44)REPRESENTATION_RELATIONSHIP_WITH_TRANSFORMATION(#683)SHAPE_REPRESENTATION_RELATIONSHIP()) ;
#851=(REPRESENTATION_RELATIONSHIP(' ',' ',#694,#44)REPRESENTATION_RELATIONSHIP_WITH_TRANSFORMATION(#852)SHAPE_REPRESENTATION_RELATIONSHIP()) ;
#2084=(REPRESENTATION_RELATIONSHIP(' ',' ',#863,#44)REPRESENTATION_RELATIONSHIP_WITH_TRANSFORMATION(#2085)SHAPE_REPRESENTATION_RELATIONSHIP()) ;
#3149=(REPRESENTATION_RELATIONSHIP(' ',' ',#2096,#44)REPRESENTATION_RELATIONSHIP_WITH_TRANSFORMATION(#3150)SHAPE_REPRESENTATION_RELATIONSHIP()) ;
#3164=(REPRESENTATION_RELATIONSHIP(' ',' ',#863,#44)REPRESENTATION_RELATIONSHIP_WITH_TRANSFORMATION(#3165)SHAPE_REPRESENTATION_RELATIONSHIP()) ;
#3511=(REPRESENTATION_RELATIONSHIP(' ',' ',#3176,#44)REPRESENTATION_RELATIONSHIP_WITH_TRANSFORMATION(#3512)SHAPE_REPRESENTATION_RELATIONSHIP()) ;
#6442=(REPRESENTATION_RELATIONSHIP(' ',' ',#3523,#44)REPRESENTATION_RELATIONSHIP_WITH_TRANSFORMATION(#6443)SHAPE_REPRESENTATION_RELATIONSHIP()) ;
#8135=(REPRESENTATION_RELATIONSHIP(' ',' ',#6454,#44)REPRESENTATION_RELATIONSHIP_WITH_TRANSFORMATION(#8136)SHAPE_REPRESENTATION_RELATIONSHIP()) ;
#8150=(REPRESENTATION_RELATIONSHIP(' ',' ',#6454,#44)REPRESENTATION_RELATIONSHIP_WITH_TRANSFORMATION(#8151)SHAPE_REPRESENTATION_RELATIONSHIP()) ;
#8165=(REPRESENTATION_RELATIONSHIP(' ',' ',#6454,#44)REPRESENTATION_RELATIONSHIP_WITH_TRANSFORMATION(#8166)SHAPE_REPRESENTATION_RELATIONSHIP()) ;
#8180=(REPRESENTATION_RELATIONSHIP(' ',' ',#6454,#44)REPRESENTATION_RELATIONSHIP_WITH_TRANSFORMATION(#8181)SHAPE_REPRESENTATION_RELATIONSHIP()) ;
#9489=(REPRESENTATION_RELATIONSHIP(' ',' ',#8192,#44)REPRESENTATION_RELATIONSHIP_WITH_TRANSFORMATION(#9490)SHAPE_REPRESENTATION_RELATIONSHIP()) ;
#9504=(REPRESENTATION_RELATIONSHIP(' ',' ',#8192,#44)REPRESENTATION_RELATIONSHIP_WITH_TRANSFORMATION(#9505)SHAPE_REPRESENTATION_RELATIONSHIP()) ;
#9519=(REPRESENTATION_RELATIONSHIP(' ',' ',#8192,#44)REPRESENTATION_RELATIONSHIP_WITH_TRANSFORMATION(#9520)SHAPE_REPRESENTATION_RELATIONSHIP()) ;
#9534=(REPRESENTATION_RELATIONSHIP(' ',' ',#8192,#44)REPRESENTATION_RELATIONSHIP_WITH_TRANSFORMATION(#9535)SHAPE_REPRESENTATION_RELATIONSHIP()) ;
ENDSEC;
END-ISO-10303-21;
